Date,Stock,label,Predicted,prob_down,prob_up,Confidence,Return_1d
2025-01-01,ASIANPAINT,-1,1,0.41100156,0.58899844,0.58899844,0.01021314488082
2025-01-02,ASIANPAINT,-1,1,0.39559537,0.6044046,0.6044046,0.0167488437968499
2025-01-03,ASIANPAINT,-1,1,0.3013639,0.6986361,0.6986361,-0.0031154065288524
2025-01-07,ASIANPAINT,-1,1,0.44907558,0.5509244,0.5509244,0.0112255177552229
2025-01-08,ASIANPAINT,-1,1,0.46239924,0.53760076,0.53760076,0.0182108049132498
2025-01-09,ASIANPAINT,-1,1,0.43881637,0.56118363,0.56118363,0.0067899136566298
2025-01-10,ASIANPAINT,-1,1,0.36254704,0.63745296,0.63745296,-0.0125308275178391
2025-01-16,ASIANPAINT,1,1,0.3593189,0.6406811,0.6406811,-0.0063236704116617
2025-01-17,ASIANPAINT,1,1,0.44527876,0.55472124,0.55472124,0.0204910313659101
2025-01-20,ASIANPAINT,1,1,0.45935464,0.54064536,0.54064536,0.0086466041496626
2025-01-21,ASIANPAINT,1,-1,0.5215187,0.47848132,0.5215187,-0.0088575056688361
2025-01-22,ASIANPAINT,1,1,0.48824775,0.51175225,0.51175225,0.0007741722765315
2025-01-27,ASIANPAINT,1,1,0.3947649,0.6052351,0.6052351,-0.0048177494931698
2025-01-28,ASIANPAINT,1,1,0.3661818,0.6338182,0.6338182,-0.0043082783787712
2025-01-29,ASIANPAINT,1,1,0.37120354,0.62879646,0.62879646,-0.0083191962917084
2025-01-30,ASIANPAINT,-1,1,0.46688396,0.53311604,0.53311604,0.0120099232776431
2025-01-31,ASIANPAINT,-1,1,0.33954138,0.6604586,0.6604586,0.0226460475483416
2025-02-01,ASIANPAINT,-1,1,0.46663404,0.53336596,0.53336596,0.0218836037129481
2025-02-03,ASIANPAINT,-1,-1,0.52889097,0.47110903,0.52889097,-0.0250515303122509
2025-02-04,ASIANPAINT,-1,1,0.4479372,0.5520628,0.5520628,0.0270913363145817
2025-02-05,ASIANPAINT,-1,1,0.44086432,0.5591357,0.5591357,-0.0336187170937815
2025-02-10,ASIANPAINT,-1,-1,0.5408882,0.4591118,0.5408882,-0.0003742414113552
2025-02-13,ASIANPAINT,-1,-1,0.54722905,0.45277095,0.54722905,0.0036575035082684
2025-02-14,ASIANPAINT,-1,1,0.47697783,0.5230222,0.5230222,-0.0022802990110354
2025-02-17,ASIANPAINT,-1,-1,0.58565134,0.41434866,0.58565134,0.0087616956155467
2025-02-18,ASIANPAINT,-1,1,0.495328,0.504672,0.504672,-0.0058867681091604
2025-02-19,ASIANPAINT,1,-1,0.5679442,0.43205577,0.5679442,0.0006704332538423
2025-02-20,ASIANPAINT,1,-1,0.60989296,0.39010704,0.60989296,0.0044436729543113
2025-02-21,ASIANPAINT,1,-1,0.5490345,0.45096555,0.5490345,0.0038017619468075
2025-02-24,ASIANPAINT,1,-1,0.5720122,0.4279878,0.5720122,-0.0050497812876401
2025-02-25,ASIANPAINT,1,-1,0.5413569,0.4586431,0.5413569,-0.0095494236507538
2025-02-27,ASIANPAINT,1,-1,0.53381294,0.46618706,0.53381294,-0.0049893513177744
2025-02-28,ASIANPAINT,1,-1,0.5317819,0.46821806,0.5317819,-0.0153140056765609
2025-03-03,ASIANPAINT,1,1,0.30923676,0.69076324,0.69076324,-0.0061246370084401
2025-03-04,ASIANPAINT,1,1,0.3996802,0.6003198,0.6003198,-0.0158325465852093
2025-03-05,ASIANPAINT,1,1,0.49217093,0.50782907,0.50782907,0.0150320112984594
2025-03-06,ASIANPAINT,1,-1,0.5935253,0.40647474,0.5935253,0.0478478294706679
2025-03-07,ASIANPAINT,1,-1,0.694559,0.305441,0.694559,0.001014338177802
2025-03-10,ASIANPAINT,1,-1,0.67463946,0.32536057,0.67463946,0.0037886348347415
2025-03-11,ASIANPAINT,1,-1,0.6600422,0.33995777,0.6600422,0.0038619518197711
2025-03-12,ASIANPAINT,1,-1,0.67650187,0.32349813,0.67650187,-0.0157821607403458
2025-03-13,ASIANPAINT,1,-1,0.6285565,0.37144348,0.6285565,-0.0088836887236323
2025-03-17,ASIANPAINT,1,1,0.29877794,0.70122206,0.70122206,-0.0052660200583006
2025-03-18,ASIANPAINT,1,1,0.24544543,0.75455457,0.75455457,0.0
2025-03-19,ASIANPAINT,1,1,0.38397318,0.6160268,0.6160268,0.0275505276831142
2025-03-20,ASIANPAINT,1,1,0.3453027,0.6546973,0.6546973,0.0028500565142186
2025-03-21,ASIANPAINT,1,1,0.28588045,0.71411955,0.71411955,0.005771308579753
2025-03-24,ASIANPAINT,1,1,0.32885057,0.67114943,0.67114943,0.0096068850576587
2025-03-25,ASIANPAINT,1,1,0.31538296,0.68461704,0.68461704,0.0035523235088013
2025-03-26,ASIANPAINT,1,1,0.273341,0.726659,0.726659,-0.003260863695834
2025-03-27,ASIANPAINT,1,1,0.28972435,0.71027565,0.71027565,0.0064353508132992
2025-03-28,ASIANPAINT,1,1,0.32288903,0.67711097,0.67711097,0.0010906092244662
2025-04-01,ASIANPAINT,1,1,0.36908203,0.63091797,0.63091797,-0.0105313165600651
2025-04-02,ASIANPAINT,1,1,0.30881095,0.69118905,0.69118905,-0.0040370950731201
2025-04-03,ASIANPAINT,1,1,0.24434686,0.75565314,0.75565314,0.0185333855136331
2025-04-04,ASIANPAINT,1,1,0.36895287,0.6310471,0.6310471,0.002830474760751
2025-04-07,ASIANPAINT,1,1,0.3350796,0.6649204,0.6649204,-0.0062391735930882
2025-04-08,ASIANPAINT,1,1,0.39151406,0.60848594,0.60848594,0.0225724046029744
2025-04-09,ASIANPAINT,1,1,0.42713022,0.5728698,0.5728698,0.0070795768766187
2025-04-11,ASIANPAINT,1,-1,0.50005794,0.49994206,0.50005794,-0.0072786180819558
2025-04-16,ASIANPAINT,-1,1,0.473956,0.526044,0.526044,0.0182969124241212
2025-04-17,ASIANPAINT,-1,1,0.28173167,0.71826833,0.71826833,0.0032520799889086
2025-04-21,ASIANPAINT,-1,1,0.32916367,0.6708363,0.6708363,-0.0092790369760549
2025-04-22,ASIANPAINT,-1,1,0.3695618,0.6304382,0.6304382,-0.0053169735389753
2025-04-23,ASIANPAINT,-1,1,0.37911594,0.62088406,0.62088406,0.0086760814914219
2025-04-24,ASIANPAINT,-1,1,0.34282845,0.65717155,0.65717155,0.0046062945549774
2025-04-25,ASIANPAINT,-1,1,0.31693566,0.68306434,0.68306434,-0.0133095114044546
2025-04-28,ASIANPAINT,-1,1,0.36864436,0.63135564,0.63135564,0.0084717930981008
2025-04-29,ASIANPAINT,-1,-1,0.5212386,0.47876137,0.5212386,-0.0004485311284829
2025-04-30,ASIANPAINT,-1,1,0.3728776,0.6271224,0.6271224,-0.0103627282084139
2025-05-02,ASIANPAINT,-1,1,0.27708745,0.72291255,0.72291255,-0.0064723562632306
2025-05-05,ASIANPAINT,-1,1,0.35184616,0.64815384,0.64815384,0.011161722716938
2025-05-06,ASIANPAINT,-1,1,0.4086243,0.5913757,0.5913757,-0.0077556385495317
2025-05-07,ASIANPAINT,-1,1,0.40210086,0.59789914,0.59789914,-0.0346980811149369
2025-05-09,ASIANPAINT,1,1,0.35145265,0.64854735,0.64854735,-0.0013028008933124
2025-05-12,ASIANPAINT,-1,1,0.36120528,0.6387947,0.6387947,0.0246998715459874
2025-05-14,ASIANPAINT,1,1,0.28585994,0.71414006,0.71414006,-0.0181967460935542
2025-05-15,ASIANPAINT,-1,1,0.37864518,0.6213548,0.6213548,0.0208561345598365
2025-05-16,ASIANPAINT,-1,1,0.42331028,0.5766897,0.5766897,0.0101722306650402
2025-05-19,ASIANPAINT,-1,1,0.322567,0.677433,0.677433,-0.0094324082911665
2025-05-20,ASIANPAINT,-1,1,0.29954302,0.700457,0.700457,-0.0153555946940159
2025-05-21,ASIANPAINT,-1,1,0.27425385,0.72574615,0.72574615,0.0073182968385994
2025-05-22,ASIANPAINT,-1,1,0.25414497,0.74585503,0.74585503,-0.005708414324374
2025-05-23,ASIANPAINT,-1,1,0.24025768,0.7597423,0.7597423,0.0070894916843478
2025-05-26,ASIANPAINT,-1,1,0.36355776,0.63644224,0.63644224,0.0050528938690859
2025-05-27,ASIANPAINT,-1,1,0.20040673,0.79959327,0.79959327,0.0001719978397409
2025-05-28,ASIANPAINT,-1,1,0.20629495,0.79370505,0.79370505,-0.0104829604580081
2025-05-29,ASIANPAINT,-1,1,0.31028783,0.68971217,0.68971217,-0.0038642045760153
2025-05-30,ASIANPAINT,-1,1,0.23785502,0.762145,0.762145,-0.0153423140479334
2025-06-03,ASIANPAINT,1,1,0.22046971,0.7795303,0.7795303,-0.0048529197865433
2025-06-04,ASIANPAINT,1,1,0.16386592,0.8361341,0.8361341,-0.0029702590098676
2025-06-05,ASIANPAINT,1,1,0.16234946,0.83765054,0.83765054,-0.0024455018051856
2025-06-06,ASIANPAINT,1,1,0.23445863,0.7655414,0.7655414,0.0007576574218088
2025-06-09,ASIANPAINT,1,1,0.13145375,0.86854625,0.86854625,0.0012025630056842
2025-06-10,ASIANPAINT,1,1,0.12633628,0.8736637,0.8736637,-0.003793716747892
2025-06-11,ASIANPAINT,1,1,0.19629085,0.80370915,0.80370915,-0.0045517900144272
2025-06-12,ASIANPAINT,1,1,0.33102876,0.66897124,0.66897124,0.0047989919792073
2025-06-13,ASIANPAINT,1,1,0.22786033,0.77213967,0.77213967,-0.0023429743875859
2025-06-16,ASIANPAINT,1,1,0.29517835,0.70482165,0.70482165,0.0138198572736576
2025-06-17,ASIANPAINT,1,1,0.27641922,0.7235808,0.7235808,0.0089095508428687
2025-06-18,ASIANPAINT,1,1,0.27959865,0.72040135,0.72040135,0.0073294950662727
2025-06-19,ASIANPAINT,1,1,0.2487483,0.7512517,0.7512517,-0.0058736000749406
2025-06-20,ASIANPAINT,1,1,0.24761277,0.7523872,0.7523872,0.0078042084463041
2025-06-23,ASIANPAINT,1,1,0.30348796,0.69651204,0.69651204,-0.0094499808400796
2025-06-24,ASIANPAINT,1,1,0.2812885,0.7187115,0.7187115,0.004946808631276
2025-06-25,ASIANPAINT,1,1,0.20711315,0.79288685,0.79288685,0.0020215780431112
2025-06-26,ASIANPAINT,1,1,0.2425496,0.7574504,0.7574504,0.0043423805314461
2025-06-27,ASIANPAINT,1,1,0.3445235,0.6554765,0.6554765,0.0300898957178916
2025-06-30,ASIANPAINT,1,1,0.27119464,0.72880536,0.72880536,-0.0074616065634272
2025-07-01,ASIANPAINT,1,1,0.33533162,0.6646684,0.6646684,0.012131034600892
2025-07-03,ASIANPAINT,-1,1,0.2626828,0.7373172,0.7373172,0.0047532851849829
2025-07-04,ASIANPAINT,-1,1,0.25133038,0.7486696,0.7486696,-0.0027562374949089
2025-07-07,ASIANPAINT,-1,1,0.16423237,0.8357676,0.8357676,0.0076727472627231
2025-07-08,ASIANPAINT,-1,1,0.16743124,0.83256876,0.83256876,0.0171115095937806
2025-07-09,ASIANPAINT,-1,1,0.2384035,0.7615965,0.7615965,0.0057554012060154
2025-07-10,ASIANPAINT,-1,1,0.2663464,0.7336536,0.7336536,-0.0190884232125794
2025-07-11,ASIANPAINT,-1,1,0.27975893,0.72024107,0.72024107,-0.0048955206609426
2025-07-14,ASIANPAINT,-1,1,0.21462673,0.7853733,0.7853733,-0.0154148281847485
2025-07-18,ASIANPAINT,1,1,0.26213115,0.73786885,0.73786885,-0.0068781845074854
2025-07-21,ASIANPAINT,1,1,0.32614195,0.67385805,0.67385805,-0.0029381806865655
2025-07-22,ASIANPAINT,1,1,0.39535302,0.604647,0.604647,-0.0042940036813098
2025-07-23,ASIANPAINT,1,1,0.47528714,0.52471286,0.52471286,0.004312521665216
2025-07-24,ASIANPAINT,1,1,0.45968103,0.54031897,0.54031897,-0.0098087627362749
2025-07-25,ASIANPAINT,1,-1,0.50492,0.49508002,0.50492,-0.006760028651061
2025-07-28,ASIANPAINT,1,1,0.25318545,0.74681455,0.74681455,0.0100163656391076
2025-07-29,ASIANPAINT,1,1,0.24750829,0.7524917,0.7524917,0.0177571451280857
2025-07-30,ASIANPAINT,1,1,0.31227964,0.68772036,0.68772036,0.005954659789582
2025-07-31,ASIANPAINT,1,1,0.26830703,0.73169297,0.73169297,-0.0081546014868065
2025-08-01,ASIANPAINT,1,1,0.26961827,0.7303817,0.7303817,0.0145652681721943
2025-08-04,ASIANPAINT,1,1,0.22312772,0.7768723,0.7768723,0.0077334623501035
2025-08-05,ASIANPAINT,1,1,0.3156891,0.6843109,0.6843109,-0.0053065528666514
2025-08-06,ASIANPAINT,1,1,0.3460685,0.6539315,0.6539315,0.0223243403795865
2025-08-08,ASIANPAINT,1,1,0.20705229,0.7929477,0.7929477,-0.0123279300210543
2025-08-13,ASIANPAINT,1,1,0.26706064,0.73293936,0.73293936,0.0088366411291862
2025-08-14,ASIANPAINT,1,1,0.20213813,0.7978619,0.7978619,0.0113990791659661
2025-08-18,ASIANPAINT,-1,1,0.22082204,0.77917796,0.77917796,0.0232135544313809
2025-08-19,ASIANPAINT,-1,1,0.21623594,0.78376406,0.78376406,-0.0030919126972456
2025-08-22,ASIANPAINT,1,1,0.25883448,0.7411655,0.7411655,-0.0241954107746532
2025-08-25,ASIANPAINT,1,1,0.18815798,0.811842,0.811842,-0.0046317056851746
2025-08-26,ASIANPAINT,1,1,0.19717127,0.8028287,0.8028287,-0.0046131405304576
2025-08-28,ASIANPAINT,1,1,0.17495143,0.82504857,0.82504857,0.0030628767746396
2025-08-29,ASIANPAINT,1,1,0.20926213,0.79073787,0.79073787,0.0118923578193581
2025-09-01,ASIANPAINT,-1,1,0.17988586,0.82011414,0.82011414,0.020487546202172
2025-09-02,ASIANPAINT,-1,1,0.24083221,0.7591678,0.7591678,-0.0117501107159216
2025-09-03,ASIANPAINT,-1,1,0.24515122,0.7548488,0.7548488,0.0054724716749579
2025-09-04,ASIANPAINT,-1,1,0.37130547,0.62869453,0.62869453,0.0057559624352552
2025-09-05,ASIANPAINT,-1,1,0.28353876,0.71646124,0.71646124,0.0043992189320631
2025-09-08,ASIANPAINT,-1,1,0.3962307,0.6037693,0.6037693,-0.0190317249756512
2025-09-09,ASIANPAINT,-1,1,0.4038868,0.5961132,0.5961132,0.0025684048044811
2025-09-10,ASIANPAINT,-1,1,0.4113828,0.5886172,0.5886172,0.0023646503421597
2025-09-11,ASIANPAINT,-1,1,0.3300541,0.6699459,0.6699459,0.0049541761063516
2025-09-12,ASIANPAINT,-1,1,0.3923006,0.6076994,0.6076994,-0.003755984246296
2025-09-15,ASIANPAINT,-1,1,0.3632478,0.6367522,0.6367522,-0.0171621295767863
2025-09-16,ASIANPAINT,-1,1,0.3474201,0.6525799,0.6525799,-0.0086711090149693
2025-09-17,ASIANPAINT,-1,-1,0.54379225,0.45620772,0.54379225,0.0051191950743603
2025-09-18,ASIANPAINT,-1,-1,0.55490696,0.44509304,0.55490696,-0.0059752673842674
2025-09-19,ASIANPAINT,-1,-1,0.5939313,0.40606868,0.5939313,0.0012102277463552
2025-09-22,ASIANPAINT,-1,-1,0.62226206,0.37773794,0.62226206,0.0004029873084616
2025-09-23,ASIANPAINT,-1,1,0.38876784,0.61123216,0.61123216,-0.0144198537361228
2025-09-24,ASIANPAINT,-1,-1,0.6150791,0.3849209,0.6150791,0.0042095021787
2025-09-25,ASIANPAINT,-1,1,0.46198696,0.53801304,0.53801304,-0.0216506942774848
2025-09-29,ASIANPAINT,-1,1,0.4462644,0.5537356,0.5537356,-8.537591914792309e-05
2025-09-30,ASIANPAINT,1,-1,0.50994444,0.4900556,0.50994444,0.0031588655849095
2025-10-01,ASIANPAINT,1,1,0.41509402,0.584906,0.584906,-0.006042494116653
2025-10-03,ASIANPAINT,1,1,0.4900174,0.5099826,0.5099826,0.0094185529298052
2025-10-06,ASIANPAINT,1,1,0.4307049,0.5692951,0.5692951,-0.0012723878662173
2025-10-07,ASIANPAINT,1,-1,0.50921184,0.49078816,0.50921184,-0.000849304653232
2025-10-08,ASIANPAINT,1,-1,0.613328,0.38667205,0.613328,-0.0103281503779028
2025-10-09,ASIANPAINT,1,-1,0.5879191,0.41208085,0.5879191,0.0033927445169288
2025-10-10,ASIANPAINT,1,-1,0.660017,0.339983,0.660017,0.0016264813476363
2025-10-13,ASIANPAINT,1,-1,0.676069,0.32393098,0.676069,0.0009828094034149
2025-10-14,ASIANPAINT,1,-1,0.61535335,0.38464665,0.61535335,-0.0104161523535299
2025-10-15,ASIANPAINT,1,-1,0.6126101,0.38738993,0.6126101,0.0245890805655568
2025-10-16,ASIANPAINT,1,-1,0.5711167,0.42888334,0.5711167,0.0145677281478673
2025-10-20,ASIANPAINT,-1,-1,0.55165553,0.4483445,0.55165553,0.0032697139599937
2025-10-21,ASIANPAINT,1,-1,0.5404709,0.4595291,0.5404709,-0.0045309397163724
2025-10-23,ASIANPAINT,1,1,0.34193867,0.6580613,0.6580613,-0.0008784659278623
2025-10-24,ASIANPAINT,1,1,0.34642762,0.6535724,0.6535724,-0.000319625306507
2025-10-27,ASIANPAINT,1,1,0.24122238,0.7587776,0.7587776,0.0068756563039833
2025-10-28,ASIANPAINT,1,1,0.21369499,0.786305,0.786305,-0.0037716986497042
2025-10-29,ASIANPAINT,1,1,0.25002545,0.74997455,0.74997455,0.0117164390795352
2025-10-30,ASIANPAINT,1,1,0.22030723,0.77969277,0.77969277,-0.0059872983975053
2025-10-31,ASIANPAINT,1,1,0.19426918,0.8057308,0.8057308,-0.0050326787885834
2025-11-03,ASIANPAINT,1,1,0.15651166,0.84348834,0.84348834,0.0005575459486033
2025-11-04,ASIANPAINT,1,1,0.30239242,0.6976076,0.6976076,-0.0101505391750017
2025-11-06,ASIANPAINT,1,1,0.4213155,0.5786845,0.5786845,0.0467286438836493
2025-11-07,ASIANPAINT,1,-1,0.50428957,0.49571043,0.50428957,0.004187652919976
2025-11-10,ASIANPAINT,1,1,0.4988228,0.5011772,0.5011772,0.0140026018196273
2025-11-11,ASIANPAINT,1,1,0.4604473,0.5395527,0.5395527,0.0025656137093021
2025-11-12,ASIANPAINT,1,-1,0.5445967,0.45540336,0.5445967,0.0423755336258231
2025-11-14,ASIANPAINT,-1,1,0.4825892,0.5174108,0.5174108,0.0093769818448994
2025-11-18,ASIANPAINT,1,1,0.4476108,0.5523892,0.5523892,0.0078380031981966
2025-11-19,ASIANPAINT,1,1,0.30128044,0.69871956,0.69871956,-0.0042326389635667
2025-11-20,ASIANPAINT,1,1,0.2497896,0.7502104,0.7502104,-0.0117150716783961
2025-11-21,ASIANPAINT,1,1,0.33655596,0.66344404,0.66344404,0.0058745536545499
2025-11-24,ASIANPAINT,1,1,0.30773073,0.69226927,0.69226927,0.0009037938633678
2025-11-25,ASIANPAINT,-1,1,0.3190025,0.6809975,0.6809975,-0.0011808496809561
2025-11-26,ASIANPAINT,-1,1,0.28962243,0.7103776,0.7103776,-0.000625929757828
2025-11-27,ASIANPAINT,-1,1,0.3129663,0.6870337,0.6870337,0.0017745642506088
2025-11-28,ASIANPAINT,-1,1,0.3064772,0.6935228,0.6935228,-0.0016325223691688
2025-12-01,ASIANPAINT,-1,1,0.36324733,0.63675267,0.63675267,-0.0023656432363344
2025-12-02,ASIANPAINT,-1,-1,0.67285717,0.32714286,0.67285717,0.0302691455333827
2025-12-03,ASIANPAINT,-1,-1,0.5686444,0.43135563,0.5686444,-0.0003045973373597
2025-12-04,ASIANPAINT,-1,-1,0.6386575,0.3613425,0.6386575,0.0012527344411292
2025-12-05,ASIANPAINT,-1,-1,0.7219881,0.2780119,0.7219881,0.0038211987740792
2025-12-08,ASIANPAINT,-1,-1,0.70277953,0.2972205,0.70277953,-0.0135421765780275
2025-12-11,ASIANPAINT,-1,-1,0.7096063,0.29039374,0.7096063,-0.0089499367645747
2025-12-15,ASIANPAINT,-1,-1,0.76629174,0.23370825,0.76629174,0.0055699877285075
2025-12-16,ASIANPAINT,-1,-1,0.6864357,0.31356427,0.6864357,0.0038486264872297
2025-12-17,ASIANPAINT,-1,-1,0.675277,0.324723,0.675277,-0.0018631808211782
2025-12-22,ASIANPAINT,1,1,0.48767662,0.5123234,0.5123234,0.0027501680706707
2025-12-26,ASIANPAINT,1,-1,0.51987505,0.48012492,0.51987505,-0.0140010770059235
2025-12-29,ASIANPAINT,1,-1,0.6037605,0.39623952,0.6037605,0.0105224476037684
2025-12-30,ASIANPAINT,1,-1,0.6005521,0.39944795,0.6005521,-0.006161221487824
2025-12-31,ASIANPAINT,1,-1,0.7419961,0.2580039,0.7419961,0.0040604542557409
2026-01-01,ASIANPAINT,1,-1,0.7329087,0.26709124,0.7329087,-0.0063188301137389
2026-01-05,ASIANPAINT,-1,-1,0.773321,0.22667904,0.773321,0.0155089080593877
2026-01-06,ASIANPAINT,-1,-1,0.828941,0.171059,0.828941,0.010725937677376
2026-01-07,ASIANPAINT,-1,-1,0.85901546,0.14098457,0.85901546,-0.0127908306486129
2026-01-08,ASIANPAINT,-1,-1,0.7411648,0.25883523,0.7411648,-0.0081511721861475
2026-01-09,ASIANPAINT,-1,-1,0.80507594,0.19492406,0.80507594,0.0139960523954782
2026-01-12,ASIANPAINT,-1,-1,0.8238542,0.17614582,0.8238542,0.0250928693483454
2026-01-13,ASIANPAINT,-1,-1,0.79554486,0.2044551,0.79554486,-0.0034870369617994
2026-01-14,ASIANPAINT,-1,-1,0.807914,0.19208597,0.807914,-0.0250840679276468
2026-01-15,ASIANPAINT,-1,-1,0.7104986,0.28950143,0.7104986,0.0
2026-01-16,ASIANPAINT,-1,-1,0.77122253,0.22877748,0.77122253,-0.0202565840926053
2026-01-19,ASIANPAINT,-1,-1,0.787644,0.21235597,0.787644,-0.0010518707412208
2026-01-20,ASIANPAINT,-1,-1,0.6600488,0.33995122,0.6600488,-0.0284676479098583
2026-01-21,ASIANPAINT,-1,-1,0.68054664,0.31945333,0.68054664,-0.0054193449958017
2026-01-22,ASIANPAINT,-1,-1,0.6369586,0.36304137,0.6369586,0.0160459770789842
2026-01-23,ASIANPAINT,-1,-1,0.6654013,0.33459872,0.6654013,-3.7021101576439897e-05
2026-01-27,ASIANPAINT,-1,1,0.23756665,0.76243335,0.76243335,-0.0299219232181016
2026-01-28,ASIANPAINT,-1,1,0.2065888,0.7934112,0.7934112,-0.0423211826801647
2026-01-30,ASIANPAINT,-1,1,0.37253284,0.62746716,0.62746716,0.0050910798129657
2026-02-05,ASIANPAINT,-1,-1,0.58567566,0.41432434,0.58567566,-0.0083988477701002
2026-02-06,ASIANPAINT,1,-1,0.57628345,0.42371655,0.57628345,-0.0127461859114572
2026-02-11,ASIANPAINT,1,-1,0.6743762,0.3256238,0.6743762,-0.0004595996036794
2026-02-16,ASIANPAINT,-1,-1,0.50196385,0.49803615,0.50196385,0.0130155722190572
2026-02-17,ASIANPAINT,-1,-1,0.73155046,0.26844952,0.73155046,0.0167695444646673
2026-02-18,ASIANPAINT,-1,-1,0.7148982,0.28510174,0.7148982,-0.0021743681381146
2026-02-19,ASIANPAINT,-1,-1,0.6497926,0.3502074,0.6497926,-0.0128695561742249
2026-02-20,ASIANPAINT,-1,1,0.4615162,0.5384838,0.5384838,0.0113712297038026
2026-02-23,ASIANPAINT,-1,-1,0.61591965,0.38408035,0.61591965,0.000658891088209
2026-02-24,ASIANPAINT,-1,-1,0.629305,0.37069502,0.629305,-0.0068320590398903
2026-02-25,ASIANPAINT,-1,1,0.42707902,0.572921,0.572921,0.0013674545414443
2026-02-26,ASIANPAINT,-1,-1,0.5450771,0.45492294,0.5450771,-0.0088975338805246
2026-02-27,ASIANPAINT,-1,-1,0.5035135,0.49648649,0.5035135,-0.0078082391475211
2026-03-02,ASIANPAINT,-1,1,0.44319636,0.55680364,0.55680364,-0.0290799827184353
2026-03-04,ASIANPAINT,-1,1,0.45490408,0.5450959,0.5450959,-0.0094924994830623
2026-03-05,ASIANPAINT,-1,1,0.49590975,0.50409025,0.50409025,0.0011377987536349
2026-03-06,ASIANPAINT,-1,-1,0.52046275,0.47953728,0.52046275,-0.0036279607705999
2026-03-09,ASIANPAINT,-1,1,0.45107478,0.5489252,0.5489252,-0.0257512398209585
2026-03-10,ASIANPAINT,-1,-1,0.6469061,0.35309392,0.6469061,0.0268371092422636
2026-03-11,ASIANPAINT,1,-1,0.60269,0.39731002,0.60269,-0.0212243046905964
2026-03-13,ASIANPAINT,-1,-1,0.5991228,0.40087718,0.5991228,-0.0109850094003814
2026-03-17,ASIANPAINT,-1,-1,0.7111076,0.2888924,0.7111076,0.009243811359227
2026-03-18,ASIANPAINT,-1,-1,0.72928554,0.27071446,0.72928554,0.0106782892528709
2026-03-20,ASIANPAINT,1,-1,0.6400522,0.35994783,0.6400522,0.004300046817818
2026-03-23,ASIANPAINT,1,-1,0.5921579,0.4078421,0.5921579,-0.0337523261418195
2026-03-24,ASIANPAINT,1,-1,0.62127674,0.3787233,0.62127674,0.0452552669543535
2026-03-25,ASIANPAINT,1,-1,0.5381367,0.4618633,0.5381367,0.0238578005587057
2026-03-27,ASIANPAINT,1,-1,0.6010816,0.39891842,0.6010816,-0.0276627830934925
2026-03-30,ASIANPAINT,1,-1,0.6888957,0.31110433,0.6888957,-0.0191174925427278
2026-04-01,ASIANPAINT,1,-1,0.6502195,0.3497805,0.6502195,0.0279882223456782
2026-04-02,ASIANPAINT,1,-1,0.6877153,0.31228474,0.6877153,-0.025518935925098
2026-04-06,ASIANPAINT,1,-1,0.6167911,0.38320887,0.6167911,0.0070539644205278
2026-04-07,ASIANPAINT,1,-1,0.6249478,0.37505218,0.6249478,0.0008697991582105
2026-04-08,ASIANPAINT,1,1,0.47136718,0.5286328,0.5286328,0.0440032720338816
2026-04-09,ASIANPAINT,1,-1,0.54928267,0.45071736,0.54928267,-0.0056080464577465
2026-04-10,ASIANPAINT,1,1,0.33777636,0.66222364,0.66222364,0.0401391653136167
2026-04-13,ASIANPAINT,1,1,0.32703465,0.67296535,0.67296535,-0.0035159270554501
2025-01-01,AXISBANK,-1,1,0.29841793,0.7015821,0.7015821,0.0066687138120578
2025-01-02,AXISBANK,-1,1,0.26684558,0.7331544,0.7331544,0.0138084229362285
2025-01-03,AXISBANK,-1,1,0.2206732,0.7793268,0.7793268,-0.0015644560619917
2025-01-06,AXISBANK,-1,1,0.40690684,0.59309316,0.59309316,-0.0198175387323658
2025-01-07,AXISBANK,-1,1,0.33645123,0.66354877,0.66354877,0.0038556128757409
2025-01-08,AXISBANK,-1,1,0.30738842,0.6926116,0.6926116,0.0069788897112708
2025-01-09,AXISBANK,-1,1,0.4045046,0.5954954,0.5954954,-0.0122796335863356
2025-01-10,AXISBANK,-1,1,0.35988945,0.64011055,0.64011055,-0.01982583368439
2025-01-13,AXISBANK,-1,1,0.38620883,0.61379117,0.61379117,0.0082637817155728
2025-01-14,AXISBANK,-1,1,0.40667993,0.5933201,0.5933201,0.0022396159713553
2025-01-15,AXISBANK,-1,1,0.28320432,0.7167957,0.7167957,-0.0236296058870593
2025-01-16,AXISBANK,-1,1,0.33536905,0.66463095,0.66463095,0.0109076678387165
2025-01-20,AXISBANK,1,1,0.47935635,0.52064365,0.52064365,-0.0030270907050994
2025-01-21,AXISBANK,1,-1,0.51936245,0.48063758,0.51936245,-0.0180658458298391
2025-01-22,AXISBANK,1,1,0.45481342,0.5451866,0.5451866,-0.011234852838879
2025-01-23,AXISBANK,1,-1,0.5256499,0.4743501,0.5256499,-0.0085999840802356
2025-01-24,AXISBANK,1,1,0.49444276,0.50555724,0.50555724,-0.0026812775223721
2025-01-27,AXISBANK,1,1,0.463283,0.536717,0.536717,-0.0004217182584556
2025-01-28,AXISBANK,1,1,0.25446266,0.74553734,0.74553734,0.0376542340451659
2025-01-29,AXISBANK,1,1,0.27073967,0.7292603,0.7292603,-0.0004065243841671
2025-01-30,AXISBANK,1,1,0.32996202,0.670038,0.670038,0.0013219434537927
2025-01-31,AXISBANK,1,1,0.43452555,0.56547445,0.56547445,0.0014216898996368
2025-02-04,AXISBANK,-1,1,0.42711806,0.57288194,0.57288194,0.026177465139356
2025-02-07,AXISBANK,-1,1,0.365503,0.634497,0.634497,0.0033310453268859
2025-02-12,AXISBANK,1,1,0.3691784,0.6308216,0.6308216,-0.0004963268779104
2025-02-13,AXISBANK,1,1,0.3863305,0.6136695,0.6136695,0.0012910906855763
2025-02-14,AXISBANK,1,1,0.3951515,0.6048485,0.6048485,-0.0106129671858947
2025-02-17,AXISBANK,1,1,0.38053364,0.61946636,0.61946636,-0.0045614313355586
2025-02-18,AXISBANK,1,1,0.31576222,0.6842378,0.6842378,0.0012085808811916
2025-02-19,AXISBANK,1,1,0.3946516,0.6053484,0.6053484,0.0173011394813622
2025-02-20,AXISBANK,1,1,0.34762454,0.65237546,0.65237546,0.0057843745358501
2025-02-21,AXISBANK,1,1,0.36648595,0.63351405,0.63351405,-0.0081104645122437
2025-02-24,AXISBANK,1,1,0.41543716,0.58456284,0.58456284,0.0010901810926053
2025-02-27,AXISBANK,-1,-1,0.51566076,0.4843392,0.51566076,0.0075315201135954
2025-02-28,AXISBANK,1,-1,0.5119146,0.48808536,0.5119146,-0.0011311398177378
2025-03-03,AXISBANK,1,1,0.42869735,0.57130265,0.57130265,-0.00817290656001
2025-03-04,AXISBANK,1,1,0.4442041,0.5557959,0.5557959,-0.0054107384624565
2025-03-05,AXISBANK,1,1,0.49709392,0.5029061,0.5029061,0.0126272937013354
2025-03-06,AXISBANK,1,-1,0.52147907,0.47852093,0.52147907,0.0193699994526257
2025-03-07,AXISBANK,1,-1,0.6375952,0.36240485,0.6375952,0.0034330827104978
2025-03-10,AXISBANK,1,-1,0.641402,0.358598,0.641402,-0.0017348055278764
2025-03-11,AXISBANK,1,-1,0.6507573,0.3492427,0.6507573,-0.0098469800506861
2025-03-12,AXISBANK,1,-1,0.603917,0.39608297,0.603917,-0.0140885889731326
2025-03-13,AXISBANK,1,-1,0.549623,0.450377,0.549623,-0.0009889234532167
2025-03-17,AXISBANK,1,1,0.23367345,0.76632655,0.76632655,0.0237081924974953
2025-03-18,AXISBANK,1,1,0.17742568,0.8225743,0.8225743,0.0
2025-03-19,AXISBANK,1,1,0.2428891,0.7571109,0.7571109,0.0173089493643054
2025-03-20,AXISBANK,1,1,0.13856345,0.86143655,0.86143655,0.0021861483549887
2025-03-21,AXISBANK,-1,1,0.11767155,0.88232845,0.88232845,0.014985526995803
2025-03-24,AXISBANK,-1,1,0.114066005,0.885934,0.885934,0.0258841492408594
2025-03-25,AXISBANK,-1,1,0.13488388,0.8651161,0.8651161,0.0188551918020072
2025-03-26,AXISBANK,-1,1,0.14724094,0.85275906,0.85275906,-0.0199365659684001
2025-03-27,AXISBANK,1,1,0.11758196,0.88241804,0.88241804,0.0019155644852471
2025-03-28,AXISBANK,1,1,0.11517382,0.8848262,0.8848262,0.0033231368186874
2025-04-01,AXISBANK,1,1,0.1439842,0.8560158,0.8560158,-0.0148820244182984
2025-04-02,AXISBANK,1,1,0.11358267,0.8864173,0.8864173,-0.0010593495730921
2025-04-03,AXISBANK,1,1,0.077886045,0.92211396,0.92211396,0.0049794800223699
2025-04-04,AXISBANK,1,1,0.12052101,0.879479,0.879479,0.001330541688195
2025-04-07,AXISBANK,1,1,0.17791605,0.82208395,0.82208395,-0.0397233813120389
2025-04-08,AXISBANK,1,1,0.16693246,0.83306754,0.83306754,0.028531939760827
2025-04-09,AXISBANK,1,1,0.4291315,0.5708685,0.5708685,-0.015029799232777
2025-04-11,AXISBANK,1,1,0.35802734,0.64197266,0.64197266,0.0068760270166294
2025-04-15,AXISBANK,1,1,0.22153479,0.7784652,0.7784652,0.0410216243220504
2025-04-16,AXISBANK,1,1,0.42194736,0.57805264,0.57805264,0.043583778880609
2025-04-17,AXISBANK,-1,1,0.30277973,0.69722027,0.69722027,0.0254024961160925
2025-04-21,AXISBANK,-1,1,0.3258642,0.6741358,0.6741358,0.0270406282985509
2025-04-22,AXISBANK,-1,1,0.3623706,0.6376294,0.6376294,-0.0050694981879093
2025-04-23,AXISBANK,-1,1,0.43704408,0.5629559,0.5629559,-0.0081360395698023
2025-04-24,AXISBANK,-1,1,0.3760531,0.6239469,0.6239469,0.0001656124730893
2025-04-25,AXISBANK,1,1,0.34144622,0.6585538,0.6585538,-0.0337998965397077
2025-04-30,AXISBANK,1,1,0.25566715,0.74433285,0.74433285,-0.0019372185201218
2025-05-02,AXISBANK,1,1,0.33467096,0.66532904,0.66532904,-0.0013502101352158
2025-05-05,AXISBANK,1,1,0.31777614,0.68222386,0.68222386,-0.008619330620521
2025-05-06,AXISBANK,1,1,0.30223417,0.6977658,0.6977658,-0.0100578517569166
2025-05-07,AXISBANK,1,1,0.2683363,0.7316637,0.7316637,-8.60503268176327e-05
2025-05-08,AXISBANK,1,1,0.32114482,0.6788552,0.6788552,0.0093858686681156
2025-05-09,AXISBANK,1,1,0.25822216,0.74177784,0.74177784,-0.018000279744711
2025-05-16,AXISBANK,-1,1,0.376029,0.623971,0.623971,-0.0002480677743389
2025-05-20,AXISBANK,-1,1,0.28065175,0.71934825,0.71934825,-0.0058197503606934
2025-05-21,AXISBANK,-1,1,0.30887526,0.69112474,0.69112474,0.0016725194630895
2025-05-22,AXISBANK,-1,1,0.20877045,0.79122955,0.79122955,-0.0077642806777111
2025-05-23,AXISBANK,-1,1,0.30158514,0.69841486,0.69841486,0.018174158845331
2025-05-27,AXISBANK,1,1,0.285343,0.714657,0.714657,-0.0161290225285122
2025-05-28,AXISBANK,1,1,0.2506919,0.7493081,0.7493081,-0.0007528107523488
2025-05-29,AXISBANK,1,1,0.44782937,0.55217063,0.55217063,0.0058592082220148
2025-05-30,AXISBANK,1,1,0.3222037,0.6777963,0.6777963,-0.0079055136682689
2025-06-02,AXISBANK,1,1,0.3593558,0.6406442,0.6406442,0.0018454294978911
2025-06-03,AXISBANK,1,1,0.3327549,0.6672451,0.6672451,-0.0108004463915828
2025-06-04,AXISBANK,1,1,0.33823282,0.6617672,0.6617672,-0.0088869512830819
2025-06-05,AXISBANK,1,1,0.30447346,0.69552654,0.69552654,-0.0102476451648005
2025-06-06,AXISBANK,1,1,0.44901812,0.5509819,0.5509819,0.030716115171359
2025-06-10,AXISBANK,-1,1,0.41673428,0.5832657,0.5832657,0.0105745803057579
2025-06-11,AXISBANK,-1,1,0.36425364,0.63574636,0.63574636,-0.001135625541476
2025-06-12,AXISBANK,1,1,0.3324297,0.6675703,0.6675703,-0.0150234918789187
2025-06-13,AXISBANK,1,1,0.2315908,0.7684092,0.7684092,-0.0058537855047039
2025-06-16,AXISBANK,-1,1,0.2162062,0.7837938,0.7837938,0.0079615144831859
2025-06-17,AXISBANK,-1,1,0.18636113,0.81363887,0.81363887,-0.0002468824307867
2025-06-18,AXISBANK,-1,1,0.22288877,0.77711123,0.77711123,0.0048556150313319
2025-06-19,AXISBANK,-1,1,0.17766774,0.82233226,0.82233226,-0.0028665511761134
2025-06-20,AXISBANK,-1,1,0.2213844,0.7786156,0.7786156,0.0026283353050196
2025-06-23,AXISBANK,-1,1,0.23351598,0.766484,0.766484,-0.0054067308649858
2025-06-24,AXISBANK,-1,1,0.23851037,0.7614896,0.7614896,0.0058480002946441
2025-06-25,AXISBANK,-1,1,0.22541463,0.77458537,0.77458537,-0.0064689929336398
2025-06-26,AXISBANK,-1,1,0.2855755,0.7144245,0.7144245,0.0166487981361547
2025-06-27,AXISBANK,-1,1,0.28960234,0.71039766,0.71039766,-0.0068099852182067
2025-06-30,AXISBANK,-1,1,0.19832492,0.8016751,0.8016751,-0.0211411696035551
2025-07-03,AXISBANK,-1,1,0.23911965,0.76088035,0.76088035,-0.0035736572251692
2025-07-04,AXISBANK,-1,1,0.19156724,0.80843276,0.80843276,0.0064097087056551
2025-07-07,AXISBANK,-1,1,0.19957465,0.80042535,0.80042535,-0.002122962000535
2025-07-08,AXISBANK,-1,1,0.22105813,0.77894187,0.77894187,-0.0082545752475556
2025-07-09,AXISBANK,-1,1,0.2613182,0.7386818,0.7386818,-0.000600714971273
2025-07-10,AXISBANK,-1,1,0.24400526,0.75599474,0.75599474,-0.0003433522456557
2025-07-11,AXISBANK,-1,1,0.24462396,0.75537604,0.75537604,0.0081594087448177
2025-07-14,AXISBANK,-1,1,0.24425292,0.7557471,0.7557471,-0.0009372104366056
2025-07-15,AXISBANK,-1,1,0.24620456,0.75379544,0.75379544,-0.0057985222486087
2025-07-16,AXISBANK,-1,1,0.18227357,0.81772643,0.81772643,0.0021442661871942
2025-07-17,AXISBANK,-1,1,0.2228347,0.7771653,0.7771653,-0.0073604719327614
2025-07-18,AXISBANK,-1,1,0.11600965,0.88399035,0.88399035,-0.052164164039422
2025-07-21,AXISBANK,-1,1,0.20855522,0.7914448,0.7914448,0.000272834298636
2025-07-22,AXISBANK,-1,1,0.22420543,0.77579457,0.77579457,-0.0014550524022018
2025-07-23,AXISBANK,-1,1,0.270153,0.729847,0.729847,0.006193122794285
2025-07-24,AXISBANK,-1,1,0.23769128,0.7623087,0.7623087,-0.0087799355661474
2025-07-25,AXISBANK,-1,1,0.2641523,0.7358477,0.7358477,-0.0082184277240847
2025-07-30,AXISBANK,-1,1,0.09201491,0.9079851,0.9079851,0.0085511164008504
2025-08-01,AXISBANK,1,1,0.059610963,0.94038904,0.94038904,-0.0056158740760892
2025-08-04,AXISBANK,1,1,0.08083469,0.9191653,0.9191653,0.0058357972791787
2025-08-05,AXISBANK,1,1,0.10449654,0.89550346,0.89550346,0.0020588370694853
2025-08-06,AXISBANK,1,1,0.108079076,0.8919209,0.8919209,0.0001867306338787
2025-08-08,AXISBANK,1,1,0.08402848,0.9159715,0.9159715,-0.0168184133127198
2025-08-11,AXISBANK,-1,1,0.12937802,0.870622,0.870622,0.0143654414449543
2025-08-12,AXISBANK,-1,1,0.10080868,0.8991913,0.8991913,-0.0030746750004606
2025-08-13,AXISBANK,-1,1,0.09094548,0.9090545,0.9090545,-0.0037383177570093
2025-08-18,AXISBANK,-1,1,0.09853786,0.90146214,0.90146214,0.0134806450779789
2025-08-19,AXISBANK,-1,1,0.1063751,0.8936249,0.8936249,0.0005541987802215
2025-08-20,AXISBANK,-1,1,0.15538245,0.84461755,0.84461755,-0.0027695717644322
2025-08-21,AXISBANK,-1,1,0.19145846,0.80854154,0.80854154,-0.0012034130869957
2025-08-22,AXISBANK,-1,1,0.21506613,0.78493387,0.78493387,-0.0074149595133661
2025-08-25,AXISBANK,-1,1,0.1379379,0.8620621,0.8620621,-0.0008404373830833
2025-08-26,AXISBANK,1,1,0.09694803,0.903052,0.903052,-0.0185981536580023
2025-08-28,AXISBANK,1,1,0.07878041,0.9212196,0.9212196,0.001714169002928
2025-08-29,AXISBANK,1,1,0.09189689,0.9081031,0.9081031,-0.0063694962322294
2025-09-01,AXISBANK,1,1,0.07515305,0.92484695,0.92484695,0.0155951488610857
2025-09-02,AXISBANK,1,1,0.10375935,0.89624065,0.89624065,-0.004992980525789
2025-09-03,AXISBANK,1,1,0.10122812,0.8987719,0.8987719,-0.0014201856365697
2025-09-04,AXISBANK,1,1,0.103412986,0.896587,0.896587,-0.0040769194622933
2025-09-05,AXISBANK,1,1,0.12276691,0.8772331,0.8772331,0.0052361004114294
2025-09-08,AXISBANK,1,1,0.1978237,0.8021763,0.8021763,-0.0003788468650566
2025-09-09,AXISBANK,1,1,0.18196547,0.8180345,0.8180345,-0.003126526601729
2025-09-10,AXISBANK,1,1,0.2704662,0.7295338,0.7295338,0.01701199890204
2025-09-11,AXISBANK,1,1,0.2523806,0.7476194,0.7476194,0.0161667593896095
2025-09-12,AXISBANK,1,1,0.26166064,0.73833936,0.73833936,0.0164613058784026
2025-09-15,AXISBANK,1,1,0.30655742,0.6934426,0.6934426,-0.0008142806245388
2025-09-16,AXISBANK,1,1,0.376558,0.623442,0.623442,0.0152118130989047
2025-09-17,AXISBANK,1,1,0.4356336,0.5643664,0.5643664,0.0042811710998631
2025-09-18,AXISBANK,1,-1,0.51713794,0.48286206,0.51713794,0.0062166962699823
2025-09-19,AXISBANK,1,-1,0.54108775,0.45891228,0.54108775,0.0025595978941417
2025-09-22,AXISBANK,1,-1,0.60131174,0.39868826,0.60131174,0.0074830529248246
2025-09-23,AXISBANK,1,1,0.4564365,0.5435635,0.5435635,0.0230688778843564
2025-09-24,AXISBANK,1,-1,0.5272232,0.47277674,0.5272232,-0.0101640108624641
2025-09-25,AXISBANK,1,-1,0.5265287,0.47347128,0.5265287,0.0066441893257946
2025-09-26,AXISBANK,1,1,0.46020114,0.53979886,0.53979886,-0.0108005964766191
2025-09-29,AXISBANK,1,1,0.3133986,0.6866014,0.6866014,-0.0188908568701257
2025-09-30,AXISBANK,1,1,0.35072464,0.64927536,0.64927536,-0.0005299201658828
2025-10-01,AXISBANK,1,1,0.35766375,0.64233625,0.64233625,0.0246553773559565
2025-10-03,AXISBANK,1,1,0.39824623,0.6017538,0.6017538,0.0185424752048297
2025-10-06,AXISBANK,1,1,0.4377969,0.5622031,0.5622031,0.026926374960309
2025-10-07,AXISBANK,1,-1,0.52525795,0.47474203,0.52525795,-0.0214379938598474
2025-10-08,AXISBANK,1,-1,0.5850252,0.41497478,0.5850252,-0.0052241936190595
2025-10-09,AXISBANK,1,-1,0.6142807,0.38571933,0.6142807,-0.0111807144204995
2025-10-10,AXISBANK,1,-1,0.6818276,0.3181724,0.6818276,0.0111358572281381
2025-10-13,AXISBANK,1,-1,0.7668759,0.23312408,0.7668759,0.0077939266194455
2025-10-14,AXISBANK,1,-1,0.7336352,0.26636484,0.7336352,-0.0107598579526768
2025-10-15,AXISBANK,1,-1,0.6796536,0.32034642,0.6796536,-0.006118348864242
2025-10-16,AXISBANK,1,-1,0.74968946,0.25031054,0.74968946,0.0228283804715467
2025-10-17,AXISBANK,1,-1,0.7062366,0.29376343,0.7062366,0.0032599700614994
2025-10-23,AXISBANK,-1,-1,0.66349,0.33651,0.66349,0.0173765450186178
2025-10-24,AXISBANK,-1,-1,0.54152554,0.45847446,0.54152554,-0.0134255034624406
2025-10-27,AXISBANK,-1,1,0.47928047,0.5207195,0.5207195,0.0098236177889046
2025-10-28,AXISBANK,-1,1,0.41363674,0.58636326,0.58636326,-0.006219541431829
2025-10-29,AXISBANK,-1,1,0.42313564,0.57686436,0.57686436,0.002005937496633
2025-10-31,AXISBANK,1,1,0.31488985,0.68511015,0.68511015,-0.0046826472405416
2025-11-03,AXISBANK,1,1,0.3078357,0.6921643,0.6921643,0.0007299661811381
2025-11-04,AXISBANK,1,1,0.38505363,0.61494637,0.61494637,-0.0057550262356688
2025-11-06,AXISBANK,1,1,0.39349836,0.60650164,0.60650164,0.0015490171627916
2025-11-07,AXISBANK,1,1,0.41629034,0.58370966,0.58370966,-0.0046397648936711
2025-11-10,AXISBANK,1,1,0.34092116,0.65907884,0.65907884,-0.0047432520416428
2025-11-11,AXISBANK,1,1,0.29872632,0.7012737,0.7012737,0.004519309778143
2025-11-12,AXISBANK,1,1,0.23270822,0.7672918,0.7672918,-0.0007362162896217
2025-11-13,AXISBANK,1,1,0.26886392,0.7311361,0.7311361,0.0029469348869386
2025-11-14,AXISBANK,1,1,0.33257353,0.66742647,0.66742647,0.0133855901629575
2025-11-17,AXISBANK,1,1,0.36130166,0.63869834,0.63869834,0.0064432990957692
2025-11-18,AXISBANK,-1,1,0.4375894,0.5624106,0.5624106,0.0126440854167881
2025-11-21,AXISBANK,1,1,0.14719874,0.85280126,0.85280126,-0.0073139610184228
2025-11-25,AXISBANK,1,1,0.1818648,0.8181352,0.8181352,-0.0021276210968281
2025-11-26,AXISBANK,-1,1,0.20003241,0.7999676,0.7999676,0.0188738066983948
2025-11-27,AXISBANK,-1,1,0.23308545,0.76691455,0.76691455,-0.0022476379270639
2025-11-28,AXISBANK,1,1,0.21827954,0.78172046,0.78172046,-0.0059039053584816
2025-12-01,AXISBANK,1,1,0.24274099,0.757259,0.757259,-0.0031257327128417
2025-12-02,AXISBANK,-1,1,0.41269892,0.5873011,0.5873011,-0.0138746976948738
2025-12-03,AXISBANK,-1,1,0.36074764,0.63925236,0.63925236,0.0100953506930643
2025-12-04,AXISBANK,-1,1,0.4114685,0.5885315,0.5885315,0.0073188393684506
2025-12-05,AXISBANK,-1,-1,0.53976256,0.46023744,0.53976256,0.001953125
2025-12-08,AXISBANK,-1,-1,0.6057347,0.39426532,0.6057347,-0.006783587658382
2025-12-09,AXISBANK,-1,-1,0.589676,0.410324,0.589676,0.0016485912273824
2025-12-10,AXISBANK,-1,-1,0.6128943,0.38710567,0.6128943,0.0021161149935042
2025-12-11,AXISBANK,-1,-1,0.60656285,0.39343712,0.60656285,-0.0046144412065695
2025-12-12,AXISBANK,-1,-1,0.6518915,0.34810847,0.6518915,0.0105288166324859
2025-12-15,AXISBANK,-1,-1,0.6120573,0.38794267,0.6120573,-0.0010107509388764
2025-12-16,AXISBANK,1,-1,0.60617846,0.39382154,0.60617846,-0.0507472530855341
2025-12-17,AXISBANK,1,-1,0.60760057,0.39239943,0.60760057,0.0041816789832971
2025-12-18,AXISBANK,1,-1,0.5796063,0.42039368,0.5796063,0.004164365035999
2025-12-19,AXISBANK,1,-1,0.5663068,0.43369317,0.5663068,0.0006504526964157
2025-12-22,AXISBANK,1,1,0.41533512,0.5846649,0.5846649,0.0021127707114567
2025-12-23,AXISBANK,1,1,0.49595553,0.5040445,0.5040445,-0.0066493281678148
2025-12-24,AXISBANK,1,1,0.354815,0.645185,0.645185,0.0010612643494898
2025-12-26,AXISBANK,1,1,0.36837053,0.63162947,0.63162947,0.0015492964756591
2025-12-29,AXISBANK,1,1,0.31648314,0.68351686,0.68351686,0.0030939985175046
2025-12-30,AXISBANK,1,1,0.3622434,0.6377566,0.6377566,0.0113636363636364
2025-12-31,AXISBANK,1,-1,0.56003845,0.43996155,0.56003845,0.0187801159021367
2026-01-01,AXISBANK,1,-1,0.6334406,0.3665594,0.6334406,0.0039388686811376
2026-01-02,AXISBANK,1,-1,0.621559,0.37844095,0.621559,-0.0058851222978031
2026-01-05,AXISBANK,1,-1,0.7019112,0.29808882,0.7019112,0.0149183235060743
2026-01-07,AXISBANK,-1,-1,0.7278832,0.27211678,0.7278832,0.0013139210911412
2026-01-09,AXISBANK,-1,-1,0.56424224,0.43575773,0.56424224,-0.0115014363277365
2026-01-12,AXISBANK,1,-1,0.64286876,0.3571312,0.64286876,0.0017295213615369
2026-01-13,AXISBANK,1,-1,0.67423,0.32577002,0.67423,-0.0095745971114303
2026-01-14,AXISBANK,1,-1,0.7638333,0.23616673,0.7638333,0.0291601020825078
2026-01-15,AXISBANK,1,-1,0.5044348,0.49556518,0.5044348,0.0
2026-01-16,AXISBANK,1,-1,0.5546112,0.44538882,0.5546112,-0.0035418058849016
2026-01-19,AXISBANK,1,-1,0.6806051,0.3193949,0.6806051,0.0102766568767693
2026-01-20,AXISBANK,1,1,0.47124374,0.52875626,0.52875626,-0.0107074569789674
2026-01-21,AXISBANK,1,-1,0.68365467,0.31634536,0.68365467,-0.0066486088797351
2026-01-22,AXISBANK,1,-1,0.57322,0.42678,0.57322,0.0077048986115297
2026-01-23,AXISBANK,1,1,0.4409933,0.5590067,0.5590067,-0.0284214144581098
2026-01-27,AXISBANK,1,1,0.32202142,0.6779786,0.6779786,0.0459459847600358
2026-01-28,AXISBANK,1,1,0.38776112,0.6122389,0.6122389,0.0030399755673837
2026-01-29,AXISBANK,-1,1,0.33370137,0.6662986,0.6662986,0.0332625403239903
2026-01-30,AXISBANK,-1,1,0.38116348,0.6188365,0.6188365,0.0049131579394938
2026-02-02,AXISBANK,1,1,0.34441364,0.65558636,0.65558636,-0.0429801688300802
2026-02-04,AXISBANK,1,1,0.3918829,0.6081171,0.6081171,-0.0129037019835301
2026-02-05,AXISBANK,1,1,0.4276055,0.5723945,0.5723945,-0.0060506281327992
2026-02-06,AXISBANK,1,1,0.435894,0.564106,0.564106,0.008266947393529
2026-02-09,AXISBANK,1,-1,0.5348037,0.4651963,0.5348037,-0.0001490393377412
2026-02-10,AXISBANK,1,-1,0.5057347,0.49426535,0.5057347,0.01140593892899
2026-02-11,AXISBANK,1,-1,0.6143081,0.38569185,0.6143081,-0.0069285049620814
2026-02-12,AXISBANK,1,-1,0.51583624,0.48416376,0.51583624,-0.0054182799402958
2026-02-13,AXISBANK,1,-1,0.53229165,0.46770838,0.53229165,-0.0057462322178171
2026-02-18,AXISBANK,-1,-1,0.6309695,0.36903045,0.6309695,0.0145888959184155
2026-02-19,AXISBANK,-1,1,0.49843377,0.50156623,0.50156623,-0.0148148325447077
2026-02-20,AXISBANK,-1,1,0.40615427,0.5938457,0.5938457,0.0086245565772873
2026-02-23,AXISBANK,-1,-1,0.6476441,0.3523559,0.6476441,0.0134472715684754
2026-02-24,AXISBANK,-1,-1,0.6678019,0.33219808,0.6678019,0.0006490404887531
2026-02-25,AXISBANK,-1,-1,0.5616348,0.4383652,0.5616348,0.0110983170113991
2026-02-26,AXISBANK,-1,-1,0.6130291,0.38697085,0.6130291,-0.0053456878118317
2026-02-27,AXISBANK,-1,-1,0.724268,0.27573198,0.724268,-0.0083124153249283
2026-03-02,AXISBANK,-1,-1,0.7223533,0.27764672,0.7223533,-0.0083820907444878
2026-03-04,AXISBANK,-1,-1,0.73077726,0.26922277,0.73077726,-0.0153027758163624
2026-03-05,AXISBANK,-1,-1,0.7588551,0.24114493,0.7588551,-0.0016281160087986
2026-03-06,AXISBANK,-1,-1,0.6743728,0.32562724,0.6743728,-0.0246830682384007
2026-03-09,AXISBANK,-1,1,0.4892211,0.5107789,0.5107789,-0.020899832025764
2026-03-10,AXISBANK,-1,-1,0.5682684,0.43173155,0.5682684,0.0204920448212075
2026-03-11,AXISBANK,-1,-1,0.5286975,0.47130248,0.5286975,-0.0448010226905757
2026-03-12,AXISBANK,-1,-1,0.51791936,0.48208064,0.51791936,-0.0169613377925901
2026-03-13,AXISBANK,-1,1,0.46553504,0.53446496,0.53446496,-0.0301336177981976
2026-03-16,AXISBANK,-1,1,0.46638638,0.5336136,0.5336136,0.0145326164153927
2026-03-17,AXISBANK,-1,-1,0.5555428,0.44445717,0.5555428,0.0110315509613174
2026-03-19,AXISBANK,1,1,0.49683297,0.50316703,0.50316703,-0.0368655864761829
2026-03-20,AXISBANK,1,1,0.39948815,0.60051185,0.60051185,-0.0025683310571147
2026-03-23,AXISBANK,1,1,0.418292,0.581708,0.581708,-0.0276601446572211
2026-03-24,AXISBANK,1,1,0.4549551,0.5450449,0.5450449,0.0188791867818685
2026-03-25,AXISBANK,1,1,0.48262513,0.5173749,0.5173749,0.024649975364865
2026-03-27,AXISBANK,1,1,0.38521028,0.6147897,0.6147897,-0.0138286758462291
2026-03-30,AXISBANK,1,1,0.4373269,0.5626731,0.5626731,-0.0364254099919801
2026-04-01,AXISBANK,1,1,0.38303643,0.61696357,0.61696357,0.0273830409203048
2026-04-02,AXISBANK,1,-1,0.5418883,0.4581117,0.5418883,0.0040231740225857
2026-04-06,AXISBANK,1,1,0.38167667,0.6183233,0.6183233,0.0395692657550847
2026-04-07,AXISBANK,1,1,0.41567695,0.58432305,0.58432305,0.0038544339272525
2026-04-08,AXISBANK,1,1,0.4102388,0.5897612,0.5897612,0.0663147156492074
2026-04-09,AXISBANK,1,-1,0.5220945,0.47790554,0.5220945,-0.0108777194298574
2026-04-10,AXISBANK,-1,1,0.4467113,0.5532887,0.5532887,0.0244975721108267
2026-04-13,AXISBANK,-1,1,0.4994322,0.5005678,0.5005678,0.0020727914247866
2026-04-15,AXISBANK,-1,1,0.4754666,0.5245334,0.5245334,0.0014036823643115
2026-04-16,AXISBANK,-1,1,0.47342592,0.5265741,0.5265741,-0.0043526554142844
2025-01-01,BAJAJ-AUTO,-1,1,0.39895427,0.6010457,0.6010457,-0.0065976508429945
2025-01-02,BAJAJ-AUTO,-1,-1,0.5384824,0.46151757,0.5384824,0.03877905757219
2025-01-03,BAJAJ-AUTO,-1,-1,0.5175898,0.48241022,0.5175898,-0.0125336376255721
2025-01-06,BAJAJ-AUTO,-1,1,0.49798495,0.50201505,0.50201505,-0.0158215107099671
2025-01-07,BAJAJ-AUTO,-1,1,0.4938407,0.5061593,0.5061593,-0.0015355837374283
2025-01-08,BAJAJ-AUTO,-1,1,0.4855132,0.5144868,0.5144868,-0.0190742959910678
2025-01-09,BAJAJ-AUTO,-1,1,0.468512,0.531488,0.531488,0.0224015464396503
2025-01-10,BAJAJ-AUTO,-1,1,0.41881478,0.5811852,0.5811852,-0.0081315526681646
2025-01-13,BAJAJ-AUTO,-1,1,0.396959,0.603041,0.603041,-0.0191407884798343
2025-01-14,BAJAJ-AUTO,-1,1,0.43139243,0.56860757,0.56860757,0.0017390832340611
2025-01-16,BAJAJ-AUTO,1,1,0.39417213,0.60582787,0.60582787,0.0004605009807094
2025-01-17,BAJAJ-AUTO,1,1,0.3351249,0.6648751,0.6648751,-6.417210632225778e-05
2025-01-20,BAJAJ-AUTO,1,1,0.41398025,0.58601975,0.58601975,-0.0043115921397893
2025-01-21,BAJAJ-AUTO,1,1,0.49014056,0.50985944,0.50985944,-0.0088772079785768
2025-01-22,BAJAJ-AUTO,1,1,0.37559128,0.6244087,0.6244087,-0.0009092575185192
2025-01-23,BAJAJ-AUTO,1,1,0.40513247,0.5948675,0.5948675,-0.0071978375717179
2025-01-24,BAJAJ-AUTO,1,1,0.27226543,0.72773457,0.72773457,0.0001845286770438
2025-01-27,BAJAJ-AUTO,1,1,0.31686473,0.6831353,0.6831353,-0.0020116231618471
2025-01-28,BAJAJ-AUTO,1,1,0.31068897,0.689311,0.689311,0.0016460046291864
2025-01-29,BAJAJ-AUTO,1,1,0.48956972,0.5104303,0.5104303,0.0270823739320653
2025-01-31,BAJAJ-AUTO,-1,-1,0.50287026,0.49712974,0.50287026,0.0114314539714255
2025-02-01,BAJAJ-AUTO,-1,1,0.39130038,0.6086996,0.6086996,0.0347882455846702
2025-02-03,BAJAJ-AUTO,-1,1,0.4818774,0.5181226,0.5181226,-0.0250173919481814
2025-02-04,BAJAJ-AUTO,-1,-1,0.55252814,0.44747186,0.55252814,-0.0016971682081021
2025-02-05,BAJAJ-AUTO,-1,-1,0.5600437,0.43995634,0.5600437,0.0018402826156329
2025-02-06,BAJAJ-AUTO,-1,-1,0.5458581,0.4541419,0.5458581,-0.0091232734319429
2025-02-07,BAJAJ-AUTO,-1,-1,0.5127566,0.48724338,0.5127566,0.0161706822849849
2025-02-10,BAJAJ-AUTO,-1,-1,0.57883584,0.42116416,0.57883584,-0.0121087798567504
2025-02-11,BAJAJ-AUTO,-1,-1,0.5573591,0.44264093,0.5573591,-0.0133494420396643
2025-02-12,BAJAJ-AUTO,-1,-1,0.5905136,0.40948644,0.5905136,-0.0057521185895915
2025-02-13,BAJAJ-AUTO,-1,-1,0.6243014,0.37569863,0.6243014,-0.002324434399698
2025-02-14,BAJAJ-AUTO,-1,-1,0.5787424,0.42125764,0.5787424,-0.0212683056761334
2025-02-17,BAJAJ-AUTO,-1,-1,0.62361854,0.37638146,0.62361854,0.0036031476042777
2025-02-18,BAJAJ-AUTO,-1,-1,0.61277115,0.38722888,0.61277115,-0.0106066648213222
2025-02-19,BAJAJ-AUTO,-1,-1,0.71993387,0.28006616,0.71993387,0.0038951918599523
2025-02-20,BAJAJ-AUTO,-1,-1,0.71240175,0.28759828,0.71240175,0.0177722177520014
2025-02-21,BAJAJ-AUTO,-1,-1,0.60738933,0.3926107,0.60738933,-0.0143854984540928
2025-02-24,BAJAJ-AUTO,-1,-1,0.6124505,0.3875495,0.6124505,-0.0069479326480673
2025-02-25,BAJAJ-AUTO,-1,-1,0.58783174,0.41216823,0.58783174,-0.0034391199778943
2025-02-27,BAJAJ-AUTO,-1,-1,0.6399541,0.36004588,0.6399541,-0.0220424564823018
2025-02-28,BAJAJ-AUTO,-1,-1,0.5150502,0.48494983,0.5150502,-0.0400188699004653
2025-03-03,BAJAJ-AUTO,-1,1,0.39393234,0.60606766,0.60606766,-0.023801395279328
2025-03-04,BAJAJ-AUTO,1,1,0.40452254,0.59547746,0.59547746,-0.0494504125280608
2025-03-05,BAJAJ-AUTO,1,1,0.46013498,0.539865,0.539865,0.011863694903442
2025-03-06,BAJAJ-AUTO,1,-1,0.5625894,0.43741056,0.5625894,0.005653408224518
2025-03-07,BAJAJ-AUTO,1,-1,0.68445694,0.31554306,0.68445694,0.0150758761961975
2025-03-10,BAJAJ-AUTO,1,-1,0.6113622,0.3886378,0.6113622,-0.0252615345913977
2025-03-11,BAJAJ-AUTO,1,-1,0.7572277,0.2427723,0.7572277,0.0157854462247528
2025-03-12,BAJAJ-AUTO,1,-1,0.7874698,0.21253021,0.7874698,0.0020132521241316
2025-03-13,BAJAJ-AUTO,1,-1,0.769963,0.23003699,0.769963,-0.0013771785813287
2025-03-17,BAJAJ-AUTO,1,1,0.45456272,0.5454373,0.5454373,-0.0024851686758537
2025-03-18,BAJAJ-AUTO,1,1,0.43426824,0.56573176,0.56573176,0.0
2025-03-19,BAJAJ-AUTO,1,1,0.490117,0.509883,0.509883,0.0314986649367412
2025-03-20,BAJAJ-AUTO,-1,1,0.38140553,0.61859447,0.61859447,0.0256609120989599
2025-03-21,BAJAJ-AUTO,-1,1,0.32676065,0.67323935,0.67323935,0.0186679661814304
2025-03-24,BAJAJ-AUTO,-1,1,0.32322752,0.6767725,0.6767725,0.0071517971552543
2025-03-25,BAJAJ-AUTO,-1,1,0.30511713,0.69488287,0.69488287,-0.0147128131408158
2025-03-26,BAJAJ-AUTO,-1,1,0.2652601,0.7347399,0.7347399,-0.0036097775669371
2025-03-28,BAJAJ-AUTO,1,1,0.27789742,0.7221026,0.7221026,-0.0119696541150492
2025-04-02,BAJAJ-AUTO,1,1,0.24642825,0.75357175,0.75357175,0.0099962130004949
2025-04-03,BAJAJ-AUTO,1,1,0.23031896,0.76968104,0.76968104,-0.0199121387220144
2025-04-04,BAJAJ-AUTO,1,1,0.24862629,0.7513737,0.7513737,-0.0287025302178438
2025-04-07,BAJAJ-AUTO,1,1,0.15279484,0.84720516,0.84720516,-0.0492251688495688
2025-04-08,BAJAJ-AUTO,1,1,0.16771245,0.83228755,0.83228755,0.0261742738418624
2025-04-09,BAJAJ-AUTO,1,1,0.42695397,0.573046,0.573046,0.009902550966037
2025-04-11,BAJAJ-AUTO,1,1,0.3600967,0.6399033,0.6399033,0.0259564638064406
2025-04-16,BAJAJ-AUTO,-1,1,0.48371953,0.5162805,0.5162805,-0.0042524001192232
2025-04-17,BAJAJ-AUTO,-1,1,0.38216102,0.617839,0.617839,0.0070966598246058
2025-04-21,BAJAJ-AUTO,-1,1,0.37412494,0.62587506,0.62587506,0.0286231372987579
2025-04-22,BAJAJ-AUTO,-1,1,0.33899754,0.66100246,0.66100246,-0.0129130148154174
2025-04-23,BAJAJ-AUTO,-1,1,0.37910205,0.62089795,0.62089795,0.0148016141289231
2025-04-24,BAJAJ-AUTO,-1,1,0.33547246,0.66452754,0.66452754,-0.0072626209878795
2025-04-30,BAJAJ-AUTO,1,1,0.4058022,0.5941978,0.5941978,-0.0060035983290099
2025-05-02,BAJAJ-AUTO,1,1,0.29658377,0.7034162,0.7034162,-0.0260896754463353
2025-05-05,BAJAJ-AUTO,1,1,0.33773983,0.6622602,0.6622602,0.0127869154500122
2025-05-06,BAJAJ-AUTO,1,1,0.32439125,0.67560875,0.67560875,0.0031563370384399
2025-05-07,BAJAJ-AUTO,1,1,0.2186951,0.7813049,0.7813049,-0.012145237754527
2025-05-08,BAJAJ-AUTO,1,1,0.18229997,0.8177,0.8177,-0.0158618533248829
2025-05-09,BAJAJ-AUTO,1,1,0.23226058,0.7677394,0.7677394,-0.0054372515312484
2025-05-12,BAJAJ-AUTO,1,1,0.24210757,0.75789243,0.75789243,0.0464692381377713
2025-05-13,BAJAJ-AUTO,1,1,0.2181943,0.7818057,0.7818057,0.0029230426720763
2025-05-14,BAJAJ-AUTO,1,1,0.33125263,0.66874737,0.66874737,0.0048989550547557
2025-05-15,BAJAJ-AUTO,1,1,0.33691382,0.6630862,0.6630862,0.0275840719338398
2025-05-16,BAJAJ-AUTO,1,1,0.3213399,0.6786601,0.6786601,0.018796556187566
2025-05-19,BAJAJ-AUTO,-1,1,0.40080446,0.59919554,0.59919554,0.0434423804758183
2025-05-21,BAJAJ-AUTO,-1,1,0.26419514,0.73580486,0.73580486,0.0143023418668766
2025-05-22,BAJAJ-AUTO,-1,1,0.24760193,0.7523981,0.7523981,0.0052949978867264
2025-05-23,BAJAJ-AUTO,-1,1,0.24094778,0.7590522,0.7590522,0.0008587427753534
2025-05-26,BAJAJ-AUTO,-1,1,0.32211345,0.67788655,0.67788655,0.0248827458665361
2025-05-27,BAJAJ-AUTO,-1,1,0.24525785,0.75474215,0.75474215,0.0005023048572454
2025-05-28,BAJAJ-AUTO,-1,1,0.2922889,0.7077111,0.7077111,-0.0127190028836189
2025-05-29,BAJAJ-AUTO,-1,1,0.41069883,0.58930117,0.58930117,0.0028817295944814
2025-05-30,BAJAJ-AUTO,-1,1,0.3679332,0.6320668,0.6320668,-0.0301425001478077
2025-06-04,BAJAJ-AUTO,-1,1,0.4033062,0.5966938,0.5966938,5.8467387359151246e-05
2025-06-09,BAJAJ-AUTO,-1,1,0.3149703,0.6850297,0.6850297,0.0004631519443281
2025-06-11,BAJAJ-AUTO,-1,1,0.48397213,0.51602787,0.51602787,0.0107813463832842
2025-06-12,BAJAJ-AUTO,1,1,0.451365,0.548635,0.548635,-0.0174332178935758
2025-06-13,BAJAJ-AUTO,1,1,0.39263606,0.60736394,0.60736394,-0.0120812022668675
2025-06-17,BAJAJ-AUTO,1,1,0.43826175,0.56173825,0.56173825,-0.0041033912790315
2025-06-18,BAJAJ-AUTO,1,1,0.40654927,0.5934507,0.5934507,-0.003119634352685
2025-06-19,BAJAJ-AUTO,1,1,0.37599176,0.62400824,0.62400824,0.003306530370877
2025-06-20,BAJAJ-AUTO,1,1,0.4311102,0.5688898,0.5688898,0.0102582669563118
2025-06-23,BAJAJ-AUTO,1,-1,0.5564679,0.4435321,0.5564679,-0.0100943734320869
2025-06-26,BAJAJ-AUTO,-1,1,0.42352396,0.57647604,0.57647604,0.005185052744502
2025-06-27,BAJAJ-AUTO,-1,1,0.4088019,0.5911981,0.5911981,0.0003557452863749
2025-06-30,BAJAJ-AUTO,-1,1,0.29559493,0.70440507,0.70440507,-0.0071123755334281
2025-07-01,BAJAJ-AUTO,-1,1,0.32677436,0.67322564,0.67322564,0.00274594078319
2025-07-02,BAJAJ-AUTO,-1,1,0.27223516,0.72776484,0.72776484,-0.0050601262055006
2025-07-03,BAJAJ-AUTO,-1,1,0.30134046,0.69865954,0.69865954,0.0031113504457607
2025-07-04,BAJAJ-AUTO,-1,1,0.26374632,0.7362537,0.7362537,0.0060244557113033
2025-07-08,BAJAJ-AUTO,-1,1,0.44860035,0.55139965,0.55139965,-0.0146511490518107
2025-07-15,BAJAJ-AUTO,-1,1,0.3182512,0.6817488,0.6817488,0.0276352395672334
2025-07-16,BAJAJ-AUTO,-1,1,0.31153178,0.6884682,0.6884682,-0.0010227409457346
2025-07-17,BAJAJ-AUTO,-1,1,0.28854656,0.71145344,0.71145344,0.0033122553447757
2025-07-18,BAJAJ-AUTO,-1,1,0.26668674,0.73331326,0.73331326,0.0021008403361344
2025-07-21,BAJAJ-AUTO,-1,1,0.376006,0.623994,0.623994,0.010901467505241
2025-07-22,BAJAJ-AUTO,-1,1,0.43673432,0.5632657,0.5632657,-0.0170053919535462
2025-07-23,BAJAJ-AUTO,-1,-1,0.50479305,0.49520698,0.50479305,0.0122965641952983
2025-07-24,BAJAJ-AUTO,-1,-1,0.5391154,0.46088457,0.5391154,-0.0129212814100273
2025-07-25,BAJAJ-AUTO,1,1,0.47467202,0.525328,0.525328,-0.0256982566206189
2025-07-28,BAJAJ-AUTO,1,1,0.24302334,0.75697666,0.75697666,0.0017336387839761
2025-07-29,BAJAJ-AUTO,1,1,0.17210239,0.8278976,0.8278976,0.004697447308239
2025-07-30,BAJAJ-AUTO,1,1,0.20019144,0.79980856,0.79980856,-0.0103352814518609
2025-07-31,BAJAJ-AUTO,1,1,0.18422848,0.8157715,0.8157715,-0.0044135015851308
2025-08-01,BAJAJ-AUTO,1,1,0.21240997,0.78759,0.78759,0.004557942057942
2025-08-04,BAJAJ-AUTO,1,1,0.22703236,0.77296764,0.77296764,0.0177761203306607
2025-08-05,BAJAJ-AUTO,1,1,0.36994344,0.63005656,0.63005656,0.0052519083969466
2025-08-06,BAJAJ-AUTO,1,1,0.33321124,0.66678876,0.66678876,-0.0063179636717088
2025-08-07,BAJAJ-AUTO,1,1,0.2723887,0.7276113,0.7276113,0.0061747264168245
2025-08-08,BAJAJ-AUTO,1,1,0.2846889,0.7153111,0.7153111,-0.0006076072426783
2025-08-11,BAJAJ-AUTO,1,1,0.2756151,0.7243849,0.7243849,0.0062013618677043
2025-08-12,BAJAJ-AUTO,1,1,0.2698061,0.7301939,0.7301939,-0.0094864048338368
2025-08-13,BAJAJ-AUTO,1,1,0.266424,0.733576,0.733576,0.0063441712926248
2025-08-14,BAJAJ-AUTO,1,1,0.28752774,0.71247226,0.71247226,-0.0042431957325573
2025-08-18,BAJAJ-AUTO,1,1,0.4093669,0.5906331,0.5906331,0.0456565410604492
2025-08-19,BAJAJ-AUTO,1,1,0.38063955,0.61936045,0.61936045,0.0241019968562612
2025-08-20,BAJAJ-AUTO,1,1,0.44177616,0.55822384,0.55822384,0.003638224091865
2025-08-21,BAJAJ-AUTO,1,1,0.47386706,0.52613294,0.52613294,-0.0161993769470405
2025-08-22,BAJAJ-AUTO,1,1,0.48005408,0.5199459,0.5199459,-0.0005757383844781
2025-08-25,BAJAJ-AUTO,1,1,0.35892135,0.64107865,0.64107865,0.0081801947116768
2025-08-26,BAJAJ-AUTO,1,1,0.3228972,0.6771028,0.6771028,-0.0067424718587508
2025-08-28,BAJAJ-AUTO,1,1,0.2535773,0.7464227,0.7464227,-0.0002301098774665
2025-08-29,BAJAJ-AUTO,1,1,0.21600205,0.78399795,0.78399795,-0.006674722366074
2025-09-05,BAJAJ-AUTO,-1,1,0.39706182,0.6029382,0.6029382,0.0014882592878404
2025-09-08,BAJAJ-AUTO,-1,1,0.482912,0.517088,0.517088,0.0384170840442512
2025-09-09,BAJAJ-AUTO,-1,1,0.49510276,0.50489724,0.50489724,-0.0053532623098532
2025-09-10,BAJAJ-AUTO,-1,1,0.49860388,0.5013961,0.5013961,-0.0148140253650218
2025-09-11,BAJAJ-AUTO,-1,1,0.38718432,0.6128157,0.6128157,-0.0141172652531371
2025-09-12,BAJAJ-AUTO,-1,1,0.46695954,0.53304046,0.53304046,-0.0125089153453668
2025-09-15,BAJAJ-AUTO,-1,1,0.3973204,0.6026796,0.6026796,0.002833490749486
2025-09-16,BAJAJ-AUTO,-1,1,0.48782575,0.51217425,0.51217425,0.0052631578947368
2025-09-17,BAJAJ-AUTO,-1,-1,0.5553808,0.44461915,0.5553808,0.0012675668228161
2025-09-18,BAJAJ-AUTO,-1,-1,0.67660123,0.32339877,0.67660123,-0.0009907529722589
2025-09-19,BAJAJ-AUTO,-1,-1,0.72929585,0.27070415,0.72929585,-0.0114049586776859
2025-09-22,BAJAJ-AUTO,-1,-1,0.78899646,0.21100353,0.78899646,0.0092515186980994
2025-09-23,BAJAJ-AUTO,-1,-1,0.59009206,0.40990794,0.59009206,-0.0077309625048318
2025-09-25,BAJAJ-AUTO,1,-1,0.7377778,0.2622222,0.7377778,0.0003959723950672
2025-09-26,BAJAJ-AUTO,1,-1,0.6413463,0.35865372,0.6413463,-0.0158891716143624
2025-09-29,BAJAJ-AUTO,1,-1,0.6545801,0.3454199,0.6545801,0.0017811997242014
2025-09-30,BAJAJ-AUTO,1,-1,0.65743375,0.34256628,0.65743375,-0.004473759678807
2025-10-01,BAJAJ-AUTO,1,-1,0.70433056,0.29566947,0.70433056,-0.0059918188627067
2025-10-03,BAJAJ-AUTO,1,-1,0.7286736,0.2713264,0.7286736,0.0061438590390077
2025-10-06,BAJAJ-AUTO,1,-1,0.702046,0.29795402,0.702046,0.0129615761276571
2025-10-07,BAJAJ-AUTO,1,-1,0.753235,0.24676505,0.753235,0.0127388535031847
2025-10-08,BAJAJ-AUTO,1,-1,0.8060104,0.19398957,0.8060104,-0.0125786163522012
2025-10-09,BAJAJ-AUTO,1,-1,0.8004377,0.19956233,0.8004377,0.0020473157415832
2025-10-10,BAJAJ-AUTO,1,-1,0.76296806,0.23703192,0.76296806,0.015493757094211
2025-10-14,BAJAJ-AUTO,-1,-1,0.80340606,0.19659393,0.80340606,0.0040260313258326
2025-10-15,BAJAJ-AUTO,-1,-1,0.73178196,0.268218,0.73178196,-0.0114803625377643
2025-10-16,BAJAJ-AUTO,-1,-1,0.7497604,0.25023958,0.7497604,0.0170593465214492
2025-10-17,BAJAJ-AUTO,-1,-1,0.7080742,0.29192576,0.7080742,-0.0001092717040922
2025-10-20,BAJAJ-AUTO,-1,-1,0.6535827,0.34641728,0.6535827,-0.0028413747882629
2025-10-21,BAJAJ-AUTO,-1,-1,0.67092985,0.32907015,0.67092985,-0.0007123678009753
2025-10-23,BAJAJ-AUTO,-1,-1,0.5085709,0.4914291,0.5085709,-0.0077867953498573
2025-10-24,BAJAJ-AUTO,-1,1,0.39874262,0.6012574,0.6012574,0.0032607494196972
2025-10-27,BAJAJ-AUTO,-1,1,0.2379083,0.7620917,0.7620917,0.0020933179088855
2025-10-28,BAJAJ-AUTO,-1,1,0.19208133,0.80791867,0.80791867,-0.0041778901654664
2025-10-29,BAJAJ-AUTO,-1,1,0.32760817,0.67239183,0.67239183,-0.0025945349158156
2025-10-30,BAJAJ-AUTO,-1,1,0.2609471,0.7390529,0.7390529,-0.0122869160947531
2025-10-31,BAJAJ-AUTO,1,1,0.20709145,0.79290855,0.79290855,-0.0034181329149389
2025-11-04,BAJAJ-AUTO,1,1,0.31080312,0.6891969,0.6891969,-0.0192210703278229
2025-11-06,BAJAJ-AUTO,1,1,0.309945,0.690055,0.690055,-0.0034853159638897
2025-11-07,BAJAJ-AUTO,1,1,0.45614815,0.54385185,0.54385185,0.0001146723238345
2025-11-10,BAJAJ-AUTO,1,-1,0.5106487,0.48935124,0.5106487,0.0057902883678266
2025-11-11,BAJAJ-AUTO,1,-1,0.52574307,0.47425693,0.52574307,0.0140218878248974
2025-11-12,BAJAJ-AUTO,1,-1,0.5494628,0.4505372,0.5494628,-0.003035413153457
2025-11-13,BAJAJ-AUTO,1,1,0.45072573,0.54927427,0.54927427,-5.638249887229829e-05
2025-11-14,BAJAJ-AUTO,1,1,0.2950496,0.7049504,0.7049504,-0.0027628982238511
2025-11-17,BAJAJ-AUTO,1,1,0.3049581,0.6950419,0.6950419,0.0115910889969468
2025-11-18,BAJAJ-AUTO,1,1,0.30587304,0.69412696,0.69412696,-0.0027388072215079
2025-11-19,BAJAJ-AUTO,1,1,0.19741309,0.8025869,0.8025869,-0.0040914695661921
2025-11-20,BAJAJ-AUTO,1,1,0.19003904,0.80996096,0.80996096,0.0106927795599076
2025-11-21,BAJAJ-AUTO,1,1,0.24094516,0.75905484,0.75905484,-0.0097444178406369
2025-11-25,BAJAJ-AUTO,-1,1,0.3000251,0.6999749,0.6999749,0.0044962531223979
2025-11-26,BAJAJ-AUTO,-1,1,0.27950585,0.72049415,0.72049415,0.0128205128205127
2025-11-28,BAJAJ-AUTO,-1,1,0.20555651,0.7944435,0.7944435,0.0056525353283458
2025-12-01,BAJAJ-AUTO,-1,1,0.31674075,0.68325925,0.68325925,0.0024797487187964
2025-12-02,BAJAJ-AUTO,-1,-1,0.53938895,0.46061105,0.53938895,-0.0011543535620053
2025-12-03,BAJAJ-AUTO,-1,1,0.47206628,0.5279337,0.5279337,-0.0093555665621044
2025-12-04,BAJAJ-AUTO,-1,-1,0.58250356,0.41749647,0.58250356,0.0093883673129271
2025-12-05,BAJAJ-AUTO,-1,-1,0.7241319,0.27586812,0.7241319,0.0026417171161254
2025-12-08,BAJAJ-AUTO,1,-1,0.75796366,0.24203634,0.75796366,-0.009111867383906
2025-12-09,BAJAJ-AUTO,1,-1,0.670693,0.32930702,0.670693,-0.0072014181254154
2025-12-10,BAJAJ-AUTO,1,-1,0.674644,0.325356,0.674644,0.0033478406427853
2025-12-12,BAJAJ-AUTO,1,-1,0.7647403,0.2352597,0.7647403,-0.0042524990335229
2025-12-15,BAJAJ-AUTO,1,-1,0.60819495,0.39180508,0.60819495,-0.0083194675540765
2025-12-16,BAJAJ-AUTO,1,-1,0.72809446,0.2719055,0.72809446,0.0076062639821028
2025-12-17,BAJAJ-AUTO,1,-1,0.63189256,0.36810744,0.63189256,-0.012544404973357
2025-12-18,BAJAJ-AUTO,1,-1,0.6705965,0.3294035,0.6705965,-0.0071950534007869
2025-12-19,BAJAJ-AUTO,1,-1,0.63641965,0.36358032,0.63641965,0.0193636054806929
2025-12-22,BAJAJ-AUTO,1,1,0.478635,0.521365,0.521365,0.0179960008886914
2025-12-23,BAJAJ-AUTO,1,-1,0.52886987,0.4711301,0.52886987,-0.0070929725010911
2025-12-24,BAJAJ-AUTO,1,1,0.48198932,0.5180107,0.5180107,0.0078030552808001
2025-12-26,BAJAJ-AUTO,1,1,0.48235792,0.5176421,0.5176421,-0.011504907306434
2025-12-29,BAJAJ-AUTO,1,-1,0.5039371,0.49606287,0.5039371,0.0024822108224391
2025-12-30,BAJAJ-AUTO,1,-1,0.56652945,0.43347055,0.56652945,0.0214592274678111
2025-12-31,BAJAJ-AUTO,1,1,0.46520984,0.53479016,0.53479016,0.0065718595130359
2026-01-05,BAJAJ-AUTO,-1,-1,0.5137887,0.48621133,0.5137887,-0.0005261773217574
2026-01-06,BAJAJ-AUTO,-1,-1,0.6637945,0.33620548,0.6637945,0.0172150565938404
2026-01-07,BAJAJ-AUTO,-1,1,0.40228224,0.59771776,0.59771776,0.0133009005278956
2026-01-08,BAJAJ-AUTO,-1,1,0.3604201,0.6395799,0.6395799,-0.0029623576280708
2026-01-09,BAJAJ-AUTO,-1,1,0.34244955,0.65755045,0.65755045,-0.0202858460119871
2026-01-13,BAJAJ-AUTO,-1,1,0.43373698,0.566263,0.566263,0.0066378674533769
2026-01-14,BAJAJ-AUTO,-1,1,0.47929752,0.5207025,0.5207025,0.0026690391459074
2026-01-19,BAJAJ-AUTO,1,-1,0.5798828,0.4201172,0.5798828,-0.0062704183791758
2026-01-20,BAJAJ-AUTO,1,1,0.49617988,0.5038201,0.5038201,-0.0264595153507609
2026-01-21,BAJAJ-AUTO,1,-1,0.60864997,0.39135003,0.60864997,-0.0001089324618736
2026-01-22,BAJAJ-AUTO,1,1,0.31354296,0.68645704,0.68645704,0.0208083669245016
2026-01-23,BAJAJ-AUTO,1,1,0.4650761,0.5349239,0.5349239,0.0046424759871932
2026-01-27,BAJAJ-AUTO,1,1,0.33985603,0.660144,0.660144,0.0083390874807456
2026-01-28,BAJAJ-AUTO,1,1,0.3184167,0.6815833,0.6815833,-0.0061630847029077
2026-01-29,BAJAJ-AUTO,1,1,0.42374027,0.57625973,0.57625973,0.0083214077489797
2026-01-30,BAJAJ-AUTO,1,-1,0.56742823,0.43257177,0.56742823,0.008988645920942
2026-02-02,BAJAJ-AUTO,1,-1,0.5131023,0.48689768,0.5131023,-0.010523573847356
2026-02-03,BAJAJ-AUTO,1,-1,0.5835609,0.41643912,0.5835609,0.0104248933817723
2026-02-04,BAJAJ-AUTO,1,-1,0.54057676,0.45942324,0.54057676,0.0045333750195404
2026-02-05,BAJAJ-AUTO,1,-1,0.5092882,0.49071178,0.5092882,0.0008299616142752
2026-02-06,BAJAJ-AUTO,1,-1,0.5210264,0.47897363,0.5210264,-0.0133202031719705
2026-02-09,BAJAJ-AUTO,1,-1,0.6559962,0.3440038,0.6559962,0.0075116877659295
2026-02-10,BAJAJ-AUTO,1,-1,0.6771994,0.32280058,0.6771994,0.0191866527632951
2026-02-11,BAJAJ-AUTO,1,-1,0.87192106,0.12807895,0.87192106,0.0097708205443012
2026-02-12,BAJAJ-AUTO,1,-1,0.6538019,0.34619808,0.6538019,-0.0029890065352854
2026-02-13,BAJAJ-AUTO,1,-1,0.6237401,0.37625992,0.6237401,-0.008130081300813
2026-02-16,BAJAJ-AUTO,1,-1,0.5336026,0.46639737,0.5336026,-0.0064036885245901
2026-02-17,BAJAJ-AUTO,-1,-1,0.6933049,0.3066951,0.6933049,0.0133023975251354
2026-02-18,BAJAJ-AUTO,-1,-1,0.87478,0.12521999,0.87478,0.0156210247799317
2026-02-19,BAJAJ-AUTO,1,-1,0.5620106,0.4379894,0.5620106,-0.0251503006012023
2026-02-20,BAJAJ-AUTO,-1,-1,0.53228664,0.4677134,0.53228664,0.0080172679617638
2026-02-23,BAJAJ-AUTO,-1,-1,0.6144577,0.38554224,0.6144577,0.0100438462322831
2026-02-24,BAJAJ-AUTO,-1,-1,0.59838593,0.40161407,0.59838593,-0.0077229821816162
2026-02-25,BAJAJ-AUTO,-1,-1,0.77753687,0.22246316,0.77753687,0.0272662529250178
2026-02-26,BAJAJ-AUTO,-1,-1,0.7259667,0.2740333,0.7259667,0.0012875111419232
2026-02-27,BAJAJ-AUTO,-1,-1,0.61644465,0.38355535,0.61644465,-0.0136003956478734
2026-03-02,BAJAJ-AUTO,-1,-1,0.5482761,0.45172387,0.5482761,-0.0197041865129105
2026-03-04,BAJAJ-AUTO,-1,-1,0.54712987,0.45287016,0.54712987,-0.0126329787234042
2026-03-05,BAJAJ-AUTO,-1,-1,0.62651783,0.37348217,0.62651783,0.0157472157472158
2026-03-06,BAJAJ-AUTO,-1,-1,0.61327344,0.38672656,0.61327344,0.0011729307970829
2026-03-09,BAJAJ-AUTO,-1,1,0.37104273,0.6289573,0.6289573,-0.0441116544417278
2026-03-10,BAJAJ-AUTO,-1,1,0.4671539,0.5328461,0.5328461,0.0241926889054673
2026-03-11,BAJAJ-AUTO,-1,1,0.4138642,0.5861358,0.5861358,-0.0293964620187304
2026-03-12,BAJAJ-AUTO,-1,1,0.43628603,0.56371397,0.56371397,-0.0177432323773787
2026-03-13,BAJAJ-AUTO,-1,1,0.33270228,0.6672977,0.6672977,-0.031325038201266
2026-03-16,BAJAJ-AUTO,-1,1,0.31660098,0.683399,0.683399,0.0223098591549295
2026-03-17,BAJAJ-AUTO,-1,1,0.4283145,0.5716855,0.5716855,0.0040780337264409
2026-03-18,BAJAJ-AUTO,-1,-1,0.501428,0.49857202,0.501428,0.0176728869374314
2026-03-19,BAJAJ-AUTO,1,1,0.40726376,0.59273624,0.59273624,-0.0434149498435982
2026-03-20,BAJAJ-AUTO,1,1,0.41140127,0.5885987,0.5885987,0.0205784518238709
2026-03-23,BAJAJ-AUTO,1,1,0.3268069,0.6731931,0.6731931,-0.0303833830515964
2026-03-24,BAJAJ-AUTO,1,1,0.34879845,0.65120155,0.65120155,0.013901549680948
2026-03-25,BAJAJ-AUTO,1,1,0.37255603,0.62744397,0.62744397,0.0169139132389299
2026-03-27,BAJAJ-AUTO,1,1,0.35760522,0.6423948,0.6423948,-0.0163010443719953
2026-03-30,BAJAJ-AUTO,1,1,0.47785372,0.5221463,0.5221463,-0.0134254578137288
2026-04-01,BAJAJ-AUTO,1,1,0.34410298,0.655897,0.655897,0.0129818368160337
2026-04-02,BAJAJ-AUTO,1,1,0.49192506,0.50807494,0.50807494,-0.0154010454724299
2026-04-06,BAJAJ-AUTO,1,1,0.3625309,0.6374691,0.6374691,0.0210081634983159
2026-04-07,BAJAJ-AUTO,1,1,0.43264782,0.5673522,0.5673522,0.011965334078837
2026-04-08,BAJAJ-AUTO,1,1,0.45757568,0.5424243,0.5424243,0.0349743079728162
2026-04-10,BAJAJ-AUTO,-1,1,0.40778035,0.59221965,0.59221965,0.0311547756646002
2026-04-13,BAJAJ-AUTO,-1,1,0.48963583,0.5103642,0.5103642,0.0002547511081674
2026-04-15,BAJAJ-AUTO,-1,-1,0.5292664,0.47073358,0.5292664,0.0049918500407497
2026-04-16,BAJAJ-AUTO,1,-1,0.57246244,0.42753753,0.57246244,-0.0040547389761783
2025-01-01,BAJAJFINSV,1,1,0.30406594,0.69593406,0.69593406,0.0052930698333026
2025-01-03,BAJAJFINSV,-1,1,0.4733026,0.5266974,0.5266974,0.0002645612645684
2025-01-06,BAJAJFINSV,1,-1,0.5377332,0.4622668,0.5377332,-0.0096995934631021
2025-01-07,BAJAJFINSV,1,-1,0.508641,0.49135897,0.508641,-0.001098196595605
2025-01-08,BAJAJFINSV,1,-1,0.58007914,0.41992086,0.58007914,0.0084682700245857
2025-01-09,BAJAJFINSV,1,-1,0.5997368,0.40026322,0.5997368,-0.00394809548779
2025-01-10,BAJAJFINSV,1,-1,0.5014975,0.49850246,0.5014975,0.0064780879171137
2025-01-13,BAJAJFINSV,1,-1,0.57800245,0.42199755,0.57800245,-0.0159294574034628
2025-01-14,BAJAJFINSV,1,-1,0.57036424,0.4296358,0.57036424,0.0235044490215099
2025-01-15,BAJAJFINSV,1,1,0.46630597,0.533694,0.533694,-0.0244236771137825
2025-01-16,BAJAJFINSV,1,-1,0.51144457,0.48855543,0.51144457,0.0153740408758713
2025-01-17,BAJAJFINSV,1,1,0.38778096,0.61221904,0.61221904,-0.0098388823651308
2025-01-21,BAJAJFINSV,1,-1,0.5639768,0.43602318,0.5639768,-0.0104887190420834
2025-01-22,BAJAJFINSV,1,-1,0.5653266,0.4346734,0.5653266,0.0153175082905285
2025-01-23,BAJAJFINSV,1,-1,0.6064731,0.39352688,0.6064731,0.0016347722037584
2025-01-24,BAJAJFINSV,1,-1,0.5424044,0.45759556,0.5424044,-0.009993428918842
2025-01-27,BAJAJFINSV,1,-1,0.5311694,0.46883062,0.5311694,-0.009891827498793
2025-01-28,BAJAJFINSV,1,-1,0.5740094,0.42599058,0.5740094,0.0335066311922302
2025-01-29,BAJAJFINSV,-1,-1,0.64092666,0.35907334,0.64092666,0.0121259186142455
2025-01-30,BAJAJFINSV,1,-1,0.5082939,0.49170607,0.5082939,-0.0252458165399768
2025-01-31,BAJAJFINSV,1,1,0.3874755,0.6125245,0.6125245,-0.0052143093676599
2025-02-01,BAJAJFINSV,1,1,0.49183202,0.508168,0.508168,0.010310509064062
2025-02-03,BAJAJFINSV,1,1,0.44975537,0.5502446,0.5502446,0.023289606831915
2025-02-04,BAJAJFINSV,1,1,0.47278136,0.52721864,0.52721864,0.0102515260524604
2025-02-05,BAJAJFINSV,1,1,0.46996504,0.53003496,0.53003496,-0.0090996712447236
2025-02-06,BAJAJFINSV,1,1,0.47839117,0.5216088,0.5216088,-0.0048698977039395
2025-02-07,BAJAJFINSV,1,1,0.44803315,0.55196685,0.55196685,0.0057885967526454
2025-02-10,BAJAJFINSV,1,-1,0.5798,0.42019996,0.5798,-0.0033085433668893
2025-02-11,BAJAJFINSV,1,1,0.37310767,0.6268923,0.6268923,-0.026528749864321
2025-02-12,BAJAJFINSV,1,-1,0.53184605,0.46815398,0.53184605,0.0251310820789747
2025-02-13,BAJAJFINSV,1,-1,0.6550509,0.34494916,0.6550509,0.0338514671757148
2025-02-17,BAJAJFINSV,-1,-1,0.6999701,0.3000299,0.6999701,0.0290826470318046
2025-02-18,BAJAJFINSV,-1,-1,0.6495075,0.3504925,0.6495075,-0.0006068945176593
2025-02-19,BAJAJFINSV,-1,-1,0.74091613,0.25908384,0.74091613,-0.0096900249689855
2025-02-20,BAJAJFINSV,-1,-1,0.71790445,0.28209552,0.71790445,0.0031460622351011
2025-02-21,BAJAJFINSV,-1,-1,0.7451093,0.2548907,0.7451093,-0.0010099524821803
2025-02-24,BAJAJFINSV,-1,-1,0.7682004,0.23179959,0.7682004,-0.0114666894721116
2025-02-25,BAJAJFINSV,-1,-1,0.6685163,0.3314837,0.6685163,0.0093120506620993
2025-02-27,BAJAJFINSV,-1,-1,0.7045555,0.29544446,0.7045555,0.0269052223754064
2025-03-03,BAJAJFINSV,1,1,0.42884868,0.5711513,0.5711513,-0.0180259331565301
2025-03-04,BAJAJFINSV,1,-1,0.5058141,0.4941859,0.5058141,-0.0262435376271715
2025-03-05,BAJAJFINSV,1,-1,0.5881432,0.4118568,0.5881432,0.0064234958519668
2025-03-07,BAJAJFINSV,1,-1,0.7385186,0.2614814,0.7385186,-8.120146938261907e-05
2025-03-10,BAJAJFINSV,1,-1,0.7443265,0.2556735,0.7443265,-0.0026825796525684
2025-03-11,BAJAJFINSV,1,-1,0.7235929,0.2764071,0.7235929,-0.018990888793106
2025-03-12,BAJAJFINSV,1,-1,0.7633457,0.23665427,0.7633457,0.0077821714464301
2025-03-13,BAJAJFINSV,1,-1,0.7331028,0.2668972,0.7331028,-0.0065953911200646
2025-03-17,BAJAJFINSV,1,-1,0.52092046,0.47907954,0.52092046,0.035491999010772
2025-03-18,BAJAJFINSV,1,1,0.46424276,0.53575724,0.53575724,0.0
2025-03-19,BAJAJFINSV,1,-1,0.5279479,0.47205213,0.5279479,-0.0156817619890423
2025-03-20,BAJAJFINSV,1,1,0.4126686,0.5873314,0.5873314,0.0052109591899902
2025-03-25,BAJAJFINSV,-1,1,0.44852048,0.5514795,0.5514795,0.0268722273528285
2025-03-27,BAJAJFINSV,-1,-1,0.5143466,0.48565343,0.5143466,0.0320829808868203
2025-03-28,BAJAJFINSV,-1,1,0.4352525,0.5647475,0.5647475,0.0007976568130882
2025-04-01,BAJAJFINSV,1,1,0.47765023,0.5223498,0.5223498,-0.0349964039748109
2025-04-02,BAJAJFINSV,1,1,0.40913677,0.5908632,0.5908632,-0.0031748323481597
2025-04-03,BAJAJFINSV,1,1,0.37796772,0.6220323,0.6220323,-0.0054377308848807
2025-04-04,BAJAJFINSV,1,1,0.47767878,0.5223212,0.5223212,-0.0042437788022828
2025-04-07,BAJAJFINSV,1,1,0.43633032,0.5636697,0.5636697,-0.0311928145305002
2025-04-08,BAJAJFINSV,1,1,0.44752985,0.55247015,0.55247015,0.0272852440005015
2025-04-09,BAJAJFINSV,1,-1,0.61735904,0.382641,0.61735904,-0.0039407262410015
2025-04-11,BAJAJFINSV,1,-1,0.5725178,0.4274822,0.5725178,0.0266920293580497
2025-04-21,BAJAJFINSV,-1,-1,0.5889858,0.41101423,0.5889858,0.0335084922291604
2025-04-22,BAJAJFINSV,-1,1,0.43129027,0.56870973,0.56870973,-0.0125980347757828
2025-04-23,BAJAJFINSV,-1,-1,0.52747667,0.47252336,0.52747667,0.0114589141162395
2025-04-24,BAJAJFINSV,-1,-1,0.5847131,0.41528693,0.5847131,0.0019991426266297
2025-04-28,BAJAJFINSV,-1,-1,0.6104917,0.3895083,0.6104917,0.0020533088902603
2025-04-29,BAJAJFINSV,-1,-1,0.67827153,0.32172844,0.67827153,0.0083913653879772
2025-04-30,BAJAJFINSV,1,-1,0.5030587,0.49694133,0.5030587,-0.0557839321882712
2025-05-02,BAJAJFINSV,1,-1,0.53442353,0.46557647,0.53442353,0.0077371809096553
2025-05-06,BAJAJFINSV,-1,-1,0.5921814,0.40781862,0.5921814,0.0047379992956229
2025-05-09,BAJAJFINSV,1,1,0.4622982,0.5377018,0.5377018,-0.0179461983604412
2025-05-15,BAJAJFINSV,-1,1,0.47065312,0.5293469,0.5293469,0.0106414431141717
2025-05-21,BAJAJFINSV,-1,1,0.4483397,0.5516603,0.5516603,0.0160591139605963
2025-05-22,BAJAJFINSV,-1,1,0.4064191,0.5935809,0.5935809,-0.0178177716725209
2025-05-23,BAJAJFINSV,-1,1,0.3937899,0.6062101,0.6062101,0.0177411677304653
2025-05-26,BAJAJFINSV,-1,1,0.493106,0.506894,0.506894,0.0079057821331771
2025-05-27,BAJAJFINSV,-1,1,0.3918227,0.6081773,0.6081773,-0.0110592125336591
2025-05-29,BAJAJFINSV,1,1,0.4825704,0.5174296,0.5174296,-0.0056863058052772
2025-06-04,BAJAJFINSV,1,1,0.4294753,0.5705247,0.5705247,-0.0179728025636769
2025-06-05,BAJAJFINSV,1,-1,0.50745034,0.4925497,0.50745034,-0.006185782122612
2025-06-09,BAJAJFINSV,-1,1,0.4699496,0.5300504,0.5300504,0.0137688755731277
2025-06-12,BAJAJFINSV,1,-1,0.5610917,0.43890828,0.5610917,0.0078990892111692
2025-06-13,BAJAJFINSV,1,1,0.39142936,0.60857064,0.60857064,-0.0087736834884666
2025-06-16,BAJAJFINSV,1,1,0.35980433,0.64019567,0.64019567,0.0085529108610484
2025-06-17,BAJAJFINSV,1,1,0.3643427,0.6356573,0.6356573,-0.012276867906234
2025-06-18,BAJAJFINSV,1,1,0.38186347,0.6181365,0.6181365,-0.0109319356738829
2025-06-19,BAJAJFINSV,1,1,0.37900358,0.6209964,0.6209964,-0.0069648000073965
2025-06-25,BAJAJFINSV,1,1,0.4390154,0.5609846,0.5609846,0.0012940578557956
2025-06-26,BAJAJFINSV,-1,-1,0.5017593,0.4982407,0.5017593,0.0207774831478135
2025-06-27,BAJAJFINSV,-1,-1,0.50036037,0.49963966,0.50036037,-0.0041898554258426
2025-06-30,BAJAJFINSV,-1,1,0.41707093,0.5829291,0.5829291,0.0058708414872798
2025-07-01,BAJAJFINSV,-1,1,0.44658464,0.55341536,0.55341536,-0.0010700151614178
2025-07-02,BAJAJFINSV,1,1,0.45281935,0.54718065,0.54718065,-0.0223488281832754
2025-07-03,BAJAJFINSV,1,1,0.46814388,0.5318561,0.5318561,-0.0135465276714287
2025-07-04,BAJAJFINSV,1,1,0.402619,0.597381,0.597381,0.0069167837531787
2025-07-07,BAJAJFINSV,1,1,0.38031256,0.61968744,0.61968744,0.0060168470984276
2025-07-08,BAJAJFINSV,1,1,0.3968768,0.6031232,0.6031232,0.0059310328295762
2025-07-09,BAJAJFINSV,1,1,0.41904956,0.58095044,0.58095044,0.0040132663082679
2025-07-11,BAJAJFINSV,-1,1,0.41097075,0.58902925,0.58902925,-0.0108855903581572
2025-07-14,BAJAJFINSV,-1,1,0.36602557,0.63397443,0.63397443,-0.0067420066999489
2025-07-15,BAJAJFINSV,-1,1,0.33428955,0.66571045,0.66571045,0.016420455587419
2025-07-16,BAJAJFINSV,-1,1,0.34776068,0.6522393,0.6522393,-0.0002455192732629
2025-07-17,BAJAJFINSV,-1,1,0.329804,0.670196,0.670196,-0.0046660117878192
2025-07-18,BAJAJFINSV,-1,1,0.30015892,0.6998411,0.6998411,0.0015297190160066
2025-07-21,BAJAJFINSV,-1,1,0.3913877,0.6086123,0.6086123,0.0119727665796789
2025-07-22,BAJAJFINSV,-1,1,0.43558508,0.5644149,0.5644149,-0.0069623289535651
2025-07-23,BAJAJFINSV,-1,1,0.48038083,0.51961917,0.51961917,0.0102471193686195
2025-07-24,BAJAJFINSV,-1,1,0.47488755,0.52511245,0.52511245,-0.0136859748468212
2025-07-25,BAJAJFINSV,-1,-1,0.54749024,0.45250976,0.54749024,-0.022880479694331
2025-07-28,BAJAJFINSV,-1,1,0.3553304,0.6446696,0.6446696,-0.0040286029828234
2025-07-29,BAJAJFINSV,-1,1,0.27273273,0.72726727,0.72726727,-0.0026292209089936
2025-07-30,BAJAJFINSV,-1,1,0.241059,0.758941,0.758941,-0.0064888608517854
2025-07-31,BAJAJFINSV,-1,1,0.31676233,0.6832377,0.6832377,-0.0060210473181592
2025-08-01,BAJAJFINSV,1,1,0.30009735,0.69990265,0.69990265,-0.0162730755502438
2025-08-04,BAJAJFINSV,1,1,0.3240127,0.6759873,0.6759873,0.009027775565936
2025-08-05,BAJAJFINSV,1,1,0.3683402,0.6316598,0.6316598,0.0029996115542809
2025-08-06,BAJAJFINSV,1,1,0.3015926,0.6984074,0.6984074,-0.0079406126741259
2025-08-07,BAJAJFINSV,1,1,0.28142828,0.7185717,0.7185717,-0.0051975051975051
2025-08-08,BAJAJFINSV,1,1,0.24554425,0.75445575,0.75445575,0.0027167978954414
2025-08-12,BAJAJFINSV,1,1,0.22791284,0.77208716,0.77208716,-0.0076971335824258
2025-08-14,BAJAJFINSV,1,1,0.2640568,0.7359432,0.7359432,0.0055891929771312
2025-08-18,BAJAJFINSV,-1,1,0.33381176,0.66618824,0.66618824,0.0355306349184507
2025-08-20,BAJAJFINSV,1,1,0.39317966,0.60682034,0.60682034,-0.0069465325580879
2025-08-21,BAJAJFINSV,1,1,0.4210624,0.5789376,0.5789376,0.0109777891243298
2025-08-22,BAJAJFINSV,1,1,0.39566773,0.60433227,0.60433227,-0.0071211997908775
2025-08-25,BAJAJFINSV,1,1,0.33849967,0.66150033,0.66150033,-0.0010682006001619
2025-08-26,BAJAJFINSV,1,1,0.2855646,0.7144354,0.7144354,-0.0201650354779657
2025-08-28,BAJAJFINSV,1,1,0.18763196,0.81236804,0.81236804,-0.0034299842809568
2025-08-29,BAJAJFINSV,1,1,0.20558888,0.7944111,0.7944111,-0.0021380765739135
2025-09-01,BAJAJFINSV,1,1,0.18977207,0.81022793,0.81022793,0.0156780768225763
2025-09-02,BAJAJFINSV,1,1,0.18693793,0.8130621,0.8130621,0.0063802543936519
2025-09-03,BAJAJFINSV,1,1,0.17633712,0.8236629,0.8236629,0.0052149655118136
2025-09-04,BAJAJFINSV,1,1,0.30138332,0.6986167,0.6986167,0.0183612105356845
2025-09-05,BAJAJFINSV,1,1,0.20849353,0.79150647,0.79150647,0.0060933341023441
2025-09-08,BAJAJFINSV,1,1,0.29609698,0.703903,0.703903,-0.0029785543721611
2025-09-09,BAJAJFINSV,1,1,0.24808562,0.7519144,0.7519144,0.0084146704882623
2025-09-10,BAJAJFINSV,1,1,0.3129335,0.6870665,0.6870665,0.0063693783798672
2025-09-12,BAJAJFINSV,-1,1,0.26508242,0.7349176,0.7349176,0.0214446707845579
2025-09-15,BAJAJFINSV,-1,1,0.44731396,0.55268604,0.55268604,-0.0007206341580591
2025-09-16,BAJAJFINSV,-1,-1,0.50542974,0.49457026,0.50542974,0.0001442542442908
2025-09-17,BAJAJFINSV,-1,1,0.4540776,0.5459224,0.5459224,-0.0112003308567196
2025-09-18,BAJAJFINSV,-1,-1,0.60567576,0.39432424,0.60567576,0.005930943690751
2025-09-19,BAJAJFINSV,-1,-1,0.63686204,0.36313793,0.63686204,-0.0009181820938445
2025-09-22,BAJAJFINSV,-1,-1,0.6581661,0.3418339,0.6581661,0.0010641663618795
2025-09-23,BAJAJFINSV,-1,-1,0.6470289,0.35297105,0.6470289,0.0071997595282677
2025-09-24,BAJAJFINSV,-1,-1,0.64688385,0.35311618,0.64688385,-0.0072922432757667
2025-09-25,BAJAJFINSV,-1,-1,0.60010004,0.39989996,0.60010004,-0.0162381482596248
2025-09-26,BAJAJFINSV,1,-1,0.53500247,0.46499756,0.53500247,-0.0159166952262986
2025-09-30,BAJAJFINSV,1,-1,0.50811017,0.4918898,0.50811017,-0.009038340099342
2025-10-01,BAJAJFINSV,1,-1,0.5082474,0.49175265,0.5082474,0.0002990308904688
2025-10-03,BAJAJFINSV,1,-1,0.59194994,0.40805006,0.59194994,-0.0030393500677317
2025-10-06,BAJAJFINSV,1,-1,0.5808672,0.41913283,0.5808672,0.0161426989673165
2025-10-07,BAJAJFINSV,1,-1,0.65011936,0.34988064,0.65011936,-0.0002950893175025
2025-10-08,BAJAJFINSV,1,-1,0.6776141,0.32238594,0.6776141,-0.0093476336850406
2025-10-09,BAJAJFINSV,1,-1,0.71639323,0.2836068,0.71639323,0.0004966229698672
2025-10-10,BAJAJFINSV,1,-1,0.712762,0.28723797,0.712762,-0.0051126411608423
2025-10-13,BAJAJFINSV,1,-1,0.78750134,0.21249868,0.78750134,0.0080327172547598
2025-10-14,BAJAJFINSV,1,-1,0.7110659,0.28893414,0.7110659,-0.0004949514887726
2025-10-15,BAJAJFINSV,1,-1,0.75562763,0.24437238,0.75562763,0.032039255452104
2025-10-20,BAJAJFINSV,-1,-1,0.66319185,0.33680815,0.66319185,0.0269233090036304
2025-10-21,BAJAJFINSV,-1,-1,0.7115276,0.28847238,0.7115276,0.0136928909989375
2025-10-23,BAJAJFINSV,-1,-1,0.5682339,0.4317661,0.5682339,0.0034576550930516
2025-10-24,BAJAJFINSV,-1,1,0.49813342,0.5018666,0.5018666,-0.0078563341399567
2025-10-27,BAJAJFINSV,-1,1,0.31398427,0.6860157,0.6860157,0.0049548280490274
2025-10-28,BAJAJFINSV,-1,1,0.3464414,0.6535586,0.6535586,-0.0138236110381444
2025-10-29,BAJAJFINSV,-1,1,0.33739316,0.66260684,0.66260684,-0.0014951645850299
2025-10-30,BAJAJFINSV,-1,1,0.3474881,0.6525119,0.6525119,-0.0104819383920214
2025-11-03,BAJAJFINSV,-1,1,0.25226462,0.7477354,0.7477354,-0.0032083278337491
2025-11-04,BAJAJFINSV,-1,1,0.41139036,0.58860964,0.58860964,-0.0040354275991018
2025-11-06,BAJAJFINSV,1,1,0.4159624,0.5840376,0.5840376,-0.0048234614294426
2025-11-07,BAJAJFINSV,-1,1,0.49763197,0.50236803,0.50236803,0.0188542785018388
2025-11-10,BAJAJFINSV,-1,1,0.47108054,0.52891946,0.52891946,0.0077065555488708
2025-11-11,BAJAJFINSV,1,-1,0.5100757,0.48992434,0.5100757,-0.0608506922734444
2025-11-12,BAJAJFINSV,1,-1,0.558109,0.441891,0.558109,0.0231728033679476
2025-11-13,BAJAJFINSV,1,-1,0.58771086,0.41228914,0.58771086,0.010169467537153
2025-11-14,BAJAJFINSV,1,1,0.47250217,0.5274978,0.5274978,0.0046688541407555
2025-11-20,BAJAJFINSV,-1,1,0.29830116,0.70169884,0.70169884,0.0221442530317224
2025-11-21,BAJAJFINSV,1,1,0.27824694,0.72175306,0.72175306,-0.0206147133514718
2025-11-24,BAJAJFINSV,1,1,0.28456175,0.71543825,0.71543825,-0.0105241934044914
2025-11-25,BAJAJFINSV,1,1,0.28333956,0.71666044,0.71666044,-0.0002954981494097
2025-11-27,BAJAJFINSV,-1,1,0.3405456,0.6594544,0.6594544,0.0086805681587998
2025-12-02,BAJAJFINSV,-1,-1,0.5929404,0.4070596,0.5929404,-0.0076376914744167
2025-12-03,BAJAJFINSV,-1,-1,0.53243047,0.46756953,0.53243047,-0.0096325588288056
2025-12-04,BAJAJFINSV,-1,-1,0.5890368,0.4109632,0.5890368,0.0015640035053152
2025-12-05,BAJAJFINSV,-1,-1,0.7115041,0.2884959,0.7115041,0.0230822027889838
2025-12-09,BAJAJFINSV,-1,-1,0.65212846,0.34787154,0.65212846,0.0050019663327318
2025-12-10,BAJAJFINSV,-1,-1,0.6393204,0.3606796,0.6393204,-0.0017878478723725
2025-12-11,BAJAJFINSV,-1,-1,0.6273532,0.37264684,0.6273532,0.0
2025-12-12,BAJAJFINSV,-1,-1,0.6881865,0.31181344,0.6881865,0.0083745030589668
2025-12-15,BAJAJFINSV,-1,-1,0.6221044,0.3778956,0.6221044,-0.0060487240485594
2025-12-17,BAJAJFINSV,1,-1,0.6040814,0.3959186,0.6040814,-0.006878930982648
2025-12-23,BAJAJFINSV,-1,1,0.39932728,0.6006727,0.6006727,-0.0010733111473215
2025-12-24,BAJAJFINSV,-1,1,0.4535588,0.5464412,0.5464412,-0.0058116939616866
2025-12-26,BAJAJFINSV,-1,-1,0.50253344,0.4974666,0.50253344,-0.0088912786855047
2025-12-29,BAJAJFINSV,-1,-1,0.51573145,0.48426855,0.51573145,-0.002726011135286
2025-12-30,BAJAJFINSV,-1,-1,0.5564859,0.4435141,0.5564859,0.0071070269875435
2025-12-31,BAJAJFINSV,-1,1,0.44273376,0.55726624,0.55726624,0.0066620607172087
2026-01-01,BAJAJFINSV,-1,1,0.49931568,0.5006843,0.5006843,-0.0014216502668533
2026-01-02,BAJAJFINSV,-1,1,0.4453246,0.5546754,0.5546754,0.0006872972086708
2026-01-05,BAJAJFINSV,-1,-1,0.52437407,0.47562593,0.52437407,0.0003924287422643
2026-01-06,BAJAJFINSV,-1,1,0.49085325,0.50914675,0.50914675,0.002648109328837
2026-01-07,BAJAJFINSV,-1,-1,0.5733826,0.42661735,0.5733826,-0.0062114601014976
2026-01-08,BAJAJFINSV,-1,1,0.44627696,0.55372304,0.55372304,-0.0113194545615661
2026-01-09,BAJAJFINSV,-1,1,0.4604084,0.5395916,0.5395916,-0.0082134500470288
2026-01-12,BAJAJFINSV,-1,-1,0.56200504,0.437995,0.56200504,0.0032623970690381
2026-01-13,BAJAJFINSV,-1,-1,0.63294446,0.36705554,0.63294446,0.0061533476449968
2026-01-14,BAJAJFINSV,-1,-1,0.556996,0.44300398,0.556996,-0.0051212843117915
2026-01-15,BAJAJFINSV,-1,1,0.4970613,0.5029387,0.5029387,0.0
2026-01-16,BAJAJFINSV,-1,-1,0.50138247,0.4986175,0.50138247,0.0007996279506299
2026-01-20,BAJAJFINSV,1,-1,0.5118052,0.4881948,0.5118052,-0.0292893726960574
2026-01-21,BAJAJFINSV,1,1,0.47906387,0.52093613,0.52093613,0.0006126886568151
2026-01-22,BAJAJFINSV,1,1,0.46906942,0.5309306,0.5309306,0.0169396146529465
2026-01-23,BAJAJFINSV,1,1,0.4625783,0.5374217,0.5374217,-0.0221263238804529
2026-01-27,BAJAJFINSV,1,1,0.30263907,0.69736093,0.69736093,-0.0160595427542971
2026-01-28,BAJAJFINSV,1,1,0.3572147,0.6427853,0.6427853,0.0117850019459193
2026-01-29,BAJAJFINSV,1,-1,0.51066643,0.48933357,0.51066643,0.0040199590586638
2026-01-30,BAJAJFINSV,1,-1,0.61172557,0.3882744,0.61172557,0.0023099430503541
2026-02-02,BAJAJFINSV,1,1,0.4406495,0.5593505,0.5593505,-0.0115230975526609
2026-02-03,BAJAJFINSV,1,-1,0.5011667,0.4988333,0.5011667,0.0427956979590458
2026-02-04,BAJAJFINSV,1,-1,0.50260866,0.4973913,0.50260866,0.0034282429480088
2026-02-05,BAJAJFINSV,1,1,0.49564463,0.5043554,0.5043554,-0.0096553774191557
2026-02-06,BAJAJFINSV,1,-1,0.5900396,0.4099604,0.5900396,0.0120493854707823
2026-02-09,BAJAJFINSV,1,-1,0.6015358,0.3984642,0.6015358,0.0001976209977827
2026-02-10,BAJAJFINSV,1,-1,0.7112062,0.28879377,0.7112062,0.0016299757324504
2026-02-11,BAJAJFINSV,1,-1,0.75892234,0.24107769,0.75892234,-0.0004438209000576
2026-02-13,BAJAJFINSV,-1,-1,0.6970541,0.3029459,0.6970541,-0.0068234375242502
2026-02-16,BAJAJFINSV,-1,-1,0.5364363,0.4635637,0.5364363,0.0136911584818053
2026-02-17,BAJAJFINSV,-1,-1,0.71631724,0.28368276,0.71631724,-0.0031692809201753
2026-02-18,BAJAJFINSV,-1,-1,0.6933484,0.30665156,0.6933484,0.0079241210373348
2026-02-19,BAJAJFINSV,-1,-1,0.62899196,0.37100804,0.62899196,-0.0132971683906742
2026-02-20,BAJAJFINSV,-1,-1,0.5431709,0.45682907,0.5431709,0.0124434632282688
2026-02-23,BAJAJFINSV,-1,-1,0.652783,0.34721702,0.652783,-0.0033519078667719
2026-02-24,BAJAJFINSV,-1,-1,0.6230217,0.37697825,0.6230217,-0.0040456465358951
2026-02-25,BAJAJFINSV,-1,-1,0.53177154,0.46822843,0.53177154,0.0029364262989379
2026-02-26,BAJAJFINSV,-1,-1,0.55955833,0.44044167,0.55955833,-0.0039037719266998
2026-02-27,BAJAJFINSV,-1,-1,0.6501397,0.34986028,0.6501397,-0.0234654500897901
2026-03-02,BAJAJFINSV,-1,1,0.4324395,0.5675605,0.5675605,-0.0258352560295256
2026-03-04,BAJAJFINSV,-1,-1,0.504272,0.495728,0.504272,-0.0270868607676179
2026-03-05,BAJAJFINSV,-1,-1,0.58547235,0.41452768,0.58547235,0.0119091724016817
2026-03-06,BAJAJFINSV,-1,-1,0.53555286,0.46444717,0.53555286,-0.0224395979278057
2026-03-09,BAJAJFINSV,-1,1,0.42061132,0.5793887,0.5793887,-0.0146610434245422
2026-03-10,BAJAJFINSV,-1,1,0.496019,0.503981,0.503981,0.0142818619756313
2026-03-11,BAJAJFINSV,-1,1,0.46312964,0.53687036,0.53687036,-0.0388157180130106
2026-03-12,BAJAJFINSV,-1,-1,0.52926177,0.47073823,0.52926177,-0.0136467439055617
2026-03-13,BAJAJFINSV,-1,1,0.4295473,0.5704527,0.5704527,-0.0185227286670967
2026-03-16,BAJAJFINSV,-1,1,0.3592419,0.6407581,0.6407581,0.0206559403993455
2026-03-17,BAJAJFINSV,-1,1,0.48017627,0.51982373,0.51982373,0.0004509424132155
2026-03-18,BAJAJFINSV,-1,1,0.4684757,0.5315243,0.5315243,0.0096354866325196
2026-03-19,BAJAJFINSV,-1,1,0.4705599,0.5294401,0.5294401,-0.042917748810397
2026-03-20,BAJAJFINSV,1,1,0.43706352,0.5629365,0.5629365,-0.0026823578753573
2026-03-23,BAJAJFINSV,1,1,0.41027105,0.58972895,0.58972895,-0.0203473354584592
2026-03-24,BAJAJFINSV,1,1,0.44684285,0.55315715,0.55315715,0.0172485970838929
2026-03-25,BAJAJFINSV,1,1,0.3770162,0.6229838,0.6229838,0.0245247161224269
2026-03-27,BAJAJFINSV,1,1,0.28600907,0.7139909,0.7139909,-0.0294926133547526
2026-03-30,BAJAJFINSV,1,1,0.38002008,0.6199799,0.6199799,-0.0371156571405192
2026-04-01,BAJAJFINSV,1,1,0.30644304,0.69355696,0.69355696,0.009314836816429
2026-04-02,BAJAJFINSV,1,1,0.4234287,0.5765713,0.5765713,-0.0038251662587279
2026-04-06,BAJAJFINSV,1,1,0.31622535,0.68377465,0.68377465,0.0192601320148022
2026-04-07,BAJAJFINSV,1,1,0.2839833,0.7160167,0.7160167,0.0072355290513903
2026-04-10,BAJAJFINSV,-1,1,0.1192233,0.8807767,0.8807767,0.0234768349529501
2026-04-15,BAJAJFINSV,-1,1,0.2330584,0.7669416,0.7669416,0.0209696353945603
2026-04-16,BAJAJFINSV,-1,1,0.29203832,0.7079617,0.7079617,0.0022455775420584
2025-01-01,BAJFINANCE,1,-1,0.51606846,0.4839315,0.51606846,0.0164591300265422
2025-01-02,BAJFINANCE,-1,-1,0.5918561,0.40814385,0.5918561,0.0654476817373279
2025-01-03,BAJFINANCE,-1,-1,0.5353532,0.46464685,0.5353532,0.0024426913736617
2025-01-06,BAJFINANCE,1,-1,0.6209942,0.3790058,0.6209942,-0.0078165346237745
2025-01-09,BAJFINANCE,1,-1,0.75100267,0.24899732,0.75100267,-0.0105975688269217
2025-01-10,BAJFINANCE,1,-1,0.7339772,0.26602277,0.7339772,0.0014565934969146
2025-01-13,BAJFINANCE,1,-1,0.6910831,0.30891696,0.6910831,-0.0188116920537605
2025-01-14,BAJFINANCE,1,-1,0.67971087,0.32028913,0.67971087,0.0257379061709777
2025-01-15,BAJFINANCE,1,-1,0.5764326,0.4235674,0.5764326,-0.0214859991205599
2025-01-16,BAJFINANCE,1,-1,0.6297989,0.37020108,0.6297989,0.0114734444188135
2025-01-17,BAJFINANCE,1,-1,0.5232911,0.4767089,0.5232911,-0.0106959141152973
2025-01-20,BAJFINANCE,1,-1,0.6140525,0.38594753,0.6140525,0.0359226502906502
2025-01-21,BAJFINANCE,1,-1,0.6730113,0.32698867,0.6730113,-0.0199526970631039
2025-01-22,BAJFINANCE,1,-1,0.66642284,0.33357713,0.66642284,0.0144685904386916
2025-01-23,BAJFINANCE,1,-1,0.69396865,0.30603132,0.69396865,0.0062321266473206
2025-01-24,BAJFINANCE,1,-1,0.6865301,0.3134699,0.6865301,-0.0006247404649729
2025-01-27,BAJFINANCE,1,-1,0.59037024,0.40962976,0.59037024,-0.0192442436884843
2025-01-28,BAJFINANCE,1,-1,0.58032346,0.4196765,0.58032346,0.042649888943717
2025-01-29,BAJFINANCE,1,-1,0.6354697,0.36453035,0.6354697,0.0201207405905141
2025-01-30,BAJFINANCE,1,1,0.4430681,0.5569319,0.5569319,0.0182997130927888
2025-01-31,BAJFINANCE,1,1,0.4017015,0.5982985,0.5982985,-0.0020944037652635
2025-02-01,BAJFINANCE,1,1,0.40264374,0.59735626,0.59735626,0.0145844290541827
2025-02-06,BAJFINANCE,-1,-1,0.53219396,0.46780604,0.53219396,-0.0002527355264888
2025-02-11,BAJFINANCE,1,1,0.4821723,0.5178277,0.5178277,-0.0115363845206575
2025-02-12,BAJFINANCE,1,1,0.48386407,0.51613593,0.51613593,0.0027895903775025
2025-02-13,BAJFINANCE,1,-1,0.5609342,0.4390658,0.5609342,0.0237337039050966
2025-02-14,BAJFINANCE,1,-1,0.5593686,0.44063142,0.5593686,-0.0019860052141218
2025-02-17,BAJFINANCE,1,-1,0.5937289,0.40627113,0.5937289,0.0040870447151317
2025-02-18,BAJFINANCE,-1,-1,0.5705671,0.42943293,0.5705671,0.0046638582216251
2025-02-27,BAJFINANCE,-1,-1,0.7205192,0.27948081,0.7205192,0.0255160403612708
2025-03-04,BAJFINANCE,1,-1,0.7113194,0.2886806,0.7113194,-0.004856369532794
2025-03-05,BAJFINANCE,1,-1,0.67102295,0.32897705,0.67102295,-0.0334557379863313
2025-03-06,BAJFINANCE,1,-1,0.732182,0.26781797,0.732182,0.0135141865287788
2025-03-07,BAJFINANCE,1,-1,0.79497325,0.20502673,0.79497325,-0.0007550475046158
2025-03-10,BAJFINANCE,1,-1,0.8063839,0.19361608,0.8063839,-0.0073651019773794
2025-03-11,BAJFINANCE,1,-1,0.79308,0.20692,0.79308,-0.0002577165722797
2025-03-12,BAJFINANCE,1,-1,0.81077826,0.18922172,0.81077826,0.0172652764595737
2025-03-13,BAJFINANCE,1,-1,0.7597106,0.24028938,0.7597106,-0.0075432445455244
2025-03-17,BAJFINANCE,1,1,0.49543977,0.50456023,0.50456023,0.0189895195682325
2025-03-18,BAJFINANCE,1,1,0.47585553,0.5241445,0.5241445,0.0
2025-03-19,BAJFINANCE,-1,-1,0.56749797,0.432502,0.56749797,0.0176274664625226
2025-03-21,BAJFINANCE,-1,1,0.4351837,0.5648163,0.5648163,0.0272418181787308
2025-03-24,BAJFINANCE,-1,1,0.46305996,0.53694004,0.53694004,0.0195096604337443
2025-03-25,BAJFINANCE,-1,1,0.4023791,0.5976209,0.5976209,-0.0025082755121116
2025-03-27,BAJFINANCE,1,1,0.4988107,0.5011893,0.5011893,0.0155424389965486
2025-03-28,BAJFINANCE,1,1,0.49509078,0.5049092,0.5049092,-0.006469487749463
2025-04-01,BAJFINANCE,1,-1,0.60164297,0.398357,0.60164297,-0.0276559636104187
2025-04-02,BAJFINANCE,1,-1,0.52233243,0.47766754,0.52233243,-0.0033282889949782
2025-04-03,BAJFINANCE,1,1,0.47866148,0.5213385,0.5213385,-0.0086109304135919
2025-04-04,BAJFINANCE,1,-1,0.5809156,0.4190844,0.5809156,0.0144567688143137
2025-04-07,BAJFINANCE,1,-1,0.5310841,0.46891588,0.5310841,-0.0173015981352587
2025-04-08,BAJFINANCE,1,-1,0.5403155,0.45968452,0.5403155,0.0296743298067436
2025-04-09,BAJFINANCE,1,-1,0.6897202,0.3102798,0.6897202,-0.0097990147385479
2025-04-11,BAJFINANCE,1,-1,0.61269397,0.38730603,0.61269397,0.0212115183452186
2025-04-15,BAJFINANCE,-1,-1,0.61148167,0.38851833,0.61148167,0.0246494504977836
2025-04-16,BAJFINANCE,-1,-1,0.59734964,0.40265036,0.59734964,-0.0092440137461329
2025-04-17,BAJFINANCE,-1,-1,0.61013186,0.3898681,0.61013186,0.01170420934236
2025-04-21,BAJFINANCE,-1,-1,0.5898021,0.4101979,0.5898021,0.0121145912569604
2025-04-22,BAJFINANCE,-1,-1,0.5036207,0.49637932,0.5036207,-0.0014018056591943
2025-04-23,BAJFINANCE,-1,-1,0.522455,0.47754505,0.522455,0.0067490282741518
2025-04-24,BAJFINANCE,-1,-1,0.59205675,0.40794328,0.59205675,-0.0023597062326137
2025-04-25,BAJFINANCE,-1,-1,0.5383581,0.46164188,0.5383581,-0.020320358046296
2025-04-30,BAJFINANCE,1,-1,0.5702902,0.4297098,0.5702902,-0.0504233684327544
2025-05-02,BAJFINANCE,1,-1,0.5224737,0.47752634,0.5224737,0.0271004824463827
2025-05-05,BAJFINANCE,1,-1,0.5858166,0.4141834,0.5858166,0.0071602871288849
2025-05-06,BAJFINANCE,1,-1,0.6121161,0.38788393,0.6121161,-0.0150582597078485
2025-05-07,BAJFINANCE,1,1,0.49005544,0.50994456,0.50994456,0.0214834054882404
2025-05-08,BAJFINANCE,1,1,0.42858684,0.57141316,0.57141316,-0.0171368672363124
2025-05-09,BAJFINANCE,1,1,0.4202183,0.5797817,0.5797817,-0.020350329057952
2025-05-12,BAJFINANCE,1,1,0.42948622,0.5705138,0.5705138,0.0436870561218543
2025-05-13,BAJFINANCE,1,1,0.38305134,0.61694866,0.61694866,0.0026057999739277
2025-05-14,BAJFINANCE,1,-1,0.5783742,0.4216258,0.5783742,0.0043131958616327
2025-05-19,BAJFINANCE,-1,-1,0.5365993,0.46340072,0.5365993,0.0096541789539099
2025-05-21,BAJFINANCE,-1,1,0.49830502,0.501695,0.501695,0.013052080857216
2025-05-22,BAJFINANCE,-1,1,0.46821654,0.53178346,0.53178346,-0.0063604105981505
2025-05-23,BAJFINANCE,1,1,0.4535764,0.5464236,0.5464236,0.011434490577185
2025-05-26,BAJFINANCE,1,-1,0.5676292,0.43237075,0.5676292,0.0028128035606862
2025-05-27,BAJFINANCE,1,1,0.45030814,0.54969186,0.54969186,-0.0106262536764253
2025-05-28,BAJFINANCE,1,1,0.4684416,0.5315584,0.5315584,0.010522314026375
2025-05-29,BAJFINANCE,1,-1,0.5460955,0.45390454,0.5460955,-0.0068518990939552
2025-05-30,BAJFINANCE,1,1,0.3938905,0.6061095,0.6061095,0.0022379779399221
2025-06-02,BAJFINANCE,1,-1,0.5261676,0.47383243,0.5261676,-0.0067534581879755
2025-06-03,BAJFINANCE,1,1,0.45654124,0.54345876,0.54345876,-0.0152985157047473
2025-06-04,BAJFINANCE,1,1,0.3994276,0.6005724,0.6005724,0.0008909541944726
2025-06-05,BAJFINANCE,1,1,0.43705976,0.56294024,0.56294024,-0.0058973937031034
2025-06-06,BAJFINANCE,-1,-1,0.64512444,0.35487553,0.64512444,0.0489702247643137
2025-06-09,BAJFINANCE,-1,-1,0.57570195,0.42429802,0.57570195,0.0251827081802542
2025-06-10,BAJFINANCE,-1,-1,0.5631013,0.43689874,0.5631013,-0.0114493884985688
2025-06-11,BAJFINANCE,-1,-1,0.558552,0.441448,0.558552,-0.0076335877862595
2025-06-12,BAJFINANCE,1,-1,0.6122272,0.3877728,0.6122272,-0.0059947208637267
2025-06-13,BAJFINANCE,1,-1,0.52193874,0.47806126,0.52193874,-0.0040027753618231
2025-06-17,BAJFINANCE,1,1,0.41479093,0.5852091,0.5852091,-0.0159914712153518
2025-06-19,BAJFINANCE,1,1,0.41365844,0.58634156,0.58634156,-0.0201305767138193
2025-06-20,BAJFINANCE,1,1,0.40100044,0.59899956,0.59899956,0.0049972237645752
2025-06-23,BAJFINANCE,1,-1,0.5623136,0.43768638,0.5623136,0.0116022099447514
2025-06-24,BAJFINANCE,1,-1,0.5017185,0.49828145,0.5017185,0.0010922992900055
2025-06-25,BAJFINANCE,1,-1,0.52500737,0.47499266,0.52500737,0.0125477359519912
2025-06-27,BAJFINANCE,-1,-1,0.6181404,0.3818596,0.6181404,-0.0047293746715711
2025-06-30,BAJFINANCE,-1,-1,0.55363226,0.4463677,0.55363226,-0.0110876451953537
2025-07-01,BAJFINANCE,-1,-1,0.6119157,0.38808426,0.6119157,0.0001601969183795
2025-07-03,BAJFINANCE,1,1,0.4739592,0.5260408,0.5260408,-0.0139219670486863
2025-07-04,BAJFINANCE,1,1,0.43833214,0.56166786,0.56166786,0.0166455671840028
2025-07-07,BAJFINANCE,1,1,0.47261083,0.52738917,0.52738917,-0.0007024353047453
2025-07-08,BAJFINANCE,1,-1,0.514555,0.48544505,0.514555,0.0032444707952081
2025-07-09,BAJFINANCE,1,-1,0.59681034,0.40318963,0.59681034,0.0139599534641898
2025-07-10,BAJFINANCE,1,-1,0.53931487,0.46068513,0.53931487,0.0074952679259141
2025-07-11,BAJFINANCE,-1,-1,0.5043973,0.49560276,0.5043973,-0.0149316984641155
2025-07-14,BAJFINANCE,-1,1,0.3895216,0.6104784,0.6104784,-0.0156936522914434
2025-07-15,BAJFINANCE,-1,1,0.43970007,0.56029993,0.56029993,0.0103934799824476
2025-07-16,BAJFINANCE,-1,-1,0.5019438,0.49805614,0.5019438,-0.0071628869444068
2025-07-17,BAJFINANCE,-1,1,0.48295957,0.51704043,0.51704043,0.0016815707002644
2025-07-18,BAJFINANCE,-1,1,0.46770197,0.532298,0.532298,0.020253452241163
2025-07-21,BAJFINANCE,-1,-1,0.5398659,0.4601341,0.5398659,0.0068471467165935
2025-07-22,BAJFINANCE,-1,-1,0.61823833,0.38176164,0.61823833,0.0043228167359046
2025-07-23,BAJFINANCE,-1,-1,0.62376803,0.37623197,0.62376803,0.0165345653265844
2025-07-24,BAJFINANCE,-1,-1,0.63963664,0.36036333,0.63963664,-0.0096560732250433
2025-07-25,BAJFINANCE,-1,-1,0.5980246,0.40197542,0.5980246,-0.0471348992456895
2025-07-29,BAJFINANCE,-1,1,0.24270189,0.7572981,0.7572981,0.0068710821044506
2025-07-30,BAJFINANCE,-1,1,0.2948892,0.7051108,0.7051108,-0.00191755933725
2025-07-31,BAJFINANCE,-1,1,0.3550133,0.6449867,0.6449867,-0.0041249516636865
2025-08-01,BAJFINANCE,1,1,0.3421542,0.6578458,0.6578458,-0.0063550119649544
2025-08-04,BAJFINANCE,1,1,0.38450575,0.61549425,0.61549425,0.0110781321122583
2025-08-06,BAJFINANCE,1,1,0.3313107,0.6686893,0.6686893,-0.0170983289410924
2025-08-07,BAJFINANCE,1,1,0.33420575,0.66579425,0.66579425,0.0027946741614619
2025-08-08,BAJFINANCE,1,1,0.34169596,0.65830404,0.65830404,-0.0022181222000094
2025-08-12,BAJFINANCE,1,1,0.19479007,0.80520993,0.80520993,-0.0282524357915779
2025-08-13,BAJFINANCE,1,1,0.23749745,0.76250255,0.76250255,0.0082063305978898
2025-08-14,BAJFINANCE,1,1,0.24093062,0.7590694,0.7590694,0.0016860607058502
2025-08-18,BAJFINANCE,-1,1,0.3577941,0.6422059,0.6422059,0.0507864639619803
2025-08-20,BAJFINANCE,1,1,0.42211932,0.5778807,0.5778807,-0.0160700434402831
2025-08-21,BAJFINANCE,1,1,0.45721304,0.54278696,0.54278696,0.0087857489301832
2025-08-22,BAJFINANCE,1,1,0.49537545,0.50462455,0.50462455,-0.0012281996604766
2025-08-25,BAJFINANCE,1,1,0.4275537,0.5724463,0.5724463,0.007043027158154
2025-08-26,BAJFINANCE,1,1,0.35167307,0.64832693,0.64832693,-0.0272535392158675
2025-08-28,BAJFINANCE,1,1,0.2709722,0.7290278,0.7290278,0.0006847082293153
2025-08-29,BAJFINANCE,1,1,0.26124913,0.7387509,0.7387509,0.0011404459461059
2025-09-01,BAJFINANCE,1,1,0.28478175,0.71521825,0.71521825,0.0131001883235504
2025-09-02,BAJFINANCE,1,1,0.34102374,0.65897626,0.65897626,0.0008433125547744
2025-09-03,BAJFINANCE,1,1,0.33431423,0.6656858,0.6656858,0.0069655233985934
2025-09-04,BAJFINANCE,1,1,0.4743238,0.5256762,0.5256762,0.0428985972673165
2025-09-05,BAJFINANCE,1,1,0.4314844,0.5685156,0.5685156,0.0030489174495185
2025-09-08,BAJFINANCE,1,-1,0.54856205,0.45143798,0.54856205,0.0071459176423764
2025-09-09,BAJFINANCE,1,-1,0.52325046,0.4767495,0.52325046,0.0043418793541196
2025-09-10,BAJFINANCE,1,-1,0.5504986,0.44950143,0.5504986,0.0206136517183739
2025-09-11,BAJFINANCE,1,-1,0.5109024,0.48909757,0.5109024,0.0023761431519842
2025-09-12,BAJFINANCE,-1,-1,0.52075344,0.47924656,0.52075344,0.0340118526153052
2025-09-15,BAJFINANCE,-1,-1,0.65505385,0.34494618,0.65505385,0.0065785951516945
2025-09-17,BAJFINANCE,-1,-1,0.64746344,0.35253653,0.64746344,0.0042362322452031
2025-09-19,BAJFINANCE,1,-1,0.6592183,0.34078166,0.6592183,-0.0040642125368477
2025-09-22,BAJFINANCE,1,-1,0.73011076,0.2698892,0.73011076,0.0141568720037839
2025-09-25,BAJFINANCE,1,-1,0.6531174,0.3468826,0.6531174,-0.0165088613741198
2025-09-26,BAJFINANCE,1,-1,0.6297164,0.3702836,0.6297164,-0.0273019248719451
2025-09-29,BAJFINANCE,1,-1,0.60711944,0.39288056,0.60711944,0.0059385207248778
2025-09-30,BAJFINANCE,1,-1,0.65907174,0.34092826,0.65907174,0.0080226167910579
2025-10-01,BAJFINANCE,1,-1,0.6082592,0.39174083,0.6082592,-0.011212345513357
2025-10-03,BAJFINANCE,1,-1,0.6293379,0.3706621,0.6293379,0.0020755166220844
2025-10-06,BAJFINANCE,1,-1,0.7126402,0.28735977,0.7126402,0.0193483449497979
2025-10-07,BAJFINANCE,1,-1,0.75164634,0.24835366,0.75164634,0.0075824791295342
2025-10-08,BAJFINANCE,1,-1,0.82869196,0.17130806,0.82869196,0.0064925844280645
2025-10-09,BAJFINANCE,1,-1,0.83947146,0.16052856,0.83947146,0.0009284573612935
2025-10-10,BAJFINANCE,1,-1,0.8338881,0.16611187,0.8338881,-0.0002441167912897
2025-10-13,BAJFINANCE,1,-1,0.83147043,0.16852956,0.83147043,0.0125995260259492
2025-10-14,BAJFINANCE,1,-1,0.8119991,0.18800092,0.8119991,-0.0169761037723052
2025-10-16,BAJFINANCE,-1,-1,0.85838455,0.14161544,0.85838455,0.0055193654601257
2025-10-17,BAJFINANCE,-1,-1,0.85737497,0.14262503,0.85737497,0.0040816097451912
2025-10-20,BAJFINANCE,-1,-1,0.789411,0.21058898,0.789411,0.0101859869757441
2025-10-21,BAJFINANCE,-1,-1,0.8428714,0.15712854,0.8428714,0.0050878815911192
2025-10-23,BAJFINANCE,-1,-1,0.68330383,0.31669614,0.68330383,0.0070409796723998
2025-10-27,BAJFINANCE,-1,1,0.4118474,0.5881526,0.5881526,-0.0049093604826221
2025-10-28,BAJFINANCE,-1,1,0.4019311,0.5980689,0.5980689,-0.010743290438745
2025-10-29,BAJFINANCE,-1,1,0.3990699,0.6009301,0.6009301,-0.009135445190515
2025-10-30,BAJFINANCE,-1,1,0.4184329,0.5815671,0.5815671,-0.0100191945368723
2025-10-31,BAJFINANCE,-1,1,0.41396493,0.5860351,0.5860351,-0.0090278433518837
2025-11-03,BAJFINANCE,-1,1,0.35699803,0.643002,0.643002,0.0002876167469971
2025-11-04,BAJFINANCE,-1,-1,0.5683255,0.4316745,0.5683255,0.0133256876036782
2025-11-06,BAJFINANCE,-1,-1,0.54318506,0.45681494,0.54318506,-0.0142856911882095
2025-11-07,BAJFINANCE,-1,-1,0.6426572,0.35734278,0.6426572,0.0237066422815044
2025-11-10,BAJFINANCE,-1,-1,0.6318134,0.36818662,0.6318134,0.0172511014768723
2025-11-11,BAJFINANCE,-1,-1,0.7257414,0.27425864,0.7257414,-0.0735483758460541
2025-11-13,BAJFINANCE,1,-1,0.7622595,0.23774053,0.7622595,-0.0076983692252216
2025-11-14,BAJFINANCE,1,-1,0.6576509,0.3423491,0.6576509,0.0130296153449687
2025-11-18,BAJFINANCE,1,-1,0.6591878,0.34081224,0.6591878,-0.0128555440343547
2025-11-19,BAJFINANCE,1,1,0.47766936,0.52233064,0.52233064,-0.0078926600164679
2025-11-21,BAJFINANCE,1,-1,0.5047616,0.49523842,0.5047616,-0.0238187833769329
2025-11-24,BAJFINANCE,1,-1,0.5461856,0.45381436,0.5461856,-0.0100587350179385
2025-11-25,BAJFINANCE,1,1,0.46830106,0.53169894,0.53169894,-0.0078470702142542
2025-11-27,BAJFINANCE,-1,1,0.42887682,0.5711232,0.5711232,0.0228554826774474
2025-11-28,BAJFINANCE,-1,1,0.36382872,0.6361713,0.6361713,0.0035789814249564
2025-12-02,BAJFINANCE,-1,-1,0.6554472,0.34455281,0.6554472,0.0043091024574137
2025-12-03,BAJFINANCE,-1,-1,0.6397242,0.3602758,0.6397242,-0.0039980259248537
2025-12-04,BAJFINANCE,-1,-1,0.6837394,0.31626055,0.6837394,0.0075386244251287
2025-12-05,BAJFINANCE,-1,-1,0.759959,0.24004102,0.759959,0.0183655863010796
2025-12-08,BAJFINANCE,-1,-1,0.727255,0.272745,0.727255,-0.0206106637270395
2025-12-12,BAJFINANCE,-1,-1,0.7736286,0.22637138,0.7736286,0.0108306469738534
2025-12-15,BAJFINANCE,-1,-1,0.68131983,0.31868017,0.68131983,-0.004521749376914
2025-12-16,BAJFINANCE,-1,-1,0.61884946,0.38115054,0.61884946,-0.0141206552983089
2025-12-17,BAJFINANCE,-1,-1,0.5863943,0.41360566,0.5863943,0.0012018741411581
2025-12-18,BAJFINANCE,-1,-1,0.6310059,0.3689941,0.6310059,0.0007002923410646
2025-12-19,BAJFINANCE,-1,-1,0.6059675,0.39403245,0.6059675,0.0079976008173816
2025-12-22,BAJFINANCE,-1,1,0.45661235,0.54338765,0.54338765,-0.0004958841674633
2025-12-23,BAJFINANCE,-1,1,0.48667896,0.51332104,0.51332104,0.0035721737097631
2025-12-24,BAJFINANCE,-1,1,0.43796253,0.56203747,0.56203747,0.0002966064719471
2025-12-26,BAJFINANCE,-1,1,0.44751763,0.55248237,0.55248237,-0.0115647050171597
2025-12-29,BAJFINANCE,-1,-1,0.5857991,0.41420087,0.5857991,-0.002
2025-12-30,BAJFINANCE,-1,-1,0.5471286,0.45287138,0.5471286,-0.0087174471012336
2025-12-31,BAJFINANCE,-1,1,0.47789454,0.52210546,0.52210546,-0.0025270393519131
2026-01-01,BAJFINANCE,-1,1,0.4190725,0.5809275,0.5809275,-0.0138832715611114
2026-01-02,BAJFINANCE,-1,-1,0.5124637,0.48753634,0.5124637,0.0178296547696927
2026-01-05,BAJFINANCE,-1,-1,0.5907326,0.40926746,0.5907326,-0.0118128245371615
2026-01-06,BAJFINANCE,-1,-1,0.61062646,0.38937357,0.61062646,-0.0014304208572797
2026-01-07,BAJFINANCE,-1,-1,0.56140924,0.43859076,0.56140924,-0.0087481332240714
2026-01-08,BAJFINANCE,-1,1,0.43238592,0.5676141,0.5676141,0.0032514703279864
2026-01-09,BAJFINANCE,-1,1,0.41471505,0.58528495,0.58528495,-0.0127064524574161
2026-01-12,BAJFINANCE,-1,1,0.4683473,0.5316527,0.5316527,-0.0080241260606257
2026-01-13,BAJFINANCE,-1,-1,0.55402255,0.44597748,0.55402255,-0.0030465640715238
2026-01-14,BAJFINANCE,-1,-1,0.58576703,0.41423297,0.58576703,-0.0032138965152462
2026-01-15,BAJFINANCE,-1,1,0.48247093,0.5175291,0.5175291,0.0
2026-01-16,BAJFINANCE,-1,1,0.46025884,0.53974116,0.53974116,0.0045456818409845
2026-01-19,BAJFINANCE,-1,-1,0.6056129,0.3943871,0.6056129,0.0202052220016113
2026-01-20,BAJFINANCE,1,1,0.4624926,0.5375074,0.5375074,-0.0373923353897061
2026-01-21,BAJFINANCE,1,1,0.45286065,0.54713935,0.54713935,0.0032683109227094
2026-01-22,BAJFINANCE,1,1,0.3386984,0.6613016,0.6613016,0.0070493731224967
2026-01-23,BAJFINANCE,1,1,0.3817044,0.6182956,0.6182956,-0.0159092118453714
2026-01-27,BAJFINANCE,1,1,0.21664208,0.7833579,0.7833579,-0.0141725103464082
2026-01-28,BAJFINANCE,1,1,0.35783458,0.6421654,0.6421654,0.022357070005595
2026-01-29,BAJFINANCE,1,-1,0.50777733,0.49222264,0.50777733,0.0
2026-01-30,BAJFINANCE,1,-1,0.5384279,0.4615721,0.5384279,-0.0056675920331027
2026-02-02,BAJFINANCE,1,1,0.35272074,0.64727926,0.64727926,-0.0281227768623945
2026-02-03,BAJFINANCE,1,1,0.3904053,0.6095947,0.6095947,0.0671683206673734
2026-02-04,BAJFINANCE,1,1,0.48475546,0.51524454,0.51524454,-0.0011406435019141
2026-02-05,BAJFINANCE,1,1,0.41903472,0.5809653,0.5809653,0.0015052550871026
2026-02-06,BAJFINANCE,1,-1,0.554765,0.44523498,0.554765,0.0175693311293405
2026-02-09,BAJFINANCE,1,-1,0.66199833,0.33800167,0.66199833,0.0014770420586747
2026-02-10,BAJFINANCE,1,-1,0.64788425,0.35211572,0.64788425,-0.0178508349614133
2026-02-11,BAJFINANCE,1,-1,0.7108751,0.2891249,0.7108751,0.0034693834981311
2026-02-12,BAJFINANCE,1,-1,0.5518055,0.44819453,0.5518055,0.0311161184778068
2026-02-13,BAJFINANCE,-1,-1,0.6174166,0.3825834,0.6174166,0.0256731308586206
2026-02-16,BAJFINANCE,-1,1,0.46477306,0.53522694,0.53522694,-0.0117101732129787
2026-02-17,BAJFINANCE,-1,-1,0.66394126,0.3360587,0.66394126,0.0013823988289929
2026-02-18,BAJFINANCE,-1,-1,0.67206216,0.32793787,0.67206216,0.0095153213495031
2026-02-19,BAJFINANCE,-1,-1,0.6109785,0.38902152,0.6109785,-0.0065930846654443
2026-02-20,BAJFINANCE,-1,-1,0.5479176,0.45208243,0.5479176,0.0129295153008577
2026-02-23,BAJFINANCE,-1,-1,0.6327547,0.3672453,0.6327547,0.000776595676611
2026-02-24,BAJFINANCE,-1,-1,0.60775363,0.39224637,0.60775363,-0.0072260060203989
2026-02-25,BAJFINANCE,-1,-1,0.5148225,0.4851775,0.5148225,-0.0024424796344246
2026-02-26,BAJFINANCE,-1,-1,0.5699646,0.4300354,0.5699646,-0.0079329863207244
2026-02-27,BAJFINANCE,-1,-1,0.5395874,0.4604126,0.5395874,-0.016832013018905
2026-03-02,BAJFINANCE,-1,1,0.38944054,0.61055946,0.61055946,-0.0177226869980717
2026-03-04,BAJFINANCE,-1,1,0.38099003,0.61901,0.61901,-0.0338870681462433
2026-03-05,BAJFINANCE,-1,-1,0.53710663,0.4628934,0.53710663,0.0183049934134211
2026-03-06,BAJFINANCE,-1,1,0.4990766,0.5009234,0.5009234,-0.0126766540913784
2026-03-09,BAJFINANCE,-1,1,0.3394667,0.6605333,0.6605333,-0.0127868072594964
2026-03-10,BAJFINANCE,-1,1,0.4424404,0.5575596,0.5575596,0.0018655722219211
2026-03-11,BAJFINANCE,-1,1,0.41122824,0.58877176,0.58877176,-0.0491061544779172
2026-03-12,BAJFINANCE,-1,1,0.48205078,0.5179492,0.5179492,-0.0341856968539285
2026-03-13,BAJFINANCE,-1,1,0.4501583,0.5498417,0.5498417,-0.0093268312138508
2026-03-16,BAJFINANCE,-1,1,0.35401744,0.64598256,0.64598256,0.0270160071935898
2026-03-17,BAJFINANCE,-1,1,0.48309165,0.51690835,0.51690835,-0.0108751905285172
2026-03-18,BAJFINANCE,-1,1,0.47838384,0.52161616,0.52161616,0.0132396964347625
2026-03-19,BAJFINANCE,1,1,0.41373354,0.58626646,0.58626646,-0.0544255933503647
2026-03-20,BAJFINANCE,1,1,0.42137003,0.57863,0.57863,-0.001982725774885
2026-03-23,BAJFINANCE,1,1,0.36426646,0.63573354,0.63573354,-0.0216121997120607
2026-03-24,BAJFINANCE,1,1,0.36709625,0.63290375,0.63290375,0.0447945182225923
2026-03-25,BAJFINANCE,1,1,0.33737808,0.6626219,0.6626219,0.0397526501766785
2026-03-27,BAJFINANCE,1,1,0.27781618,0.7221838,0.7221838,-0.0441234915967502
2026-03-30,BAJFINANCE,1,1,0.3691035,0.6308965,0.6308965,-0.0500711076217345
2026-04-01,BAJFINANCE,1,1,0.29242134,0.70757866,0.70757866,0.0196494295301119
2026-04-02,BAJFINANCE,1,1,0.4342425,0.5657575,0.5657575,0.0116848010958099
2026-04-06,BAJFINANCE,1,1,0.31643373,0.6835663,0.6835663,0.0290258217435306
2026-04-07,BAJFINANCE,1,1,0.28462607,0.71537393,0.71537393,0.0049950051383302
2026-04-09,BAJFINANCE,1,1,0.46419603,0.535804,0.535804,-0.012895457024626
2026-04-13,BAJFINANCE,1,1,0.20819628,0.7918037,0.7918037,-0.0276891200302195
2026-04-15,BAJFINANCE,1,1,0.24389154,0.75610846,0.75610846,0.0157962200502879
2026-04-16,BAJFINANCE,1,1,0.23222172,0.7677783,0.7677783,-0.0079395496973808
2025-01-02,BHARTIARTL,1,1,0.32595164,0.67404836,0.67404836,0.0087735659847574
2025-01-03,BHARTIARTL,1,1,0.34889984,0.65110016,0.65110016,-0.0067403631182709
2025-01-06,BHARTIARTL,1,1,0.4261245,0.5738755,0.5738755,-0.0065047161135747
2025-01-07,BHARTIARTL,1,1,0.42526215,0.57473785,0.57473785,0.0015109223771183
2025-01-08,BHARTIARTL,1,1,0.43197215,0.56802785,0.56802785,0.0052487589558749
2025-01-09,BHARTIARTL,1,1,0.42250007,0.5774999,0.5774999,0.0049087771783848
2025-01-10,BHARTIARTL,1,1,0.40503305,0.59496695,0.59496695,0.0055069739454673
2025-01-14,BHARTIARTL,1,1,0.36928326,0.63071674,0.63071674,0.0018156896237344
2025-01-16,BHARTIARTL,1,1,0.4381398,0.5618602,0.5618602,0.0141528584986758
2025-01-20,BHARTIARTL,-1,1,0.4067436,0.5932564,0.5932564,0.0083871163896751
2025-01-21,BHARTIARTL,1,1,0.4653809,0.5346191,0.5346191,-0.0091399131767875
2025-01-22,BHARTIARTL,1,1,0.45968485,0.54031515,0.54031515,0.0034436509209498
2025-01-23,BHARTIARTL,1,1,0.4585694,0.5414306,0.5414306,0.0026046143646201
2025-01-24,BHARTIARTL,-1,1,0.42616743,0.5738326,0.5738326,0.0053789778512542
2025-01-27,BHARTIARTL,1,1,0.40247643,0.59752357,0.59752357,-0.0256566645161198
2025-01-28,BHARTIARTL,1,1,0.47800577,0.52199423,0.52199423,0.0098277558178188
2025-01-29,BHARTIARTL,1,1,0.4634114,0.5365886,0.5365886,-0.011060641439775
2025-01-30,BHARTIARTL,1,1,0.49721515,0.50278485,0.50278485,0.0251804523069154
2025-01-31,BHARTIARTL,1,1,0.4877512,0.5122488,0.5122488,-0.0088069475505248
2025-02-01,BHARTIARTL,1,-1,0.51977235,0.48022765,0.51977235,-0.001875388324894
2025-02-03,BHARTIARTL,1,-1,0.56711364,0.43288633,0.56711364,0.0179269347550115
2025-02-05,BHARTIARTL,-1,-1,0.5428852,0.45711485,0.5428852,-0.0006018777340651
2025-02-06,BHARTIARTL,1,-1,0.5456847,0.45431527,0.5456847,-0.0245114137270143
2025-02-07,BHARTIARTL,-1,-1,0.50770366,0.4922963,0.50770366,0.0351906347784904
2025-02-10,BHARTIARTL,-1,-1,0.54976785,0.45023218,0.54976785,0.0097212190493696
2025-02-11,BHARTIARTL,-1,-1,0.5439578,0.4560422,0.5439578,0.0021853970488161
2025-02-12,BHARTIARTL,-1,-1,0.5798045,0.42019552,0.5798045,0.0087225985577028
2025-02-13,BHARTIARTL,-1,-1,0.6473876,0.35261238,0.6473876,0.0017819057279311
2025-02-14,BHARTIARTL,-1,-1,0.5715562,0.42844382,0.5715562,0.0014289762205579
2025-02-17,BHARTIARTL,-1,-1,0.6170205,0.38297954,0.6170205,-0.0241693978361022
2025-02-18,BHARTIARTL,-1,-1,0.6484988,0.35150126,0.6484988,-0.0039688346752071
2025-02-19,BHARTIARTL,-1,-1,0.6751743,0.3248257,0.6751743,-0.014200986953879
2025-02-24,BHARTIARTL,1,1,0.4832614,0.5167386,0.5167386,-0.0231508333005441
2025-02-27,BHARTIARTL,-1,-1,0.556815,0.44318494,0.556815,0.0054831426565731
2025-02-28,BHARTIARTL,1,1,0.36415875,0.63584125,0.63584125,-0.0485943155677048
2025-03-03,BHARTIARTL,1,1,0.34707004,0.65292996,0.65292996,0.016303691720791
2025-03-04,BHARTIARTL,1,1,0.42219716,0.57780284,0.57780284,-0.0128149265223191
2025-03-05,BHARTIARTL,1,1,0.4613266,0.5386734,0.5386734,0.0272320293164507
2025-03-06,BHARTIARTL,1,1,0.46009517,0.53990483,0.53990483,0.0053453319964298
2025-03-07,BHARTIARTL,1,-1,0.56435156,0.4356484,0.56435156,0.0023356912938055
2025-03-10,BHARTIARTL,1,-1,0.6247703,0.3752297,0.6247703,0.0001533068190284
2025-03-11,BHARTIARTL,1,-1,0.65090775,0.34909222,0.65090775,0.0196204158589292
2025-03-12,BHARTIARTL,1,-1,0.60519326,0.3948067,0.60519326,-0.012086948694976
2025-03-13,BHARTIARTL,1,-1,0.5066684,0.4933316,0.5066684,-0.0063000078671426
2025-03-17,BHARTIARTL,1,1,0.31062508,0.6893749,0.6893749,0.0040735706800629
2025-03-18,BHARTIARTL,1,1,0.3199886,0.6800114,0.6800114,0.0
2025-03-19,BHARTIARTL,1,1,0.38273543,0.61726457,0.61726457,-0.0012202070920247
2025-03-20,BHARTIARTL,1,1,0.40016907,0.5998309,0.5998309,0.0415966716046345
2025-03-21,BHARTIARTL,-1,1,0.37257934,0.62742066,0.62742066,0.0120510975022869
2025-03-26,BHARTIARTL,1,1,0.37383848,0.6261615,0.6261615,0.0046519151166328
2025-03-27,BHARTIARTL,1,1,0.38815284,0.61184716,0.61184716,-0.0079665106357731
2025-03-28,BHARTIARTL,1,1,0.37662935,0.62337065,0.62337065,0.0050444609989745
2025-04-01,BHARTIARTL,1,1,0.40155023,0.59844977,0.59844977,-0.0053363491313591
2025-04-02,BHARTIARTL,1,1,0.35491884,0.64508116,0.64508116,0.0176608513701477
2025-04-03,BHARTIARTL,1,1,0.36816597,0.63183403,0.63183403,-0.0049013937126035
2025-04-04,BHARTIARTL,1,1,0.40302175,0.59697825,0.59697825,-0.0014605224661869
2025-04-07,BHARTIARTL,1,1,0.34446257,0.6555374,0.6555374,-0.0325790160120074
2025-04-08,BHARTIARTL,1,1,0.4200589,0.5799411,0.5799411,0.0200100186199789
2025-04-09,BHARTIARTL,1,-1,0.61779165,0.38220835,0.61779165,-0.0028190542913896
2025-04-11,BHARTIARTL,1,-1,0.5810356,0.4189644,0.5810356,0.0239281403132549
2025-04-15,BHARTIARTL,1,-1,0.60450536,0.39549464,0.60450536,0.0240237296318732
2025-04-16,BHARTIARTL,1,-1,0.62050253,0.37949747,0.62050253,0.0132309611278589
2025-04-17,BHARTIARTL,-1,-1,0.60083133,0.39916867,0.60083133,0.0364863698502744
2025-04-21,BHARTIARTL,1,1,0.44501543,0.55498457,0.55498457,-0.0030172918771013
2025-04-22,BHARTIARTL,1,1,0.3954321,0.6045679,0.6045679,-0.0165658240081187
2025-04-25,BHARTIARTL,1,1,0.47983938,0.5201606,0.5201606,-0.0153879521466461
2025-05-02,BHARTIARTL,-1,1,0.4441055,0.5558945,0.5558945,-0.0087423189555086
2025-05-05,BHARTIARTL,-1,1,0.38364214,0.61635786,0.61635786,0.0096310132893717
2025-05-06,BHARTIARTL,-1,1,0.4401884,0.5598116,0.5598116,0.0187567036994527
2025-05-07,BHARTIARTL,-1,1,0.4035347,0.5964653,0.5964653,-0.0022093536968649
2025-05-08,BHARTIARTL,-1,1,0.35645312,0.6435469,0.6435469,-0.0115457980467187
2025-05-09,BHARTIARTL,-1,1,0.35920417,0.6407958,0.6407958,-0.0141340733269064
2025-05-12,BHARTIARTL,-1,1,0.32169223,0.6783078,0.6783078,0.0121186242704385
2025-05-13,BHARTIARTL,1,1,0.28630263,0.7136974,0.7136974,-0.0268335055429023
2025-05-14,BHARTIARTL,1,1,0.3600961,0.6399039,0.6399039,0.0074700964240652
2025-05-16,BHARTIARTL,1,1,0.36418527,0.6358147,0.6358147,-0.0284918448380702
2025-05-19,BHARTIARTL,1,1,0.3589868,0.6410132,0.6410132,0.0023704820362395
2025-05-20,BHARTIARTL,1,1,0.33325398,0.666746,0.666746,-0.0051696379256434
2025-05-21,BHARTIARTL,1,1,0.32487512,0.6751249,0.6751249,0.0075183447080107
2025-05-22,BHARTIARTL,1,1,0.21966314,0.78033686,0.78033686,0.0048834463427407
2025-05-23,BHARTIARTL,1,1,0.21391463,0.78608537,0.78608537,0.0001637267653
2025-05-26,BHARTIARTL,1,1,0.31082845,0.68917155,0.68917155,0.0085713327629819
2025-05-27,BHARTIARTL,1,1,0.2165721,0.7834279,0.7834279,-0.0019486379389932
2025-05-29,BHARTIARTL,-1,1,0.31123114,0.68876886,0.68876886,0.0040407554530237
2025-05-30,BHARTIARTL,-1,1,0.25968677,0.74031323,0.74031323,-0.0039708608470174
2025-06-03,BHARTIARTL,1,1,0.27743888,0.7225611,0.7225611,-0.0069036012609289
2025-06-06,BHARTIARTL,1,-1,0.51021564,0.4897844,0.51021564,-0.0045773821098241
2025-06-09,BHARTIARTL,1,1,0.4081533,0.5918467,0.5918467,-0.0027269925266859
2025-06-10,BHARTIARTL,1,1,0.38308328,0.6169167,0.6169167,-0.0042893361953106
2025-06-11,BHARTIARTL,1,1,0.36904788,0.6309521,0.6309521,0.0016692919544236
2025-06-12,BHARTIARTL,1,1,0.26946324,0.73053676,0.73053676,-0.0086012696841405
2025-06-13,BHARTIARTL,1,1,0.2721154,0.7278846,0.7278846,-0.0020604796256736
2025-06-16,BHARTIARTL,1,1,0.3148253,0.6851747,0.6851747,0.0113562709129473
2025-06-17,BHARTIARTL,1,1,0.2289468,0.7710532,0.7710532,-0.0034922130335259
2025-06-18,BHARTIARTL,1,1,0.3111347,0.6888653,0.6888653,0.0059845174220478
2025-06-19,BHARTIARTL,1,1,0.27332413,0.72667587,0.72667587,0.0059488500618256
2025-06-20,BHARTIARTL,1,1,0.3589902,0.6410098,0.6410098,0.0318060214815425
2025-06-23,BHARTIARTL,1,1,0.4687327,0.5312673,0.5312673,-0.0002064966424116
2025-06-24,BHARTIARTL,1,1,0.35108662,0.6489134,0.6489134,-0.0013944103945269
2025-06-25,BHARTIARTL,1,1,0.39178747,0.60821253,0.60821253,0.0165493985254567
2025-06-26,BHARTIARTL,-1,1,0.42169142,0.5783086,0.5783086,0.0247762215804945
2025-06-27,BHARTIARTL,-1,-1,0.50758183,0.49241814,0.50758183,0.0063544870915066
2025-06-30,BHARTIARTL,-1,1,0.3500113,0.6499887,0.6499887,-0.0086329948836946
2025-07-01,BHARTIARTL,-1,1,0.38047427,0.61952573,0.61952573,0.0048765912960049
2025-07-02,BHARTIARTL,-1,1,0.35544068,0.6445593,0.6445593,0.0068832473249966
2025-07-03,BHARTIARTL,-1,1,0.31643623,0.68356377,0.68356377,-0.0068853485374362
2025-07-04,BHARTIARTL,-1,1,0.31919402,0.680806,0.680806,-0.0010399902175939
2025-07-07,BHARTIARTL,-1,1,0.2817459,0.7182541,0.7182541,0.0082788515747074
2025-07-08,BHARTIARTL,-1,1,0.28043532,0.7195647,0.7195647,-0.0019175633552401
2025-07-09,BHARTIARTL,-1,1,0.29321265,0.70678735,0.70678735,-0.0050738881398001
2025-07-11,BHARTIARTL,1,1,0.291075,0.708925,0.708925,-0.0216849098376279
2025-07-14,BHARTIARTL,-1,1,0.302226,0.697774,0.697774,-0.0005203130896273
2025-07-18,BHARTIARTL,-1,1,0.19437295,0.80562705,0.80562705,-0.0067401767331142
2025-07-22,BHARTIARTL,1,1,0.25862706,0.74137294,0.74137294,-0.0012570199063104
2025-07-23,BHARTIARTL,-1,1,0.3905065,0.6094935,0.6094935,0.0194042369690201
2025-07-24,BHARTIARTL,-1,1,0.39857543,0.6014246,0.6014246,-0.0039613504726628
2025-07-25,BHARTIARTL,-1,1,0.3578443,0.6421557,0.6421557,0.0009297292757726
2025-07-28,BHARTIARTL,-1,1,0.21148688,0.7885131,0.7885131,-0.0245626580248017
2025-07-29,BHARTIARTL,-1,1,0.17219764,0.82780236,0.82780236,0.0148124632474926
2025-07-30,BHARTIARTL,-1,1,0.165335,0.834665,0.834665,0.0074544786497545
2025-07-31,BHARTIARTL,-1,1,0.1990273,0.8009727,0.8009727,-0.0094690711937239
2025-08-08,BHARTIARTL,1,1,0.21877897,0.78122103,0.78122103,-0.0332882559100705
2025-08-11,BHARTIARTL,1,1,0.27459073,0.72540927,0.72540927,-0.0006456209984059
2025-08-12,BHARTIARTL,1,1,0.17470294,0.82529706,0.82529706,-0.0038225344527909
2025-08-13,BHARTIARTL,1,1,0.22451657,0.7754834,0.7754834,0.009241731143426
2025-08-14,BHARTIARTL,1,1,0.15624398,0.843756,0.843756,0.0034272380477613
2025-08-19,BHARTIARTL,-1,1,0.20989567,0.7901043,0.7901043,0.0091951074854781
2025-08-20,BHARTIARTL,-1,1,0.29306465,0.70693535,0.70693535,0.009792152547688
2025-08-21,BHARTIARTL,-1,1,0.2698664,0.7301336,0.7301336,0.0007778469098784
2025-08-22,BHARTIARTL,-1,1,0.27579337,0.7242066,0.7242066,0.0017617619415777
2025-08-25,BHARTIARTL,-1,1,0.18544877,0.81455123,0.81455123,-0.0013449012520462
2025-08-26,BHARTIARTL,-1,1,0.23474747,0.76525253,0.76525253,-0.0134666186655356
2025-08-28,BHARTIARTL,1,1,0.1853717,0.8146283,0.8146283,-0.012390390187923
2025-08-29,BHARTIARTL,1,1,0.17023736,0.82976264,0.82976264,0.0040933886248066
2025-09-02,BHARTIARTL,1,1,0.19336051,0.8066395,0.8066395,-0.0070504180712364
2025-09-03,BHARTIARTL,1,1,0.18888313,0.8111169,0.8111169,-0.001748583532849
2025-09-04,BHARTIARTL,1,1,0.19056422,0.8094358,0.8094358,-0.0018578480570319
2025-09-05,BHARTIARTL,1,1,0.25962454,0.74037546,0.74037546,0.0079238588707768
2025-09-08,BHARTIARTL,1,1,0.28503776,0.71496224,0.71496224,-0.0040099706961698
2025-09-09,BHARTIARTL,1,1,0.26057082,0.7394292,0.7394292,0.0031784712375901
2025-09-10,BHARTIARTL,1,1,0.30734777,0.6926522,0.6926522,-0.0012145148741168
2025-09-11,BHARTIARTL,1,1,0.3053984,0.6946016,0.6946016,0.0114200990309434
2025-09-12,BHARTIARTL,1,1,0.26966506,0.73033494,0.73033494,-0.0054364999550771
2025-09-16,BHARTIARTL,-1,1,0.4415151,0.5584849,0.5584849,0.0183775269099502
2025-09-17,BHARTIARTL,-1,1,0.3748111,0.6251889,0.6251889,0.0009280994215647
2025-09-18,BHARTIARTL,-1,-1,0.508127,0.49187303,0.508127,-0.0001030614728043
2025-09-19,BHARTIARTL,-1,-1,0.5576167,0.44238332,0.5576167,0.0109731848415974
2025-09-22,BHARTIARTL,-1,1,0.49610257,0.5038974,0.5038974,-0.0031594339406099
2025-09-24,BHARTIARTL,1,1,0.43867117,0.5613288,0.5613288,-0.0039201401853564
2025-09-26,BHARTIARTL,1,1,0.3479911,0.6520089,0.6520089,-0.0098160778258165
2025-09-29,BHARTIARTL,1,1,0.4514649,0.5485351,0.5485351,-0.0075133176445231
2025-09-30,BHARTIARTL,1,1,0.4528376,0.5471624,0.5471624,-0.0125117902264428
2025-10-01,BHARTIARTL,1,1,0.48550886,0.51449114,0.51449114,-0.0057496000254226
2025-10-03,BHARTIARTL,1,1,0.44447303,0.555527,0.555527,0.0155814820980642
2025-10-06,BHARTIARTL,1,1,0.41994387,0.58005613,0.58005613,0.003374294605801
2025-10-07,BHARTIARTL,1,-1,0.5126482,0.48735175,0.5126482,0.0136093871821358
2025-10-08,BHARTIARTL,1,-1,0.6225671,0.37743288,0.6225671,0.0075168481078278
2025-10-09,BHARTIARTL,1,-1,0.64401126,0.35598877,0.64401126,-0.0007718034473886
2025-10-10,BHARTIARTL,1,-1,0.61776733,0.38223267,0.61776733,-0.001081346851667
2025-10-13,BHARTIARTL,1,-1,0.62689376,0.3731062,0.62689376,0.0077323572406937
2025-10-14,BHARTIARTL,1,-1,0.55677724,0.44322276,0.55677724,-0.0042457663944286
2025-10-15,BHARTIARTL,1,-1,0.64076746,0.35923257,0.64076746,0.0112503979701688
2025-10-16,BHARTIARTL,1,-1,0.63013875,0.36986127,0.63013875,-0.0005587887152336
2025-10-17,BHARTIARTL,1,-1,0.68609005,0.31390995,0.68609005,0.02266950037231
2025-10-20,BHARTIARTL,1,-1,0.56346226,0.4365377,0.56346226,0.0196322067594434
2025-10-21,BHARTIARTL,1,-1,0.58398056,0.41601947,0.58398056,-0.0038995856690227
2025-10-27,BHARTIARTL,-1,1,0.3775375,0.6224625,0.6224625,0.0250332861606448
2025-10-28,BHARTIARTL,-1,1,0.28886622,0.7111338,0.7111338,0.0048554651418002
2025-10-30,BHARTIARTL,1,1,0.26266515,0.73733485,0.73733485,-0.01632869048535
2025-10-31,BHARTIARTL,1,1,0.24646574,0.75353426,0.75353426,-0.0057107141021544
2025-11-03,BHARTIARTL,1,1,0.2615177,0.7384823,0.7384823,0.0094913604283279
2025-11-04,BHARTIARTL,1,1,0.4742602,0.5257398,0.5257398,0.0189489145747949
2025-11-06,BHARTIARTL,1,1,0.44436073,0.55563927,0.55563927,-0.0087068310506017
2025-11-07,BHARTIARTL,1,1,0.4330545,0.5669455,0.5669455,-0.0447276507421879
2025-11-10,BHARTIARTL,1,1,0.4664104,0.5335896,0.5335896,0.0092944723716179
2025-11-11,BHARTIARTL,1,1,0.4734999,0.5265001,0.5265001,0.0111397165343443
2025-11-12,BHARTIARTL,1,1,0.3972633,0.6027367,0.6027367,0.0154237865381605
2025-11-13,BHARTIARTL,1,1,0.40837777,0.59162223,0.59162223,0.0086797181869928
2025-11-17,BHARTIARTL,-1,1,0.32236296,0.67763704,0.67763704,0.0054743658148725
2025-11-18,BHARTIARTL,-1,1,0.2990108,0.7009892,0.7009892,0.0175172809655033
2025-11-19,BHARTIARTL,-1,1,0.25814253,0.74185747,0.74185747,0.0049321132966106
2025-11-20,BHARTIARTL,-1,1,0.30971044,0.69028956,0.69028956,-0.000694508735109
2025-11-21,BHARTIARTL,-1,1,0.32914317,0.67085683,0.67085683,0.0020385962304634
2025-11-24,BHARTIARTL,-1,1,0.31823438,0.6817656,0.6817656,-0.0049012131848809
2025-11-25,BHARTIARTL,-1,1,0.35321933,0.64678067,0.64678067,0.0044142928158155
2025-11-26,BHARTIARTL,-1,1,0.3711353,0.6288647,0.6288647,-0.0160992076498597
2025-11-27,BHARTIARTL,-1,1,0.35282516,0.64717484,0.64717484,-0.0052661044361204
2025-11-28,BHARTIARTL,-1,1,0.341129,0.658871,0.658871,-0.0066175077300808
2025-12-01,BHARTIARTL,-1,1,0.42414737,0.57585263,0.57585263,-0.0056624219315778
2025-12-03,BHARTIARTL,1,1,0.48710406,0.51289594,0.51289594,-0.0085551330798478
2025-12-05,BHARTIARTL,-1,-1,0.66160804,0.33839196,0.66160804,0.0023766517178214
2025-12-08,BHARTIARTL,1,-1,0.67042947,0.32957056,0.67042947,-0.0107170415084204
2025-12-09,BHARTIARTL,1,-1,0.6080383,0.3919617,0.6080383,0.0016776915357676
2025-12-10,BHARTIARTL,1,-1,0.6313467,0.36865333,0.6313467,-0.0108627801609246
2025-12-11,BHARTIARTL,1,-1,0.59148407,0.40851593,0.59148407,-0.006676366148101
2025-12-15,BHARTIARTL,1,-1,0.56685257,0.4331474,0.56685257,-0.0065757664462128
2025-12-18,BHARTIARTL,1,-1,0.6792588,0.32074115,0.6792588,-0.0075901328273244
2025-12-22,BHARTIARTL,-1,-1,0.51936924,0.48063076,0.51936924,0.0237880286246363
2025-12-23,BHARTIARTL,-1,1,0.44209123,0.5579088,0.5579088,-0.0115013010753054
2025-12-24,BHARTIARTL,-1,1,0.4370228,0.5629772,0.5629772,0.0003768660157936
2025-12-26,BHARTIARTL,-1,1,0.4114921,0.5885079,0.5885079,-0.0086170594946931
2025-12-29,BHARTIARTL,-1,1,0.42019415,0.57980585,0.57980585,-0.0113041729796823
2025-12-30,BHARTIARTL,-1,1,0.43107283,0.56892717,0.56892717,0.008743250537107
2025-12-31,BHARTIARTL,-1,1,0.37878162,0.6212184,0.6212184,0.0027621910149786
2026-01-01,BHARTIARTL,-1,1,0.43232298,0.567677,0.567677,0.0022795423940389
2026-01-02,BHARTIARTL,-1,1,0.4389673,0.5610327,0.5610327,-0.0019426903455936
2026-01-05,BHARTIARTL,-1,-1,0.54561925,0.45438078,0.54561925,-0.0006172191985887
2026-01-06,BHARTIARTL,-1,-1,0.54001904,0.45998093,0.54001904,0.0001425410109856
2026-01-07,BHARTIARTL,-1,1,0.46941674,0.53058326,0.53058326,-0.0100223707627778
2026-01-08,BHARTIARTL,-1,1,0.31775528,0.6822447,0.6822447,-0.0085883805599772
2026-01-09,BHARTIARTL,-1,1,0.3122846,0.6877154,0.6877154,-0.0189711427749417
2026-01-12,BHARTIARTL,-1,1,0.3858661,0.6141339,0.6141339,0.0083370453443853
2026-01-13,BHARTIARTL,-1,1,0.44631833,0.5536817,0.5536817,-0.0083659371751162
2026-01-14,BHARTIARTL,-1,-1,0.55597126,0.44402874,0.55597126,-0.0021708147225142
2026-01-15,BHARTIARTL,-1,1,0.399669,0.600331,0.600331,0.0
2026-01-16,BHARTIARTL,-1,1,0.4688983,0.5311017,0.5311017,-0.0030160571500309
2026-01-19,BHARTIARTL,-1,1,0.47243613,0.52756387,0.52756387,-0.0031739854872905
2026-01-20,BHARTIARTL,1,1,0.42877966,0.57122034,0.57122034,-0.0069651741293532
2026-01-22,BHARTIARTL,1,1,0.48511624,0.51488376,0.51488376,0.0030559469267799
2026-01-23,BHARTIARTL,1,1,0.47010142,0.5298986,0.5298986,-0.0087403857890203
2026-01-27,BHARTIARTL,1,1,0.33781058,0.6621894,0.6621894,-0.0056935189377822
2026-01-28,BHARTIARTL,1,1,0.2599517,0.7400483,0.7400483,-0.0079558493199315
2026-01-29,BHARTIARTL,1,1,0.38374442,0.6162556,0.6162556,0.0052102331800549
2026-01-30,BHARTIARTL,1,-1,0.52673435,0.47326565,0.52673435,0.0004064874982918
2026-02-02,BHARTIARTL,1,1,0.47083002,0.52917,0.52917,-0.0016761958854361
2026-02-03,BHARTIARTL,1,-1,0.58919525,0.41080478,0.58919525,0.016230804934264
2026-02-06,BHARTIARTL,-1,-1,0.60485303,0.39514697,0.60485303,0.0230877331039622
2026-02-09,BHARTIARTL,-1,-1,0.7852739,0.21472609,0.7852739,-9.815209958363712e-05
2026-02-10,BHARTIARTL,-1,-1,0.7393478,0.26065215,0.7393478,-0.0131978721362856
2026-02-11,BHARTIARTL,-1,-1,0.7573708,0.24262916,0.7573708,0.0003977162722581
2026-02-12,BHARTIARTL,-1,-1,0.69160837,0.30839163,0.69160837,0.0011927958069597
2026-02-13,BHARTIARTL,-1,-1,0.6821729,0.31782714,0.6821729,-0.0048647549407421
2026-02-16,BHARTIARTL,-1,1,0.43971407,0.5602859,0.5602859,0.0123210823783124
2026-02-17,BHARTIARTL,-1,-1,0.619559,0.380441,0.619559,-0.0044840718815724
2026-02-18,BHARTIARTL,-1,-1,0.6741426,0.3258574,0.6741426,0.0007424639725519
2026-02-19,BHARTIARTL,-1,-1,0.55113876,0.44886124,0.55113876,-0.0164210468099607
2026-02-20,BHARTIARTL,-1,1,0.3189587,0.6810413,0.6810413,-0.0056320785021507
2026-02-23,BHARTIARTL,-1,1,0.44483477,0.55516523,0.55516523,0.0100637322587062
2026-02-24,BHARTIARTL,-1,1,0.37158132,0.6284187,0.6284187,-0.0281880776306784
2026-02-25,BHARTIARTL,-1,1,0.27612752,0.7238725,0.7238725,-0.0142194619195968
2026-02-26,BHARTIARTL,-1,1,0.37993753,0.6200625,0.6200625,0.0084665783240156
2026-02-27,BHARTIARTL,-1,1,0.3963387,0.6036613,0.6036613,-0.0260675411454327
2026-03-02,BHARTIARTL,-1,1,0.35119313,0.64880687,0.64880687,-0.0032459413067401
2026-03-04,BHARTIARTL,-1,1,0.47568822,0.5243118,0.5243118,0.0174567980432256
2026-03-05,BHARTIARTL,-1,1,0.4762556,0.5237444,0.5237444,0.0005771423326759
2026-03-06,BHARTIARTL,-1,1,0.38417095,0.61582905,0.61582905,-0.0189826697283036
2026-03-09,BHARTIARTL,-1,1,0.3224482,0.6775518,0.6775518,-0.0021916279395108
2026-03-10,BHARTIARTL,-1,1,0.37199652,0.6280035,0.6280035,-0.0087319479210248
2026-03-11,BHARTIARTL,1,1,0.4098,0.5902,0.5902,-0.0234544011248623
2026-03-12,BHARTIARTL,1,1,0.33532745,0.66467255,0.66467255,-0.0031543725356253
2026-03-13,BHARTIARTL,-1,1,0.24436593,0.75563407,0.75563407,0.0011658110969927
2026-03-17,BHARTIARTL,-1,1,0.31220037,0.68779963,0.68779963,0.0213550705104801
2026-03-18,BHARTIARTL,-1,1,0.31573874,0.68426126,0.68426126,0.0155446220109811
2026-03-20,BHARTIARTL,1,1,0.28628987,0.7137101,0.7137101,0.010454283298269
2026-03-23,BHARTIARTL,1,1,0.23671448,0.7632855,0.7632855,-0.0271924336903487
2026-03-24,BHARTIARTL,1,1,0.23915434,0.76084566,0.76084566,0.0034522807993713
2026-03-25,BHARTIARTL,1,1,0.2226069,0.7773931,0.7773931,0.0182010150782341
2026-03-30,BHARTIARTL,1,1,0.2519219,0.7480781,0.7480781,-0.0333532182795772
2026-04-01,BHARTIARTL,1,1,0.18260348,0.8173965,0.8173965,-0.0002805206424771
2026-04-02,BHARTIARTL,1,1,0.29467118,0.7053288,0.7053288,0.0043773088562459
2026-04-06,BHARTIARTL,1,1,0.18000585,0.81999415,0.81999415,0.0017321884901544
2026-04-08,BHARTIARTL,-1,1,0.27765518,0.7223448,0.7223448,0.0171009812177258
2026-04-09,BHARTIARTL,-1,1,0.36212248,0.6378775,0.6378775,-0.0011817529011207
2026-04-10,BHARTIARTL,-1,1,0.17028594,0.82971406,0.82971406,0.0057007504822841
2026-04-13,BHARTIARTL,-1,1,0.18782717,0.81217283,0.81217283,0.0004812964781082
2026-04-15,BHARTIARTL,1,1,0.19051558,0.8094844,0.8094844,-0.0081244711335913
2026-04-16,BHARTIARTL,1,1,0.15461153,0.8453885,0.8453885,-0.0081370781824948
2025-01-01,BPCL,-1,1,0.40478522,0.5952148,0.5952148,0.0097451384846807
2025-01-02,BPCL,-1,1,0.4006266,0.5993734,0.5993734,0.0054182665544171
2025-01-03,BPCL,-1,1,0.3424992,0.6575008,0.6575008,-0.0016840485868118
2025-01-06,BPCL,-1,-1,0.5086016,0.4913984,0.5086016,-0.0389677042341483
2025-01-07,BPCL,-1,1,0.4479649,0.5520351,0.5520351,-0.0071968011837258
2025-01-08,BPCL,-1,1,0.45377582,0.5462242,0.5462242,0.0141442213233389
2025-01-09,BPCL,-1,1,0.4078331,0.5921669,0.5921669,-0.0237097383927611
2025-01-10,BPCL,-1,1,0.4832651,0.5167349,0.5167349,-0.0083929935945963
2025-01-13,BPCL,-1,-1,0.5495645,0.45043555,0.5495645,-0.0444804128195014
2025-01-14,BPCL,-1,-1,0.5197793,0.48022068,0.5197793,0.0184697501469404
2025-01-15,BPCL,-1,-1,0.5272477,0.47275227,0.5272477,-0.0118431215721489
2025-01-16,BPCL,-1,-1,0.51904917,0.48095083,0.51904917,-0.0003745273703013
2025-01-17,BPCL,-1,1,0.43421942,0.5657806,0.5657806,0.0251030460384109
2025-01-20,BPCL,-1,1,0.44735175,0.55264825,0.55264825,0.0135233515730275
2025-01-21,BPCL,-1,-1,0.6329671,0.36703292,0.6329671,0.010458042671894
2025-01-22,BPCL,-1,-1,0.5786861,0.42131385,0.5786861,-0.0092790937994656
2025-01-23,BPCL,-1,-1,0.50858533,0.4914147,0.50858533,-0.0228746651544171
2025-01-24,BPCL,1,1,0.41288257,0.58711743,0.58711743,-0.0274654771621675
2025-01-27,BPCL,1,1,0.36251235,0.63748765,0.63748765,-0.0094769523908876
2025-01-28,BPCL,1,1,0.18195993,0.8180401,0.8180401,-0.0124376641706323
2025-01-31,BPCL,-1,1,0.45096415,0.54903585,0.54903585,0.0153607009954441
2025-02-01,BPCL,-1,1,0.46232897,0.537671,0.537671,-0.0208732516120789
2025-02-03,BPCL,1,1,0.3912406,0.6087594,0.6087594,-0.0238606957505341
2025-02-04,BPCL,-1,1,0.349823,0.650177,0.650177,0.0256461887676648
2025-02-05,BPCL,-1,1,0.40444112,0.5955589,0.5955589,0.0207071211025759
2025-02-06,BPCL,-1,-1,0.51824856,0.4817514,0.51824856,0.0049760534506024
2025-02-07,BPCL,-1,-1,0.56958294,0.43041706,0.56958294,0.0066653948503576
2025-02-10,BPCL,-1,-1,0.653264,0.346736,0.653264,-0.0166477239386587
2025-02-11,BPCL,-1,1,0.4636312,0.5363688,0.5363688,-0.0182762714717338
2025-02-12,BPCL,-1,-1,0.57323873,0.4267613,0.57323873,0.0017636896686052
2025-02-13,BPCL,-1,-1,0.65681016,0.34318987,0.65681016,0.0005868615146116
2025-02-14,BPCL,-1,-1,0.60697955,0.39302045,0.60697955,-0.0185728362710898
2025-02-17,BPCL,-1,-1,0.61567634,0.38432366,0.61567634,0.0051793235615729
2025-02-18,BPCL,1,-1,0.5003373,0.4996627,0.5003373,0.0017834834700933
2025-02-19,BPCL,1,-1,0.5697998,0.4302002,0.5697998,0.0112760364222563
2025-02-20,BPCL,1,-1,0.6411953,0.35880467,0.6411953,0.0117371030869601
2025-02-21,BPCL,1,-1,0.63496745,0.36503252,0.63496745,-0.0282289915162087
2025-02-24,BPCL,1,-1,0.6178604,0.38213962,0.6178604,-0.0011937420050078
2025-02-25,BPCL,1,-1,0.5542085,0.4457915,0.5542085,-0.0101592904144721
2025-02-27,BPCL,1,-1,0.54907656,0.45092347,0.54907656,-0.0148924232168112
2025-02-28,BPCL,1,1,0.42267466,0.57732534,0.57732534,-0.0304391696507394
2025-03-03,BPCL,1,1,0.4019348,0.5980652,0.5980652,0.0215338983056652
2025-03-04,BPCL,1,-1,0.5116813,0.48831868,0.5116813,0.0309805980282831
2025-03-05,BPCL,1,-1,0.585417,0.41458303,0.585417,0.023687477997464
2025-03-06,BPCL,1,-1,0.56879866,0.43120134,0.56879866,0.0359601130582019
2025-03-07,BPCL,1,-1,0.695794,0.304206,0.695794,-0.0142620214473156
2025-03-10,BPCL,1,-1,0.70828456,0.29171544,0.70828456,-0.0165736189174626
2025-03-11,BPCL,1,-1,0.6660965,0.3339035,0.6660965,0.0297746897547079
2025-03-12,BPCL,1,-1,0.6493293,0.3506707,0.6493293,0.006576589053568
2025-03-13,BPCL,1,-1,0.6786361,0.32136393,0.6786361,-0.0071720023078938
2025-03-17,BPCL,1,1,0.29727834,0.70272166,0.70272166,-0.0113081559495304
2025-03-18,BPCL,1,1,0.28701878,0.7129812,0.7129812,0.0
2025-03-19,BPCL,1,1,0.33980072,0.6601993,0.6601993,0.0146891084188161
2025-03-20,BPCL,1,1,0.27552468,0.7244753,0.7244753,0.0258990225553588
2025-03-21,BPCL,-1,1,0.3205675,0.6794325,0.6794325,0.0276706089373934
2025-03-24,BPCL,1,1,0.32628047,0.6737195,0.6737195,0.0027891113279774
2025-03-25,BPCL,1,1,0.23627788,0.7637221,0.7637221,-0.0047426778165062
2025-03-26,BPCL,1,1,0.20229632,0.7977037,0.7977037,-0.0218550207824924
2025-03-27,BPCL,1,1,0.17298424,0.82701576,0.82701576,0.0111716674147712
2025-03-28,BPCL,1,1,0.18531036,0.81468964,0.81468964,0.0087300247815726
2025-04-01,BPCL,1,1,0.19502431,0.8049757,0.8049757,0.0220131315657536
2025-04-02,BPCL,1,1,0.20680082,0.7931992,0.7931992,0.007730050191689
2025-04-03,BPCL,1,1,0.18726802,0.812732,0.812732,0.0
2025-04-04,BPCL,1,1,0.25254935,0.74745065,0.74745065,-0.0256275291480863
2025-04-07,BPCL,1,1,0.22939634,0.77060366,0.77060366,-0.0205761661609567
2025-04-08,BPCL,1,1,0.28373373,0.7162663,0.7162663,0.0445743750473688
2025-04-09,BPCL,1,-1,0.5031419,0.49685815,0.5031419,0.0071705204859422
2025-04-11,BPCL,1,-1,0.50529695,0.49470302,0.50529695,0.0182322662220253
2025-04-15,BPCL,1,1,0.3078546,0.6921454,0.6921454,0.0040927074135035
2025-04-16,BPCL,1,1,0.43885624,0.56114376,0.56114376,0.0147758268841635
2025-04-17,BPCL,1,1,0.24568939,0.7543106,0.7543106,-0.0013389644644947
2025-04-21,BPCL,1,1,0.2084865,0.7915135,0.7915135,0.0191049810590311
2025-04-22,BPCL,1,1,0.20450544,0.79549456,0.79549456,0.0067424830649276
2025-04-23,BPCL,1,1,0.2055245,0.7944755,0.7944755,-0.01845801100706
2025-04-24,BPCL,1,1,0.18880367,0.8111963,0.8111963,0.0051587915673327
2025-04-25,BPCL,1,1,0.18256778,0.8174322,0.8174322,-0.0208608564595779
2025-04-30,BPCL,1,1,0.2877574,0.7122426,0.7122426,-0.0052935628364935
2025-05-02,BPCL,1,1,0.2604407,0.7395593,0.7395593,0.0043541362774079
2025-05-05,BPCL,-1,1,0.29373366,0.70626634,0.70626634,0.0309890534189938
2025-05-08,BPCL,1,1,0.19801575,0.80198425,0.80198425,-0.028242261203057
2025-05-09,BPCL,1,1,0.26556617,0.7344338,0.7344338,-0.0035720160542229
2025-05-12,BPCL,1,1,0.19436401,0.805636,0.805636,0.0071695362259565
2025-05-13,BPCL,1,1,0.14956897,0.850431,0.850431,-0.006956694275669
2025-05-14,BPCL,1,1,0.20746553,0.7925345,0.7925345,0.0182468512914568
2025-05-20,BPCL,-1,1,0.24920857,0.75079143,0.75079143,-0.0135562097922713
2025-05-21,BPCL,-1,1,0.15808767,0.8419123,0.8419123,0.0094280285692167
2025-05-22,BPCL,-1,1,0.17438555,0.82561445,0.82561445,-0.0088651078705304
2025-05-27,BPCL,1,1,0.10884148,0.8911585,0.8911585,-0.0184240069741029
2025-05-28,BPCL,1,1,0.21927792,0.7807221,0.7807221,0.014826437529757
2025-05-30,BPCL,-1,1,0.21485639,0.7851436,0.7851436,-0.0023500711551586
2025-06-03,BPCL,1,1,0.3700059,0.6299941,0.6299941,-0.0216361706419055
2025-06-04,BPCL,1,1,0.2597816,0.7402184,0.7402184,0.0058111028898273
2025-06-05,BPCL,1,1,0.32350224,0.67649776,0.67649776,-0.0056170218627936
2025-06-06,BPCL,-1,1,0.4067188,0.5932812,0.5932812,0.0222723862312914
2025-06-09,BPCL,-1,1,0.3088959,0.6911041,0.6911041,0.0116829503643491
2025-06-11,BPCL,-1,-1,0.563012,0.43698797,0.563012,0.0429553165125644
2025-06-12,BPCL,1,1,0.40509653,0.59490347,0.59490347,-0.0455293587157759
2025-06-13,BPCL,1,1,0.33651036,0.66348964,0.66348964,-0.0199279730258522
2025-06-16,BPCL,1,1,0.32939923,0.6706008,0.6706008,0.0131284219126928
2025-06-17,BPCL,1,1,0.36227793,0.6377221,0.6377221,-0.0113780369554217
2025-06-18,BPCL,1,1,0.3878799,0.6121201,0.6121201,0.0097507746163454
2025-06-19,BPCL,1,1,0.3094107,0.6905893,0.6905893,-0.0075985315373285
2025-06-20,BPCL,1,1,0.29988015,0.70011985,0.70011985,0.0001594305394228
2025-06-23,BPCL,1,1,0.38858914,0.61141086,0.61141086,-0.0001594051253778
2025-06-24,BPCL,1,1,0.43188,0.56812,0.56812,0.0185036930419617
2025-06-25,BPCL,1,1,0.37004465,0.62995535,0.62995535,0.0010962477854044
2025-06-26,BPCL,1,1,0.4467572,0.5532428,0.5532428,0.0317585093032226
2025-06-27,BPCL,1,1,0.41738385,0.58261615,0.58261615,0.0098559548423375
2025-06-30,BPCL,1,1,0.30827248,0.6917275,0.6917275,-0.0031531422017923
2025-07-01,BPCL,1,1,0.28983843,0.71016157,0.71016157,0.0003011885045309
2025-07-02,BPCL,1,1,0.29642135,0.70357865,0.70357865,-0.0007528914203083
2025-07-03,BPCL,1,1,0.28683132,0.7131687,0.7131687,-0.0009040720380592
2025-07-07,BPCL,-1,1,0.25885987,0.7411401,0.7411401,0.0124205589307868
2025-07-08,BPCL,-1,1,0.22429168,0.7757083,0.7757083,0.0145506314330448
2025-07-09,BPCL,-1,1,0.21859819,0.7814018,0.7814018,-0.0199662812419453
2025-07-10,BPCL,-1,1,0.3100314,0.6899686,0.6899686,0.0070302295017179
2025-07-11,BPCL,-1,1,0.34951752,0.6504825,0.6504825,-0.0173814469493621
2025-07-14,BPCL,-1,1,0.2895242,0.7104758,0.7104758,-0.0013048837253374
2025-07-15,BPCL,-1,1,0.30050677,0.6994932,0.6994932,0.0105980956847737
2025-07-16,BPCL,-1,1,0.30204773,0.6979523,0.6979523,-0.0005746058587751
2025-07-17,BPCL,-1,1,0.35339332,0.6466067,0.6466067,-0.003162289418276
2025-07-18,BPCL,-1,1,0.36906242,0.6309376,0.6309376,-0.0093727501808293
2025-07-21,BPCL,-1,1,0.38863224,0.61136776,0.61136776,-0.0026200241784312
2025-07-22,BPCL,-1,1,0.4047913,0.5952087,0.5952087,-0.0065674566493956
2025-07-23,BPCL,-1,-1,0.507873,0.492127,0.507873,0.012046439851485
2025-07-24,BPCL,-1,-1,0.55178833,0.4482117,0.55178833,-0.0088548176341586
2025-07-25,BPCL,-1,-1,0.5445318,0.45546818,0.5445318,-0.0248974328962717
2025-07-28,BPCL,-1,1,0.35445797,0.645542,0.645542,0.0015019380744036
2025-07-29,BPCL,-1,1,0.2948727,0.7051273,0.7051273,0.0046492400295723
2025-07-30,BPCL,-1,1,0.31790376,0.68209624,0.68209624,0.0062694728884391
2025-07-31,BPCL,-1,1,0.36517715,0.63482285,0.63482285,-0.008281941385687
2025-08-01,BPCL,-1,1,0.22709447,0.7729055,0.7729055,-0.0347706874997811
2025-08-04,BPCL,1,1,0.2641908,0.7358092,0.7358092,0.0
2025-08-05,BPCL,1,1,0.21529704,0.78470296,0.78470296,-0.008651837823969
2025-08-06,BPCL,1,1,0.19429874,0.80570126,0.80570126,0.002062875149648
2025-08-07,BPCL,1,1,0.19918448,0.8008155,0.8008155,-0.0171022488991668
2025-08-08,BPCL,-1,1,0.27613485,0.72386515,0.72386515,0.0293217591837626
2025-08-11,BPCL,-1,1,0.34692228,0.6530777,0.6530777,0.0046955568735527
2025-08-12,BPCL,-1,1,0.2968517,0.7031483,0.7031483,0.0085683712190391
2025-08-13,BPCL,-1,1,0.26954627,0.7304537,0.7304537,-0.0037072044685944
2025-08-14,BPCL,-1,1,0.3038193,0.6961807,0.6961807,-0.0137985058794644
2025-08-19,BPCL,-1,1,0.30934894,0.69065106,0.69065106,0.0237261446843428
2025-08-20,BPCL,-1,1,0.409782,0.590218,0.590218,-0.0046663419522167
2025-08-21,BPCL,-1,1,0.3241138,0.6758862,0.6758862,0.0
2025-08-26,BPCL,1,1,0.19901675,0.80098325,0.80098325,-0.0117162895495265
2025-08-28,BPCL,1,1,0.091772676,0.9082273,0.9082273,-0.0044857219860211
2025-08-29,BPCL,1,1,0.07940179,0.9205982,0.9205982,-0.0080462892563047
2025-09-01,BPCL,1,1,0.19101262,0.8089874,0.8089874,0.0212523047857751
2025-09-02,BPCL,1,1,0.29682326,0.70317674,0.70317674,0.0006355384771481
2025-09-03,BPCL,1,1,0.25239396,0.74760604,0.74760604,-0.0003175165607972
2025-09-04,BPCL,1,1,0.27857763,0.7214224,0.7214224,-0.0061935394869044
2025-09-05,BPCL,1,1,0.28409135,0.71590865,0.71590865,-0.0012782850117986
2025-09-08,BPCL,1,1,0.3968475,0.6031525,0.6031525,0.0126400282080796
2025-09-09,BPCL,1,1,0.34877717,0.6512228,0.6512228,-0.0079000852988145
2025-09-10,BPCL,1,1,0.4295864,0.5704136,0.5704136,0.012740810209707
2025-09-11,BPCL,1,1,0.36958778,0.6304122,0.6304122,0.0064475727709329
2025-09-12,BPCL,1,1,0.4661736,0.5338264,0.5338264,-0.0062500150146903
2025-09-15,BPCL,1,1,0.4372999,0.5627001,0.5627001,-0.0007861780134666
2025-09-16,BPCL,1,1,0.40570873,0.59429127,0.59429127,0.001573593151271
2025-09-17,BPCL,1,1,0.47244483,0.52755517,0.52755517,0.0166534783770089
2025-09-18,BPCL,1,-1,0.5948039,0.40519607,0.5948039,0.0066451546988608
2025-09-19,BPCL,1,-1,0.65338606,0.34661394,0.65338606,0.0118205178966868
2025-09-22,BPCL,1,-1,0.63193166,0.3680683,0.63193166,-0.0125928719446053
2025-09-23,BPCL,1,-1,0.504913,0.49508703,0.504913,0.0153657912351852
2025-09-24,BPCL,1,-1,0.64788413,0.35211587,0.64788413,-0.0001513345066523
2025-09-25,BPCL,1,-1,0.59616995,0.40383005,0.59616995,-0.0021191007333514
2025-09-26,BPCL,1,1,0.4573995,0.5426005,0.5426005,-0.0160775678371686
2025-09-29,BPCL,-1,1,0.43328696,0.56671304,0.56671304,0.0423925688473851
2025-10-01,BPCL,-1,1,0.34798288,0.6520171,0.6520171,0.0001473073915774
2025-10-03,BPCL,-1,1,0.3687302,0.6312698,0.6312698,0.0054458932985856
2025-10-06,BPCL,-1,1,0.41074574,0.58925426,0.58925426,0.0060020665865516
2025-10-07,BPCL,-1,1,0.49162048,0.5083795,0.5083795,-0.0049476116048913
2025-10-08,BPCL,-1,-1,0.58956105,0.41043895,0.58956105,0.0093594471984568
2025-10-09,BPCL,-1,-1,0.62798834,0.3720117,0.62798834,-0.0031874479467501
2025-10-10,BPCL,1,-1,0.6494161,0.3505839,0.6494161,-0.0154069814540402
2025-10-13,BPCL,1,-1,0.66088736,0.33911264,0.66088736,-0.0022142952457339
2025-10-14,BPCL,1,-1,0.65427476,0.34572524,0.65427476,-0.0162746117402745
2025-10-15,BPCL,1,-1,0.69093263,0.30906737,0.69093263,0.0163933589095874
2025-10-16,BPCL,1,-1,0.69945246,0.30054754,0.69945246,-0.0059189255366577
2025-10-17,BPCL,1,-1,0.7049543,0.29504567,0.7049543,-0.0001488565793081
2025-10-20,BPCL,1,-1,0.6395118,0.36048815,0.6395118,0.0055085134128682
2025-10-21,BPCL,1,-1,0.63686466,0.36313534,0.63686466,0.0039975148916795
2025-10-23,BPCL,1,1,0.46667057,0.5333294,0.5333294,-0.0228580309108833
2025-10-24,BPCL,1,1,0.408687,0.591313,0.591313,-0.0025655047271612
2025-10-27,BPCL,1,1,0.44297296,0.55702704,0.55702704,0.0379785350768127
2025-10-28,BPCL,1,1,0.37499654,0.62500346,0.62500346,-0.0068514379969935
2025-10-29,BPCL,1,1,0.42109507,0.5789049,0.5789049,0.0218699834958424
2025-10-30,BPCL,1,1,0.31073332,0.6892667,0.6892667,0.0272910530048315
2025-10-31,BPCL,1,1,0.2789603,0.7210397,0.7210397,-0.0022371777450975
2025-11-03,BPCL,1,1,0.30033457,0.6996654,0.6996654,0.0294282567067867
2025-11-06,BPCL,1,1,0.41838193,0.5816181,0.5816181,-0.0134066975084781
2025-11-10,BPCL,-1,-1,0.5698062,0.43019375,0.5698062,-0.0054473622068542
2025-11-11,BPCL,-1,1,0.46070492,0.5392951,0.5392951,0.0246473932091091
2025-11-12,BPCL,-1,1,0.4995702,0.5004298,0.5004298,0.003474565809266
2025-11-13,BPCL,-1,-1,0.54896677,0.4510332,0.54896677,-0.0013316928010195
2025-11-14,BPCL,-1,1,0.46518308,0.5348169,0.5348169,-0.0101347461037009
2025-11-17,BPCL,-1,1,0.40108073,0.5989193,0.5989193,0.0083524226244346
2025-11-18,BPCL,-1,-1,0.50035655,0.49964347,0.50035655,-0.0064127722535606
2025-11-19,BPCL,-1,1,0.30866426,0.69133574,0.69133574,-0.0166734821350063
2025-11-20,BPCL,-1,1,0.23659414,0.76340586,0.76340586,-0.0016408783904099
2025-11-21,BPCL,-1,1,0.3067531,0.6932469,0.6932469,-0.0013697177117952
2025-11-26,BPCL,-1,1,0.28273976,0.71726024,0.71726024,0.0331600060631771
2025-11-27,BPCL,-1,1,0.2679894,0.7320106,0.7320106,-0.0080238853398537
2025-11-28,BPCL,1,1,0.2949521,0.7050479,0.7050479,-0.0153550444262615
2025-12-01,BPCL,1,1,0.22346044,0.77653956,0.77653956,-0.014202173264906
2025-12-02,BPCL,1,-1,0.64345515,0.35654488,0.64345515,0.0134180054800581
2025-12-03,BPCL,1,-1,0.5952003,0.40479973,0.5952003,-0.000975596188195
2025-12-04,BPCL,1,-1,0.62510574,0.3748943,0.62510574,-0.0066963728746337
2025-12-05,BPCL,1,-1,0.75234234,0.24765764,0.75234234,0.0120785835984194
2025-12-08,BPCL,1,-1,0.7540612,0.2459388,0.7540612,-0.0076325466979655
2025-12-09,BPCL,1,-1,0.71610177,0.28389826,0.71610177,-0.0069919821082767
2025-12-10,BPCL,1,-1,0.70197934,0.29802066,0.70197934,0.0002816591713687
2025-12-11,BPCL,1,-1,0.5841894,0.4158106,0.5841894,-0.0108405154457642
2025-12-12,BPCL,1,-1,0.7356628,0.2643372,0.7356628,0.0391403396964071
2025-12-16,BPCL,1,-1,0.70414704,0.29585296,0.70414704,0.0031334834539435
2025-12-17,BPCL,1,-1,0.71526396,0.28473607,0.71526396,0.0005432736096022
2025-12-18,BPCL,1,-1,0.7150016,0.2849984,0.7150016,-0.0135740396587361
2025-12-19,BPCL,1,-1,0.6776333,0.32236668,0.6776333,0.0071556832628256
2025-12-24,BPCL,-1,-1,0.5540419,0.44595808,0.5540419,-0.011081083923248
2025-12-26,BPCL,-1,-1,0.54325426,0.4567457,0.54325426,0.0002733071529035
2025-12-29,BPCL,-1,-1,0.6294329,0.3705671,0.6294329,0.0153005042841001
2025-12-30,BPCL,-1,-1,0.6288629,0.37113708,0.6288629,-0.0056512436620362
2025-12-31,BPCL,-1,-1,0.7239921,0.27600792,0.7239921,0.0392422433470698
2026-01-01,BPCL,-1,-1,0.7137226,0.28627738,0.7137226,-0.0065104543320306
2026-01-02,BPCL,-1,-1,0.67429173,0.32570827,0.67429173,-0.0001310245270841
2026-01-05,BPCL,-1,-1,0.6114504,0.38854963,0.6114504,-0.0093065928204615
2026-01-06,BPCL,-1,-1,0.5227325,0.47726747,0.5227325,-0.0187880382629314
2026-01-07,BPCL,-1,-1,0.57334393,0.42665607,0.57334393,-0.0070118289441738
2026-01-09,BPCL,-1,1,0.3649313,0.6350687,0.6350687,-0.0011281370586961
2026-01-13,BPCL,1,-1,0.52722913,0.47277087,0.52722913,-0.0101741370097757
2026-01-14,BPCL,1,1,0.4613651,0.5386349,0.5386349,0.005068885878978
2026-01-15,BPCL,1,1,0.4551143,0.5448857,0.5448857,0.0
2026-01-16,BPCL,1,-1,0.5314841,0.46851587,0.5314841,0.0176521100529618
2026-01-19,BPCL,1,-1,0.66639084,0.33360916,0.66639084,-0.0053689787329003
2026-01-20,BPCL,1,-1,0.6337098,0.36629018,0.6337098,-0.0167473573924824
2026-01-21,BPCL,1,1,0.42803544,0.57196456,0.57196456,-0.0091498360185072
2026-01-22,BPCL,1,1,0.47668785,0.52331215,0.52331215,0.0062509027041002
2026-01-23,BPCL,1,1,0.4367048,0.5632952,0.5632952,-0.0141183043822961
2026-01-27,BPCL,1,1,0.47216994,0.52783006,0.52783006,0.0236287783654038
2026-01-28,BPCL,1,1,0.46006238,0.5399376,0.5399376,0.013850060921936
2026-01-29,BPCL,1,-1,0.59224045,0.40775952,0.59224045,0.0126949537649712
2026-01-30,BPCL,1,-1,0.6281115,0.37188855,0.6281115,-0.0066767364987632
2026-02-02,BPCL,1,-1,0.5177728,0.48222718,0.5177728,0.0344147029817525
2026-02-05,BPCL,-1,-1,0.51796675,0.48203322,0.51796675,-0.0010459521539927
2026-02-06,BPCL,-1,-1,0.77466613,0.22533385,0.77466613,0.011255119612455
2026-02-09,BPCL,-1,-1,0.7835025,0.21649747,0.7835025,0.0050471894878931
2026-02-10,BPCL,-1,-1,0.8001049,0.1998951,0.8001049,-0.0050218432932137
2026-02-11,BPCL,-1,-1,0.79342014,0.20657985,0.79342014,0.0032354082574159
2026-02-12,BPCL,1,-1,0.7391623,0.2608377,0.7391623,-0.0255417795164853
2026-02-13,BPCL,1,-1,0.7642138,0.23578623,0.7642138,-0.0095313899580768
2026-02-17,BPCL,-1,-1,0.7634815,0.23651852,0.7634815,0.0016027944269612
2026-02-18,BPCL,-1,-1,0.798143,0.20185699,0.798143,0.0158687331530684
2026-02-19,BPCL,-1,-1,0.59236956,0.40763047,0.59236956,-0.0347860336369574
2026-02-20,BPCL,-1,1,0.46966308,0.5303369,0.5303369,-0.0036719872866248
2026-02-23,BPCL,-1,-1,0.63341904,0.36658096,0.63341904,0.0158340663495326
2026-02-24,BPCL,-1,-1,0.70027864,0.2997214,0.70027864,0.0063155228835494
2026-02-25,BPCL,-1,-1,0.6050607,0.39493933,0.6050607,0.0176257854741059
2026-02-26,BPCL,-1,-1,0.7935481,0.2064519,0.7935481,0.0129904536559666
2026-02-27,BPCL,-1,-1,0.8698032,0.13019682,0.8698032,-0.0015544199572943
2026-03-02,BPCL,-1,-1,0.73534036,0.26465964,0.73534036,-0.0275039083326055
2026-03-04,BPCL,-1,-1,0.5721065,0.42789355,0.5721065,-0.0490928348339437
2026-03-05,BPCL,-1,-1,0.6108158,0.38918418,0.6108158,0.0110830871904519
2026-03-06,BPCL,-1,-1,0.53582644,0.4641736,0.53582644,-0.0210906229354479
2026-03-09,BPCL,-1,1,0.26860905,0.73139095,0.73139095,-0.061233185268648
2026-03-10,BPCL,-1,1,0.3971522,0.6028478,0.6028478,-0.0158538429616915
2026-03-11,BPCL,-1,1,0.36379212,0.6362079,0.6362079,-0.0026081807899193
2026-03-12,BPCL,-1,1,0.33120167,0.6687983,0.6687983,0.0039994411917188
2026-03-13,BPCL,-1,1,0.28866738,0.7113326,0.7113326,-0.0216026296267654
2026-03-16,BPCL,-1,1,0.3606956,0.6393044,0.6393044,-0.0449419860148628
2026-03-17,BPCL,-1,-1,0.5510162,0.44898376,0.5510162,-0.0160682873189585
2026-03-18,BPCL,-1,-1,0.5134381,0.48656192,0.5134381,0.0121647210883439
2026-03-19,BPCL,-1,1,0.4701333,0.5298667,0.5298667,-0.0582812364029976
2026-03-20,BPCL,1,-1,0.5749445,0.42505553,0.5749445,0.0062936636117787
2026-03-23,BPCL,1,1,0.37872398,0.621276,0.621276,-0.0573314826262932
2026-03-24,BPCL,1,1,0.4152652,0.5847348,0.5847348,0.0403612705481848
2026-03-25,BPCL,1,1,0.40571815,0.59428185,0.59428185,0.0081487610025465
2026-03-27,BPCL,1,1,0.36816788,0.6318321,0.6318321,-0.006501408066422
2026-03-30,BPCL,1,1,0.378268,0.621732,0.621732,-0.006013484731604
2026-04-01,BPCL,1,1,0.3429467,0.6570533,0.6570533,0.0008896797153024
2026-04-02,BPCL,1,1,0.4557457,0.5442543,0.5442543,-0.011022243923611
2026-04-06,BPCL,1,1,0.36617327,0.63382673,0.63382673,0.001977416223678
2026-04-07,BPCL,1,1,0.3424524,0.6575476,0.6575476,-0.0044851092402229
2026-04-08,BPCL,1,1,0.33628553,0.66371447,0.66371447,0.0744277995600717
2026-04-09,BPCL,1,-1,0.6134832,0.38651678,0.6134832,-0.0025159341987385
2026-04-10,BPCL,1,1,0.18659979,0.8134002,0.8134002,0.0067260802385984
2026-04-13,BPCL,1,1,0.17728877,0.8227112,0.8227112,-0.0213796350960194
2026-04-15,BPCL,-1,1,0.190247,0.809753,0.809753,0.0597371540221427
2026-04-16,BPCL,-1,1,0.24097723,0.7590228,0.7590228,-0.0080528262254755
2025-01-01,BRITANNIA,1,1,0.38370293,0.61629707,0.61629707,0.0067188848452166
2025-01-02,BRITANNIA,1,1,0.3167556,0.6832444,0.6832444,-0.0014495555693575
2025-01-06,BRITANNIA,1,1,0.43587083,0.5641292,0.5641292,-0.0088641501602714
2025-01-07,BRITANNIA,1,1,0.48897028,0.5110297,0.5110297,0.0085572837887368
2025-01-08,BRITANNIA,1,1,0.46549934,0.53450066,0.53450066,0.0057220032856859
2025-01-09,BRITANNIA,1,1,0.48412728,0.5158727,0.5158727,0.0136628188373615
2025-01-10,BRITANNIA,1,1,0.39430052,0.6056995,0.6056995,0.002618653007389
2025-01-13,BRITANNIA,1,1,0.4343139,0.5656861,0.5656861,-0.0024599802516527
2025-01-14,BRITANNIA,1,1,0.3922903,0.6077097,0.6077097,-0.0131213924077449
2025-01-15,BRITANNIA,1,1,0.45230085,0.54769915,0.54769915,0.0030026305827397
2025-01-16,BRITANNIA,1,1,0.46101332,0.5389867,0.5389867,-0.0066537882795181
2025-01-17,BRITANNIA,1,1,0.4758923,0.5241077,0.5241077,0.0020333297390378
2025-01-20,BRITANNIA,1,-1,0.6336907,0.36630926,0.6336907,0.0063858825385254
2025-01-21,BRITANNIA,1,-1,0.58450705,0.41549295,0.58450705,0.0037765767590214
2025-01-22,BRITANNIA,1,-1,0.6059685,0.39403155,0.6059685,0.0107772769402165
2025-01-23,BRITANNIA,-1,-1,0.59467876,0.40532124,0.59467876,0.0112776345809668
2025-01-24,BRITANNIA,-1,-1,0.5967443,0.40325573,0.5967443,0.0177452684103471
2025-01-27,BRITANNIA,-1,-1,0.64249146,0.35750857,0.64249146,0.0146426429850834
2025-01-28,BRITANNIA,-1,-1,0.51326495,0.48673505,0.51326495,-0.0223134337700982
2025-01-29,BRITANNIA,-1,-1,0.6487949,0.35120508,0.6487949,-0.0046831256065899
2025-01-30,BRITANNIA,-1,-1,0.62710303,0.37289697,0.62710303,0.0076036807298685
2025-01-31,BRITANNIA,-1,-1,0.6762784,0.3237216,0.6762784,0.0106987804220739
2025-02-01,BRITANNIA,-1,-1,0.58039093,0.41960907,0.58039093,0.0139775492450116
2025-02-03,BRITANNIA,-1,-1,0.6063372,0.39366278,0.6063372,-0.0184183453609282
2025-02-04,BRITANNIA,-1,-1,0.62958515,0.37041488,0.62958515,-0.0151207597004527
2025-02-05,BRITANNIA,-1,-1,0.6519952,0.3480048,0.6519952,-0.0190320565478093
2025-02-06,BRITANNIA,-1,-1,0.6881727,0.31182727,0.6881727,0.0047438712669203
2025-02-07,BRITANNIA,-1,-1,0.54035157,0.45964843,0.54035157,-0.0172617291972657
2025-02-10,BRITANNIA,-1,-1,0.72044796,0.27955204,0.72044796,0.00803818498429
2025-02-11,BRITANNIA,-1,-1,0.6795851,0.32041487,0.6795851,-0.0011406667494886
2025-02-12,BRITANNIA,-1,-1,0.6921812,0.3078188,0.6921812,0.0029058131999997
2025-02-13,BRITANNIA,-1,-1,0.6713387,0.32866135,0.6713387,-0.0060182754979364
2025-02-14,BRITANNIA,-1,-1,0.7452949,0.25470507,0.7452949,0.0104219084412144
2025-02-17,BRITANNIA,-1,-1,0.68643355,0.31356642,0.68643355,0.0048688393679581
2025-02-18,BRITANNIA,-1,-1,0.6179194,0.3820806,0.6179194,-0.0146060058839005
2025-02-19,BRITANNIA,-1,-1,0.7159519,0.28404805,0.7159519,-0.0109790028946353
2025-02-20,BRITANNIA,-1,-1,0.6618886,0.33811137,0.6618886,-0.0010542951791304
2025-02-21,BRITANNIA,-1,-1,0.65290546,0.34709454,0.65290546,-0.000103391073665
2025-02-24,BRITANNIA,-1,-1,0.620981,0.37901902,0.620981,-0.0057120772749028
2025-02-27,BRITANNIA,-1,-1,0.56450963,0.43549034,0.56450963,-0.0031783750078355
2025-02-28,BRITANNIA,1,-1,0.5068722,0.49312785,0.5068722,-0.0391714592218747
2025-03-03,BRITANNIA,1,-1,0.5104436,0.48955637,0.5104436,0.0002501684654252
2025-03-04,BRITANNIA,1,-1,0.61380756,0.38619244,0.61380756,-0.0046555856696639
2025-03-05,BRITANNIA,1,-1,0.68785393,0.31214604,0.68785393,0.032118747461834
2025-03-06,BRITANNIA,1,-1,0.6234449,0.3765551,0.6234449,-0.004150698145291
2025-03-07,BRITANNIA,1,-1,0.73853755,0.26146242,0.73853755,0.0097182461797207
2025-03-10,BRITANNIA,1,-1,0.7393979,0.26060215,0.7393979,-0.0022218805066475
2025-03-11,BRITANNIA,1,-1,0.7316881,0.26831192,0.7316881,0.0051395492612269
2025-03-12,BRITANNIA,1,-1,0.7114084,0.28859162,0.7114084,0.0062997830369058
2025-03-13,BRITANNIA,1,-1,0.69975257,0.30024743,0.69975257,-0.0133136963572528
2025-03-17,BRITANNIA,1,1,0.38357067,0.6164293,0.6164293,-0.0112831972982346
2025-03-18,BRITANNIA,1,1,0.39725614,0.60274386,0.60274386,0.0
2025-03-19,BRITANNIA,1,1,0.4272653,0.5727347,0.5727347,0.0068878944986998
2025-03-20,BRITANNIA,1,1,0.36161387,0.63838613,0.63838613,0.0263431826228548
2025-03-21,BRITANNIA,1,1,0.40016592,0.5998341,0.5998341,-0.0035395881348024
2025-03-24,BRITANNIA,1,1,0.46510243,0.53489757,0.53489757,-0.0035625399474287
2025-03-25,BRITANNIA,1,1,0.4144321,0.5855679,0.5855679,0.0100795400908189
2025-03-26,BRITANNIA,1,1,0.38301253,0.61698747,0.61698747,0.0009287760381704
2025-03-27,BRITANNIA,1,1,0.33616513,0.66383487,0.66383487,-0.0017527041809078
2025-03-28,BRITANNIA,1,1,0.37292212,0.6270779,0.6270779,0.0197677929602182
2025-04-01,BRITANNIA,1,1,0.4070137,0.5929863,0.5929863,-0.0073123371051834
2025-04-02,BRITANNIA,1,1,0.3607893,0.6392107,0.6392107,0.0278730021966273
2025-04-03,BRITANNIA,1,1,0.34649068,0.6535093,0.6535093,0.0071565324029592
2025-04-04,BRITANNIA,1,1,0.43676567,0.5632343,0.5632343,-0.0098651328683055
2025-04-07,BRITANNIA,1,1,0.39975524,0.60024476,0.60024476,0.006459873382582
2025-04-08,BRITANNIA,1,1,0.4033814,0.5966186,0.5966186,0.0244271236018951
2025-04-09,BRITANNIA,1,-1,0.595678,0.40432206,0.595678,0.0309112674972096
2025-04-11,BRITANNIA,1,-1,0.5031929,0.49680707,0.5031929,0.0020132962229411
2025-04-15,BRITANNIA,1,1,0.47546506,0.52453494,0.52453494,0.0076818646766534
2025-04-16,BRITANNIA,-1,-1,0.5681838,0.4318162,0.5681838,0.004618593509085
2025-04-17,BRITANNIA,-1,1,0.39356,0.60644,0.60644,0.0070898498222469
2025-04-22,BRITANNIA,-1,1,0.42111588,0.5788841,0.5788841,0.0078431368952041
2025-04-23,BRITANNIA,-1,-1,0.5327959,0.46720412,0.5327959,0.0200165509227554
2025-04-25,BRITANNIA,1,1,0.45049703,0.54950297,0.54950297,-0.0075798311336326
2025-04-28,BRITANNIA,1,1,0.48616338,0.5138366,0.5138366,0.0015312682065682
2025-05-02,BRITANNIA,1,1,0.42797488,0.5720251,0.5720251,-0.0253543954494769
2025-05-05,BRITANNIA,1,1,0.4383992,0.5616008,0.5616008,0.0109413817488479
2025-05-07,BRITANNIA,1,1,0.41566193,0.58433807,0.58433807,-0.0078798466917924
2025-05-08,BRITANNIA,1,1,0.39278883,0.6072112,0.6072112,0.00747520821219
2025-05-09,BRITANNIA,1,1,0.37430537,0.62569463,0.62569463,0.0083472579705357
2025-05-12,BRITANNIA,-1,1,0.3749746,0.6250254,0.6250254,0.0317328785236181
2025-05-19,BRITANNIA,1,1,0.30783898,0.692161,0.692161,0.0032718217888927
2025-05-20,BRITANNIA,1,1,0.3049124,0.6950876,0.6950876,-0.0165775892803848
2025-05-21,BRITANNIA,1,1,0.29483378,0.7051662,0.7051662,0.0120670796535342
2025-05-22,BRITANNIA,1,1,0.32139516,0.67860484,0.67860484,-0.0101939144478397
2025-05-23,BRITANNIA,1,1,0.29595083,0.70404917,0.70404917,0.0090115038732891
2025-05-26,BRITANNIA,1,1,0.35147083,0.6485292,0.6485292,0.0070172186395387
2025-05-27,BRITANNIA,1,1,0.22791201,0.772088,0.772088,-0.0051583728719349
2025-05-28,BRITANNIA,1,1,0.20959961,0.7904004,0.7904004,-0.0042754084857835
2025-05-29,BRITANNIA,1,1,0.35827821,0.6417218,0.6417218,0.0041110968703637
2025-05-30,BRITANNIA,1,1,0.26883984,0.73116016,0.73116016,0.0027294499566934
2025-06-02,BRITANNIA,-1,1,0.4665581,0.5334419,0.5334419,0.0171491231220015
2025-06-05,BRITANNIA,-1,1,0.38188672,0.6181133,0.6181133,0.0104654938705894
2025-06-09,BRITANNIA,-1,1,0.36254203,0.63745797,0.63745797,0.015960769984419
2025-06-10,BRITANNIA,-1,1,0.32681954,0.67318046,0.67318046,-0.0052659086316877
2025-06-11,BRITANNIA,1,1,0.4154746,0.5845254,0.5845254,-0.0029997679795347
2025-06-12,BRITANNIA,1,1,0.46662843,0.53337157,0.53337157,-0.0142478396703906
2025-06-13,BRITANNIA,1,1,0.35187447,0.6481255,0.6481255,8.97965136392731e-05
2025-06-16,BRITANNIA,1,1,0.26479232,0.7352077,0.7352077,-0.0017055365104176
2025-06-17,BRITANNIA,1,1,0.26661462,0.7333854,0.7333854,0.0014387137479185
2025-06-18,BRITANNIA,1,1,0.3223269,0.6776731,0.6776731,0.0007183234121908
2025-06-19,BRITANNIA,1,1,0.30438834,0.69561166,0.69561166,-0.0026020754463396
2025-06-20,BRITANNIA,1,1,0.28334367,0.7166563,0.7166563,0.0052177278141098
2025-06-23,BRITANNIA,1,1,0.32988995,0.67011005,0.67011005,-0.0031323251313997
2025-06-24,BRITANNIA,1,1,0.3255763,0.6744237,0.6744237,0.0085286259472487
2025-06-25,BRITANNIA,1,1,0.38362294,0.61637706,0.61637706,0.0162007980581975
2025-06-26,BRITANNIA,1,1,0.45534962,0.5446504,0.5446504,0.0210231282923791
2025-06-27,BRITANNIA,-1,1,0.4098127,0.5901873,0.5901873,-0.0057481532887277
2025-06-30,BRITANNIA,-1,-1,0.5116591,0.4883409,0.5116591,0.0097506938072473
2025-07-01,BRITANNIA,1,1,0.39561224,0.60438776,0.60438776,-0.0183729173296502
2025-07-04,BRITANNIA,-1,1,0.4125902,0.5874098,0.5874098,-0.0039692228573419
2025-07-07,BRITANNIA,-1,1,0.42065942,0.5793406,0.5793406,0.0194922763379592
2025-07-08,BRITANNIA,-1,1,0.4816935,0.5183065,0.5183065,-0.0076477863438836
2025-07-09,BRITANNIA,-1,-1,0.5117778,0.48822218,0.5117778,0.0073642027092444
2025-07-10,BRITANNIA,-1,1,0.49456,0.50544,0.50544,-0.000680038114429
2025-07-11,BRITANNIA,-1,1,0.42542285,0.57457715,0.57457715,-0.0203300269372646
2025-07-14,BRITANNIA,-1,1,0.34055668,0.6594433,0.6594433,0.003386349489479
2025-07-15,BRITANNIA,-1,1,0.47851723,0.52148277,0.52148277,0.0012980003722515
2025-07-16,BRITANNIA,-1,1,0.38262278,0.6173772,0.6173772,0.0001728024652354
2025-07-17,BRITANNIA,-1,1,0.38566244,0.61433756,0.61433756,0.0036291651791637
2025-07-18,BRITANNIA,1,1,0.23448491,0.7655151,0.7655151,-0.0123977973251578
2025-07-21,BRITANNIA,1,1,0.2748323,0.7251677,0.7251677,-0.009415009488666
2025-07-23,BRITANNIA,-1,-1,0.5039882,0.4960118,0.5039882,0.0019268999865595
2025-07-24,BRITANNIA,-1,1,0.40779924,0.59220076,0.59220076,-0.0081300707532381
2025-07-25,BRITANNIA,-1,1,0.45512438,0.5448756,0.5448756,-0.0139256008995454
2025-07-28,BRITANNIA,-1,1,0.2655896,0.7344104,0.7344104,0.0054522707006066
2025-07-29,BRITANNIA,-1,1,0.21872234,0.78127766,0.78127766,0.0002666673233671
2025-07-30,BRITANNIA,-1,1,0.33832777,0.66167223,0.66167223,0.0215073343858842
2025-07-31,BRITANNIA,-1,1,0.44975305,0.55024695,0.55024695,0.0041760751590236
2025-08-01,BRITANNIA,-1,1,0.37484258,0.6251574,0.6251574,0.0046785894508398
2025-08-04,BRITANNIA,-1,1,0.43175042,0.5682496,0.5682496,0.0111829460073387
2025-08-05,BRITANNIA,1,1,0.32931805,0.67068195,0.67068195,-0.0261793675479523
2025-08-06,BRITANNIA,1,1,0.28434932,0.7156507,0.7156507,-0.0413450448052523
2025-08-07,BRITANNIA,1,1,0.3328808,0.6671192,0.6671192,0.0136973623322536
2025-08-08,BRITANNIA,1,1,0.3337186,0.6662814,0.6662814,-0.0163425545512645
2025-08-11,BRITANNIA,1,1,0.35410118,0.6458988,0.6458988,-0.0010209764247262
2025-08-12,BRITANNIA,1,1,0.25941736,0.74058264,0.74058264,-0.0080832481650097
2025-08-13,BRITANNIA,1,1,0.36242068,0.6375793,0.6375793,0.0070251030348444
2025-08-14,BRITANNIA,1,1,0.23238134,0.76761866,0.76761866,-0.0135801320807367
2025-08-18,BRITANNIA,1,1,0.25216073,0.7478393,0.7478393,0.0257425742574257
2025-08-19,BRITANNIA,1,1,0.2415688,0.7584312,0.7584312,0.0110314396028681
2025-08-20,BRITANNIA,1,1,0.35344416,0.64655584,0.64655584,0.0367339516275686
2025-08-21,BRITANNIA,1,1,0.30863124,0.69136876,0.69136876,-0.0181547097000526
2025-08-22,BRITANNIA,1,1,0.29743665,0.70256335,0.70256335,-0.0092898615453327
2025-08-25,BRITANNIA,1,1,0.24372196,0.75627804,0.75627804,0.0009016319538364
2025-08-26,BRITANNIA,1,1,0.22644615,0.77355385,0.77355385,0.0387352490766597
2025-08-28,BRITANNIA,1,1,0.17669684,0.82330316,0.82330316,-0.0077183245165206
2025-08-29,BRITANNIA,1,1,0.19271034,0.80728966,0.80728966,0.0180038454815592
2025-09-01,BRITANNIA,1,1,0.16732818,0.8326718,0.8326718,0.0038633241758241
2025-09-02,BRITANNIA,1,1,0.22390324,0.77609676,0.77609676,0.0076969126828017
2025-09-03,BRITANNIA,1,1,0.25439525,0.74560475,0.74560475,0.0028006449970297
2025-09-08,BRITANNIA,-1,1,0.28666496,0.71333504,0.71333504,0.0065009874917709
2025-09-09,BRITANNIA,-1,1,0.28586924,0.71413076,0.71413076,0.0044150110375276
2025-09-10,BRITANNIA,-1,1,0.33682996,0.66317004,0.66317004,0.0091982091982092
2025-09-11,BRITANNIA,-1,1,0.38350987,0.6164901,0.6164901,0.0163736086465557
2025-09-12,BRITANNIA,-1,1,0.30293608,0.6970639,0.6970639,-0.0084913895722561
2025-09-15,BRITANNIA,-1,-1,0.51665163,0.4833484,0.51665163,-0.0056026892908596
2025-09-16,BRITANNIA,-1,-1,0.5032983,0.4967017,0.5032983,-0.0015292981326464
2025-09-17,BRITANNIA,-1,-1,0.5007268,0.4992732,0.5007268,-0.0169286577992744
2025-09-18,BRITANNIA,-1,-1,0.61735517,0.38264483,0.61735517,0.0004920049200491
2025-09-19,BRITANNIA,-1,-1,0.7038579,0.2961421,0.7038579,-0.0050815506925662
2025-09-22,BRITANNIA,-1,-1,0.72303426,0.27696577,0.72303426,-0.0021418568251091
2025-09-23,BRITANNIA,-1,1,0.4674726,0.5325274,0.5325274,-0.0202262032527037
2025-09-24,BRITANNIA,-1,-1,0.70092064,0.29907936,0.70092064,0.0061509942703066
2025-09-25,BRITANNIA,-1,-1,0.6251769,0.3748231,0.6251769,-0.0028473327192027
2025-09-26,BRITANNIA,-1,-1,0.5722337,0.4277663,0.5722337,-0.0055429579239103
2025-09-29,BRITANNIA,-1,-1,0.5591179,0.44088206,0.5591179,0.0014356895532472
2025-09-30,BRITANNIA,-1,-1,0.61213607,0.38786393,0.61213607,0.0104570753921402
2025-10-01,BRITANNIA,1,-1,0.56048,0.43951997,0.56048,-0.0040894675346352
2025-10-03,BRITANNIA,1,-1,0.6593696,0.34063038,0.6593696,0.0043576636218889
2025-10-06,BRITANNIA,1,-1,0.68978274,0.3102173,0.68978274,0.0030871923237381
2025-10-07,BRITANNIA,1,-1,0.6678726,0.3321274,0.6678726,-0.020628847113625
2025-10-08,BRITANNIA,1,-1,0.7168892,0.2831108,0.7168892,-0.0086631561066756
2025-10-09,BRITANNIA,1,-1,0.79521257,0.20478742,0.79521257,0.0068540095956133
2025-10-10,BRITANNIA,1,-1,0.80039144,0.19960858,0.80039144,-0.0007658270932606
2025-10-14,BRITANNIA,1,-1,0.7705342,0.2294658,0.7705342,-0.0104912998976458
2025-10-16,BRITANNIA,-1,-1,0.84808874,0.15191129,0.84808874,0.0286811779769526
2025-10-17,BRITANNIA,-1,-1,0.8536706,0.14632937,0.8536706,0.0095427765330677
2025-10-20,BRITANNIA,-1,-1,0.71179473,0.2882053,0.71179473,-0.0021371034029261
2025-10-21,BRITANNIA,-1,-1,0.7101583,0.2898417,0.7101583,0.0008237232289951
2025-10-23,BRITANNIA,1,-1,0.554321,0.445679,0.554321,-0.0011522633744855
2025-10-24,BRITANNIA,1,-1,0.5746988,0.42530116,0.5746988,-0.0024719841793012
2025-10-27,BRITANNIA,1,1,0.31958807,0.68041193,0.68041193,-0.0232942342640013
2025-10-30,BRITANNIA,-1,1,0.34304976,0.65695024,0.65695024,0.0011960700555317
2025-11-06,BRITANNIA,-1,-1,0.62277937,0.37722063,0.62277937,0.0205345778532031
2025-11-07,BRITANNIA,-1,-1,0.67959976,0.32040024,0.67959976,0.0239461212272387
2025-11-10,BRITANNIA,-1,-1,0.634967,0.36503297,0.634967,-0.0038976857490864
2025-11-11,BRITANNIA,-1,-1,0.63457835,0.36542168,0.63457835,-0.0298361457569087
2025-11-14,BRITANNIA,1,-1,0.5206981,0.47930193,0.5206981,-0.0082030248654191
2025-11-19,BRITANNIA,-1,1,0.37700015,0.62299985,0.62299985,0.0059075342465753
2025-11-20,BRITANNIA,1,1,0.38520288,0.6147971,0.6147971,-0.0094476125627712
2025-11-21,BRITANNIA,1,1,0.3107416,0.6892584,0.6892584,-0.0010311050008592
2025-11-26,BRITANNIA,-1,1,0.44776446,0.55223554,0.55223554,0.0023010056246803
2025-11-28,BRITANNIA,1,1,0.3564375,0.6435625,0.6435625,0.0033467776538229
2025-12-01,BRITANNIA,1,1,0.42885453,0.5711455,0.5711455,-0.0055593568251796
2025-12-02,BRITANNIA,1,-1,0.66060185,0.33939815,0.66060185,0.0106648318568849
2025-12-03,BRITANNIA,1,-1,0.6416017,0.35839835,0.6416017,-0.0086801123308654
2025-12-04,BRITANNIA,1,-1,0.70444536,0.29555464,0.70444536,0.0089278049617993
2025-12-05,BRITANNIA,1,-1,0.7873196,0.21268038,0.7873196,0.0143793074108737
2025-12-08,BRITANNIA,1,-1,0.74132985,0.25867015,0.74132985,-0.0190404294581446
2025-12-09,BRITANNIA,1,-1,0.74777585,0.25222415,0.74777585,0.0062419837537408
2025-12-10,BRITANNIA,1,-1,0.6975694,0.3024306,0.6975694,-0.0094323589394968
2025-12-11,BRITANNIA,1,-1,0.6606226,0.33937743,0.6606226,0.003174058505619
2025-12-12,BRITANNIA,1,-1,0.7168504,0.2831496,0.7168504,0.0117154096117666
2025-12-16,BRITANNIA,-1,-1,0.7574375,0.24256247,0.7574375,0.0046372971182511
2025-12-17,BRITANNIA,-1,-1,0.6462611,0.3537389,0.6462611,0.0049455984174084
2025-12-18,BRITANNIA,-1,-1,0.62759405,0.37240595,0.62759405,-0.0091043307086614
2025-12-19,BRITANNIA,-1,-1,0.6407455,0.35925448,0.6407455,0.0103468255939078
2025-12-22,BRITANNIA,1,-1,0.51620054,0.48379943,0.51620054,-0.003277076847452
2025-12-23,BRITANNIA,1,1,0.47291273,0.5270873,0.5270873,-0.0036166365280289
2025-12-26,BRITANNIA,-1,1,0.42736077,0.5726392,0.5726392,0.0004145936981758
2025-12-29,BRITANNIA,-1,1,0.47891563,0.52108437,0.52108437,0.0014919187733113
2025-12-30,BRITANNIA,-1,-1,0.51924866,0.48075134,0.51924866,-0.0047173715136968
2025-12-31,BRITANNIA,-1,1,0.37199152,0.6280085,0.6280085,0.0029935140528853
2026-01-01,BRITANNIA,-1,1,0.367135,0.632865,0.632865,-0.0035649146078593
2026-01-02,BRITANNIA,-1,1,0.33016026,0.66983974,0.66983974,-0.0041600798735336
2026-01-05,BRITANNIA,-1,1,0.4544049,0.5455951,0.5455951,0.0070181301696048
2026-01-06,BRITANNIA,-1,-1,0.5905771,0.40942284,0.5905771,0.0170911806189331
2026-01-07,BRITANNIA,-1,-1,0.6672324,0.33276758,0.6672324,0.0090545721510726
2026-01-08,BRITANNIA,-1,1,0.4724155,0.5275845,0.5275845,-0.0244947453516571
2026-01-09,BRITANNIA,-1,1,0.47743052,0.5225695,0.5225695,-0.009281511560454
2026-01-12,BRITANNIA,-1,-1,0.5859157,0.41408432,0.5859157,-0.0056879966541195
2026-01-13,BRITANNIA,-1,-1,0.7096355,0.29036447,0.7096355,-0.0042904012787078
2026-01-14,BRITANNIA,-1,-1,0.6690349,0.3309651,0.6690349,-0.0019432240621831
2026-01-15,BRITANNIA,-1,1,0.42111635,0.57888365,0.57888365,0.0
2026-01-19,BRITANNIA,-1,1,0.49412322,0.5058768,0.5058768,0.0076290582351445
2026-01-21,BRITANNIA,1,1,0.4559834,0.5440166,0.5440166,-0.0138511216859279
2026-01-28,BRITANNIA,1,1,0.4475764,0.5524236,0.5524236,-0.0233605164797825
2026-01-29,BRITANNIA,1,1,0.48114264,0.51885736,0.51885736,-0.0044359398103853
2026-01-30,BRITANNIA,1,-1,0.6460552,0.3539448,0.6460552,0.024025860562642
2026-02-02,BRITANNIA,1,-1,0.61113,0.38887,0.61113,0.0047777493387937
2026-02-03,BRITANNIA,1,-1,0.6706828,0.32931718,0.6706828,-0.0011038464804279
2026-02-04,BRITANNIA,1,-1,0.7352291,0.26477093,0.7352291,-0.000510030601836
2026-02-05,BRITANNIA,1,-1,0.72551346,0.27448657,0.72551346,-0.0014458241197482
2026-02-06,BRITANNIA,1,-1,0.7326205,0.2673795,0.7326205,0.0068989012860913
2026-02-09,BRITANNIA,1,-1,0.7744947,0.2255053,0.7744947,-0.0115039756386398
2026-02-10,BRITANNIA,1,-1,0.7735379,0.22646213,0.7735379,0.0052199212733186
2026-02-11,BRITANNIA,1,-1,0.83314323,0.16685675,0.83314323,0.0247722822848386
2026-02-16,BRITANNIA,-1,-1,0.5479738,0.4520262,0.5479738,0.0209848674859962
2026-02-17,BRITANNIA,-1,-1,0.7091799,0.29082015,0.7091799,0.0064690468391745
2026-02-18,BRITANNIA,-1,-1,0.71206784,0.28793213,0.71206784,0.0049629810430396
2026-02-19,BRITANNIA,-1,-1,0.63687366,0.36312634,0.63687366,-0.0109294041450777
2026-02-20,BRITANNIA,-1,-1,0.6660943,0.3339057,0.6660943,-0.0016370631087828
2026-02-23,BRITANNIA,-1,-1,0.68436885,0.31563115,0.68436885,0.0039353939493318
2026-02-24,BRITANNIA,-1,-1,0.6867403,0.3132597,0.6867403,0.0065332788893426
2026-02-25,BRITANNIA,-1,-1,0.60204047,0.39795953,0.60204047,-0.0007302231237322
2026-02-26,BRITANNIA,-1,-1,0.56526446,0.43473557,0.56526446,-0.0034101981162715
2026-02-27,BRITANNIA,-1,-1,0.6618465,0.33815345,0.6618465,-0.0219162457226658
2026-03-02,BRITANNIA,-1,-1,0.55596685,0.44403312,0.55596685,-0.0072469804248229
2026-03-05,BRITANNIA,-1,-1,0.71048594,0.28951403,0.71048594,0.0124798369980474
2026-03-06,BRITANNIA,-1,-1,0.68299735,0.31700268,0.68299735,0.0033540164346805
2026-03-09,BRITANNIA,-1,-1,0.5355129,0.46448705,0.5355129,-0.0155440414507772
2026-03-10,BRITANNIA,-1,-1,0.6652311,0.33476886,0.6652311,0.0132427843803055
2026-03-11,BRITANNIA,-1,-1,0.6965381,0.30346188,0.6965381,-0.0077915549597855
2026-03-12,BRITANNIA,-1,-1,0.6006353,0.39936468,0.6006353,-0.022713839398801
2026-03-13,BRITANNIA,-1,-1,0.5754374,0.4245626,0.5754374,0.0037152237774322
2026-03-16,BRITANNIA,-1,-1,0.5669237,0.43307632,0.5669237,0.005767409830421
2026-03-17,BRITANNIA,-1,-1,0.60445577,0.39554423,0.60445577,0.0026532009585757
2026-03-18,BRITANNIA,-1,-1,0.5873332,0.4126668,0.5873332,0.0046948356807512
2026-03-19,BRITANNIA,-1,-1,0.51098275,0.48901722,0.51098275,-0.0359388275276125
2026-03-24,BRITANNIA,1,1,0.44585705,0.55414295,0.55414295,0.0042805100182148
2026-03-25,BRITANNIA,-1,1,0.46240294,0.53759706,0.53759706,0.024213294640428
2026-03-27,BRITANNIA,1,1,0.39330488,0.6066951,0.6066951,-0.0260315211616787
2026-03-30,BRITANNIA,1,1,0.4945997,0.5054003,0.5054003,-0.014
2026-04-01,BRITANNIA,1,1,0.3167745,0.6832255,0.6832255,0.0094043887147334
2026-04-02,BRITANNIA,1,-1,0.5127068,0.48729318,0.5127068,-0.0058458165875046
2026-04-06,BRITANNIA,1,1,0.4341225,0.5658775,0.5658775,0.0170893054024254
2026-04-07,BRITANNIA,1,1,0.45987278,0.5401272,0.5401272,0.0012646793134598
2026-04-08,BRITANNIA,1,-1,0.52091914,0.47908086,0.52091914,0.0094731143991337
2026-04-09,BRITANNIA,1,-1,0.64922935,0.35077065,0.64922935,-0.0213602645455357
2026-04-10,BRITANNIA,1,1,0.3039357,0.6960643,0.6960643,0.015068493150685
2026-04-13,BRITANNIA,1,1,0.3242427,0.6757573,0.6757573,0.0056680161943318
2026-04-15,BRITANNIA,1,1,0.30900812,0.6909919,0.6909919,0.0117194489175165
2026-04-16,BRITANNIA,1,1,0.3663435,0.6336565,0.6336565,-0.0121142452913608
2025-01-01,CIPLA,-1,1,0.47974175,0.52025825,0.52025825,6.535852783540186e-05
2025-01-02,CIPLA,-1,1,0.45311928,0.5468807,0.5468807,0.005755047406041
2025-01-03,CIPLA,-1,1,0.428397,0.571603,0.571603,-0.0173288800173408
2025-01-06,CIPLA,-1,1,0.4600706,0.5399294,0.5399294,-0.0131347827975262
2025-01-07,CIPLA,-1,1,0.47974628,0.5202537,0.5202537,0.0040565281671312
2025-01-08,CIPLA,-1,1,0.4318164,0.5681836,0.5681836,-0.0017028284270184
2025-01-09,CIPLA,-1,1,0.4125721,0.5874279,0.5874279,-0.0044819644815022
2025-01-10,CIPLA,-1,1,0.31808394,0.68191606,0.68191606,-0.0130357957958555
2025-01-13,CIPLA,-1,1,0.37337214,0.62662786,0.62662786,-0.0201525648298891
2025-01-14,CIPLA,-1,1,0.4191838,0.5808162,0.5808162,0.0059408607381559
2025-01-15,CIPLA,-1,1,0.3920598,0.6079402,0.6079402,-0.0003799869019989
2025-01-16,CIPLA,1,1,0.39198023,0.60801977,0.60801977,-0.002556572990163
2025-01-17,CIPLA,1,1,0.31374258,0.6862574,0.6862574,-0.0008312701861434
2025-01-21,CIPLA,-1,-1,0.5314647,0.46853533,0.5314647,-0.0120723231499699
2025-01-22,CIPLA,1,1,0.43112248,0.5688775,0.5688775,0.0079832162558954
2025-01-23,CIPLA,-1,1,0.49982822,0.5001718,0.5001718,0.0081630693922611
2025-01-24,CIPLA,1,1,0.37710786,0.62289214,0.62289214,-0.0273920473708386
2025-01-27,CIPLA,1,1,0.42576802,0.574232,0.574232,-0.0108403133116543
2025-01-28,CIPLA,1,1,0.4199934,0.5800066,0.5800066,0.0175488270117365
2025-01-29,CIPLA,1,-1,0.5446336,0.45536637,0.5446336,0.0023581464567619
2025-02-01,CIPLA,1,1,0.48763007,0.51236993,0.51236993,-0.0269703884139228
2025-02-03,CIPLA,1,1,0.45978904,0.54021096,0.54021096,-0.0131642403909238
2025-02-04,CIPLA,1,1,0.45020133,0.54979867,0.54979867,0.0200626220889292
2025-02-05,CIPLA,1,1,0.4655838,0.5344162,0.5344162,-0.0084537858684161
2025-02-10,CIPLA,1,-1,0.5521202,0.44787982,0.5521202,-0.009101668228556
2025-02-13,CIPLA,-1,-1,0.6015283,0.39847174,0.6015283,0.0158363858374253
2025-02-14,CIPLA,-1,-1,0.5719459,0.42805406,0.5719459,-0.0086268573086005
2025-02-17,CIPLA,-1,-1,0.6185322,0.38146785,0.6185322,0.010414856213071
2025-02-18,CIPLA,-1,-1,0.62221295,0.37778705,0.62221295,0.0050520177533852
2025-02-20,CIPLA,-1,-1,0.5972039,0.4027961,0.5972039,0.0106203945820635
2025-02-21,CIPLA,-1,-1,0.5654593,0.4345407,0.5654593,-0.0026694276989143
2025-02-24,CIPLA,-1,-1,0.6547327,0.34526727,0.6547327,0.000677670465556
2025-02-27,CIPLA,1,-1,0.544472,0.455528,0.544472,-0.0151706521314833
2025-02-28,CIPLA,1,1,0.43058622,0.5694138,0.5694138,-0.0233493897288435
2025-03-03,CIPLA,1,1,0.31418312,0.6858169,0.6858169,3.55002449079489e-05
2025-03-04,CIPLA,1,1,0.48742563,0.5125744,0.5125744,-0.0040851004450345
2025-03-05,CIPLA,1,-1,0.511165,0.48883495,0.511165,0.0128049472235542
2025-03-06,CIPLA,1,-1,0.57163846,0.42836154,0.57163846,0.0295826355012307
2025-03-07,CIPLA,1,-1,0.6738958,0.32610422,0.6738958,-0.0022575790697065
2025-03-10,CIPLA,1,-1,0.66288346,0.33711654,0.66288346,0.0029483962142369
2025-03-11,CIPLA,1,-1,0.65969837,0.3403016,0.65969837,-0.0116219401231221
2025-03-12,CIPLA,1,-1,0.61817586,0.38182417,0.61817586,0.0059138599420194
2025-03-13,CIPLA,-1,-1,0.56369436,0.43630564,0.56369436,0.0052258688184001
2025-03-17,CIPLA,-1,1,0.28909874,0.71090126,0.71090126,0.0210000484416554
2025-03-18,CIPLA,-1,1,0.28841305,0.71158695,0.71158695,0.0
2025-03-20,CIPLA,-1,1,0.27815586,0.72184414,0.72184414,0.0086048880800819
2025-03-21,CIPLA,-1,1,0.1890583,0.8109417,0.8109417,0.0078039829817622
2025-03-24,CIPLA,-1,1,0.15987164,0.84012836,0.84012836,0.0001312397901556
2025-03-25,CIPLA,-1,1,0.21030653,0.7896935,0.7896935,-0.0084315155000486
2025-03-26,CIPLA,-1,1,0.21897721,0.7810228,0.7810228,-0.0231604413880981
2025-03-28,CIPLA,1,1,0.21228278,0.7877172,0.7877172,-0.027446270732941
2025-04-01,CIPLA,1,1,0.31942123,0.68057877,0.68057877,0.0014215164570234
2025-04-02,CIPLA,1,1,0.25374818,0.7462518,0.7462518,0.0056083735127383
2025-04-03,CIPLA,1,1,0.3535447,0.6464553,0.6464553,0.0298482003625752
2025-04-04,CIPLA,1,1,0.17422771,0.8257723,0.8257723,-0.053787472669294
2025-04-07,CIPLA,1,1,0.21080053,0.7891995,0.7891995,-0.0215863412240875
2025-04-08,CIPLA,1,1,0.22125185,0.77874815,0.77874815,0.0345563015255041
2025-04-09,CIPLA,1,1,0.47602433,0.5239757,0.5239757,-0.0118321516941994
2025-04-11,CIPLA,1,1,0.45371503,0.546285,0.546285,0.0335194493649786
2025-04-15,CIPLA,1,1,0.4107222,0.5892778,0.5892778,0.0128156478135581
2025-04-16,CIPLA,1,-1,0.5119214,0.48807856,0.5119214,0.009852876674645
2025-04-17,CIPLA,1,1,0.44175988,0.5582401,0.5582401,0.0125634195823989
2025-04-22,CIPLA,-1,1,0.43237698,0.567623,0.567623,0.0113162931826442
2025-04-23,CIPLA,-1,1,0.4482429,0.5517571,0.5517571,0.0035990229839355
2025-04-24,CIPLA,-1,-1,0.518433,0.481567,0.518433,0.011736286100983
2025-04-28,CIPLA,-1,1,0.49362493,0.5063751,0.5063751,0.0191362375306767
2025-04-29,CIPLA,-1,1,0.47761923,0.52238077,0.52238077,-0.0087454464518124
2025-04-30,CIPLA,-1,1,0.42941988,0.5705801,0.5705801,0.0055790161060504
2025-05-05,CIPLA,-1,1,0.39372128,0.6062787,0.6062787,0.0187520808468732
2025-05-06,CIPLA,-1,1,0.4056955,0.5943045,0.5943045,-0.0204161334160146
2025-05-07,CIPLA,-1,1,0.3252282,0.6747718,0.6747718,-0.0017201713167535
2025-05-08,CIPLA,-1,1,0.27585697,0.724143,0.724143,-0.0145811942007862
2025-05-12,CIPLA,-1,1,0.3425414,0.6574586,0.6574586,0.0213513422041689
2025-05-13,CIPLA,-1,1,0.2450878,0.7549122,0.7549122,0.0056231786352511
2025-05-14,CIPLA,-1,1,0.31896144,0.68103856,0.68103856,-0.0166435612055831
2025-05-15,CIPLA,-1,1,0.22804427,0.7719557,0.7719557,0.0049504063849588
2025-05-16,CIPLA,-1,1,0.30341452,0.6965855,0.6965855,-0.0015310504622471
2025-05-19,CIPLA,-1,1,0.2558934,0.7441066,0.7441066,-0.0055337067930806
2025-05-20,CIPLA,1,1,0.19319487,0.80680513,0.80680513,-0.0249396259085062
2025-05-22,CIPLA,1,1,0.22113168,0.7788683,0.7788683,-0.009376664261156
2025-05-23,CIPLA,1,1,0.25288898,0.747111,0.747111,0.0106911801103639
2025-05-26,CIPLA,1,1,0.3246618,0.6753382,0.6753382,0.0
2025-05-27,CIPLA,1,1,0.2053523,0.7946477,0.7946477,-0.0024929225189872
2025-05-28,CIPLA,1,1,0.19650263,0.8034974,0.8034974,-0.0081053714116763
2025-05-29,CIPLA,1,1,0.29349,0.70651,0.70651,0.0057201657223231
2025-05-30,CIPLA,1,1,0.25443065,0.74556935,0.74556935,-0.0075835643938861
2025-06-02,CIPLA,1,1,0.28965575,0.71034425,0.71034425,0.0030702588007212
2025-06-03,CIPLA,1,1,0.2901038,0.7098962,0.7098962,0.0020405181654032
2025-06-04,CIPLA,1,1,0.2502694,0.7497306,0.7497306,-0.000882345773521
2025-06-10,CIPLA,-1,1,0.20942366,0.79057634,0.79057634,0.0027877550706221
2025-06-11,CIPLA,-1,1,0.2577945,0.7422055,0.7422055,0.0072147187481346
2025-06-12,CIPLA,1,1,0.32950622,0.6704938,0.6704938,-0.0124202915353562
2025-06-13,CIPLA,1,1,0.26964337,0.73035663,0.73035663,0.0015969370858344
2025-06-17,CIPLA,1,1,0.30574614,0.69425386,0.69425386,-0.0153896321466103
2025-06-18,CIPLA,1,1,0.32077765,0.67922235,0.67922235,-0.0035916816750874
2025-06-19,CIPLA,1,1,0.331223,0.668777,0.668777,-0.0094118929841265
2025-06-20,CIPLA,1,1,0.36881596,0.63118404,0.63118404,0.0105795134130488
2025-06-23,CIPLA,1,1,0.45189273,0.54810727,0.54810727,-0.0004001417936668
2025-06-26,CIPLA,-1,1,0.46068925,0.53931075,0.53931075,0.0025165907805728
2025-06-27,CIPLA,-1,1,0.43711805,0.56288195,0.56288195,0.003071154650807
2025-06-30,CIPLA,-1,1,0.33649957,0.6635004,0.6635004,0.002329605925935
2025-07-01,CIPLA,-1,1,0.28591716,0.71408284,0.71408284,0.0065076874951413
2025-07-02,CIPLA,-1,1,0.33360946,0.66639054,0.66639054,-0.0119416613901341
2025-07-03,CIPLA,-1,1,0.2866491,0.7133509,0.7133509,0.0074118427930627
2025-07-04,CIPLA,-1,1,0.21156824,0.78843176,0.78843176,0.003049047395194
2025-07-07,CIPLA,-1,1,0.18626356,0.81373644,0.81373644,-0.0018502932252552
2025-07-08,CIPLA,-1,1,0.3678009,0.6321991,0.6321991,-0.014697087833085
2025-07-09,CIPLA,-1,1,0.35556126,0.64443874,0.64443874,0.0022844199638554
2025-07-10,CIPLA,1,1,0.39592886,0.60407114,0.60407114,-0.0093181623642411
2025-07-11,CIPLA,1,1,0.37229973,0.62770027,0.62770027,0.004872073984288
2025-07-14,CIPLA,1,1,0.37461174,0.62538826,0.62538826,-0.0006734006734007
2025-07-15,CIPLA,1,1,0.38515717,0.61484283,0.61484283,0.0046496121388561
2025-07-16,CIPLA,1,1,0.30492735,0.69507265,0.69507265,-0.0101280939960222
2025-07-17,CIPLA,1,1,0.31916124,0.68083876,0.68083876,0.0044721340070277
2025-07-18,CIPLA,1,1,0.27627695,0.72372305,0.72372305,-6.7441705538962e-05
2025-07-21,CIPLA,1,1,0.25824893,0.7417511,0.7417511,-0.0056668853385678
2025-07-22,CIPLA,1,1,0.27493984,0.72506016,0.72506016,-0.006445484661537
2025-07-23,CIPLA,1,1,0.3868624,0.6131376,0.6131376,0.0062141323642619
2025-07-25,CIPLA,-1,1,0.37496728,0.6250327,0.6250327,0.0299751158371686
2025-07-28,CIPLA,-1,1,0.15506464,0.84493536,0.84493536,0.0257748776508972
2025-07-29,CIPLA,-1,1,0.18586594,0.81413406,0.81413406,0.0012722646310432
2025-07-31,CIPLA,1,1,0.18364489,0.8163551,0.8163551,-0.0030781382281487
2025-08-01,CIPLA,1,1,0.13531613,0.86468387,0.86468387,-0.0333204216977353
2025-08-04,CIPLA,1,1,0.18624258,0.8137574,0.8137574,0.0081846728494612
2025-08-05,CIPLA,1,1,0.20538872,0.7946113,0.7946113,-0.0100982951649085
2025-08-06,CIPLA,1,1,0.15944058,0.8405594,0.8405594,-0.0087345627615399
2025-08-07,CIPLA,1,1,0.18226695,0.81773305,0.81773305,0.0028923447698612
2025-08-08,CIPLA,1,1,0.1906997,0.8093003,0.8093003,-0.0034875594714117
2025-08-11,CIPLA,1,1,0.16199338,0.8380066,0.8380066,0.0127877233649209
2025-08-12,CIPLA,1,1,0.15378356,0.84621644,0.84621644,0.0111642252875361
2025-08-13,CIPLA,1,1,0.3370033,0.6629967,0.6629967,0.0258938124646659
2025-08-14,CIPLA,1,1,0.3230226,0.6769774,0.6769774,0.0019218449711724
2025-08-19,CIPLA,1,1,0.30496907,0.6950309,0.6950309,-0.0104139581307861
2025-08-20,CIPLA,1,1,0.39945465,0.60054535,0.60054535,-0.001807766017167
2025-08-21,CIPLA,-1,1,0.35347587,0.64652413,0.64652413,0.0302050798652198
2025-08-22,CIPLA,-1,1,0.3542508,0.6457492,0.6457492,0.0
2025-08-25,CIPLA,-1,1,0.24357295,0.75642705,0.75642705,0.0052736703203457
2025-08-26,CIPLA,-1,1,0.31854576,0.68145424,0.68145424,-0.0133649156859441
2025-08-28,CIPLA,-1,1,0.25547487,0.74452513,0.74452513,0.0003164957491745
2025-08-29,CIPLA,-1,1,0.24673617,0.75326383,0.75326383,0.0057583846768123
2025-09-01,CIPLA,-1,1,0.20443761,0.7955624,0.7955624,-0.0013842161874878
2025-09-02,CIPLA,-1,1,0.2605574,0.7394426,0.7394426,-0.0113407261553342
2025-09-03,CIPLA,-1,1,0.29667467,0.70332533,0.70332533,0.0058629069133713
2025-09-05,CIPLA,1,1,0.30163318,0.6983668,0.6983668,-0.0154645859164379
2025-09-09,CIPLA,-1,1,0.4220469,0.5779531,0.5779531,0.0067480046350603
2025-09-10,CIPLA,-1,-1,0.50696695,0.49303308,0.50696695,0.0078628985783402
2025-09-11,CIPLA,-1,1,0.45553136,0.54446864,0.54446864,-0.0019184038280649
2025-09-12,CIPLA,-1,1,0.4877547,0.5122453,0.5122453,0.0088415724795585
2025-09-15,CIPLA,-1,1,0.4967295,0.5032705,0.5032705,-0.0167026083866321
2025-09-16,CIPLA,-1,-1,0.5339563,0.4660437,0.5339563,0.0069107736449234
2025-09-17,CIPLA,-1,1,0.49784374,0.50215626,0.50215626,0.0003848464310054
2025-09-18,CIPLA,-1,-1,0.574267,0.42573294,0.574267,0.0119261194390245
2025-09-19,CIPLA,-1,-1,0.66716945,0.33283055,0.66716945,-0.0015206579761759
2025-09-22,CIPLA,-1,-1,0.6207411,0.37925884,0.6207411,-0.0213225641674763
2025-09-23,CIPLA,-1,1,0.4641546,0.5358454,0.5358454,-0.0097911918454305
2025-09-24,CIPLA,-1,-1,0.5793992,0.4206008,0.5793992,0.0071377281044617
2025-09-25,CIPLA,1,1,0.41359264,0.58640736,0.58640736,-0.0184005519038523
2025-09-26,CIPLA,1,1,0.35720885,0.64279115,0.64279115,-0.0068224992322596
2025-09-29,CIPLA,1,1,0.39732575,0.60267425,0.60267425,-0.0076030573752441
2025-09-30,CIPLA,1,1,0.4519158,0.5480842,0.5480842,0.0102822908791162
2025-10-01,CIPLA,1,1,0.36663878,0.6333612,0.6333612,0.0064524385397555
2025-10-03,CIPLA,1,1,0.3765245,0.6234755,0.6234755,0.003106378831378
2025-10-06,CIPLA,1,1,0.364707,0.635293,0.635293,-0.0030308860340844
2025-10-07,CIPLA,1,-1,0.52788174,0.47211823,0.52788174,0.0001322273778439
2025-10-08,CIPLA,1,-1,0.5469774,0.45302257,0.5469774,-0.0123571483769319
2025-10-09,CIPLA,1,-1,0.5747953,0.4252047,0.5747953,0.0123778939530272
2025-10-10,CIPLA,1,-1,0.67417604,0.32582396,0.67417604,0.0321856281990413
2025-10-14,CIPLA,1,-1,0.59755254,0.40244743,0.59755254,-0.0072268655245905
2025-10-15,CIPLA,-1,-1,0.6146578,0.38534218,0.6146578,0.0041228513447393
2025-10-16,CIPLA,-1,-1,0.6481012,0.3518988,0.6481012,0.0068647421424135
2025-10-17,CIPLA,-1,-1,0.7026515,0.29734847,0.7026515,0.0052248955297018
2025-10-20,CIPLA,-1,-1,0.7486443,0.2513557,0.7486443,0.0389832663233644
2025-10-21,CIPLA,-1,-1,0.7501504,0.24984962,0.7501504,0.0149472273594792
2025-10-23,CIPLA,-1,-1,0.593081,0.40691897,0.593081,-0.0111204618126325
2025-10-24,CIPLA,-1,-1,0.5396564,0.46034363,0.5396564,-0.036897423908997
2025-10-27,CIPLA,-1,1,0.42646217,0.5735378,0.5735378,-0.0002524769047579
2025-10-28,CIPLA,-1,1,0.32995737,0.67004263,0.67004263,-0.010037894200797
2025-10-29,CIPLA,-1,1,0.45445567,0.5455443,0.5455443,0.0082902877382817
2025-10-31,CIPLA,1,1,0.26782924,0.73217076,0.73217076,-0.0251931221173163
2025-11-04,CIPLA,1,1,0.3887517,0.6112483,0.6112483,-0.0054250421249586
2025-11-06,CIPLA,1,1,0.3564316,0.6435684,0.6435684,-0.0011973982369841
2025-11-17,CIPLA,-1,1,0.24921972,0.7507803,0.7507803,0.0022844462213775
2025-11-19,CIPLA,-1,1,0.19575804,0.80424196,0.80424196,0.0081215244820898
2025-11-25,CIPLA,-1,1,0.17490363,0.82509637,0.82509637,0.0023271276595744
2025-11-26,CIPLA,-1,1,0.18378913,0.81621087,0.81621087,0.0108126360385572
2025-11-27,CIPLA,-1,1,0.1834451,0.8165549,0.8165549,0.0009186916254706
2025-11-28,CIPLA,-1,1,0.24636477,0.7536352,0.7536352,0.0039995396351559
2025-12-01,CIPLA,-1,1,0.3116703,0.6883297,0.6883297,-0.0053549748453693
2025-12-02,CIPLA,-1,1,0.4609837,0.5390163,0.5390163,-0.0042676121752937
2025-12-03,CIPLA,-1,-1,0.5069445,0.49305552,0.5069445,-0.0056705629199386
2025-12-04,CIPLA,-1,-1,0.5244529,0.47554705,0.5244529,0.0086206896551723
2025-12-08,CIPLA,1,-1,0.52791893,0.47208104,0.52791893,-0.0152551765500432
2025-12-09,CIPLA,1,1,0.47922182,0.5207782,0.5207782,-0.0046741453753438
2025-12-12,CIPLA,-1,-1,0.5008837,0.4991163,0.5008837,0.0033723305040487
2025-12-15,CIPLA,-1,1,0.41462618,0.5853738,0.5853738,-0.0061948228962842
2025-12-16,CIPLA,1,1,0.45101535,0.54898465,0.54898465,-0.0055703079668849
2025-12-18,CIPLA,1,1,0.37708455,0.62291545,0.62291545,0.0013360945737059
2025-12-22,CIPLA,1,1,0.2926407,0.7073593,0.7073593,-0.002768407645813
2025-12-23,CIPLA,-1,1,0.3154536,0.6845464,0.6845464,-0.0080640313605074
2025-12-24,CIPLA,-1,1,0.2726822,0.7273178,0.7273178,-0.0029319001045573
2025-12-26,CIPLA,-1,1,0.3241877,0.6758123,0.6758123,0.0064826243770237
2025-12-29,CIPLA,-1,1,0.24322456,0.75677544,0.75677544,-0.0079681274900398
2025-12-30,CIPLA,-1,1,0.24606311,0.7539369,0.7539369,-0.001004016064257
2025-12-31,CIPLA,-1,1,0.31079012,0.6892099,0.6892099,0.0125963476235342
2026-01-01,CIPLA,-1,1,0.30593747,0.69406253,0.69406253,-0.0068815086865952
2026-01-02,CIPLA,-1,1,0.41729617,0.5827038,0.5827038,0.0071290232512668
2026-01-05,CIPLA,-1,1,0.48374993,0.5162501,0.5162501,0.0054247640742446
2026-01-06,CIPLA,-1,-1,0.5684048,0.43159518,0.5684048,0.0072377942141019
2026-01-07,CIPLA,-1,1,0.37153018,0.6284698,0.6284698,-0.041089640977092
2026-01-08,CIPLA,-1,1,0.23138922,0.7686108,0.7686108,-0.0049731239912192
2026-01-09,CIPLA,-1,1,0.29251194,0.70748806,0.70748806,0.003491699076533
2026-01-12,CIPLA,-1,1,0.3546921,0.6453079,0.6453079,-0.0003411339405451
2026-01-13,CIPLA,-1,1,0.39157617,0.6084238,0.6084238,-0.011534195268184
2026-01-14,CIPLA,-1,1,0.3697775,0.6302225,0.6302225,-0.0095284460145472
2026-01-15,CIPLA,-1,1,0.43273938,0.5672606,0.5672606,0.0
2026-01-16,CIPLA,-1,1,0.37151033,0.6284897,0.6284897,-0.0257929592192401
2026-01-19,CIPLA,-1,1,0.3997808,0.6002192,0.6002192,-0.0037208952929338
2026-01-20,CIPLA,-1,1,0.4416319,0.5583681,0.5583681,-0.0099834977566523
2026-01-21,CIPLA,-1,1,0.4526413,0.5473587,0.5473587,-0.0063842488916566
2026-01-22,CIPLA,-1,1,0.31258166,0.68741834,0.68741834,0.0005841478113217
2026-01-23,CIPLA,1,1,0.45527732,0.5447227,0.5447227,-0.0404261700431227
2026-01-27,CIPLA,1,1,0.3780405,0.6219595,0.6219595,-0.0015209125475285
2026-01-28,CIPLA,1,1,0.4443872,0.5556128,0.5556128,0.0117288837883187
2026-02-02,CIPLA,1,-1,0.508075,0.491925,0.508075,-0.0093655773520109
2026-02-03,CIPLA,1,1,0.4179901,0.5820099,0.5820099,0.0085392447778782
2026-02-04,CIPLA,1,-1,0.55105484,0.44894513,0.55105484,0.0029482175686377
2026-02-06,CIPLA,1,1,0.49296796,0.50703204,0.50703204,-0.0024750984079131
2026-02-09,CIPLA,-1,-1,0.5549194,0.44508058,0.5549194,0.0093984962406015
2026-02-10,CIPLA,-1,-1,0.5485647,0.45143536,0.5485647,-0.0002979697683892
2026-02-12,CIPLA,1,-1,0.52880716,0.4711928,0.52880716,-0.014741850547562
2026-02-13,CIPLA,1,-1,0.50586677,0.49413326,0.50586677,0.0011278195488721
2026-02-17,CIPLA,-1,-1,0.5017331,0.49826688,0.5017331,-0.0092155704622607
2026-02-18,CIPLA,-1,1,0.48005497,0.519945,0.519945,0.0043902256915537
2026-02-20,CIPLA,-1,1,0.25824094,0.74175906,0.74175906,0.0091804883345187
2026-02-23,CIPLA,1,1,0.4051473,0.5948527,0.5948527,-0.0108865676323337
2026-02-25,CIPLA,-1,1,0.29943955,0.70056045,0.70056045,0.014622767112433
2026-02-26,CIPLA,-1,1,0.44772768,0.5522723,0.5522723,0.0089146424616615
2026-02-27,CIPLA,-1,-1,0.5233298,0.4766702,0.5233298,-0.0072896138664543
2026-03-02,CIPLA,-1,1,0.3889078,0.6110922,0.6110922,0.0025218992265259
2026-03-04,CIPLA,-1,1,0.3426277,0.6573723,0.6573723,-0.0284107909941442
2026-03-05,CIPLA,-1,1,0.42528057,0.5747194,0.5747194,0.0100518380543708
2026-03-06,CIPLA,-1,1,0.4727065,0.5272935,0.5272935,-0.0039204411538552
2026-03-09,CIPLA,-1,1,0.3836704,0.6163296,0.6163296,0.002876210239604
2026-03-10,CIPLA,-1,1,0.41570276,0.58429724,0.58429724,0.0064150943396226
2026-03-11,CIPLA,-1,1,0.44327825,0.55672175,0.55672175,-0.0029996250468691
2026-03-12,CIPLA,-1,1,0.4026739,0.5973261,0.5973261,-0.0039112081022
2026-03-13,CIPLA,-1,1,0.31847155,0.68152845,0.68152845,-0.0072491862133095
2026-03-16,CIPLA,-1,1,0.25823778,0.7417622,0.7417622,-0.0111812213568366
2026-03-17,CIPLA,-1,1,0.31384104,0.68615896,0.68615896,-0.0139230581430288
2026-03-18,CIPLA,-1,1,0.33164054,0.66835946,0.66835946,-0.0104532523276824
2026-03-19,CIPLA,-1,1,0.38763535,0.61236465,0.61236465,-0.0230981859110169
2026-03-20,CIPLA,-1,1,0.4122157,0.5877843,0.5877843,0.0138799821819892
2026-03-24,CIPLA,1,1,0.3864994,0.6135006,0.6135006,-0.0019643348487049
2026-03-25,CIPLA,-1,1,0.35116643,0.6488336,0.6488336,0.0205018857630521
2026-03-27,CIPLA,-1,1,0.23588467,0.76411533,0.76411533,-0.0016875406177577
2026-04-01,CIPLA,1,1,0.2580865,0.7419135,0.7419135,-0.0231170788160236
2026-04-02,CIPLA,1,1,0.46599048,0.5340095,0.5340095,-0.0029266660494591
2026-04-06,CIPLA,1,1,0.35147196,0.64852804,0.64852804,0.007128480229759
2026-04-07,CIPLA,1,1,0.35619265,0.64380735,0.64380735,0.0012490631772048
2026-04-08,CIPLA,1,1,0.42368865,0.57631135,0.57631135,0.0112275446822105
2026-04-09,CIPLA,1,-1,0.58952373,0.41047627,0.58952373,0.0069907063322052
2026-04-10,CIPLA,1,1,0.22441357,0.7755864,0.7755864,0.004165285433066
2026-04-13,CIPLA,1,1,0.21675324,0.78324676,0.78324676,-0.0149654529597905
2026-04-15,CIPLA,1,1,0.24219584,0.75780416,0.75780416,0.0131285812357233
2026-04-16,CIPLA,1,1,0.25817645,0.74182355,0.74182355,0.0028524857375713
2025-01-01,COALINDIA,-1,-1,0.50077736,0.49922267,0.50077736,0.0058569830385457
2025-01-02,COALINDIA,-1,1,0.4462936,0.5537064,0.5537064,0.0169514714944696
2025-01-03,COALINDIA,-1,1,0.45381576,0.54618424,0.54618424,0.001781294217626
2025-01-06,COALINDIA,1,-1,0.5517578,0.44824216,0.5517578,-0.0378507449516244
2025-01-09,COALINDIA,1,1,0.47829765,0.52170235,0.52170235,-0.0214276271627034
2025-01-10,COALINDIA,1,1,0.43073237,0.56926763,0.56926763,-0.0099409665225834
2025-01-13,COALINDIA,1,1,0.49472064,0.50527936,0.50527936,-0.0151966763088967
2025-01-15,COALINDIA,1,1,0.48112094,0.51887906,0.51887906,0.0144888118359243
2025-01-16,COALINDIA,1,-1,0.5292213,0.4707787,0.5292213,0.0113454493974411
2025-01-17,COALINDIA,1,1,0.38835114,0.61164886,0.61164886,0.0232281227056041
2025-01-20,COALINDIA,1,1,0.45142466,0.54857534,0.54857534,-0.001547857376524
2025-01-27,COALINDIA,1,1,0.4130919,0.5869081,0.5869081,-0.0190574537555493
2025-01-28,COALINDIA,1,1,0.3942169,0.6057831,0.6057831,-0.0135728888361976
2025-01-29,COALINDIA,-1,1,0.35662574,0.64337426,0.64337426,0.0237420956632103
2025-01-30,COALINDIA,-1,-1,0.5109173,0.48908272,0.5109173,0.0147582233109593
2025-01-31,COALINDIA,-1,1,0.45986694,0.54013306,0.54013306,0.0433522021024215
2025-02-01,COALINDIA,-1,1,0.3521338,0.6478662,0.6478662,-0.026774430466344
2025-02-03,COALINDIA,-1,1,0.32131445,0.67868555,0.67868555,-0.0293277120790195
2025-02-04,COALINDIA,-1,1,0.3583588,0.6416412,0.6416412,0.0068181186991418
2025-02-05,COALINDIA,-1,1,0.37128568,0.6287143,0.6287143,0.016730834871939
2025-02-06,COALINDIA,-1,1,0.3883996,0.6116004,0.6116004,-0.0084889114766926
2025-02-07,COALINDIA,-1,1,0.40335268,0.5966473,0.5966473,-0.0035564586957488
2025-02-10,COALINDIA,-1,1,0.4619974,0.5380026,0.5380026,-0.0204890339584991
2025-02-13,COALINDIA,1,1,0.4950431,0.5049569,0.5049569,0.0036074904623442
2025-02-14,COALINDIA,1,-1,0.5536629,0.44633713,0.5536629,-0.0205999355859698
2025-02-17,COALINDIA,1,-1,0.5206733,0.47932673,0.5206733,0.0166571729698081
2025-02-18,COALINDIA,1,1,0.45750505,0.54249495,0.54249495,0.0027770450774571
2025-02-19,COALINDIA,1,-1,0.5139433,0.48605672,0.5139433,0.0033231168009795
2025-02-20,COALINDIA,1,-1,0.57245564,0.42754433,0.57245564,0.0155948121992546
2025-02-21,COALINDIA,1,-1,0.5256063,0.47439376,0.5256063,0.005435596981802
2025-02-24,COALINDIA,1,-1,0.5452145,0.45478553,0.5452145,-0.0139208697120101
2025-02-25,COALINDIA,1,-1,0.55118656,0.4488134,0.55118656,-0.0100054071424241
2025-02-27,COALINDIA,1,-1,0.61785775,0.38214225,0.61785775,0.0074760227063579
2025-02-28,COALINDIA,1,-1,0.63969624,0.36030376,0.63969624,0.0151163304270327
2025-03-03,COALINDIA,1,-1,0.5439818,0.45601824,0.5439818,-0.0243672014449413
2025-03-04,COALINDIA,1,-1,0.58550656,0.41449344,0.58550656,0.0097126416621413
2025-03-05,COALINDIA,1,-1,0.71697575,0.28302425,0.71697575,0.0120930284332942
2025-03-06,COALINDIA,1,-1,0.647261,0.352739,0.647261,0.0389679574206067
2025-03-07,COALINDIA,1,-1,0.67695856,0.3230414,0.67695856,-0.0050966754821224
2025-03-10,COALINDIA,1,-1,0.72052026,0.27947977,0.72052026,-0.0144489986028613
2025-03-11,COALINDIA,1,-1,0.7564637,0.24353628,0.7564637,0.0103958649530988
2025-03-12,COALINDIA,1,-1,0.7280283,0.2719717,0.7280283,0.0043530139554788
2025-03-13,COALINDIA,1,-1,0.726193,0.273807,0.726193,-0.006304229929108
2025-03-17,COALINDIA,1,-1,0.53925437,0.46074563,0.53925437,0.0196934502206076
2025-03-18,COALINDIA,1,1,0.4997638,0.5002362,0.5002362,0.0
2025-03-20,COALINDIA,-1,-1,0.52762365,0.47237632,0.52762365,0.001389451014611
2025-03-21,COALINDIA,-1,1,0.48578054,0.51421946,0.51421946,0.0227043245006144
2025-03-24,COALINDIA,-1,1,0.44448417,0.5555158,0.5555158,0.0014800725195249
2025-03-25,COALINDIA,-1,1,0.36814022,0.6318598,0.6318598,-0.0189656026859054
2025-04-02,COALINDIA,1,1,0.41282797,0.58717203,0.58717203,-0.0003771063971488
2025-04-04,COALINDIA,1,1,0.44879478,0.5512052,0.5512052,-0.0302229022021709
2025-04-07,COALINDIA,1,1,0.44968134,0.55031866,0.55031866,-0.0196078780665303
2025-04-08,COALINDIA,1,1,0.45971036,0.54028964,0.54028964,0.0141722444163161
2025-04-09,COALINDIA,1,-1,0.6277673,0.37223265,0.6277673,-0.0215488671654279
2025-04-15,COALINDIA,-1,-1,0.52191716,0.47808284,0.52191716,0.0080334924754055
2025-04-16,COALINDIA,-1,-1,0.6208449,0.3791551,0.6208449,0.0101203184416243
2025-04-17,COALINDIA,-1,1,0.36005247,0.63994753,0.63994753,-0.0010018596498203
2025-04-21,COALINDIA,-1,1,0.30539083,0.69460917,0.69460917,0.0041368360374065
2025-04-22,COALINDIA,-1,1,0.2660277,0.7339723,0.7339723,-0.0047440215085579
2025-04-23,COALINDIA,-1,1,0.2467457,0.7532543,0.7532543,0.0008780362209812
2025-04-24,COALINDIA,-1,1,0.30203187,0.6979681,0.6979681,0.0022559202966019
2025-04-29,COALINDIA,1,-1,0.5613815,0.43861848,0.5613815,-0.0202693894838997
2025-04-30,COALINDIA,1,1,0.32056314,0.67943686,0.67943686,-0.0097661116203792
2025-05-02,COALINDIA,1,1,0.25171143,0.7482886,0.7482886,-0.0046716814535144
2025-05-05,COALINDIA,1,1,0.44622576,0.55377424,0.55377424,0.005475819799434
2025-05-06,COALINDIA,1,1,0.37157577,0.6284242,0.6284242,-0.0190611641402023
2025-05-07,COALINDIA,1,1,0.33987665,0.66012335,0.66012335,0.0133509885417018
2025-05-08,COALINDIA,1,1,0.28451842,0.7154816,0.7154816,0.0056092271377381
2025-05-09,COALINDIA,1,1,0.29703063,0.7029694,0.7029694,-0.0079128707998306
2025-05-12,COALINDIA,1,1,0.30524486,0.69475514,0.69475514,0.0342573190485739
2025-05-13,COALINDIA,1,1,0.21141195,0.78858805,0.78858805,-0.0008849184784852
2025-05-14,COALINDIA,-1,1,0.4474511,0.5525489,0.5525489,0.0201188733933472
2025-05-15,COALINDIA,-1,1,0.39079082,0.6092092,0.6092092,0.003845269374672
2025-05-16,COALINDIA,-1,1,0.30793387,0.69206613,0.69206613,0.0003705828418125
2025-05-19,COALINDIA,-1,1,0.31614864,0.68385136,0.68385136,-0.0051876095763606
2025-05-20,COALINDIA,-1,1,0.3357423,0.6642577,0.6642577,0.013409314202013
2025-05-21,COALINDIA,-1,1,0.3184874,0.6815126,0.6815126,-0.0067384785678812
2025-05-22,COALINDIA,-1,1,0.2881288,0.7118712,0.7118712,-0.0160354255588406
2025-05-28,COALINDIA,1,1,0.24205565,0.75794435,0.75794435,-0.0043755260950064
2025-05-29,COALINDIA,-1,1,0.35479558,0.6452044,0.6452044,0.0
2025-05-30,COALINDIA,-1,1,0.31765544,0.68234456,0.68234456,-0.0022602513534029
2025-06-02,COALINDIA,-1,1,0.47984952,0.5201505,0.5201505,0.0060409088879931
2025-06-04,COALINDIA,-1,1,0.39765596,0.60234404,0.60234404,0.0044546050083107
2025-06-05,COALINDIA,-1,1,0.42123318,0.5787668,0.5787668,0.0007602078850708
2025-06-06,COALINDIA,-1,-1,0.52284384,0.4771562,0.52284384,0.0102558376323087
2025-06-09,COALINDIA,-1,1,0.47881567,0.5211843,0.5211843,0.0051384942170038
2025-06-10,COALINDIA,-1,1,0.33212596,0.66787404,0.66787404,-0.0036160753340067
2025-06-11,COALINDIA,-1,1,0.48296297,0.51703703,0.51703703,0.0063822854158757
2025-06-13,COALINDIA,1,1,0.45277655,0.54722345,0.54722345,-0.0038197625049937
2025-06-16,COALINDIA,-1,1,0.43841058,0.5615894,0.5615894,0.0080521420848769
2025-06-18,COALINDIA,-1,-1,0.51302165,0.48697835,0.51302165,-0.0024277383885673
2025-06-19,COALINDIA,1,1,0.4046179,0.5953821,0.5953821,-0.0156270003907691
2025-06-20,COALINDIA,-1,1,0.47890317,0.5210968,0.5210968,0.0124918023450286
2025-06-23,COALINDIA,-1,1,0.44135153,0.55864847,0.55864847,0.0088677774784275
2025-06-24,COALINDIA,-1,1,0.4557686,0.5442314,0.5442314,0.0003821376289641
2025-06-25,COALINDIA,-1,1,0.42446357,0.57553643,0.57553643,-0.002292116306144
2025-06-26,COALINDIA,-1,1,0.4065832,0.5934168,0.5934168,0.0061263246696106
2025-06-27,COALINDIA,-1,1,0.41210657,0.5878934,0.5878934,0.0
2025-06-30,COALINDIA,-1,1,0.30552107,0.6944789,0.6944789,-0.0055815269383071
2025-07-01,COALINDIA,-1,1,0.2413382,0.7586618,0.7586618,-0.0056130219108274
2025-07-04,COALINDIA,1,1,0.17101187,0.82898813,0.82898813,-0.0009057262845469
2025-07-07,COALINDIA,1,1,0.15336597,0.84663403,0.84663403,-0.0047914361559616
2025-07-08,COALINDIA,1,1,0.16074657,0.8392534,0.8392534,-0.0036434777693198
2025-07-09,COALINDIA,1,1,0.4783076,0.5216924,0.5216924,0.0120152650250959
2025-07-14,COALINDIA,-1,1,0.43295282,0.5670472,0.5670472,0.0076126191513454
2025-07-15,COALINDIA,-1,1,0.43162566,0.56837434,0.56837434,0.0067734367933256
2025-07-16,COALINDIA,-1,1,0.36532176,0.63467824,0.63467824,0.0
2025-07-17,COALINDIA,-1,1,0.2974121,0.7025879,0.7025879,-0.0014232479381752
2025-07-18,COALINDIA,-1,1,0.21233445,0.78766555,0.78766555,0.0067375397285549
2025-07-21,COALINDIA,-1,1,0.27797985,0.72202015,0.72202015,-0.0043759323385081
2025-07-22,COALINDIA,-1,1,0.33214378,0.6678562,0.6678562,0.0059463255808533
2025-07-23,COALINDIA,-1,1,0.40735644,0.59264356,0.59264356,0.0042405804985008
2025-07-25,COALINDIA,1,1,0.33288366,0.66711634,0.66711634,-0.012320063775883
2025-07-28,COALINDIA,1,1,0.28577495,0.71422505,0.71422505,-0.0064338098905588
2025-07-29,COALINDIA,1,1,0.33916032,0.6608397,0.6608397,0.0140081459653955
2025-07-30,COALINDIA,1,1,0.32197154,0.67802846,0.67802846,-0.0097745849213305
2025-07-31,COALINDIA,1,1,0.2467587,0.7532413,0.7532413,-0.0093444540969297
2025-08-01,COALINDIA,1,1,0.18018615,0.81981385,0.81981385,-0.0102299288710496
2025-08-04,COALINDIA,1,1,0.2567221,0.7432779,0.7432779,0.0059060173876503
2025-08-05,COALINDIA,1,1,0.34221768,0.6577823,0.6577823,0.0128102701833345
2025-08-06,COALINDIA,1,1,0.34379995,0.65620005,0.65620005,0.0076203607832605
2025-08-08,COALINDIA,1,1,0.31128895,0.68871105,0.68871105,0.0003953006294787
2025-08-11,COALINDIA,-1,1,0.35098904,0.64901096,0.64901096,0.0073741359871621
2025-08-12,COALINDIA,-1,1,0.31089115,0.68910885,0.68910885,0.0074509348488176
2025-08-13,COALINDIA,-1,1,0.31273973,0.68726027,0.68726027,0.0019463367394783
2025-08-18,COALINDIA,-1,1,0.27463102,0.725369,0.725369,0.0087137100393461
2025-08-19,COALINDIA,1,1,0.29883438,0.7011656,0.7011656,-0.0063176717008714
2025-08-20,COALINDIA,1,1,0.47083426,0.52916574,0.52916574,-0.0016867137958603
2025-08-21,COALINDIA,1,1,0.48558617,0.51441383,0.51441383,-0.0036885569970416
2025-08-22,COALINDIA,1,1,0.38840747,0.61159253,0.61159253,-0.0097844675870771
2025-08-25,COALINDIA,1,1,0.3413067,0.6586933,0.6586933,0.0148217664665326
2025-08-26,COALINDIA,1,1,0.33512092,0.6648791,0.6648791,-0.0198684767515086
2025-08-28,COALINDIA,1,1,0.35242534,0.64757466,0.64757466,0.0049671476036361
2025-08-29,COALINDIA,1,1,0.38978833,0.6102117,0.6102117,0.0013357705227188
2025-09-01,COALINDIA,1,1,0.32356578,0.6764342,0.6764342,0.0082710175444542
2025-09-02,COALINDIA,1,1,0.3500089,0.6499911,0.6499911,0.0058217203711889
2025-09-03,COALINDIA,1,1,0.32551694,0.67448306,0.67448306,0.0255195940821499
2025-09-08,COALINDIA,1,1,0.38454014,0.61545986,0.61545986,-0.0142619831377819
2025-09-09,COALINDIA,1,1,0.38524854,0.61475146,0.61475146,0.0023253142444061
2025-09-12,COALINDIA,-1,1,0.4232241,0.5767759,0.5767759,0.002542319511301
2025-09-15,COALINDIA,-1,1,0.3686319,0.6313681,0.6313681,0.0010143328983391
2025-09-16,COALINDIA,-1,1,0.39721727,0.6027827,0.6027827,0.0026598554115437
2025-09-17,COALINDIA,-1,1,0.47344863,0.52655137,0.52655137,0.0099797924748794
2025-09-18,COALINDIA,-1,-1,0.5381471,0.46185288,0.5381471,-0.0165102904498978
2025-09-19,COALINDIA,-1,-1,0.5300847,0.46991527,0.5300847,0.0034337317718053
2025-09-22,COALINDIA,-1,-1,0.5592358,0.44076422,0.5592358,0.0005070139070582
2025-09-23,COALINDIA,-1,1,0.48068035,0.51931965,0.51931965,-0.0016468394714922
2025-09-24,COALINDIA,-1,-1,0.6428906,0.35710946,0.6428906,-0.003045235005921
2025-09-25,COALINDIA,-1,-1,0.5935531,0.40644687,0.5935531,-0.0008909604579606
2025-09-26,COALINDIA,-1,1,0.45825064,0.54174936,0.54174936,-0.0085350685213486
2025-09-29,COALINDIA,-1,-1,0.51143277,0.48856726,0.51143277,-0.0021842291700687
2025-09-30,COALINDIA,-1,1,0.4641319,0.5358681,0.5358681,0.00424936627558
2025-10-03,COALINDIA,1,-1,0.52263105,0.47736895,0.52263105,-0.0132561344977738
2025-10-06,COALINDIA,1,-1,0.5265336,0.47346637,0.5265336,-0.0037824753180581
2025-10-07,COALINDIA,1,-1,0.68712074,0.31287926,0.68712074,0.0073318026346755
2025-10-08,COALINDIA,1,-1,0.7261393,0.27386072,0.7261393,-0.0067585088137502
2025-10-09,COALINDIA,1,-1,0.75938237,0.2406176,0.75938237,0.0032713816319887
2025-10-10,COALINDIA,1,-1,0.7443644,0.25563562,0.7443644,0.0029999170716912
2025-10-13,COALINDIA,1,-1,0.7566026,0.24339741,0.7566026,-0.0076724156301897
2025-10-15,COALINDIA,1,-1,0.7163838,0.28361616,0.7163838,0.0086626227366064
2025-10-20,COALINDIA,-1,-1,0.5682702,0.43172976,0.5682702,0.004629696187113
2025-10-21,COALINDIA,-1,-1,0.60384226,0.3961577,0.60384226,0.0012801092776213
2025-10-23,COALINDIA,-1,1,0.4163854,0.5836146,0.5836146,0.0039630704587543
2025-10-24,COALINDIA,-1,1,0.33074152,0.6692585,0.6692585,0.0035655766677036
2025-10-27,COALINDIA,-1,1,0.33571512,0.6642849,0.6642849,0.0067250820284792
2025-10-28,COALINDIA,1,1,0.32279932,0.6772007,0.6772007,-0.013360234786214
2025-10-29,COALINDIA,1,1,0.428643,0.571357,0.571357,-0.024016361385054
2025-10-30,COALINDIA,1,1,0.44249934,0.55750066,0.55750066,0.0149214854908386
2025-10-31,COALINDIA,1,1,0.41581053,0.5841895,0.5841895,0.002450351366116
2025-11-03,COALINDIA,1,1,0.4019431,0.5980569,0.5980569,-0.0002574044641288
2025-11-06,COALINDIA,1,-1,0.5935385,0.4064615,0.5935385,-0.0116540794560588
2025-11-07,COALINDIA,1,-1,0.71582115,0.28417882,0.71582115,0.0076377335576096
2025-11-10,COALINDIA,-1,-1,0.76215506,0.23784493,0.76215506,0.0142286795957045
2025-11-11,COALINDIA,-1,-1,0.69223416,0.3077658,0.69223416,0.0038023069577579
2025-11-12,COALINDIA,-1,-1,0.7455414,0.2544586,0.7455414,0.0096656419707603
2025-11-13,COALINDIA,-1,-1,0.6749371,0.3250629,0.6749371,-0.0085381180011221
2025-11-14,COALINDIA,-1,-1,0.55348456,0.4465154,0.55348456,0.0097859495016086
2025-11-17,COALINDIA,-1,-1,0.5026703,0.49732974,0.5026703,0.0023259277940339
2025-11-18,COALINDIA,-1,1,0.4781949,0.5218051,0.5218051,-0.0100554457444173
2025-11-19,COALINDIA,-1,1,0.32861614,0.67138386,0.67138386,-0.0127621329414014
2025-11-24,COALINDIA,1,1,0.21999747,0.78000253,0.78000253,-0.0149392122599585
2025-11-25,COALINDIA,1,1,0.25156766,0.74843234,0.74843234,-0.0067104936297578
2025-11-26,COALINDIA,1,1,0.37644,0.62356,0.62356,0.0197271096808782
2025-11-27,COALINDIA,1,1,0.3512439,0.6487561,0.6487561,0.0018549325867169
2025-11-28,COALINDIA,1,1,0.2885707,0.7114293,0.7114293,-0.0050257170701065
2025-12-01,COALINDIA,1,1,0.39522856,0.60477144,0.60477144,0.0093047446709044
2025-12-02,COALINDIA,1,-1,0.725778,0.27422205,0.725778,-0.0018436951765995
2025-12-03,COALINDIA,1,-1,0.5835594,0.4164406,0.5835594,-0.0097639224692611
2025-12-04,COALINDIA,1,-1,0.65482545,0.34517458,0.65482545,0.0101265993845298
2025-12-05,COALINDIA,1,-1,0.75832415,0.24167587,0.75832415,0.0023744038498183
2025-12-08,COALINDIA,1,-1,0.7223244,0.2776756,0.7223244,-0.0068429867991431
2025-12-09,COALINDIA,1,-1,0.7047237,0.29527625,0.7047237,0.0053000415120751
2025-12-10,COALINDIA,1,-1,0.7713154,0.2286846,0.7713154,0.0073810203451838
2025-12-11,COALINDIA,1,-1,0.7431026,0.2568974,0.7431026,0.0048411223286581
2025-12-12,COALINDIA,1,-1,0.80246377,0.19753623,0.80246377,-0.0016927640496919
2025-12-15,COALINDIA,1,-1,0.7831698,0.21683018,0.7831698,0.0028694792268255
2025-12-16,COALINDIA,1,-1,0.7406168,0.25938317,0.7406168,-0.0074131595848083
2025-12-17,COALINDIA,1,-1,0.74674696,0.25325304,0.74674696,0.0082546769439577
2025-12-18,COALINDIA,1,-1,0.7293123,0.27068773,0.7293123,0.0014294787662489
2025-12-19,COALINDIA,1,-1,0.65235037,0.34764963,0.65235037,0.0007786026946619
2025-12-22,COALINDIA,1,-1,0.66701967,0.33298033,0.66701967,0.0016857402349836
2025-12-23,COALINDIA,1,-1,0.6031506,0.39684942,0.6031506,0.0366342478426142
2025-12-24,COALINDIA,1,-1,0.6089901,0.39100993,0.6089901,0.0048701360130509
2025-12-26,COALINDIA,1,-1,0.6136825,0.3863175,0.6136825,-0.00049707239881
2025-12-29,COALINDIA,1,-1,0.5935155,0.40648448,0.5935155,-0.0037299739091742
2025-12-30,COALINDIA,1,-1,0.6751436,0.32485643,0.6751436,-0.006614232539258
2025-12-31,COALINDIA,1,1,0.34887213,0.6511279,0.6511279,0.0025126038067955
2026-01-01,COALINDIA,1,1,0.3907599,0.6092401,0.6092401,0.0036341094815972
2026-01-06,COALINDIA,-1,1,0.42386842,0.5761316,0.5761316,-0.0009358406271441
2026-01-07,COALINDIA,-1,1,0.42251563,0.57748437,0.57748437,0.0107716328682401
2026-01-12,COALINDIA,-1,1,0.38022488,0.6197751,0.6197751,0.0333452405264087
2026-01-13,COALINDIA,1,1,0.2875923,0.7124077,0.7124077,-0.0078648653945493
2026-01-14,COALINDIA,1,1,0.2609874,0.7390126,0.7390126,0.0076941327731745
2026-01-15,COALINDIA,1,1,0.20704645,0.79295355,0.79295355,0.0
2026-01-16,COALINDIA,-1,1,0.25071067,0.74928933,0.74928933,-0.0027765231868553
2026-01-20,COALINDIA,1,1,0.25643587,0.7435641,0.7435641,-0.0345228402845638
2026-01-21,COALINDIA,1,1,0.284379,0.715621,0.715621,-0.0030099029126502
2026-01-22,COALINDIA,1,1,0.19544894,0.80455106,0.80455106,0.0220988319244315
2026-01-23,COALINDIA,1,1,0.24090236,0.75909764,0.75909764,-0.0113421353966043
2026-01-27,COALINDIA,1,1,0.2021519,0.7978481,0.7978481,0.0107552485527209
2026-01-28,COALINDIA,-1,1,0.22213978,0.7778602,0.7778602,0.0500117498365477
2026-01-29,COALINDIA,-1,1,0.26714593,0.73285407,0.73285407,0.0263484185336373
2026-01-30,COALINDIA,-1,1,0.22442448,0.7755755,0.7755755,-0.0329127759568551
2026-02-03,COALINDIA,-1,1,0.25293124,0.74706876,0.74706876,0.0139315386249752
2026-02-04,COALINDIA,-1,1,0.3310293,0.6689707,0.6689707,0.0128085268818698
2026-02-05,COALINDIA,-1,1,0.346946,0.653054,0.653054,-0.0070130753421058
2026-02-10,COALINDIA,1,1,0.49844337,0.50155663,0.50155663,-0.0017372921964315
2026-02-11,COALINDIA,1,1,0.4652537,0.5347463,0.5347463,-0.0178675275040544
2026-02-12,COALINDIA,1,1,0.4602713,0.5397287,0.5397287,-0.0096869508233609
2026-02-13,COALINDIA,1,1,0.4258154,0.5741846,0.5741846,-0.0243349032485611
2026-02-16,COALINDIA,1,1,0.3637871,0.6362129,0.6362129,0.0331336025629616
2026-02-17,COALINDIA,1,-1,0.53147125,0.46852875,0.53147125,-0.0022485609839101
2026-02-18,COALINDIA,1,1,0.47520226,0.52479774,0.52479774,0.0046869661440815
2026-02-19,COALINDIA,1,1,0.3765692,0.6234308,0.6234308,-0.0044258519222861
2026-02-20,COALINDIA,1,1,0.36425674,0.63574326,0.63574326,0.0177820353358579
2026-02-23,COALINDIA,1,1,0.45592362,0.5440764,0.5440764,0.0057844700215852
2026-02-24,COALINDIA,1,1,0.45109695,0.54890305,0.54890305,0.011619746964862
2026-02-25,COALINDIA,1,1,0.42210978,0.5778902,0.5778902,0.0177514646241829
2026-02-26,COALINDIA,1,1,0.4188689,0.5811311,0.5811311,-0.0116279207308354
2026-02-27,COALINDIA,1,-1,0.5550138,0.44498622,0.5550138,-0.0065744085432886
2026-03-02,COALINDIA,1,1,0.48282552,0.5171745,0.5171745,-0.010217099637396
2026-03-04,COALINDIA,1,-1,0.5747453,0.4252547,0.5747453,0.0208797510767961
2026-03-05,COALINDIA,1,-1,0.6541277,0.34587228,0.6541277,0.0327473289667328
2026-03-06,COALINDIA,1,-1,0.59227574,0.40772423,0.59227574,-0.0199154023386896
2026-03-09,COALINDIA,1,-1,0.50551605,0.49448392,0.50551605,-0.006357176144726
2026-03-12,COALINDIA,-1,-1,0.71433324,0.28566676,0.71433324,0.0522663818769235
2026-03-13,COALINDIA,-1,-1,0.6231283,0.3768717,0.6231283,-0.0065943545272642
2026-03-16,COALINDIA,-1,1,0.47231853,0.52768147,0.52768147,-0.0143469212141996
2026-03-17,COALINDIA,-1,-1,0.5333313,0.4666687,0.5333313,0.0042363942184338
2026-03-18,COALINDIA,1,-1,0.5657145,0.4342855,0.5657145,-0.0152514608825716
2026-03-19,COALINDIA,1,-1,0.56646276,0.43353727,0.56646276,-0.002196836496448
2026-03-20,COALINDIA,-1,-1,0.5588041,0.4411959,0.5588041,0.0307133010007374
2026-03-24,COALINDIA,-1,1,0.36110783,0.6388922,0.6388922,-0.0288852144898064
2026-03-25,COALINDIA,-1,1,0.32111716,0.67888284,0.67888284,0.0036191044592317
2026-03-27,COALINDIA,-1,1,0.321777,0.678223,0.678223,0.0030425412413728
2026-03-30,COALINDIA,-1,1,0.46583283,0.5341672,0.5341672,0.012133523339348
2026-04-01,COALINDIA,-1,1,0.37667108,0.6233289,0.6233289,-0.0023310429172865
2026-04-02,COALINDIA,-1,-1,0.513857,0.48614296,0.513857,-0.0001112322956111
2026-04-06,COALINDIA,-1,-1,0.5287471,0.47125295,0.5287471,0.0226994137107086
2026-04-07,COALINDIA,-1,1,0.4992658,0.5007342,0.5007342,0.0075073709034358
2026-04-10,COALINDIA,1,1,0.15725356,0.84274644,0.84274644,-0.044043161707073
2026-04-13,COALINDIA,1,1,0.1951344,0.8048656,0.8048656,0.0023036166457954
2026-04-15,COALINDIA,1,1,0.1994639,0.8005361,0.8005361,0.0016087834512386
2026-04-16,COALINDIA,1,1,0.27590406,0.72409594,0.72409594,-0.0069985954070693
2025-01-01,DRREDDY,-1,-1,0.5246811,0.47531888,0.5246811,-0.0140439092350312
2025-01-02,DRREDDY,-1,1,0.49331814,0.50668186,0.50668186,0.0044193511046584
2025-01-03,DRREDDY,-1,1,0.48646575,0.51353425,0.51353425,-0.0162903741662512
2025-01-06,DRREDDY,-1,-1,0.6069024,0.39309758,0.6069024,-0.0017003789366615
2025-01-07,DRREDDY,-1,-1,0.5997066,0.4002934,0.5997066,0.0008887088040849
2025-01-08,DRREDDY,-1,-1,0.5908904,0.40910956,0.5908904,0.0142058972083656
2025-01-09,DRREDDY,-1,-1,0.6207414,0.37925857,0.6207414,0.000620070088801
2025-01-10,DRREDDY,-1,-1,0.55927265,0.44072732,0.55927265,-0.0125400626134369
2025-01-13,DRREDDY,-1,-1,0.5282349,0.4717651,0.5282349,-0.0142499252402719
2025-01-14,DRREDDY,-1,-1,0.5759805,0.42401952,0.5759805,0.0018351686399904
2025-01-15,DRREDDY,-1,-1,0.61405814,0.38594183,0.61405814,-0.0002617523114106
2025-01-16,DRREDDY,-1,-1,0.5751744,0.4248256,0.5751744,-0.0257628035445214
2025-01-17,DRREDDY,-1,-1,0.59582597,0.40417403,0.59582597,0.005104635888983
2025-01-20,DRREDDY,-1,-1,0.626839,0.37316102,0.626839,-0.0053841803605665
2025-01-21,DRREDDY,-1,-1,0.7106635,0.2893365,0.7106635,-0.010903339812221
2025-01-22,DRREDDY,-1,-1,0.61256844,0.38743156,0.61256844,0.0062880858239746
2025-01-23,DRREDDY,-1,-1,0.647425,0.352575,0.647425,-0.0052844220949325
2025-01-24,DRREDDY,1,-1,0.626853,0.37314698,0.626853,-0.0504111155688102
2025-01-27,DRREDDY,1,-1,0.6096265,0.39037353,0.6096265,-0.0218474392479556
2025-01-28,DRREDDY,1,-1,0.56174964,0.43825036,0.56174964,-0.0136934720657867
2025-01-29,DRREDDY,1,-1,0.61680794,0.38319203,0.61680794,-4.232610548349225e-05
2025-01-30,DRREDDY,1,-1,0.61811316,0.3818868,0.61811316,0.0112597406163108
2025-02-04,DRREDDY,-1,-1,0.72597593,0.27402407,0.72597593,0.013373760062336
2025-02-05,DRREDDY,-1,-1,0.6876637,0.3123363,0.6876637,0.0062298814995336
2025-02-06,DRREDDY,-1,-1,0.62998295,0.37001708,0.62998295,0.0074131004436732
2025-02-07,DRREDDY,-1,1,0.4959764,0.5040236,0.5040236,0.0030323463522441
2025-02-10,DRREDDY,-1,-1,0.59792,0.40208,0.59792,-0.0156805005051836
2025-02-11,DRREDDY,-1,1,0.4922548,0.5077452,0.5077452,-0.0091321177902737
2025-02-12,DRREDDY,-1,-1,0.55030537,0.44969466,0.55030537,0.0050008006520567
2025-02-13,DRREDDY,-1,-1,0.5877477,0.41225234,0.5877477,0.0063741529150069
2025-02-14,DRREDDY,-1,-1,0.5474601,0.45253995,0.5474601,-0.0216982780084653
2025-02-17,DRREDDY,-1,-1,0.57154477,0.4284552,0.57154477,0.001587162639427
2025-02-18,DRREDDY,-1,1,0.479654,0.520346,0.520346,-0.0012927387875633
2025-02-19,DRREDDY,-1,-1,0.5002334,0.4997666,0.5002334,-0.0263487811268823
2025-02-20,DRREDDY,-1,1,0.48834443,0.51165557,0.51165557,0.0043745014068348
2025-02-21,DRREDDY,-1,1,0.46230602,0.537694,0.537694,-0.0163541236863024
2025-02-24,DRREDDY,-1,1,0.48683578,0.5131642,0.5131642,0.0110695490931074
2025-02-25,DRREDDY,-1,1,0.4612456,0.5387544,0.5387544,-0.03125664895651
2025-02-27,DRREDDY,-1,1,0.49918723,0.50081277,0.50081277,-0.0023046613068001
2025-02-28,DRREDDY,1,1,0.48516995,0.51483005,0.51483005,-0.0080405815203161
2025-03-03,DRREDDY,1,1,0.39411783,0.60588217,0.60588217,0.0027765167527329
2025-03-04,DRREDDY,1,-1,0.5225303,0.4774697,0.5225303,0.0004913341191608
2025-03-05,DRREDDY,1,-1,0.5172121,0.4827879,0.5172121,0.0055795734335668
2025-03-06,DRREDDY,1,-1,0.5374461,0.46255392,0.5374461,0.0121626302332693
2025-03-07,DRREDDY,1,-1,0.68475026,0.31524974,0.68475026,-0.006008293000234
2025-03-10,DRREDDY,1,-1,0.63950926,0.36049074,0.63950926,-0.0115155678375367
2025-03-11,DRREDDY,1,-1,0.56470484,0.43529516,0.56470484,-0.0031690416933284
2025-03-12,DRREDDY,1,-1,0.54717296,0.45282704,0.54717296,-0.0102986299040027
2025-03-13,DRREDDY,1,1,0.4807427,0.5192573,0.5192573,0.0025334766954492
2025-03-19,DRREDDY,-1,1,0.40610647,0.5938935,0.5938935,0.0185973798153242
2025-03-20,DRREDDY,-1,1,0.347659,0.652341,0.652341,0.0128828999730645
2025-03-21,DRREDDY,-1,1,0.3834883,0.6165117,0.6165117,0.0109080373541661
2025-03-24,DRREDDY,-1,1,0.38286108,0.6171389,0.6171389,0.0084572986512949
2025-03-25,DRREDDY,-1,1,0.24196732,0.7580327,0.7580327,-0.0267702148119224
2025-03-26,DRREDDY,-1,1,0.2721321,0.7278679,0.7278679,-0.0112912855912966
2025-03-28,DRREDDY,1,1,0.28786856,0.71213144,0.71213144,-0.015487898886567
2025-04-01,DRREDDY,1,1,0.43747336,0.56252664,0.56252664,0.0069917869613045
2025-04-02,DRREDDY,1,1,0.39606822,0.6039318,0.6039318,-0.0019094100148017
2025-04-03,DRREDDY,1,1,0.35560852,0.6443915,0.6443915,0.001260918740175
2025-04-04,DRREDDY,1,1,0.21257341,0.7874266,0.7874266,-0.0360415702929363
2025-04-07,DRREDDY,1,1,0.2849869,0.7150131,0.7150131,-0.0198656264035064
2025-04-08,DRREDDY,1,1,0.3029648,0.6970352,0.6970352,0.0184298353461507
2025-04-09,DRREDDY,1,-1,0.54025817,0.45974186,0.54025817,-0.0125455629010574
2025-04-11,DRREDDY,1,-1,0.5009341,0.49906585,0.5009341,0.0141217553384105
2025-04-15,DRREDDY,1,1,0.49447697,0.505523,0.505523,0.0409193441398851
2025-04-16,DRREDDY,1,-1,0.605826,0.394174,0.605826,0.0030306395402515
2025-04-21,DRREDDY,-1,1,0.37565464,0.62434536,0.62434536,0.0118598369090312
2025-04-22,DRREDDY,-1,1,0.37583888,0.6241611,0.6241611,-0.0020384006427059
2025-04-23,DRREDDY,-1,1,0.35638452,0.6436155,0.6436155,0.0093616916283201
2025-04-24,DRREDDY,-1,1,0.36138314,0.63861686,0.63861686,0.0122259278125951
2025-04-25,DRREDDY,1,1,0.3020321,0.6979679,0.6979679,-0.0214076885207772
2025-04-29,DRREDDY,1,-1,0.5118065,0.48819354,0.5118065,-0.018937136242112
2025-04-30,DRREDDY,1,1,0.30885494,0.69114506,0.69114506,0.0067176930972463
2025-05-02,DRREDDY,1,1,0.28839546,0.71160454,0.71160454,-0.0050679712249803
2025-05-05,DRREDDY,1,1,0.30966032,0.6903397,0.6903397,-0.00560314416838
2025-05-06,DRREDDY,1,1,0.2828737,0.7171263,0.7171263,-0.0093058924348747
2025-05-07,DRREDDY,1,1,0.25682044,0.74317956,0.74317956,0.0002584138260819
2025-05-08,DRREDDY,1,1,0.1690309,0.8309691,0.8309691,-0.0109415962059706
2025-05-09,DRREDDY,1,1,0.25874877,0.74125123,0.74125123,0.0068815389547602
2025-05-12,DRREDDY,1,1,0.33312833,0.66687167,0.66687167,0.0343454462887709
2025-05-13,DRREDDY,1,1,0.32916135,0.67083865,0.67083865,0.0096186754884008
2025-05-14,DRREDDY,1,1,0.39974362,0.6002564,0.6002564,0.0106867893775077
2025-05-15,DRREDDY,1,1,0.29976684,0.70023316,0.70023316,0.0133606477731162
2025-05-16,DRREDDY,1,1,0.33192664,0.66807336,0.66807336,-0.0045297355122142
2025-05-19,DRREDDY,1,1,0.3468166,0.6531834,0.6531834,-0.0095067494107815
2025-05-20,DRREDDY,1,1,0.3222242,0.6777758,0.6777758,0.0042657980146152
2025-05-21,DRREDDY,1,1,0.3068328,0.6931672,0.6931672,0.0004084113061093
2025-05-22,DRREDDY,1,1,0.27681476,0.72318524,0.72318524,-0.00204132317784
2025-05-23,DRREDDY,1,1,0.29183537,0.70816463,0.70816463,0.0064637598157755
2025-05-26,DRREDDY,1,1,0.39855117,0.60144883,0.60144883,0.0087798717567693
2025-05-27,DRREDDY,1,1,0.2965566,0.7034434,0.7034434,0.0018534084767947
2025-05-28,DRREDDY,1,1,0.3011515,0.6988485,0.6988485,-0.0004826034022749
2025-05-29,DRREDDY,1,1,0.34624493,0.65375507,0.65375507,0.0045066709822725
2025-05-30,DRREDDY,1,1,0.2538399,0.7461601,0.7461601,0.0024034494090188
2025-06-02,DRREDDY,1,1,0.28417325,0.71582675,0.71582675,-0.0027973829565427
2025-06-03,DRREDDY,1,1,0.27813232,0.7218677,0.7218677,0.0004809613161385
2025-06-04,DRREDDY,1,1,0.3040238,0.6959762,0.6959762,0.0028839869835803
2025-06-05,DRREDDY,1,1,0.40417457,0.59582543,0.59582543,0.0309129694013297
2025-06-10,DRREDDY,-1,1,0.37419695,0.62580305,0.62580305,0.0225154393779454
2025-06-11,DRREDDY,-1,1,0.43513536,0.56486464,0.56486464,0.0017051413353783
2025-06-12,DRREDDY,-1,1,0.4720667,0.5279333,0.5279333,0.0085855679573962
2025-06-13,DRREDDY,-1,1,0.37254763,0.6274524,0.6274524,-0.000146670591104
2025-06-16,DRREDDY,-1,1,0.2717352,0.7282648,0.7282648,-0.0115229489747691
2025-06-17,DRREDDY,-1,1,0.31426036,0.68573964,0.68573964,-0.0207899809676768
2025-06-18,DRREDDY,-1,1,0.32865626,0.67134374,0.67134374,-0.0041704531609262
2025-06-19,DRREDDY,-1,1,0.33973175,0.66026825,0.66026825,0.0097463677017295
2025-06-20,DRREDDY,-1,1,0.38665193,0.61334807,0.61334807,-0.0006032451476375
2025-06-24,DRREDDY,-1,1,0.4334054,0.5665946,0.5665946,0.0147204604837141
2025-06-25,DRREDDY,-1,1,0.44995838,0.5500416,0.5500416,0.0032153785540323
2025-06-26,DRREDDY,-1,1,0.4684192,0.5315808,0.5315808,-0.0149821575141899
2025-06-27,DRREDDY,-1,1,0.46885806,0.53114194,0.53114194,-0.0155126162188954
2025-06-30,DRREDDY,-1,1,0.4110664,0.5889336,0.5889336,-0.0136048627913838
2025-07-03,DRREDDY,-1,1,0.4427966,0.5572034,0.5572034,0.0161315081819961
2025-07-04,DRREDDY,-1,-1,0.51963377,0.4803662,0.51963377,0.0124680557205838
2025-07-07,DRREDDY,-1,1,0.4973331,0.5026669,0.5026669,0.0023711037109581
2025-07-08,DRREDDY,-1,1,0.4572143,0.5427857,0.5427857,-0.0203738147450524
2025-07-09,DRREDDY,-1,1,0.43335408,0.5666459,0.5666459,-0.0112167604363037
2025-07-11,DRREDDY,1,1,0.4481886,0.5518114,0.5518114,-0.0062569496014731
2025-07-14,DRREDDY,1,1,0.33328015,0.66671985,0.66671985,-0.0032676940667034
2025-07-15,DRREDDY,1,1,0.4267223,0.5732777,0.5732777,0.0082360859021279
2025-07-16,DRREDDY,1,1,0.3268578,0.6731422,0.6731422,-0.0011896264342583
2025-07-17,DRREDDY,1,1,0.31133044,0.68866956,0.68866956,0.002937868111918
2025-07-18,DRREDDY,-1,1,0.23889798,0.761102,0.761102,-0.0044335172941
2025-07-21,DRREDDY,-1,1,0.27320808,0.7267919,0.7267919,0.0014314503603378
2025-07-22,DRREDDY,-1,1,0.427409,0.572591,0.572591,-0.0153260129276459
2025-07-23,DRREDDY,-1,-1,0.5271279,0.47287208,0.5271279,0.0059677616242439
2025-07-24,DRREDDY,-1,1,0.48974556,0.51025444,0.51025444,0.0145101613208957
2025-07-25,DRREDDY,-1,1,0.4043162,0.5956838,0.5956838,0.0097985179091761
2025-07-28,DRREDDY,-1,1,0.26780504,0.73219496,0.73219496,0.0074340713815668
2025-07-29,DRREDDY,-1,1,0.23390299,0.766097,0.766097,0.0096318348445785
2025-07-30,DRREDDY,-1,1,0.22826833,0.7717317,0.7717317,-0.0059240444321645
2025-07-31,DRREDDY,-1,1,0.19664055,0.80335945,0.80335945,-0.0168717027859448
2025-08-01,DRREDDY,1,1,0.1261931,0.8738069,0.8738069,-0.0391246723858955
2025-08-04,DRREDDY,1,1,0.18241936,0.81758064,0.81758064,0.0036048046059891
2025-08-05,DRREDDY,1,1,0.18989766,0.81010234,0.81010234,-0.0083264907525509
2025-08-06,DRREDDY,1,1,0.13441288,0.8655871,0.8655871,-0.0148996517358642
2025-08-07,DRREDDY,1,1,0.17883742,0.8211626,0.8211626,0.0034261701542102
2025-08-08,DRREDDY,1,1,0.22145522,0.7785448,0.7785448,0.0088274276773074
2025-08-11,DRREDDY,1,1,0.22627884,0.77372116,0.77372116,0.0066864581663315
2025-08-12,DRREDDY,1,1,0.16490084,0.83509916,0.83509916,0.0006560465995284
2025-08-14,DRREDDY,1,1,0.28017992,0.7198201,0.7198201,0.0055848092098709
2025-08-18,DRREDDY,-1,1,0.2751308,0.7248692,0.7248692,0.0018247593726299
2025-08-19,DRREDDY,1,1,0.25458473,0.7454153,0.7454153,-0.0146511449397227
2025-08-22,DRREDDY,-1,1,0.4029113,0.5970887,0.5970887,0.0007833307372115
2025-08-26,DRREDDY,1,1,0.3211468,0.6788532,0.6788532,-0.0161228077331289
2025-08-28,DRREDDY,1,1,0.21878666,0.78121334,0.78121334,-0.0026914997428522
2025-08-29,DRREDDY,1,1,0.23899388,0.7610061,0.7610061,0.000238074889814
2025-09-01,DRREDDY,1,1,0.19294429,0.8070557,0.8070557,0.0157130777015674
2025-09-02,DRREDDY,1,1,0.2631877,0.7368123,0.7368123,-0.020470406080492
2025-09-03,DRREDDY,1,1,0.2611428,0.7388572,0.7388572,0.0067799316671064
2025-09-04,DRREDDY,1,1,0.33115256,0.66884744,0.66884744,-0.0072888223164114
2025-09-05,DRREDDY,1,1,0.2814592,0.7185408,0.7185408,0.0120510579297186
2025-09-08,DRREDDY,1,1,0.42612755,0.57387245,0.57387245,-0.0138001737535827
2025-09-09,DRREDDY,1,1,0.40428054,0.59571946,0.59571946,0.0325444378991919
2025-09-11,DRREDDY,-1,1,0.46368688,0.5363131,0.5363131,-0.0008434102339516
2025-09-12,DRREDDY,-1,1,0.47249895,0.52750105,0.52750105,0.0104366325230129
2025-09-15,DRREDDY,-1,-1,0.51307476,0.48692524,0.51307476,-0.0120755699349718
2025-09-16,DRREDDY,-1,-1,0.5420879,0.45791206,0.5420879,0.0073800547552147
2025-09-17,DRREDDY,-1,-1,0.5319444,0.46805558,0.5319444,0.000763125748908
2025-09-18,DRREDDY,-1,-1,0.57991487,0.42008513,0.57991487,0.0086166894520696
2025-09-19,DRREDDY,-1,-1,0.6212387,0.3787613,0.6212387,-0.0007560293618473
2025-09-22,DRREDDY,-1,-1,0.6077248,0.39227518,0.6077248,-0.0153589524913076
2025-09-23,DRREDDY,-1,-1,0.50954306,0.4904569,0.50954306,0.0053788227053028
2025-09-24,DRREDDY,-1,-1,0.58500046,0.41499954,0.58500046,-0.0078722475052976
2025-09-25,DRREDDY,-1,-1,0.5218439,0.4781561,0.5218439,-0.0176411870000428
2025-09-26,DRREDDY,1,1,0.4290821,0.5709179,0.5709179,-0.0173305963238378
2025-09-30,DRREDDY,1,1,0.46286315,0.53713685,0.53713685,-0.0088287904014329
2025-10-06,DRREDDY,1,-1,0.50438166,0.49561834,0.50438166,0.0004006089334032
2025-10-07,DRREDDY,1,-1,0.5832266,0.41677338,0.5832266,-8.007014888056219e-05
2025-10-08,DRREDDY,1,-1,0.6395751,0.36042488,0.6395751,-0.0112134561473768
2025-10-09,DRREDDY,1,-1,0.7046033,0.2953967,0.7046033,0.0093964970319462
2025-10-10,DRREDDY,1,-1,0.73299307,0.26700693,0.73299307,0.0146858592301311
2025-10-13,DRREDDY,1,-1,0.7304684,0.26953164,0.7304684,-0.0015817778878379
2025-10-14,DRREDDY,1,-1,0.64592063,0.35407934,0.64592063,-0.0198827432672045
2025-10-15,DRREDDY,-1,-1,0.68220115,0.31779885,0.68220115,-0.003960255573176
2025-10-16,DRREDDY,-1,-1,0.6658449,0.33415508,0.6658449,0.0063290543681391
2025-10-17,DRREDDY,-1,-1,0.69443876,0.30556124,0.69443876,0.0126593080634718
2025-10-20,DRREDDY,-1,-1,0.5826969,0.41730312,0.5826969,0.0207818895442051
2025-10-21,DRREDDY,-1,-1,0.6208594,0.37914065,0.6208594,0.0052261709609009
2025-10-23,DRREDDY,-1,1,0.4815945,0.5184055,0.5184055,-0.0072165182821304
2025-10-24,DRREDDY,-1,1,0.41037613,0.58962387,0.58962387,0.0032827505797481
2025-10-27,DRREDDY,-1,1,0.3085742,0.6914258,0.6914258,0.000545398298148
2025-10-28,DRREDDY,-1,1,0.28884512,0.7111549,0.7111549,0.003971015644351
2025-10-29,DRREDDY,-1,1,0.3495074,0.6504926,0.6504926,-0.0298588485117295
2025-10-30,DRREDDY,1,1,0.33697987,0.66302013,0.66302013,-0.0389320267740814
2025-10-31,DRREDDY,1,1,0.2806328,0.7193672,0.7193672,-0.0038262982638234
2025-11-03,DRREDDY,1,1,0.3137145,0.6862855,0.6862855,-0.0013359849854327
2025-11-04,DRREDDY,1,1,0.49647385,0.50352615,0.50352615,0.0033444816053511
2025-11-06,DRREDDY,1,-1,0.51778233,0.48221764,0.51778233,0.0043332926432291
2025-11-07,DRREDDY,1,1,0.48861063,0.5113894,0.5113894,0.0001660083391084
2025-11-10,DRREDDY,1,1,0.45705557,0.54294443,0.54294443,-0.0055583815384808
2025-11-11,DRREDDY,1,-1,0.50676036,0.49323967,0.50676036,0.0106782759235215
2025-11-12,DRREDDY,1,-1,0.5232469,0.4767531,0.5232469,0.014940136678446
2025-11-13,DRREDDY,1,1,0.46635652,0.5336435,0.5336435,0.0043103846237466
2025-11-14,DRREDDY,1,1,0.37796837,0.6220316,0.6220316,0.0089885621236458
2025-11-17,DRREDDY,1,1,0.27135468,0.7286453,0.7286453,-0.0012840895553269
2025-11-18,DRREDDY,1,1,0.324426,0.675574,0.675574,-0.0004821404485426
2025-11-19,DRREDDY,1,1,0.18199778,0.8180022,0.8180022,0.0051454430716415
2025-11-20,DRREDDY,1,1,0.18479097,0.81520903,0.81520903,-0.0012797757546204
2025-11-21,DRREDDY,1,1,0.17051542,0.8294846,0.8294846,-0.0037641768891348
2025-11-24,DRREDDY,1,1,0.19627804,0.80372196,0.80372196,-0.0142294982673748
2025-11-25,DRREDDY,1,1,0.23161215,0.76838785,0.76838785,0.0080737439310782
2025-11-27,DRREDDY,1,1,0.2241813,0.7758187,0.7758187,0.0010417057917668
2025-11-28,DRREDDY,1,1,0.24560457,0.7543954,0.7543954,0.0076042580874877
2025-12-01,DRREDDY,1,1,0.3298381,0.6701619,0.6701619,0.0010326713595401
2025-12-03,DRREDDY,-1,-1,0.57026005,0.42973998,0.57026005,0.0043130490986496
2025-12-08,DRREDDY,1,-1,0.5579458,0.4420542,0.5579458,-0.0068224211927548
2025-12-09,DRREDDY,1,-1,0.68702507,0.31297493,0.68702507,-0.0160284633463284
2025-12-10,DRREDDY,1,-1,0.60612047,0.3938795,0.60612047,0.0036912998206461
2025-12-12,DRREDDY,-1,-1,0.6338916,0.36610842,0.6338916,0.0045544160409305
2025-12-15,DRREDDY,-1,-1,0.5907434,0.4092566,0.5907434,0.0010161234332815
2025-12-17,DRREDDY,-1,-1,0.5914907,0.4085093,0.5914907,-0.0038374377949527
2025-12-18,DRREDDY,-1,-1,0.5810351,0.41896492,0.5810351,0.0062893081761006
2025-12-19,DRREDDY,-1,-1,0.53991276,0.46008724,0.53991276,-0.0014062881469726
2025-12-22,DRREDDY,-1,1,0.42699426,0.57300574,0.57300574,0.0040682783921404
2025-12-23,DRREDDY,-1,1,0.41127336,0.58872664,0.58872664,7.789900579369125e-05
2025-12-24,DRREDDY,-1,1,0.4831475,0.5168525,0.5168525,-0.0137903787860342
2025-12-26,DRREDDY,-1,1,0.41169214,0.58830786,0.58830786,0.0027650496642344
2025-12-29,DRREDDY,-1,1,0.40945226,0.59054774,0.59054774,-0.0005515427521127
2025-12-30,DRREDDY,-1,1,0.45991647,0.5400835,0.5400835,-0.0022070998042699
2025-12-31,DRREDDY,-1,1,0.3766957,0.6233043,0.6233043,0.0044240601753191
2026-01-01,DRREDDY,-1,1,0.35913652,0.6408635,0.6408635,-0.0141576212477229
2026-01-02,DRREDDY,-1,1,0.35466206,0.64533794,0.64533794,0.0021541017386983
2026-01-05,DRREDDY,-1,-1,0.5001711,0.49982888,0.5001711,-0.0048562819078887
2026-01-06,DRREDDY,-1,-1,0.50039047,0.49960953,0.50039047,0.0049599609374999
2026-01-07,DRREDDY,-1,-1,0.54842514,0.45157486,0.54842514,-0.0106670139027227
2026-01-08,DRREDDY,1,1,0.26363218,0.7363678,0.7363678,-0.0288864040904357
2026-01-09,DRREDDY,1,1,0.36312664,0.63687336,0.63687336,0.0026513804848322
2026-01-12,DRREDDY,1,1,0.4035542,0.5964458,0.5964458,0.0044624613858434
2026-01-13,DRREDDY,1,1,0.38289702,0.617103,0.617103,-0.0199094620912175
2026-01-14,DRREDDY,1,1,0.43613416,0.56386584,0.56386584,-0.0040292526075582
2026-01-15,DRREDDY,1,1,0.4109348,0.5890652,0.5890652,0.0
2026-01-16,DRREDDY,1,1,0.36584955,0.63415045,0.63415045,-0.0092709650231773
2026-01-19,DRREDDY,1,1,0.4393648,0.5606352,0.5606352,-0.0070608667189493
2026-01-20,DRREDDY,1,1,0.4302085,0.5697915,0.5697915,-0.0004283756176463
2026-01-21,DRREDDY,1,1,0.3835845,0.6164155,0.6164155,-0.0081426248372238
2026-01-22,DRREDDY,1,1,0.29143733,0.7085627,0.7085627,0.0521085822437688
2026-01-23,DRREDDY,1,1,0.38168097,0.61831903,0.61831903,0.0148665097215092
2026-01-27,DRREDDY,1,1,0.29525632,0.7047437,0.7047437,0.0033992176474395
2026-01-28,DRREDDY,1,1,0.24022067,0.75977933,0.75977933,-0.0139539023606889
2026-01-29,DRREDDY,1,1,0.34482878,0.6551712,0.6551712,-0.0111247244056748
2026-01-30,DRREDDY,1,1,0.4212795,0.5787205,0.5787205,0.007610183626503
2026-02-02,DRREDDY,1,1,0.3949337,0.6050663,0.6050663,-0.0292258240698288
2026-02-03,DRREDDY,1,1,0.31606126,0.68393874,0.68393874,0.0447357500330338
2026-02-04,DRREDDY,1,1,0.3783635,0.6216365,0.6216365,0.0038853218900405
2026-02-05,DRREDDY,1,1,0.39644903,0.603551,0.603551,0.0037897705428437
2026-02-06,DRREDDY,1,1,0.44405305,0.55594695,0.55594695,-0.0029721850507063
2026-02-09,DRREDDY,1,-1,0.5436441,0.4563559,0.5436441,0.0276345876389543
2026-02-10,DRREDDY,1,1,0.45183837,0.5481616,0.5481616,-0.0152881223049784
2026-02-11,DRREDDY,1,-1,0.5201162,0.47988376,0.5201162,0.0113853891943669
2026-02-12,DRREDDY,1,-1,0.55545044,0.44454953,0.55545044,0.0036211724861232
2026-02-13,DRREDDY,1,-1,0.55915856,0.4408414,0.55915856,-0.0053337898642289
2026-02-16,DRREDDY,1,1,0.3885811,0.6114189,0.6114189,0.0010251942695009
2026-02-18,DRREDDY,1,-1,0.58643603,0.413564,0.58643603,-0.0035024905269146
2026-02-19,DRREDDY,1,-1,0.52123064,0.47876936,0.52123064,0.0015621338152964
2026-02-24,DRREDDY,1,-1,0.60412884,0.39587116,0.60412884,-0.0055071692731644
2026-02-25,DRREDDY,1,1,0.45911872,0.5408813,0.5408813,0.0048454461349938
2026-02-26,DRREDDY,-1,1,0.49817723,0.50182277,0.50182277,0.0097972053793531
2026-03-02,DRREDDY,-1,1,0.4317335,0.5682665,0.5682665,0.006297112087741
2026-03-05,DRREDDY,-1,-1,0.5798764,0.42012355,0.5798764,0.0172707943551932
2026-03-09,DRREDDY,-1,1,0.43306834,0.56693166,0.56693166,-0.0128854488410435
2026-03-10,DRREDDY,-1,1,0.48884994,0.51115006,0.51115006,0.0214452024754758
2026-03-11,DRREDDY,-1,-1,0.56148636,0.43851364,0.56148636,0.0082915142374044
2026-03-12,DRREDDY,-1,1,0.42357922,0.5764208,0.5764208,-0.004903809883063
2026-03-13,DRREDDY,-1,1,0.3861544,0.6138456,0.6138456,-0.0202425710173427
2026-03-16,DRREDDY,-1,1,0.3479355,0.6520645,0.6520645,-0.0119167560413137
2026-03-17,DRREDDY,-1,-1,0.50296843,0.4970316,0.50296843,0.0054037311317529
2026-03-18,DRREDDY,-1,1,0.4899785,0.5100215,0.5100215,0.0085683124954241
2026-03-19,DRREDDY,-1,1,0.44136173,0.5586383,0.5586383,-0.0156781341231009
2026-03-20,DRREDDY,-1,1,0.474104,0.525896,0.525896,0.0191447818078167
2026-03-23,DRREDDY,-1,1,0.4044088,0.5955912,0.5955912,-0.0351066092299965
2026-03-24,DRREDDY,-1,1,0.3802638,0.6197362,0.6197362,0.0050266707989863
2026-03-25,DRREDDY,-1,1,0.4845103,0.5154897,0.5154897,0.0326293874107284
2026-03-27,DRREDDY,-1,1,0.3124103,0.6875897,0.6875897,-0.0146075195765801
2026-03-30,DRREDDY,-1,-1,0.5498692,0.45013085,0.5498692,-0.0209096729178377
2026-04-01,DRREDDY,1,1,0.4312445,0.5687555,0.5687555,-0.0360985321115732
2026-04-02,DRREDDY,1,-1,0.5514343,0.44856572,0.5514343,0.0063658014199756
2026-04-07,DRREDDY,1,1,0.43264163,0.5673584,0.5673584,-0.0178190773297055
2026-04-08,DRREDDY,1,1,0.4567272,0.5432728,0.5432728,-0.0039293965954414
2026-04-09,DRREDDY,1,-1,0.66398895,0.33601102,0.66398895,0.0172066472888332
2026-04-10,DRREDDY,1,1,0.2529688,0.7470312,0.7470312,0.0167504962033706
2026-04-13,DRREDDY,1,1,0.19367003,0.80632997,0.80632997,0.0030028188514927
2026-04-15,DRREDDY,1,1,0.18354762,0.8164524,0.8164524,-0.0146451777881618
2026-04-16,DRREDDY,1,1,0.23711216,0.76288784,0.76288784,0.0029561302690057
2025-01-01,EICHERMOT,1,-1,0.5491475,0.45085248,0.5491475,0.0131483308479098
2025-01-02,EICHERMOT,-1,1,0.43608648,0.5639135,0.5639135,0.0865454094821891
2025-01-03,EICHERMOT,-1,1,0.34842074,0.65157926,0.65157926,0.0004992622882538
2025-01-06,EICHERMOT,-1,1,0.4373538,0.5626462,0.5626462,-0.0114202111688046
2025-01-07,EICHERMOT,-1,1,0.4263937,0.5736063,0.5736063,-0.013866504826243
2025-01-08,EICHERMOT,-1,1,0.4645487,0.5354513,0.5354513,-0.0027233165421274
2025-01-10,EICHERMOT,1,1,0.48645473,0.5135453,0.5135453,-0.0158465785905577
2025-01-13,EICHERMOT,1,1,0.46005195,0.53994805,0.53994805,-0.023594185485303
2025-01-14,EICHERMOT,1,-1,0.5307859,0.4692141,0.5307859,0.0183129116597213
2025-01-15,EICHERMOT,1,1,0.4833157,0.5166843,0.5166843,0.0104085442877703
2025-01-16,EICHERMOT,1,1,0.42359167,0.5764083,0.5764083,-0.0067101036293131
2025-01-17,EICHERMOT,1,1,0.3754447,0.6245553,0.6245553,-0.007032733030015
2025-01-20,EICHERMOT,1,1,0.46899503,0.53100497,0.53100497,0.0008878218317134
2025-01-21,EICHERMOT,1,-1,0.54246545,0.45753452,0.54246545,-0.0093286983153644
2025-01-22,EICHERMOT,1,-1,0.5078598,0.49214017,0.5078598,0.007998074872952
2025-01-23,EICHERMOT,1,-1,0.59795415,0.40204585,0.59795415,0.0212587527474361
2025-01-24,EICHERMOT,1,-1,0.5281155,0.47188446,0.5281155,0.0176106507303757
2025-01-27,EICHERMOT,1,-1,0.5495615,0.4504385,0.5495615,-0.0118702080635256
2025-01-28,EICHERMOT,1,1,0.4754306,0.5245694,0.5245694,-0.0076003718848156
2025-01-29,EICHERMOT,-1,-1,0.5168122,0.4831878,0.5168122,0.0151799774036434
2025-01-30,EICHERMOT,-1,1,0.49987072,0.5001293,0.5001293,-0.0035789724418262
2025-01-31,EICHERMOT,-1,-1,0.5439633,0.45603666,0.5439633,0.0057992359692651
2025-02-01,EICHERMOT,-1,-1,0.5615134,0.43848658,0.5615134,0.037704844352667
2025-02-03,EICHERMOT,-1,1,0.4624318,0.5375682,0.5375682,0.017643321938596
2025-02-04,EICHERMOT,-1,1,0.48859972,0.5114003,0.5114003,-0.006408119464097
2025-02-05,EICHERMOT,-1,1,0.47428584,0.52571416,0.52571416,-0.0060365224309045
2025-02-06,EICHERMOT,-1,-1,0.55985105,0.44014892,0.55985105,-0.0138817836547587
2025-02-07,EICHERMOT,-1,1,0.4746307,0.5253693,0.5253693,0.0057188770905298
2025-02-10,EICHERMOT,-1,-1,0.64944565,0.35055435,0.64944565,-0.0069240512319029
2025-02-12,EICHERMOT,1,-1,0.5916949,0.4083051,0.5916949,-0.0247166523094553
2025-02-14,EICHERMOT,1,-1,0.5805164,0.4194836,0.5805164,-0.0242821298878317
2025-02-17,EICHERMOT,1,1,0.49981964,0.50018036,0.50018036,0.0088979468218013
2025-02-18,EICHERMOT,1,-1,0.50841296,0.491587,0.50841296,-0.0054371731994464
2025-02-19,EICHERMOT,1,-1,0.65581274,0.34418723,0.65581274,0.0193245185377015
2025-02-20,EICHERMOT,1,-1,0.6808163,0.3191837,0.6808163,0.0161726367150469
2025-02-27,EICHERMOT,1,-1,0.6238525,0.37614748,0.6238525,-0.0108822100849499
2025-02-28,EICHERMOT,1,-1,0.57711595,0.42288405,0.57711595,-0.0328031710523718
2025-03-03,EICHERMOT,1,-1,0.57865644,0.4213436,0.57865644,0.0278616419322383
2025-03-04,EICHERMOT,1,-1,0.5810436,0.4189564,0.5810436,-0.018648423280116
2025-03-05,EICHERMOT,1,-1,0.5467669,0.45323315,0.5467669,0.0359701714231008
2025-03-06,EICHERMOT,1,-1,0.5922806,0.4077194,0.5922806,0.021269739313793
2025-03-07,EICHERMOT,1,-1,0.74092567,0.2590743,0.74092567,0.0012367256847671
2025-03-10,EICHERMOT,1,-1,0.67086804,0.32913193,0.67086804,-0.0215951180099986
2025-03-11,EICHERMOT,1,-1,0.66337013,0.33662984,0.66337013,-0.0010019013230766
2025-03-12,EICHERMOT,1,-1,0.7076173,0.29238275,0.7076173,0.0063985986894261
2025-03-13,EICHERMOT,1,-1,0.68490803,0.31509197,0.68490803,-0.0004385756081576
2025-03-17,EICHERMOT,1,1,0.31257027,0.6874297,0.6874297,0.0069787689129341
2025-03-18,EICHERMOT,1,1,0.3056686,0.6943314,0.6943314,0.0
2025-03-19,EICHERMOT,1,1,0.3646183,0.6353817,0.6353817,0.0100291689441387
2025-03-21,EICHERMOT,-1,1,0.4061879,0.5938121,0.5938121,0.014648026189159
2025-03-24,EICHERMOT,-1,1,0.38792562,0.6120744,0.6120744,0.0222863006033007
2025-03-25,EICHERMOT,-1,1,0.33925998,0.66074,0.66074,0.0012997691254772
2025-03-26,EICHERMOT,-1,1,0.3113466,0.6886534,0.6886534,-0.0051462473147489
2025-03-27,EICHERMOT,1,1,0.3499893,0.6500107,0.6500107,-0.0106508357921467
2025-03-28,EICHERMOT,1,1,0.3543319,0.6456681,0.6456681,0.0003648239065414
2025-04-01,EICHERMOT,1,1,0.47876084,0.52123916,0.52123916,-0.0075733240891954
2025-04-02,EICHERMOT,1,1,0.44868112,0.5513189,0.5513189,0.0091007328507928
2025-04-03,EICHERMOT,1,1,0.45656753,0.5434325,0.5434325,0.0044160024884403
2025-04-04,EICHERMOT,1,1,0.4993046,0.5006954,0.5006954,-0.0243997483881402
2025-04-07,EICHERMOT,1,1,0.3992191,0.6007809,0.6007809,-0.0348043123349571
2025-04-08,EICHERMOT,1,1,0.4360087,0.5639913,0.5639913,0.0327920237824148
2025-04-09,EICHERMOT,1,-1,0.52515423,0.47484577,0.52515423,0.0051516253426648
2025-04-11,EICHERMOT,1,1,0.44577104,0.55422896,0.55422896,0.0176102319702224
2025-04-16,EICHERMOT,-1,-1,0.510571,0.48942903,0.510571,0.0156447506209718
2025-04-17,EICHERMOT,-1,-1,0.547956,0.452044,0.547956,0.0112189991834994
2025-04-21,EICHERMOT,-1,-1,0.563002,0.43699804,0.563002,0.0232455277346692
2025-04-22,EICHERMOT,-1,-1,0.57009506,0.42990494,0.57009506,-0.0045606847641275
2025-04-23,EICHERMOT,-1,-1,0.59156525,0.40843478,0.59156525,-0.0076071483147641
2025-04-24,EICHERMOT,-1,-1,0.53921133,0.46078867,0.53921133,-0.0155923592872512
2025-04-25,EICHERMOT,-1,1,0.48470634,0.51529366,0.51529366,-0.0132731762600322
2025-04-28,EICHERMOT,-1,-1,0.51660436,0.48339564,0.51660436,0.0083400613832349
2025-04-29,EICHERMOT,-1,-1,0.61592823,0.38407177,0.61592823,-0.0076485474120729
2025-04-30,EICHERMOT,-1,-1,0.5730692,0.42693081,0.5730692,-0.0021508865392056
2025-05-02,EICHERMOT,1,1,0.4302476,0.5697524,0.5697524,-0.0228130385808466
2025-05-05,EICHERMOT,1,1,0.40705276,0.59294724,0.59294724,0.0037684205683552
2025-05-06,EICHERMOT,-1,-1,0.5052533,0.49474669,0.5052533,0.0099807481081894
2025-05-07,EICHERMOT,-1,1,0.3882867,0.6117133,0.6117133,-0.004714379845062
2025-05-09,EICHERMOT,1,1,0.33079082,0.6692092,0.6692092,-0.0090274964079021
2025-05-12,EICHERMOT,-1,1,0.40357804,0.59642196,0.59642196,0.0368144496738196
2025-05-14,EICHERMOT,-1,-1,0.50943154,0.49056846,0.50943154,0.0050747304000986
2025-05-15,EICHERMOT,-1,1,0.44073373,0.55926627,0.55926627,0.0035802993720559
2025-05-16,EICHERMOT,-1,1,0.4213115,0.5786885,0.5786885,0.007958231028043
2025-05-19,EICHERMOT,-1,1,0.47644812,0.5235519,0.5235519,0.0037208835498201
2025-05-21,EICHERMOT,-1,1,0.32904923,0.6709508,0.6709508,0.0039906855848739
2025-05-22,EICHERMOT,-1,1,0.36300474,0.63699526,0.63699526,-0.0040672716991263
2025-05-29,EICHERMOT,-1,1,0.3521434,0.6478566,0.6478566,0.0098563148880099
2025-06-04,EICHERMOT,1,1,0.2885906,0.7114094,0.7114094,-0.0064438206409564
2025-06-05,EICHERMOT,1,1,0.23202765,0.76797235,0.76797235,-0.0020678051139938
2025-06-06,EICHERMOT,1,1,0.3395136,0.6604864,0.6604864,0.0161061911776996
2025-06-09,EICHERMOT,1,1,0.2206968,0.7793032,0.7793032,-0.0005561411415611
2025-06-10,EICHERMOT,1,1,0.2713024,0.7286976,0.7286976,-0.0025041653516143
2025-06-11,EICHERMOT,1,1,0.33207214,0.66792786,0.66792786,-0.004742026091261
2025-06-12,EICHERMOT,1,1,0.41336793,0.5866321,0.5866321,-0.0068198684175262
2025-06-13,EICHERMOT,1,1,0.26280206,0.73719794,0.73719794,0.0006584288618141
2025-06-16,EICHERMOT,1,1,0.29377335,0.70622665,0.70622665,0.0086482346682417
2025-06-17,EICHERMOT,1,1,0.23994768,0.7600523,0.7600523,-0.0044733629682951
2025-06-18,EICHERMOT,1,1,0.3134871,0.6865129,0.6865129,0.0097359309768685
2025-06-19,EICHERMOT,1,1,0.38427764,0.61572236,0.61572236,0.0186353296464991
2025-06-20,EICHERMOT,1,1,0.36195385,0.63804615,0.63804615,0.00573403034374
2025-06-23,EICHERMOT,1,1,0.46101344,0.53898656,0.53898656,0.0049773691248418
2025-06-24,EICHERMOT,1,1,0.3934735,0.6065265,0.6065265,0.0137776214733744
2025-06-25,EICHERMOT,1,1,0.4129777,0.5870223,0.5870223,-0.0094155637322203
2025-06-26,EICHERMOT,1,1,0.413491,0.586509,0.586509,0.0063665402045687
2025-06-27,EICHERMOT,-1,1,0.40694106,0.59305894,0.59305894,0.0086430057073259
2025-06-30,EICHERMOT,-1,1,0.403969,0.596031,0.596031,-0.0006183530974456
2025-07-01,EICHERMOT,-1,1,0.4625252,0.5374748,0.5374748,0.0104304532684913
2025-07-02,EICHERMOT,-1,1,0.41287977,0.58712023,0.58712023,0.001224697241809
2025-07-03,EICHERMOT,-1,1,0.40493333,0.59506667,0.59506667,-0.001135815474628
2025-07-07,EICHERMOT,-1,1,0.44001126,0.55998874,0.55998874,0.0095043110549728
2025-07-08,EICHERMOT,-1,1,0.4626314,0.5373686,0.5373686,-0.000527905897836
2025-07-09,EICHERMOT,-1,1,0.4086795,0.5913205,0.5913205,0.0027290560385273
2025-07-10,EICHERMOT,-1,1,0.4183231,0.5816769,0.5816769,-0.0075504196520741
2025-07-11,EICHERMOT,-1,1,0.4380712,0.5619288,0.5619288,-0.0069887213985389
2025-07-14,EICHERMOT,-1,1,0.40372318,0.5962768,0.5962768,-0.0128284657139847
2025-07-15,EICHERMOT,-1,1,0.44558233,0.55441767,0.55441767,0.009114690390215
2025-07-16,EICHERMOT,-1,1,0.4367125,0.5632875,0.5632875,0.0063494593896191
2025-07-17,EICHERMOT,-1,1,0.4584394,0.5415606,0.5415606,0.0041766698284129
2025-07-21,EICHERMOT,1,1,0.35681432,0.6431857,0.6431857,-0.0123500649346539
2025-07-22,EICHERMOT,1,1,0.4440093,0.5559907,0.5559907,-0.0213206671698816
2025-07-23,EICHERMOT,1,1,0.44036752,0.5596325,0.5596325,0.000367720070096
2025-07-24,EICHERMOT,1,1,0.46062136,0.53937864,0.53937864,0.0050537470208715
2025-07-25,EICHERMOT,1,1,0.4961105,0.5038895,0.5038895,-0.0065825345959745
2025-07-28,EICHERMOT,1,1,0.2254712,0.7745288,0.7745288,-0.0086508493216033
2025-07-29,EICHERMOT,1,1,0.3764009,0.6235991,0.6235991,0.0156888425928094
2025-07-30,EICHERMOT,1,1,0.33227807,0.6677219,0.6677219,0.0019193191570618
2025-07-31,EICHERMOT,1,1,0.36021745,0.63978255,0.63978255,-0.002280578266284
2025-08-01,EICHERMOT,1,1,0.2715922,0.7284078,0.7284078,0.0239881448550522
2025-08-04,EICHERMOT,1,1,0.2876743,0.7123257,0.7123257,0.0168234442836467
2025-08-05,EICHERMOT,1,1,0.3965165,0.6034835,0.6034835,0.0106742572495996
2025-08-06,EICHERMOT,1,1,0.40015543,0.5998446,0.5998446,-0.0022883295194507
2025-08-07,EICHERMOT,1,1,0.3133974,0.6866026,0.6866026,0.0023817925194071
2025-08-08,EICHERMOT,1,1,0.29206473,0.7079353,0.7079353,-0.0032561823462113
2025-08-11,EICHERMOT,1,1,0.28500926,0.71499074,0.71499074,0.0015009712166695
2025-08-12,EICHERMOT,1,1,0.2153439,0.7846561,0.7846561,-0.0023803226659613
2025-08-13,EICHERMOT,1,1,0.27593452,0.7240655,0.7240655,0.0099858607281724
2025-08-14,EICHERMOT,1,1,0.2041151,0.7958849,0.7958849,0.0086621751684312
2025-08-18,EICHERMOT,1,1,0.22647327,0.7735267,0.7735267,0.0256766134628729
2025-08-19,EICHERMOT,1,1,0.23225087,0.76774913,0.76774913,0.0044824086603518
2025-08-20,EICHERMOT,1,1,0.36372823,0.6362718,0.6362718,-0.0001683926917571
2025-08-21,EICHERMOT,1,1,0.41334397,0.58665603,0.58665603,0.0063157894736842
2025-08-22,EICHERMOT,1,1,0.3070029,0.6929971,0.6929971,-0.0084518828451882
2025-08-25,EICHERMOT,1,1,0.3288579,0.6711421,0.6711421,0.0111401806059583
2025-08-26,EICHERMOT,1,1,0.40212744,0.59787256,0.59787256,0.0267924213337784
2025-08-28,EICHERMOT,1,1,0.3089698,0.6910302,0.6910302,-0.0029263534384652
2025-08-29,EICHERMOT,1,1,0.21059066,0.78940934,0.78940934,-0.0048915701940323
2025-09-01,EICHERMOT,1,1,0.34322745,0.65677255,0.65677255,0.0290021300999507
2025-09-02,EICHERMOT,1,1,0.35569698,0.644303,0.644303,0.0109872611464967
2025-09-03,EICHERMOT,1,1,0.34369177,0.65630823,0.65630823,0.0035438651756181
2025-09-04,EICHERMOT,1,1,0.3646794,0.6353206,0.6353206,0.0083967668523894
2025-09-05,EICHERMOT,1,1,0.34312487,0.65687513,0.65687513,0.0242023346303501
2025-09-08,EICHERMOT,1,1,0.3623358,0.6376642,0.6376642,0.0356355900007598
2025-09-09,EICHERMOT,1,1,0.31086606,0.68913394,0.68913394,0.0087307410124723
2025-09-10,EICHERMOT,1,1,0.38831425,0.61168575,0.61168575,-0.005527674739981
2025-09-11,EICHERMOT,1,1,0.35326904,0.64673096,0.64673096,-0.0114824837270532
2025-09-12,EICHERMOT,1,1,0.41937232,0.5806277,0.5806277,0.0173128144421426
2025-09-15,EICHERMOT,1,-1,0.5374751,0.46252486,0.5374751,-0.0107636363636363
2025-09-16,EICHERMOT,1,-1,0.6072777,0.3927223,0.6072777,0.0186002058520806
2025-09-17,EICHERMOT,1,-1,0.634789,0.36521098,0.634789,-0.0053410321183687
2025-09-19,EICHERMOT,-1,-1,0.8526468,0.14735317,0.8526468,0.0070763232002311
2025-09-23,EICHERMOT,-1,-1,0.81907296,0.18092704,0.81907296,0.0064065649294557
2025-09-24,EICHERMOT,-1,-1,0.88502795,0.11497203,0.88502795,0.0030040769615906
2025-09-26,EICHERMOT,-1,-1,0.8239226,0.17607743,0.8239226,0.008731749212711
2025-09-29,EICHERMOT,-1,-1,0.82260203,0.17739797,0.82260203,-0.008798070100752
2025-09-30,EICHERMOT,-1,-1,0.80418384,0.19581614,0.80418384,0.0029348604151753
2025-10-03,EICHERMOT,1,-1,0.85111403,0.14888594,0.85111403,-0.0114647867264829
2025-10-06,EICHERMOT,1,-1,0.8213425,0.17865749,0.8213425,-0.0087883590260768
2025-10-07,EICHERMOT,1,-1,0.9079762,0.09202378,0.9079762,0.0111918604651162
2025-10-09,EICHERMOT,-1,-1,0.8904937,0.10950632,0.8904937,-0.0008692502716407
2025-10-10,EICHERMOT,-1,-1,0.9407956,0.059204422,0.9407956,0.0099325744943086
2025-10-13,EICHERMOT,1,-1,0.9083658,0.09163421,0.9083658,-0.0076094759511844
2025-10-14,EICHERMOT,1,-1,0.8701042,0.12989578,0.8701042,-0.0036168981481481
2025-10-20,EICHERMOT,-1,-1,0.8709298,0.12907022,0.8709298,-0.0041178558750443
2025-10-21,EICHERMOT,-1,-1,0.8479338,0.15206616,0.8479338,0.0007129108148571
2025-10-28,EICHERMOT,-1,-1,0.5442302,0.45576978,0.5442302,0.0138999493231013
2025-10-29,EICHERMOT,-1,-1,0.6587267,0.3412733,0.6587267,-0.0072117101035344
2025-10-30,EICHERMOT,-1,-1,0.5117357,0.48826435,0.5117357,-0.0090621403912543
2025-10-31,EICHERMOT,-1,1,0.36365384,0.63634616,0.63634616,0.0171287559878066
2025-11-03,EICHERMOT,-1,1,0.40578038,0.5942196,0.5942196,0.0023547880690737
2025-11-06,EICHERMOT,1,1,0.44013566,0.55986434,0.55986434,-0.0178210678210678
2025-11-07,EICHERMOT,1,-1,0.5966835,0.40331647,0.5966835,0.0116800117534709
2025-11-10,EICHERMOT,1,-1,0.6658801,0.33411995,0.6658801,-0.0028318327040371
2025-11-11,EICHERMOT,1,-1,0.60331726,0.3966827,0.60331726,0.0009466249180805
2025-11-12,EICHERMOT,1,-1,0.5693033,0.43069673,0.5693033,0.0008729812309036
2025-11-13,EICHERMOT,1,-1,0.51621664,0.48378336,0.51621664,-0.0034888791975578
2025-11-14,EICHERMOT,1,-1,0.5663227,0.43367732,0.5663227,-0.0233406272793581
2025-11-17,EICHERMOT,1,1,0.49069053,0.5093095,0.5093095,0.0155339805825243
2025-11-18,EICHERMOT,1,-1,0.5422189,0.4577811,0.5422189,0.0022797470216209
2025-11-19,EICHERMOT,1,1,0.30861038,0.6913896,0.6913896,0.0120331645755373
2025-11-21,EICHERMOT,1,-1,0.5152825,0.4847175,0.5152825,0.0012630692582975
2025-11-24,EICHERMOT,-1,1,0.39495063,0.6050494,0.6050494,0.0173803349919405
2025-11-25,EICHERMOT,-1,1,0.23288846,0.76711154,0.76711154,-0.0055107804642832
2025-11-27,EICHERMOT,1,1,0.23564279,0.7643572,0.7643572,-0.027714107105647
2025-11-28,EICHERMOT,1,1,0.21444398,0.785556,0.785556,0.0077868266895271
2025-12-03,EICHERMOT,1,1,0.48289394,0.51710606,0.51710606,-0.0043585237258347
2025-12-08,EICHERMOT,1,-1,0.6698086,0.3301914,0.6698086,-0.0091564927857935
2025-12-09,EICHERMOT,1,-1,0.63445497,0.36554503,0.63445497,-0.0026603192383085
2025-12-10,EICHERMOT,1,-1,0.65985566,0.34014434,0.65985566,0.0148111750666852
2025-12-11,EICHERMOT,1,-1,0.7331354,0.2668646,0.7331354,0.0038043854188283
2025-12-15,EICHERMOT,1,-1,0.624979,0.37502095,0.624979,-0.0148706598423018
2025-12-16,EICHERMOT,1,-1,0.62474585,0.37525412,0.62474585,-0.0084251913220528
2025-12-17,EICHERMOT,1,-1,0.66830444,0.33169553,0.66830444,0.0103377469376195
2025-12-18,EICHERMOT,1,-1,0.6185187,0.38148132,0.6185187,-0.0039245917723736
2025-12-19,EICHERMOT,1,-1,0.62919295,0.37080705,0.62919295,0.0155491451488074
2025-12-22,EICHERMOT,1,-1,0.76686925,0.23313075,0.76686925,0.0103228488291533
2025-12-23,EICHERMOT,1,-1,0.81722105,0.18277894,0.81722105,0.0015771789069465
2025-12-24,EICHERMOT,1,-1,0.79299486,0.20700513,0.79299486,0.0013008352731753
2025-12-26,EICHERMOT,1,-1,0.7545322,0.24546778,0.7545322,0.0015726495726495
2025-12-29,EICHERMOT,1,-1,0.5003038,0.4996962,0.5003038,-0.0070999453850354
2025-12-30,EICHERMOT,1,-1,0.54201365,0.45798635,0.54201365,-0.0109323432343234
2025-12-31,EICHERMOT,1,-1,0.5832915,0.41670853,0.5832915,0.0166840458811261
2026-01-05,EICHERMOT,-1,-1,0.8045379,0.19546208,0.8045379,0.0201786079487353
2026-01-06,EICHERMOT,-1,-1,0.88455147,0.11544851,0.88455147,0.0053458068827263
2026-01-07,EICHERMOT,-1,-1,0.7759154,0.22408463,0.7759154,0.0079760717846459
2026-01-08,EICHERMOT,-1,-1,0.6011728,0.3988272,0.6011728,-0.0041543026706231
2026-01-09,EICHERMOT,-1,-1,0.6113639,0.3886361,0.6113639,-0.0058270427757912
2026-01-12,EICHERMOT,-1,-1,0.59347814,0.40652186,0.59347814,-0.00945783934994
2026-01-13,EICHERMOT,-1,-1,0.7176618,0.2823382,0.7176618,-0.0043033889187735
2026-01-14,EICHERMOT,-1,-1,0.63876176,0.3612382,0.63876176,-0.0062128579146407
2026-01-15,EICHERMOT,-1,-1,0.5482644,0.45173565,0.5482644,0.0
2026-01-16,EICHERMOT,-1,1,0.46230644,0.53769356,0.53769356,-0.0058439793422125
2026-01-19,EICHERMOT,-1,-1,0.532014,0.46798602,0.532014,0.001161995898838
2026-01-20,EICHERMOT,1,-1,0.59563327,0.40436676,0.59563327,-0.0204820099679114
2026-01-21,EICHERMOT,1,-1,0.6320261,0.36797395,0.6320261,-0.0046699658465184
2026-01-22,EICHERMOT,1,1,0.42352653,0.5764735,0.5764735,-0.0127450980392156
2026-01-23,EICHERMOT,1,-1,0.60111916,0.39888087,0.60111916,-0.0107816711590296
2026-01-27,EICHERMOT,1,1,0.40435696,0.59564304,0.59564304,0.0274630718485586
2026-01-28,EICHERMOT,1,1,0.45542848,0.5445715,0.5445715,-0.0130504571149416
2026-01-29,EICHERMOT,1,1,0.4940396,0.5059604,0.5059604,-0.0020506293310705
2026-01-30,EICHERMOT,1,-1,0.60780346,0.3921965,0.60780346,0.0093530787217459
2026-02-02,EICHERMOT,1,-1,0.67159086,0.32840914,0.67159086,-0.0192348192348192
2026-02-03,EICHERMOT,1,-1,0.54183334,0.45816666,0.54183334,0.0328537685205068
2026-02-04,EICHERMOT,1,-1,0.6042445,0.3957555,0.6042445,0.0086625086625087
2026-02-05,EICHERMOT,1,-1,0.51950467,0.48049536,0.51950467,-0.0093438680865681
2026-02-06,EICHERMOT,1,-1,0.59411633,0.4058837,0.59411633,-0.0044385879742007
2026-02-09,EICHERMOT,1,-1,0.6722041,0.32779592,0.6722041,0.0025078369905955
2026-02-10,EICHERMOT,1,-1,0.75788796,0.24211201,0.75788796,0.0139670627475505
2026-02-11,EICHERMOT,1,-1,0.717246,0.282754,0.717246,0.0651041666666667
2026-02-12,EICHERMOT,1,-1,0.5463797,0.4536203,0.5463797,0.0221335735426586
2026-02-16,EICHERMOT,-1,1,0.35485852,0.6451415,0.6451415,-0.0067575945443273
2026-02-17,EICHERMOT,-1,-1,0.64592946,0.35407054,0.64592946,0.0030584857374695
2026-02-18,EICHERMOT,-1,-1,0.61097986,0.38902014,0.61097986,-0.0031736154324828
2026-02-19,EICHERMOT,-1,1,0.48165417,0.51834583,0.51834583,-0.0140458205880517
2026-02-20,EICHERMOT,-1,1,0.43896538,0.5610346,0.5610346,0.0050018994554894
2026-02-23,EICHERMOT,-1,-1,0.60098624,0.39901376,0.60098624,0.0128520128520128
2026-02-24,EICHERMOT,-1,-1,0.58167857,0.41832143,0.58167857,-0.0136219443926105
2026-02-25,EICHERMOT,-1,1,0.41890734,0.58109266,0.58109266,0.0099634254004288
2026-02-26,EICHERMOT,-1,1,0.43091828,0.5690817,0.5690817,0.0227272727272727
2026-02-27,EICHERMOT,-1,-1,0.5505531,0.4494469,0.5505531,-0.0219169719169719
2026-03-02,EICHERMOT,-1,1,0.46476954,0.53523046,0.53523046,-0.023032270145434
2026-03-04,EICHERMOT,-1,1,0.43159586,0.56840414,0.56840414,-0.0254919499105545
2026-03-05,EICHERMOT,-1,-1,0.5294254,0.47057462,0.5294254,0.0168491444306038
2026-03-06,EICHERMOT,-1,-1,0.55041933,0.44958064,0.55041933,-0.0173436492585429
2026-03-09,EICHERMOT,-1,1,0.32437408,0.6756259,0.6756259,-0.0465192572665835
2026-03-10,EICHERMOT,-1,1,0.43838793,0.56161207,0.56161207,0.0372281860721166
2026-03-11,EICHERMOT,-1,1,0.39073962,0.6092604,0.6092604,-0.0375505871425728
2026-03-12,EICHERMOT,-1,1,0.3629493,0.6370507,0.6370507,-0.0383263252223065
2026-03-13,EICHERMOT,-1,1,0.28077728,0.7192227,0.7192227,-0.0336176618163572
2026-03-17,EICHERMOT,-1,1,0.46071684,0.53928316,0.53928316,0.0120834859025997
2026-03-18,EICHERMOT,-1,1,0.48737597,0.512624,0.512624,0.0170043415340086
2026-03-19,EICHERMOT,-1,1,0.43641007,0.56358993,0.56358993,-0.0333689078619707
2026-03-20,EICHERMOT,1,1,0.40503263,0.59496737,0.59496737,0.0170764021787133
2026-03-23,EICHERMOT,1,1,0.36474264,0.63525736,0.63525736,-0.0329280648429585
2026-03-24,EICHERMOT,1,1,0.32424212,0.6757579,0.6757579,0.0283618947841053
2026-03-27,EICHERMOT,1,1,0.3295961,0.6704039,0.6704039,-0.0258848766535574
2026-03-30,EICHERMOT,1,1,0.46965432,0.5303457,0.5303457,-0.0331057769947882
2026-04-01,EICHERMOT,1,1,0.43137497,0.56862503,0.56862503,0.0363650167020952
2026-04-02,EICHERMOT,1,-1,0.56492853,0.43507144,0.56492853,-0.0257856567284447
2026-04-06,EICHERMOT,1,1,0.39627028,0.6037297,0.6037297,-0.0080457177231371
2026-04-07,EICHERMOT,1,1,0.44394177,0.5560582,0.5560582,0.0014402668283808
2026-04-10,EICHERMOT,-1,1,0.4238599,0.5761401,0.5761401,0.0386848548443512
2025-01-01,GRASIM,-1,1,0.4797408,0.5202592,0.5202592,-0.0002251973461019
2025-01-02,GRASIM,-1,1,0.48199898,0.518001,0.518001,0.0416845385208817
2025-01-03,GRASIM,-1,1,0.49963713,0.5003629,0.5003629,-0.0133453731127646
2025-01-06,GRASIM,-1,1,0.47884798,0.521152,0.521152,-0.0197010941852524
2025-01-07,GRASIM,-1,-1,0.5100049,0.4899951,0.5100049,0.0027228956959566
2025-01-08,GRASIM,-1,-1,0.5130582,0.4869418,0.5130582,-0.0127672176590335
2025-01-09,GRASIM,1,1,0.42442876,0.57557124,0.57557124,-0.0104075479821782
2025-01-10,GRASIM,1,1,0.41415203,0.585848,0.585848,-0.019208287876687
2025-01-13,GRASIM,1,1,0.49259847,0.5074015,0.5074015,-0.0321265314684851
2025-01-14,GRASIM,1,-1,0.50935125,0.49064875,0.50935125,0.009811538321091
2025-01-15,GRASIM,1,-1,0.53417397,0.465826,0.53417397,0.0030078747271713
2025-01-16,GRASIM,1,1,0.4553498,0.5446502,0.5446502,0.0143037664995679
2025-01-17,GRASIM,1,1,0.39557892,0.6044211,0.6044211,0.0106990444742816
2025-01-20,GRASIM,1,-1,0.5007169,0.4992831,0.5007169,0.011006569680996
2025-01-21,GRASIM,1,-1,0.58799213,0.41200787,0.58799213,-0.0143630512139685
2025-01-22,GRASIM,1,-1,0.5767268,0.4232732,0.5767268,0.0087221959627745
2025-01-23,GRASIM,1,-1,0.5837696,0.41623038,0.5837696,0.030567677972783
2025-01-27,GRASIM,1,-1,0.5709927,0.4290073,0.5709927,-0.013128505057435
2025-01-28,GRASIM,1,1,0.4843498,0.5156502,0.5156502,-0.019019147341223
2025-01-29,GRASIM,1,-1,0.5386471,0.46135288,0.5386471,0.017563052757648
2025-02-04,GRASIM,-1,-1,0.58582747,0.41417256,0.58582747,0.0044671083553855
2025-02-05,GRASIM,-1,-1,0.560145,0.439855,0.560145,0.0021330431158721
2025-02-06,GRASIM,-1,-1,0.54072976,0.4592702,0.54072976,0.0036145187713687
2025-02-07,GRASIM,-1,-1,0.5480701,0.4519299,0.5480701,-0.0045618098516071
2025-02-10,GRASIM,-1,-1,0.6597371,0.34026292,0.6597371,-0.0057686560592608
2025-02-11,GRASIM,-1,-1,0.50490534,0.49509463,0.50490534,0.0073587390487523
2025-02-12,GRASIM,-1,-1,0.5471997,0.45280024,0.5471997,-0.0026089718813649
2025-02-13,GRASIM,-1,-1,0.6305395,0.36946052,0.6305395,0.0020725808566852
2025-02-14,GRASIM,-1,-1,0.5317008,0.4682992,0.5317008,-0.0236135250830973
2025-02-17,GRASIM,-1,-1,0.625436,0.374564,0.625436,0.0133879445208868
2025-02-18,GRASIM,-1,1,0.49706984,0.50293016,0.50293016,-0.0002639390708489
2025-02-19,GRASIM,-1,-1,0.6175054,0.38249463,0.6175054,0.0
2025-02-20,GRASIM,-1,-1,0.63865006,0.3613499,0.63865006,-0.0038567759477879
2025-02-21,GRASIM,-1,-1,0.589826,0.410174,0.589826,-0.0092308451250787
2025-02-24,GRASIM,1,-1,0.57737017,0.42262983,0.57737017,-0.0153638229100491
2025-02-25,GRASIM,1,-1,0.53751814,0.46248183,0.53751814,-0.0060157290514325
2025-02-27,GRASIM,1,-1,0.5396812,0.46031877,0.5396812,-0.0165385396871298
2025-02-28,GRASIM,1,-1,0.60299265,0.39700735,0.60299265,-0.0142311351304936
2025-03-03,GRASIM,1,1,0.4938768,0.5061232,0.5061232,0.0306939010337172
2025-03-04,GRASIM,1,-1,0.54686534,0.45313466,0.54686534,0.0072346589179259
2025-03-05,GRASIM,1,-1,0.54266924,0.45733076,0.54266924,-0.0012527455930839
2025-03-06,GRASIM,1,-1,0.5753422,0.42465785,0.5753422,0.0008362112887294
2025-03-07,GRASIM,1,-1,0.6837452,0.3162548,0.6837452,0.0056817315195549
2025-03-10,GRASIM,1,-1,0.6668713,0.33312872,0.6668713,-0.0096791067344153
2025-03-11,GRASIM,1,-1,0.66299844,0.3370016,0.66299844,0.0124163528882856
2025-03-12,GRASIM,1,-1,0.6715405,0.32845947,0.6715405,-0.0060699073346498
2025-03-13,GRASIM,1,-1,0.6559837,0.34401634,0.6559837,-0.0119638061387219
2025-03-17,GRASIM,1,1,0.334593,0.665407,0.665407,0.0122985790564604
2025-03-18,GRASIM,1,1,0.28482932,0.7151707,0.7151707,0.0
2025-03-19,GRASIM,1,1,0.27844822,0.7215518,0.7215518,0.0245273850922518
2025-03-20,GRASIM,1,1,0.26578182,0.7342182,0.7342182,0.0040477294767466
2025-03-21,GRASIM,1,1,0.21753174,0.78246826,0.78246826,0.0005064083338868
2025-03-24,GRASIM,1,1,0.29793566,0.70206434,0.70206434,0.0177371502282199
2025-03-26,GRASIM,1,1,0.2887811,0.7112189,0.7112189,0.004728636928875
2025-03-27,GRASIM,1,1,0.32781494,0.67218506,0.67218506,0.0143709520567096
2025-03-28,GRASIM,1,1,0.2984311,0.7015689,0.7015689,-0.0028831370866981
2025-04-01,GRASIM,1,1,0.38379508,0.6162049,0.6162049,0.0030063330337979
2025-04-02,GRASIM,1,1,0.2831797,0.7168203,0.7168203,-0.0009545736878401
2025-04-03,GRASIM,1,1,0.29957902,0.700421,0.700421,0.0135295398965644
2025-04-04,GRASIM,1,1,0.28933352,0.7106665,0.7106665,-0.0131981423310451
2025-04-07,GRASIM,1,1,0.29699928,0.7030007,0.7030007,-0.0411936550383568
2025-04-08,GRASIM,1,1,0.38433987,0.61566013,0.61566013,0.0322625251915937
2025-04-09,GRASIM,1,-1,0.61105454,0.38894543,0.61105454,-0.0124707768642827
2025-04-11,GRASIM,1,1,0.47167253,0.52832747,0.52832747,0.0365554825464136
2025-04-21,GRASIM,-1,-1,0.5628792,0.43712077,0.5628792,-0.0013764285283185
2025-04-22,GRASIM,-1,-1,0.53205556,0.46794444,0.53205556,-0.0027204778954171
2025-04-24,GRASIM,-1,1,0.47631514,0.52368486,0.52368486,0.0162347064590844
2025-04-28,GRASIM,-1,-1,0.6385269,0.36147305,0.6385269,0.0068011875848872
2025-04-30,GRASIM,1,-1,0.6393033,0.3606967,0.6393033,-0.002986447072153
2025-05-02,GRASIM,1,-1,0.6019491,0.39805093,0.6019491,-0.0049315450067928
2025-05-05,GRASIM,-1,-1,0.5972933,0.40270668,0.5972933,0.0114171352107237
2025-05-09,GRASIM,1,1,0.27999198,0.720008,0.720008,-0.0236780027690692
2025-05-12,GRASIM,-1,-1,0.53859675,0.46140325,0.53859675,0.040989771807447
2025-05-13,GRASIM,-1,1,0.3069514,0.6930486,0.6930486,-0.0124326099440154
2025-05-14,GRASIM,-1,1,0.49340677,0.5065932,0.5065932,0.0105216642453562
2025-05-15,GRASIM,-1,-1,0.52213466,0.4778653,0.52213466,0.0320035936121003
2025-05-16,GRASIM,-1,-1,0.57444525,0.42555478,0.57444525,-0.0072925719457519
2025-05-19,GRASIM,-1,1,0.3384443,0.6615557,0.6615557,-0.0275301281302396
2025-05-20,GRASIM,-1,1,0.33547115,0.66452885,0.66452885,-0.0022735469758851
2025-05-21,GRASIM,-1,1,0.39503032,0.6049697,0.6049697,-0.0051088783027165
2025-05-22,GRASIM,-1,1,0.3326472,0.6673528,0.6673528,-0.0119323554389978
2025-05-23,GRASIM,-1,1,0.39718705,0.60281295,0.60281295,-0.0056832267352324
2025-05-26,GRASIM,-1,1,0.44709373,0.5529063,0.5529063,-0.001128031636851
2025-05-27,GRASIM,1,1,0.29032153,0.7096785,0.7096785,-0.0158861916825259
2025-05-28,GRASIM,1,1,0.28582525,0.71417475,0.71417475,-0.0140003454885114
2025-05-29,GRASIM,1,1,0.37116814,0.62883186,0.62883186,-0.0015518677453153
2025-05-30,GRASIM,1,1,0.27260625,0.72739375,0.72739375,-0.0108019826611878
2025-06-02,GRASIM,1,1,0.3371874,0.6628126,0.6628126,-0.0085238398695027
2025-06-03,GRASIM,1,1,0.42689866,0.57310134,0.57310134,0.0112118541068841
2025-06-04,GRASIM,1,1,0.4301715,0.5698285,0.5698285,-0.0010578169591702
2025-06-05,GRASIM,1,1,0.44988203,0.55011797,0.55011797,0.0018433136323041
2025-06-06,GRASIM,1,-1,0.5909053,0.40909466,0.5909053,0.0078296209708719
2025-06-09,GRASIM,1,1,0.32549113,0.67450887,0.67450887,0.0132458689227386
2025-06-10,GRASIM,1,1,0.41117495,0.58882505,0.58882505,0.0381445484646414
2025-06-11,GRASIM,1,-1,0.5210178,0.4789822,0.5210178,0.0052436877949981
2025-06-12,GRASIM,1,-1,0.5856242,0.41437575,0.5856242,-0.012159266717529
2025-06-13,GRASIM,1,1,0.4271899,0.5728101,0.5728101,-0.0094083354062961
2025-06-16,GRASIM,1,1,0.32031447,0.67968553,0.67968553,0.0154290482245258
2025-06-17,GRASIM,1,1,0.35926896,0.64073104,0.64073104,-0.0123849635731569
2025-06-18,GRASIM,1,1,0.38275325,0.61724675,0.61724675,0.001497377685798
2025-06-19,GRASIM,1,1,0.32901615,0.67098385,0.67098385,0.0066532536145726
2025-06-20,GRASIM,1,1,0.36143678,0.6385632,0.6385632,0.0072033832382754
2025-06-23,GRASIM,1,1,0.46276897,0.537231,0.537231,0.0040919420537646
2025-06-24,GRASIM,1,1,0.44585603,0.55414397,0.55414397,0.0210008458201711
2025-06-25,GRASIM,-1,1,0.46914327,0.5308567,0.5308567,0.0183034518489277
2025-06-26,GRASIM,-1,1,0.4472121,0.5527879,0.5527879,0.0181862767111669
2025-06-27,GRASIM,-1,1,0.48243958,0.5175604,0.5175604,-0.0076994592591774
2025-06-30,GRASIM,-1,1,0.4384901,0.5615099,0.5615099,-0.0058020368790919
2025-07-01,GRASIM,-1,1,0.45221597,0.54778403,0.54778403,0.0012656732915887
2025-07-02,GRASIM,-1,1,0.38358998,0.61641,0.61641,0.000596892476935
2025-07-03,GRASIM,-1,1,0.27049404,0.72950596,0.72950596,-0.0112990255253613
2025-07-04,GRASIM,-1,1,0.24526066,0.75473934,0.75473934,-0.0041526006606279
2025-07-07,GRASIM,-1,1,0.2621935,0.7378065,0.7378065,-0.0095512233187684
2025-07-08,GRASIM,-1,1,0.35292858,0.6470714,0.6470714,0.0150048483794738
2025-07-09,GRASIM,-1,1,0.36348093,0.6365191,0.6365191,-0.0081183149790508
2025-07-10,GRASIM,-1,1,0.3686983,0.6313017,0.6313017,-0.0081488553077905
2025-07-11,GRASIM,-1,1,0.3841262,0.6158738,0.6158738,-0.0047206287343463
2025-07-14,GRASIM,-1,1,0.40109277,0.59890723,0.59890723,0.0081100794826469
2025-07-15,GRASIM,-1,1,0.35646296,0.64353704,0.64353704,-0.0020829732643737
2025-07-17,GRASIM,-1,1,0.326746,0.673254,0.673254,0.0014118603364372
2025-07-21,GRASIM,1,1,0.3423589,0.6576411,0.6576411,0.0049110819988238
2025-07-22,GRASIM,1,1,0.4804998,0.5195002,0.5195002,-0.0070024302699301
2025-07-23,GRASIM,1,1,0.48602796,0.51397204,0.51397204,-0.0049949796418333
2025-07-25,GRASIM,-1,-1,0.55521023,0.44478977,0.55521023,-0.0099783908258451
2025-07-28,GRASIM,1,1,0.2919466,0.7080534,0.7080534,0.0068669746095899
2025-07-31,GRASIM,1,1,0.32070673,0.6792933,0.6792933,-0.004422615160001
2025-08-01,GRASIM,1,1,0.26475453,0.73524547,0.73524547,-0.0088115426891067
2025-08-04,GRASIM,1,1,0.33997446,0.66002554,0.66002554,0.0240981857682049
2025-08-05,GRASIM,1,1,0.35201806,0.64798194,0.64798194,0.0033718481486169
2025-08-06,GRASIM,1,1,0.3571369,0.6428631,0.6428631,-0.0112254915401045
2025-08-07,GRASIM,1,1,0.32271296,0.67728704,0.67728704,-0.007990499355269
2025-08-08,GRASIM,1,1,0.3468665,0.6531335,0.6531335,-0.0189889475837424
2025-08-11,GRASIM,1,1,0.34738976,0.65261024,0.65261024,0.0250036573155003
2025-08-12,GRASIM,1,1,0.27961117,0.7203888,0.7203888,-0.0030921460591391
2025-08-13,GRASIM,1,1,0.30689645,0.69310355,0.69310355,0.0020070063479771
2025-08-14,GRASIM,1,1,0.24183154,0.75816846,0.75816846,0.0069194073621483
2025-08-18,GRASIM,-1,1,0.3831826,0.6168174,0.6168174,0.0292958164349232
2025-08-19,GRASIM,-1,1,0.2900114,0.7099886,0.7099886,-0.0061842840997782
2025-08-20,GRASIM,-1,1,0.46197146,0.53802854,0.53802854,0.0129405837017857
2025-08-21,GRASIM,-1,1,0.47060066,0.52939934,0.52939934,0.0056895701014858
2025-08-29,GRASIM,1,1,0.20070714,0.79929286,0.79929286,-0.0031246456988487
2025-09-02,GRASIM,1,1,0.23050648,0.7694935,0.7694935,-0.0085951190680809
2025-09-03,GRASIM,1,1,0.23274046,0.76725954,0.76725954,0.0005755282709269
2025-09-04,GRASIM,1,1,0.40645236,0.59354764,0.59354764,0.0102107382906153
2025-09-05,GRASIM,1,1,0.35250247,0.64749753,0.64749753,-0.002064221199848
2025-09-08,GRASIM,1,-1,0.51841897,0.48158103,0.51841897,3.5698165567144e-05
2025-09-09,GRASIM,1,1,0.45749265,0.54250735,0.54250735,-0.0029243589839584
2025-09-10,GRASIM,1,1,0.4861911,0.5138089,0.5138089,-0.003612380224041
2025-09-11,GRASIM,-1,1,0.4676336,0.5323664,0.5323664,0.0047382981335748
2025-09-12,GRASIM,-1,1,0.39029926,0.60970074,0.60970074,0.0010718113612004
2025-09-15,GRASIM,-1,-1,0.5045011,0.4954989,0.5045011,0.0001427203225374
2025-09-16,GRASIM,-1,-1,0.661142,0.33885804,0.661142,0.0144876174247274
2025-09-17,GRASIM,-1,-1,0.6772827,0.32271734,0.6772827,0.0078789667055048
2025-09-18,GRASIM,-1,-1,0.7785879,0.22141214,0.7785879,0.0046765362396412
2025-09-19,GRASIM,-1,-1,0.82072663,0.17927338,0.82072663,-0.0003126811411378
2025-09-22,GRASIM,-1,-1,0.7830913,0.2169087,0.7830913,-0.0082698514524836
2025-09-23,GRASIM,-1,-1,0.6970782,0.3029218,0.6970782,-0.0142251835139175
2025-09-25,GRASIM,1,-1,0.6373527,0.3626473,0.6373527,-0.0102585330516883
2025-09-26,GRASIM,1,-1,0.5404545,0.4595455,0.5404545,-0.0114446295654233
2025-09-29,GRASIM,1,-1,0.5351189,0.46488112,0.5351189,3.635266996138142e-05
2025-09-30,GRASIM,1,-1,0.5791198,0.42088017,0.5791198,0.0036404675654426
2025-10-01,GRASIM,1,-1,0.5837143,0.4162857,0.5837143,0.0118974391490385
2025-10-03,GRASIM,1,-1,0.520854,0.47914603,0.520854,0.0006093670292968
2025-10-06,GRASIM,1,-1,0.6271742,0.3728258,0.6271742,0.0057318910080084
2025-10-07,GRASIM,1,-1,0.684452,0.315548,0.684452,0.000213755673265
2025-10-08,GRASIM,1,-1,0.7234808,0.2765192,0.7234808,-0.010612553001469
2025-10-09,GRASIM,1,-1,0.75786984,0.24213019,0.75786984,0.0116622802727746
2025-10-10,GRASIM,1,-1,0.76885456,0.23114543,0.76885456,0.0001422836155464
2025-10-13,GRASIM,1,-1,0.78795385,0.21204618,0.78795385,-0.0046246887228744
2025-10-14,GRASIM,1,-1,0.7566876,0.24331243,0.7566876,-0.0079342212908773
2025-10-15,GRASIM,1,-1,0.7715585,0.2284415,0.7715585,0.0147705163480018
2025-10-16,GRASIM,1,-1,0.83758914,0.16241086,0.83758914,0.0152655492951618
2025-10-17,GRASIM,1,-1,0.79976237,0.20023763,0.79976237,-0.0082523593444656
2025-10-20,GRASIM,1,-1,0.6679282,0.33207178,0.6679282,0.0062760204268286
2025-10-21,GRASIM,-1,-1,0.8178115,0.18218854,0.8178115,0.005851419471575
2025-10-23,GRASIM,-1,-1,0.6840513,0.3159487,0.6840513,-0.0021248662763013
2025-10-24,GRASIM,-1,-1,0.5935219,0.4064781,0.5935219,-0.0081337876261292
2025-10-27,GRASIM,-1,-1,0.6170056,0.38299444,0.6170056,0.0290711477479095
2025-10-28,GRASIM,-1,-1,0.6295256,0.3704744,0.6295256,0.0030780807485186
2025-10-29,GRASIM,-1,-1,0.7200191,0.27998093,0.7200191,0.0087967710072571
2025-10-30,GRASIM,-1,-1,0.61271936,0.38728064,0.61271936,-0.0028053026549169
2025-10-31,GRASIM,-1,1,0.46319103,0.53680897,0.53680897,-0.0198955914841389
2025-11-03,GRASIM,-1,1,0.46918958,0.5308104,0.5308104,0.0028356853443773
2025-11-04,GRASIM,-1,-1,0.6592548,0.34074524,0.6592548,-0.0061725931744344
2025-11-06,GRASIM,1,1,0.4382525,0.5617475,0.5617475,-0.0631158578569569
2025-11-10,GRASIM,-1,-1,0.6447183,0.35528168,0.6447183,0.0140570371117751
2025-11-11,GRASIM,-1,-1,0.6234806,0.37651938,0.6234806,0.0046690603859487
2025-11-13,GRASIM,-1,-1,0.6629398,0.33706024,0.6629398,0.0037580931023257
2025-11-14,GRASIM,-1,-1,0.55213356,0.4478664,0.55213356,0.0020159311027398
2025-11-17,GRASIM,-1,-1,0.50829434,0.4917057,0.50829434,0.0024790352541741
2025-11-18,GRASIM,-1,-1,0.5789257,0.42107427,0.5789257,-0.0101422959297909
2025-11-19,GRASIM,-1,1,0.37363708,0.6263629,0.6263629,-0.0062635947965694
2025-11-24,GRASIM,1,1,0.2727223,0.7272777,0.7272777,-0.0168568439495253
2025-11-25,GRASIM,1,1,0.30920613,0.6907939,0.6907939,-0.000706624903579
2025-11-27,GRASIM,1,1,0.3492735,0.6507265,0.6507265,-0.0014577259475219
2025-11-28,GRASIM,1,1,0.29303712,0.7069629,0.7069629,-0.0002190137431569
2025-12-01,GRASIM,1,1,0.42507333,0.5749267,0.5749267,-0.0028838076313688
2025-12-02,GRASIM,1,-1,0.637011,0.362989,0.637011,0.0012813472451034
2025-12-03,GRASIM,1,-1,0.58598834,0.41401166,0.58598834,-0.0053747536277422
2025-12-04,GRASIM,1,-1,0.6600076,0.3399924,0.6600076,0.0037127718760201
2025-12-05,GRASIM,1,-1,0.7623258,0.23767416,0.7623258,0.0060797312664715
2025-12-08,GRASIM,1,-1,0.7357289,0.26427108,0.7357289,-0.0010193115501001
2025-12-09,GRASIM,1,-1,0.7075056,0.29249442,0.7075056,0.0006559466730389
2025-12-10,GRASIM,1,-1,0.7144114,0.28558862,0.7144114,0.0002913506293245
2025-12-11,GRASIM,1,-1,0.7462758,0.2537242,0.7462758,0.0185670595214086
2025-12-15,GRASIM,1,-1,0.7321959,0.2678041,0.7321959,-0.005534582945718
2025-12-16,GRASIM,1,-1,0.7420124,0.25798762,0.7420124,-0.0077631699197979
2025-12-17,GRASIM,1,-1,0.6972176,0.30278245,0.6972176,0.002679432581307
2025-12-18,GRASIM,1,-1,0.71143365,0.28856632,0.71143365,0.0003563029876736
2025-12-19,GRASIM,1,-1,0.6481676,0.35183236,0.6481676,0.0017452280144314
2025-12-22,GRASIM,1,1,0.46639723,0.5336028,0.5336028,-0.0009955729166666
2025-12-24,GRASIM,-1,-1,0.5447486,0.4552514,0.5447486,-0.0010248591541215
2025-12-26,GRASIM,-1,-1,0.5393755,0.46062452,0.5393755,-0.0032544311753831
2025-12-29,GRASIM,-1,-1,0.59462845,0.40537158,0.59462845,0.0087659976576293
2025-12-30,GRASIM,-1,-1,0.68028307,0.31971696,0.68028307,-0.0002462535870824
2025-12-31,GRASIM,-1,1,0.33711964,0.66288036,0.66288036,-0.0044691386811045
2026-01-01,GRASIM,-1,-1,0.6143471,0.38565287,0.6143471,0.0080240195022533
2026-01-02,GRASIM,-1,-1,0.65199554,0.3480045,0.65199554,0.001648122611898
2026-01-05,GRASIM,-1,-1,0.6415125,0.3584875,0.6415125,-0.0026256827672644
2026-01-06,GRASIM,-1,-1,0.7416558,0.25834414,0.7416558,0.0057566594287439
2026-01-07,GRASIM,-1,-1,0.70633554,0.29366443,0.70633554,-0.0098418841626755
2026-01-09,GRASIM,-1,1,0.4366306,0.5633694,0.5633694,-0.0054083444327542
2026-01-12,GRASIM,1,-1,0.5901405,0.40985948,0.5901405,0.0107314090806704
2026-01-13,GRASIM,1,-1,0.5804292,0.41957083,0.5804292,-0.011579435125023
2026-01-14,GRASIM,1,-1,0.6606929,0.33930713,0.6606929,0.0077860637432156
2026-01-15,GRASIM,1,1,0.48109865,0.51890135,0.51890135,0.0
2026-01-16,GRASIM,-1,-1,0.54131156,0.45868844,0.54131156,0.0049359927702659
2026-01-19,GRASIM,1,-1,0.5907137,0.40928632,0.5907137,-0.0105353419089578
2026-01-20,GRASIM,1,1,0.44982004,0.55017996,0.55017996,-0.0238848569581834
2026-01-21,GRASIM,1,1,0.47860223,0.52139777,0.52139777,0.008107311028991
2026-01-22,GRASIM,1,1,0.45053607,0.5494639,0.5494639,0.0190086263136748
2026-01-23,GRASIM,1,-1,0.5211302,0.47886977,0.5211302,-0.0102597562972882
2026-01-27,GRASIM,1,-1,0.5719706,0.4280294,0.5719706,0.0352301381558082
2026-01-28,GRASIM,1,1,0.4872594,0.5127406,0.5127406,-0.0059869245178753
2026-01-29,GRASIM,1,-1,0.6248735,0.37512645,0.6248735,-0.0026065112992965
2026-01-30,GRASIM,1,-1,0.6784353,0.32156467,0.6784353,-0.0044849212101795
2026-02-02,GRASIM,1,1,0.48944688,0.5105531,0.5105531,-0.015750231409631
2026-02-03,GRASIM,1,-1,0.54493284,0.45506716,0.54493284,0.0123620714626491
2026-02-04,GRASIM,1,-1,0.6935642,0.30643582,0.6935642,0.0128164054439823
2026-02-09,GRASIM,-1,-1,0.78065693,0.2193431,0.78065693,0.0315133242489507
2026-02-10,GRASIM,-1,-1,0.73084915,0.26915085,0.73084915,0.0094316553515001
2026-02-11,GRASIM,-1,-1,0.7817307,0.2182693,0.7817307,-0.0072107401711885
2026-02-12,GRASIM,-1,-1,0.6974008,0.30259922,0.6974008,-0.0024210930300127
2026-02-13,GRASIM,-1,-1,0.73491096,0.26508906,0.73491096,-0.012818321654418
2026-02-16,GRASIM,-1,-1,0.6101426,0.38985744,0.6101426,0.0085526146717018
2026-02-17,GRASIM,-1,-1,0.7121188,0.2878812,0.7121188,-0.0042229028167409
2026-02-18,GRASIM,-1,-1,0.6699699,0.33003008,0.6699699,0.0115157039059976
2026-02-19,GRASIM,-1,-1,0.6304289,0.36957106,0.6304289,-0.023689412653654
2026-02-20,GRASIM,-1,-1,0.64495033,0.35504967,0.64495033,-0.0109974511968072
2026-02-23,GRASIM,-1,-1,0.71167856,0.28832144,0.71167856,0.014332057616428
2026-02-24,GRASIM,-1,-1,0.69103384,0.30896616,0.69103384,0.002053367677629
2026-02-25,GRASIM,-1,-1,0.6085741,0.3914259,0.6085741,-0.0003126268430209
2026-02-26,GRASIM,-1,-1,0.6344635,0.3655365,0.6344635,-0.0051764531855416
2026-02-27,GRASIM,-1,-1,0.727479,0.27252105,0.727479,-0.0222454867022438
2026-03-02,GRASIM,-1,-1,0.60832787,0.3916721,0.60832787,-0.0080362881661558
2026-03-04,GRASIM,1,-1,0.52492416,0.47507584,0.52492416,-0.0338818622409758
2026-03-05,GRASIM,-1,-1,0.5094625,0.49053755,0.5094625,0.0152430483112195
2026-03-06,GRASIM,-1,-1,0.52289176,0.4771082,0.52289176,-0.0020925058214286
2026-03-09,GRASIM,-1,1,0.377764,0.622236,0.622236,-0.0136845028355842
2026-03-10,GRASIM,-1,-1,0.57402545,0.42597455,0.57402545,0.0233850336840677
2026-03-11,GRASIM,-1,-1,0.5857513,0.41424873,0.5857513,-0.0030248205047168
2026-03-12,GRASIM,-1,1,0.4834795,0.5165205,0.5165205,-0.022846906627013
2026-03-16,GRASIM,-1,1,0.43866217,0.5613378,0.5613378,0.0334033331096534
2026-03-17,GRASIM,-1,1,0.48559058,0.5144094,0.5144094,0.0108876384673075
2026-03-18,GRASIM,-1,-1,0.5912836,0.40871638,0.5912836,0.0148325003182208
2026-03-20,GRASIM,1,1,0.38767558,0.6123244,0.6123244,0.0032210386897233
2026-03-23,GRASIM,1,1,0.38487494,0.61512506,0.61512506,-0.0325650535419426
2026-03-24,GRASIM,1,1,0.39048642,0.6095136,0.6095136,0.0072299806334981
2026-03-25,GRASIM,1,1,0.3370782,0.6629218,0.6629218,0.0385973759526359
2026-03-27,GRASIM,1,1,0.28358924,0.71641076,0.71641076,-0.0074024085258721
2026-03-30,GRASIM,1,1,0.4394161,0.5605839,0.5605839,-0.0268244430826373
2026-04-01,GRASIM,1,1,0.33035374,0.66964626,0.66964626,0.013723305440956
2026-04-02,GRASIM,1,1,0.44205934,0.55794066,0.55794066,-0.0110690954301881
2026-04-06,GRASIM,1,1,0.32114607,0.6788539,0.6788539,0.019616942697938
2026-04-07,GRASIM,1,1,0.4000072,0.5999928,0.5999928,0.0025245172516772
2026-04-10,GRASIM,1,1,0.23772359,0.7622764,0.7622764,0.0007663191593687
2026-04-13,GRASIM,1,1,0.18849415,0.81150585,0.81150585,-0.0107927137031553
2026-04-15,GRASIM,1,1,0.25668025,0.74331975,0.74331975,0.0104680804805565
2026-04-16,GRASIM,1,1,0.26064956,0.73935044,0.73935044,-0.0087910754994267
2025-01-01,HCLTECH,-1,-1,0.5026523,0.49734768,0.5026523,-0.0028424314090435
2025-01-02,HCLTECH,-1,1,0.45914984,0.54085016,0.54085016,0.0315123456349175
2025-01-03,HCLTECH,-1,1,0.46609074,0.53390926,0.53390926,-0.012955111200544
2025-01-06,HCLTECH,-1,-1,0.52579665,0.47420335,0.52579665,0.00328776869728
2025-01-07,HCLTECH,-1,1,0.48919302,0.510807,0.510807,-0.019021607558906
2025-01-08,HCLTECH,-1,-1,0.50984323,0.4901568,0.50984323,0.0085338352602772
2025-01-09,HCLTECH,-1,-1,0.58617896,0.41382104,0.58617896,0.001319751793765
2025-01-10,HCLTECH,-1,-1,0.6015475,0.39845252,0.6015475,0.0311660002429634
2025-01-13,HCLTECH,-1,1,0.42564303,0.574357,0.574357,-0.0028568438847834
2025-01-14,HCLTECH,-1,1,0.28504825,0.71495175,0.71495175,-0.088393648513747
2025-01-15,HCLTECH,-1,1,0.4512626,0.5487374,0.5487374,0.0066995134661955
2025-01-16,HCLTECH,-1,1,0.437499,0.562501,0.562501,-0.0183216439144358
2025-01-17,HCLTECH,-1,1,0.42909235,0.57090765,0.57090765,0.0082571338826622
2025-01-20,HCLTECH,-1,-1,0.5339866,0.46601337,0.5339866,0.0040805397147027
2025-01-21,HCLTECH,-1,-1,0.5724236,0.42757642,0.5724236,0.0034518073921583
2025-01-22,HCLTECH,-1,-1,0.5331914,0.46680862,0.5331914,0.0140368572254032
2025-01-23,HCLTECH,-1,1,0.42406982,0.5759302,0.5759302,-0.0113257558224365
2025-01-24,HCLTECH,-1,1,0.44118243,0.55881757,0.55881757,-0.0078306362669881
2025-01-28,HCLTECH,1,1,0.339387,0.660613,0.660613,-0.0109231840431237
2025-01-31,HCLTECH,-1,1,0.49219143,0.50780857,0.50780857,0.0072091842797838
2025-02-06,HCLTECH,-1,-1,0.5039404,0.4960596,0.5039404,0.0062176724372859
2025-02-07,HCLTECH,-1,-1,0.5207106,0.47928944,0.5207106,0.0012474756493081
2025-02-10,HCLTECH,-1,-1,0.63441175,0.36558825,0.63441175,0.0047517682390707
2025-02-11,HCLTECH,-1,-1,0.5364317,0.46356827,0.5364317,-0.0061424401784566
2025-02-12,HCLTECH,-1,-1,0.5344422,0.46555778,0.5344422,-0.0034237017122393
2025-02-13,HCLTECH,-1,-1,0.5807837,0.41921628,0.5807837,-0.0082688972999026
2025-02-14,HCLTECH,-1,-1,0.5938877,0.40611234,0.5938877,0.0047853488423434
2025-02-17,HCLTECH,-1,-1,0.54912883,0.45087117,0.54912883,-0.0007888184773899
2025-02-18,HCLTECH,-1,-1,0.51394224,0.48605773,0.51394224,0.0091233437304414
2025-02-19,HCLTECH,-1,-1,0.5944016,0.4055984,0.5944016,-0.00764983289008
2025-02-20,HCLTECH,-1,-1,0.5455413,0.4544587,0.5455413,-0.0144542800146763
2025-02-21,HCLTECH,-1,-1,0.5055561,0.49444392,0.5055561,0.007792257340365
2025-02-24,HCLTECH,-1,-1,0.5842194,0.4157806,0.5842194,-0.0333096953670343
2025-02-25,HCLTECH,-1,1,0.44043374,0.55956626,0.55956626,-0.0048357462851746
2025-02-27,HCLTECH,-1,1,0.46164733,0.53835267,0.53835267,-0.0042172583806637
2025-02-28,HCLTECH,-1,1,0.4494261,0.5505739,0.5505739,-0.0332371953528453
2025-03-03,HCLTECH,-1,1,0.36908537,0.6309146,0.6309146,-0.0016825850444914
2025-03-06,HCLTECH,-1,-1,0.5680062,0.43199378,0.5680062,0.0079468116850238
2025-03-07,HCLTECH,1,-1,0.58570766,0.41429234,0.58570766,-0.0173452445511035
2025-03-10,HCLTECH,1,-1,0.6001979,0.39980212,0.6001979,-0.0055520405654198
2025-03-11,HCLTECH,1,-1,0.6982332,0.3017668,0.6982332,0.0119730204979287
2025-03-12,HCLTECH,1,-1,0.64637613,0.35362387,0.64637613,-0.0173804589376781
2025-03-13,HCLTECH,1,-1,0.5169183,0.48308167,0.5169183,-0.0037972336888039
2025-03-17,HCLTECH,-1,1,0.3646232,0.6353768,0.6353768,0.0067764343824736
2025-03-18,HCLTECH,-1,1,0.3668788,0.6331212,0.6331212,0.0
2025-03-19,HCLTECH,-1,1,0.37750167,0.62249833,0.62249833,-0.0004531828301875
2025-03-20,HCLTECH,-1,1,0.36058223,0.63941777,0.63941777,0.0113633881362338
2025-03-21,HCLTECH,-1,1,0.34065294,0.65934706,0.65934706,0.0030089622559072
2025-03-24,HCLTECH,-1,1,0.3686965,0.6313035,0.6313035,0.023903815326268
2025-03-25,HCLTECH,-1,1,0.29508632,0.7049137,0.7049137,0.0129351463071543
2025-03-26,HCLTECH,-1,1,0.24900496,0.75099504,0.75099504,0.0052310394236203
2025-03-27,HCLTECH,-1,1,0.25328124,0.74671876,0.74671876,-0.0019896070269911
2025-03-28,HCLTECH,-1,1,0.32352072,0.6764793,0.6764793,-0.023096083241921
2025-04-01,HCLTECH,-1,1,0.3777324,0.6222676,0.6222676,-0.0390266582250437
2025-04-02,HCLTECH,-1,1,0.33048594,0.66951406,0.66951406,-0.0018296732016024
2025-04-04,HCLTECH,1,1,0.32383275,0.67616725,0.67616725,-0.0326508410679585
2025-04-07,HCLTECH,1,1,0.2536447,0.7463553,0.7463553,-0.0337529016968446
2025-04-08,HCLTECH,1,1,0.27711993,0.72288007,0.72288007,0.021286728403536
2025-04-09,HCLTECH,1,-1,0.5460323,0.45396772,0.5460323,-0.016638745029297
2025-04-11,HCLTECH,1,1,0.49919522,0.5008048,0.5008048,0.0076449402040099
2025-04-15,HCLTECH,1,-1,0.53853047,0.46146953,0.53853047,0.0258531520738027
2025-04-16,HCLTECH,1,-1,0.6641994,0.3358006,0.6641994,0.0036451964278121
2025-04-17,HCLTECH,1,1,0.37580854,0.62419146,0.62419146,0.0044004945620925
2025-04-21,HCLTECH,1,1,0.37665147,0.62334853,0.62334853,0.0305978535834052
2025-04-22,HCLTECH,1,1,0.3437544,0.6562456,0.6562456,-0.0014168726621861
2025-04-25,HCLTECH,1,1,0.37942082,0.6205792,0.6205792,-0.0053570586598369
2025-04-28,HCLTECH,1,1,0.4270236,0.5729764,0.5729764,-0.0069862394947355
2025-04-29,HCLTECH,1,-1,0.6232412,0.37675884,0.6232412,0.0127153846261292
2025-04-30,HCLTECH,1,1,0.44650614,0.55349386,0.55349386,-0.0009559960293265
2025-05-02,HCLTECH,1,1,0.3129921,0.6870079,0.6870079,0.003126060312913
2025-05-05,HCLTECH,1,1,0.26780123,0.7321988,0.7321988,-0.0024167599370955
2025-05-06,HCLTECH,1,1,0.29645145,0.70354855,0.70354855,0.0066937597217644
2025-05-07,HCLTECH,1,1,0.25880468,0.7411953,0.7411953,-0.0100056389893995
2025-05-08,HCLTECH,1,1,0.19949514,0.80050486,0.80050486,0.0111303302415162
2025-05-09,HCLTECH,1,1,0.16122347,0.8387765,0.8387765,-0.0071486698973808
2025-05-13,HCLTECH,1,1,0.151501,0.848499,0.848499,-0.0303538597127137
2025-05-15,HCLTECH,-1,1,0.32522863,0.67477137,0.67477137,0.0355986400977159
2025-05-16,HCLTECH,-1,1,0.29736197,0.70263803,0.70263803,-0.0212852641518214
2025-05-21,HCLTECH,-1,1,0.1941933,0.8058067,0.8058067,0.0083623976029378
2025-05-26,HCLTECH,-1,1,0.36072046,0.63927954,0.63927954,0.0154108229496234
2025-05-28,HCLTECH,1,1,0.21631545,0.78368455,0.78368455,0.0031476724629937
2025-05-29,HCLTECH,1,1,0.32824463,0.6717554,0.6717554,0.0044650085582531
2025-05-30,HCLTECH,1,1,0.32884067,0.6711593,0.6711593,-0.0168799115280693
2025-06-02,HCLTECH,1,1,0.37509185,0.62490815,0.62490815,-0.0031162686975927
2025-06-03,HCLTECH,1,1,0.47071344,0.52928656,0.52928656,-0.000674217602112
2025-06-04,HCLTECH,1,1,0.42161,0.57839,0.57839,-0.0026373986390683
2025-06-05,HCLTECH,1,1,0.49060035,0.50939965,0.50939965,0.0038743010464215
2025-06-06,HCLTECH,1,-1,0.58614266,0.4138573,0.58614266,0.0032467970485534
2025-06-09,HCLTECH,1,1,0.27416074,0.72583926,0.72583926,0.0064725012168636
2025-06-10,HCLTECH,1,1,0.25520742,0.7447926,0.7447926,0.0120123775216705
2025-06-12,HCLTECH,1,1,0.45502096,0.54497904,0.54497904,-0.0120216789586056
2025-06-13,HCLTECH,1,1,0.33729482,0.6627052,0.6627052,-0.0034680824841967
2025-06-17,HCLTECH,-1,1,0.27565086,0.72434914,0.72434914,0.0038304053580311
2025-06-20,HCLTECH,-1,1,0.3036937,0.6963063,0.6963063,0.015170048801828
2025-06-24,HCLTECH,1,1,0.3169605,0.6830395,0.6830395,-0.0066932589294089
2025-06-25,HCLTECH,-1,1,0.33958858,0.6604114,0.6604114,0.0149544455436814
2025-06-26,HCLTECH,-1,1,0.39800638,0.6019936,0.6019936,0.0040765753860636
2025-06-27,HCLTECH,-1,1,0.36289865,0.63710135,0.63710135,-0.0004639036379924
2025-06-30,HCLTECH,-1,1,0.32857913,0.6714209,0.6714209,0.0030753881926899
2025-07-01,HCLTECH,-1,1,0.33890653,0.6610935,0.6610935,-0.0059584902133873
2025-07-02,HCLTECH,-1,1,0.2920838,0.7079162,0.7079162,0.0001745417907572
2025-07-03,HCLTECH,-1,1,0.27077085,0.72922915,0.72922915,-0.0038985061059707
2025-07-04,HCLTECH,-1,1,0.33473665,0.66526335,0.66526335,0.0081780652537892
2025-07-07,HCLTECH,-1,1,0.26945144,0.73054856,0.73054856,-0.0089808142882283
2025-07-08,HCLTECH,-1,1,0.32270384,0.67729616,0.67729616,-0.0013447313480857
2025-07-09,HCLTECH,-1,1,0.35466683,0.6453332,0.6453332,-0.0199637459119502
2025-07-10,HCLTECH,-1,1,0.4597352,0.5402648,0.5402648,-0.0061529111576874
2025-07-11,HCLTECH,-1,1,0.31136572,0.6886343,0.6886343,-0.0152672456628464
2025-07-14,HCLTECH,-1,1,0.23328269,0.7667173,0.7667173,-0.0112920573306996
2025-07-15,HCLTECH,-1,1,0.22292024,0.77707976,0.77707976,-0.0329670614663386
2025-07-16,HCLTECH,-1,1,0.18477899,0.815221,0.815221,-0.0022982637624999
2025-07-17,HCLTECH,-1,1,0.1699667,0.8300333,0.8300333,-0.0120936792178264
2025-07-18,HCLTECH,-1,1,0.22287661,0.7771234,0.7771234,0.0110320657054296
2025-07-21,HCLTECH,-1,1,0.28447902,0.715521,0.715521,-0.0118801271245532
2025-07-22,HCLTECH,-1,1,0.35947037,0.64052963,0.64052963,-0.0067303460886956
2025-07-23,HCLTECH,-1,-1,0.5341882,0.4658118,0.5341882,0.0063811777359414
2025-07-24,HCLTECH,-1,1,0.49625373,0.5037463,0.5037463,-0.0147732353333364
2025-07-25,HCLTECH,-1,1,0.47685683,0.5231432,0.5231432,-0.0113455214178121
2025-07-28,HCLTECH,1,1,0.26620752,0.7337925,0.7337925,-0.0161063725327313
2025-07-29,HCLTECH,1,1,0.20976734,0.79023266,0.79023266,0.0042972298766847
2025-07-30,HCLTECH,1,1,0.25574386,0.74425614,0.74425614,0.0027845633279701
2025-07-31,HCLTECH,1,1,0.2755683,0.7244317,0.7244317,-0.0058246726316351
2025-08-01,HCLTECH,1,1,0.25708264,0.74291736,0.74291736,-0.0107636744873464
2025-08-05,HCLTECH,1,1,0.28883016,0.71116984,0.71116984,0.0056293357690484
2025-08-06,HCLTECH,1,1,0.20615715,0.79384285,0.79384285,-0.0131515762136235
2025-08-07,HCLTECH,-1,1,0.22014731,0.7798527,0.7798527,0.0084061280594998
2025-08-08,HCLTECH,1,1,0.1912154,0.8087846,0.8087846,0.0001355114929668
2025-08-12,HCLTECH,-1,1,0.2525208,0.7474792,0.7474792,0.0074596174007997
2025-08-13,HCLTECH,-1,1,0.21467924,0.78532076,0.78532076,0.00133411860461
2025-08-14,HCLTECH,-1,1,0.223571,0.776429,0.776429,-0.0075277188206601
2025-08-18,HCLTECH,-1,1,0.22757238,0.7724276,0.7724276,-0.0032219059080031
2025-08-19,HCLTECH,-1,1,0.167943,0.832057,0.832057,-0.005993341770946
2025-08-20,HCLTECH,-1,1,0.32710606,0.67289394,0.67289394,0.0134813775685054
2025-08-21,HCLTECH,-1,1,0.3071298,0.6928702,0.6928702,-0.0016710618723492
2025-08-22,HCLTECH,-1,1,0.24625754,0.75374246,0.75374246,-0.0182121812483476
2025-08-25,HCLTECH,-1,1,0.27496397,0.725036,0.725036,0.0258472214684857
2025-08-26,HCLTECH,-1,1,0.31004125,0.68995875,0.68995875,-0.007578626581865
2025-08-28,HCLTECH,1,1,0.23580629,0.7641937,0.7641937,-0.0288049387776064
2025-08-29,HCLTECH,1,1,0.1851294,0.8148706,0.8148706,0.003448799193044
2025-09-02,HCLTECH,1,1,0.27239585,0.72760415,0.72760415,-0.0018387235735096
2025-09-03,HCLTECH,1,1,0.19937396,0.80062604,0.80062604,0.0002727488952161
2025-09-04,HCLTECH,1,1,0.2582237,0.7417763,0.7417763,-0.0155514077629963
2025-09-05,HCLTECH,1,1,0.20826858,0.7917314,0.7917314,-0.0168364789385174
2025-09-08,HCLTECH,1,1,0.23739046,0.76260954,0.76260954,-0.0112754186935604
2025-09-10,HCLTECH,-1,1,0.3833763,0.6166237,0.6166237,0.0257866567703493
2025-09-11,HCLTECH,-1,1,0.33356243,0.66643757,0.66643757,0.0025957242337224
2025-09-12,HCLTECH,-1,1,0.36050284,0.63949716,0.63949716,-0.0003407082307759
2025-09-15,HCLTECH,-1,1,0.35222352,0.6477765,0.6477765,-0.0004770163518209
2025-09-16,HCLTECH,-1,1,0.3685199,0.6314801,0.6314801,0.011319407845354
2025-09-17,HCLTECH,-1,1,0.48879415,0.51120585,0.51120585,-0.0010787069415719
2025-09-18,HCLTECH,-1,1,0.48318917,0.51681083,0.51681083,0.0083022924895794
2025-09-19,HCLTECH,-1,-1,0.55625594,0.44374403,0.55625594,-0.017673033781875
2025-09-23,HCLTECH,1,1,0.25361538,0.7463846,0.7463846,-0.0070143225093594
2025-09-24,HCLTECH,1,1,0.49468488,0.5053151,0.5053151,0.0087425140390478
2025-09-25,HCLTECH,1,1,0.43339825,0.56660175,0.56660175,-0.0128268069730497
2025-09-26,HCLTECH,1,1,0.31520766,0.68479234,0.68479234,-0.0200168500755787
2025-09-29,HCLTECH,1,1,0.33042866,0.66957134,0.66957134,-0.0056618636706148
2025-09-30,HCLTECH,1,1,0.40428722,0.5957128,0.5957128,-0.0016578401774699
2025-10-01,HCLTECH,1,1,0.37096447,0.62903553,0.62903553,0.0031767393664814
2025-10-03,HCLTECH,1,1,0.44240952,0.5575905,0.5575905,0.0028786096134671
2025-10-06,HCLTECH,1,1,0.40937185,0.59062815,0.59062815,0.0173664740714314
2025-10-07,HCLTECH,1,-1,0.549648,0.450352,0.549648,0.0110742468477758
2025-10-08,HCLTECH,1,-1,0.69619226,0.30380774,0.69619226,0.0138132771113914
2025-10-09,HCLTECH,1,-1,0.6427163,0.35728368,0.6427163,0.0229150251866234
2025-10-10,HCLTECH,1,-1,0.69954425,0.30045575,0.69954425,0.0060545061903318
2025-10-13,HCLTECH,1,-1,0.72211146,0.27788857,0.72211146,-0.0005350502689651
2025-10-14,HCLTECH,1,-1,0.6996144,0.30038562,0.6996144,0.0004684090503084
2025-10-15,HCLTECH,1,-1,0.6804651,0.3195349,0.6804651,0.0002005200174977
2025-10-16,HCLTECH,1,-1,0.630726,0.36927405,0.630726,0.0129036714745509
2025-10-17,HCLTECH,1,-1,0.63037,0.36963,0.63037,-0.0111775579101931
2025-10-20,HCLTECH,1,1,0.45098007,0.54901993,0.54901993,0.006190303586167
2025-10-21,HCLTECH,1,1,0.4803223,0.5196777,0.5196777,-0.0062859579166366
2025-10-23,HCLTECH,-1,1,0.4119014,0.5880986,0.5880986,0.0255047611771481
2025-10-24,HCLTECH,1,1,0.32088584,0.67911416,0.67911416,-6.561862700671384e-05
2025-10-27,HCLTECH,1,1,0.24001491,0.7599851,0.7599851,0.0063655889785707
2025-10-28,HCLTECH,1,1,0.17217278,0.8278272,0.8278272,-0.0074339396709749
2025-10-29,HCLTECH,1,1,0.24539387,0.7546061,0.7546061,0.0231259780340791
2025-10-30,HCLTECH,1,1,0.20052195,0.79947805,0.79947805,-0.0048160069225875
2025-10-31,HCLTECH,1,1,0.19793826,0.80206174,0.80206174,-0.0053555700896298
2025-11-03,HCLTECH,1,1,0.16061038,0.8393896,0.8393896,0.0012973886233325
2025-11-04,HCLTECH,1,1,0.23560822,0.7643918,0.7643918,-0.0093295005501886
2025-11-06,HCLTECH,1,1,0.18479747,0.81520253,0.81520253,-0.0017656781376742
2025-11-07,HCLTECH,1,1,0.3620882,0.6379118,0.6379118,-0.0091718905247796
2025-11-10,HCLTECH,1,1,0.45483303,0.54516697,0.54516697,0.0185797032115992
2025-11-11,HCLTECH,1,-1,0.63609016,0.3639098,0.63609016,0.0191496376219502
2025-11-12,HCLTECH,1,-1,0.60202074,0.3979793,0.60202074,0.0152866868352261
2025-11-13,HCLTECH,1,1,0.45792818,0.5420718,0.5420718,0.0028229800481109
2025-11-14,HCLTECH,1,1,0.3062629,0.6937371,0.6937371,-0.002439773887999
2025-11-17,HCLTECH,1,1,0.361058,0.638942,0.638942,0.0074000107030143
2025-11-18,HCLTECH,1,1,0.43397427,0.56602573,0.56602573,-0.00697216089014
2025-11-19,HCLTECH,-1,1,0.42784172,0.5721583,0.5721583,0.0422518150771689
2025-11-21,HCLTECH,1,1,0.32240468,0.6775953,0.6775953,-0.0227300161064222
2025-11-24,HCLTECH,1,1,0.38027626,0.61972374,0.61972374,0.0014924810190266
2025-11-25,HCLTECH,1,1,0.37234068,0.6276593,0.6276593,-0.0057749786872729
2025-11-26,HCLTECH,1,1,0.44395489,0.5560451,0.5560451,0.0104927825287097
2025-11-27,HCLTECH,1,1,0.3482098,0.6517902,0.6517902,0.0068607195170009
2025-11-28,HCLTECH,1,1,0.37042105,0.62957895,0.62957895,-0.0029465590874521
2025-12-01,HCLTECH,1,1,0.43661964,0.56338036,0.56338036,0.0115133898551444
2025-12-02,HCLTECH,1,-1,0.7066397,0.2933603,0.7066397,-0.0045042894289883
2025-12-03,HCLTECH,1,-1,0.72351205,0.27648795,0.72351205,0.0030572072884151
2025-12-05,HCLTECH,-1,-1,0.8289872,0.17101282,0.8289872,0.0171643048559151
2025-12-08,HCLTECH,-1,-1,0.7825924,0.21740755,0.7825924,0.0033273406604468
2025-12-09,HCLTECH,1,-1,0.62144387,0.3785561,0.62144387,-0.0183583805763556
2025-12-11,HCLTECH,-1,-1,0.6566917,0.34330836,0.6566917,0.0038416177893041
2025-12-12,HCLTECH,-1,-1,0.6813885,0.3186115,0.6813885,0.0004782615048191
2025-12-15,HCLTECH,-1,-1,0.5491777,0.4508223,0.5491777,0.0064547544837207
2025-12-16,HCLTECH,-1,-1,0.63088,0.36912,0.63088,-0.0191805444910143
2025-12-17,HCLTECH,-1,-1,0.55488354,0.44511646,0.55488354,0.0019980180656156
2025-12-18,HCLTECH,-1,-1,0.6319621,0.36803788,0.6319621,0.0038669993892817
2025-12-19,HCLTECH,-1,-1,0.6076536,0.39234635,0.6076536,-0.0114360848999858
2025-12-22,HCLTECH,-1,1,0.37572658,0.6242734,0.6242734,0.016987305717943
2025-12-23,HCLTECH,-1,1,0.47105294,0.52894706,0.52894706,0.0057475541460831
2025-12-24,HCLTECH,-1,1,0.40901792,0.5909821,0.5909821,-0.0030955292915736
2025-12-29,HCLTECH,1,1,0.47392428,0.5260757,0.5260757,-0.0181227753751523
2025-12-30,HCLTECH,1,1,0.44710433,0.55289567,0.55289567,-0.0095658812777416
2025-12-31,HCLTECH,1,1,0.39662063,0.60337937,0.60337937,0.0050149028909025
2026-01-01,HCLTECH,1,1,0.4243611,0.5756389,0.5756389,0.0068994973299465
2026-01-02,HCLTECH,1,1,0.37412256,0.62587744,0.62587744,0.0034873270452377
2026-01-05,HCLTECH,1,1,0.44295198,0.557048,0.557048,-0.0198756403040684
2026-01-06,HCLTECH,1,1,0.4063908,0.5936092,0.5936092,0.0054119020220464
2026-01-07,HCLTECH,1,-1,0.5741843,0.42581567,0.5741843,0.0194269732879504
2026-01-08,HCLTECH,1,1,0.31988347,0.68011653,0.68011653,-0.0006068837500488
2026-01-09,HCLTECH,1,1,0.28338587,0.7166141,0.7166141,0.008926912926491
2026-01-12,HCLTECH,1,1,0.33050394,0.66949606,0.66949606,0.0037318028602242
2026-01-13,HCLTECH,1,1,0.3667761,0.6332239,0.6332239,-0.0015591433360617
2026-01-14,HCLTECH,1,1,0.3507198,0.6492802,0.6492802,0.0021020982599795
2026-01-15,HCLTECH,1,1,0.28243637,0.7175636,0.7175636,0.0
2026-01-16,HCLTECH,-1,1,0.38359994,0.61640006,0.61640006,0.0250528515265828
2026-01-19,HCLTECH,-1,1,0.40548098,0.594519,0.594519,0.0110718864115613
2026-01-20,HCLTECH,-1,1,0.38142526,0.61857474,0.61857474,-0.0171831102267201
2026-01-21,HCLTECH,-1,1,0.34721464,0.65278536,0.65278536,-0.002844860015398
2026-01-22,HCLTECH,-1,1,0.274526,0.725474,0.725474,0.0122436783696568
2026-01-23,HCLTECH,-1,1,0.34383833,0.65616167,0.65616167,0.0022899686603956
2026-01-27,HCLTECH,-1,1,0.2904482,0.7095518,0.7095518,0.0077328596282968
2026-01-28,HCLTECH,-1,1,0.28735733,0.71264267,0.71264267,0.005464463090357
2026-01-29,HCLTECH,-1,1,0.3637802,0.6362198,0.6362198,-0.0046253548856672
2026-01-30,HCLTECH,-1,1,0.39478195,0.60521805,0.60521805,-0.0151022386094589
2026-02-02,HCLTECH,-1,1,0.24983823,0.75016177,0.75016177,-0.0110874849342462
2026-02-03,HCLTECH,-1,1,0.34504282,0.6549572,0.6549572,0.011032989682308
2026-02-04,HCLTECH,-1,1,0.35876906,0.64123094,0.64123094,-0.043355215608177
2026-02-05,HCLTECH,-1,1,0.42137694,0.57862306,0.57862306,-0.0072758882586186
2026-02-06,HCLTECH,-1,1,0.42505693,0.57494307,0.57494307,-0.0101242072026592
2026-02-09,HCLTECH,-1,-1,0.5072106,0.4927894,0.5072106,0.0052079812414005
2026-02-10,HCLTECH,-1,-1,0.5143772,0.48562282,0.5143772,-0.0180399181365551
2026-02-11,HCLTECH,-1,-1,0.5646066,0.4353934,0.5646066,-0.0136673290494484
2026-02-12,HCLTECH,-1,-1,0.52842945,0.47157055,0.52842945,-0.0486594179105996
2026-02-13,HCLTECH,-1,-1,0.51033247,0.48966753,0.51033247,-0.0141589723638894
2026-02-16,HCLTECH,-1,1,0.35361207,0.64638793,0.64638793,0.004535584543089
2026-02-17,HCLTECH,-1,-1,0.52061796,0.479382,0.52061796,0.0142289707536404
2026-02-18,HCLTECH,-1,-1,0.5596404,0.44035962,0.5596404,-0.010387164748
2026-02-19,HCLTECH,-1,1,0.40541965,0.59458035,0.59458035,-0.0114503587013101
2026-02-20,HCLTECH,-1,1,0.26887232,0.7311277,0.7311277,-0.0095835845453913
2026-02-23,HCLTECH,-1,1,0.4907922,0.5092078,0.5092078,-0.0071702445719127
2026-02-25,HCLTECH,-1,1,0.26291835,0.73708165,0.73708165,0.0291219268125877
2026-02-26,HCLTECH,-1,1,0.41869307,0.58130693,0.58130693,-0.0034102341325811
2026-02-27,HCLTECH,-1,-1,0.5257882,0.4742118,0.5257882,0.0113577962139954
2026-03-02,HCLTECH,-1,1,0.42031932,0.5796807,0.5796807,-0.0130299469627628
2026-03-05,HCLTECH,-1,1,0.46842712,0.5315729,0.5315729,-0.0072581280673156
2026-03-06,HCLTECH,-1,1,0.48042923,0.51957077,0.51957077,0.0019200864061852
2026-03-11,HCLTECH,1,1,0.43502915,0.56497085,0.56497085,-0.0082262347507362
2026-03-13,HCLTECH,1,1,0.41753727,0.5824627,0.5824627,-0.0240777336521517
2026-03-16,HCLTECH,1,1,0.36035454,0.63964546,0.63964546,0.0024143695254414
2026-03-17,HCLTECH,1,1,0.38539284,0.61460716,0.61460716,-0.0056450551925265
2026-03-18,HCLTECH,1,-1,0.5140084,0.48599163,0.5140084,0.0273256359808116
2026-03-19,HCLTECH,1,1,0.40745497,0.59254503,0.59254503,-0.0334511102612774
2026-03-20,HCLTECH,1,1,0.42354625,0.57645375,0.57645375,0.0166945566815355
2026-03-23,HCLTECH,1,1,0.35832614,0.64167386,0.64167386,0.0186698685285822
2026-03-24,HCLTECH,1,1,0.2990998,0.7009002,0.7009002,0.0108200316869675
2026-03-25,HCLTECH,1,1,0.3084311,0.6915689,0.6915689,0.0058253936432413
2026-03-27,HCLTECH,1,1,0.35163736,0.64836264,0.64836264,-0.0122349330507921
2026-03-30,HCLTECH,1,-1,0.5133685,0.48663148,0.5133685,-0.016710647814451
2026-04-01,HCLTECH,1,1,0.42645484,0.57354516,0.57354516,0.0095408631176203
2026-04-02,HCLTECH,1,-1,0.5584289,0.44157112,0.5584289,0.0352923140627499
2026-04-06,HCLTECH,1,1,0.36306775,0.63693225,0.63693225,0.0007845771805066
2026-04-07,HCLTECH,-1,1,0.34727478,0.6527252,0.6527252,0.0272927500482718
2026-04-08,HCLTECH,-1,1,0.44940716,0.55059284,0.55059284,0.0134573252888547
2026-04-09,HCLTECH,-1,-1,0.6511775,0.3488225,0.6511775,0.0026693504362047
2026-04-10,HCLTECH,-1,1,0.32134563,0.6786544,0.6786544,-0.009352163803588
2026-04-13,HCLTECH,-1,1,0.20271552,0.7972845,0.7972845,-0.0150219800295021
2026-04-15,HCLTECH,-1,1,0.18654472,0.8134553,0.8134553,0.0153210573282434
2026-04-16,HCLTECH,-1,1,0.29422235,0.70577765,0.70577765,-0.0007579478010384
2025-01-01,HDFCBANK,-1,-1,0.5866632,0.4133368,0.5866632,0.0055841461555941
2025-01-02,HDFCBANK,-1,-1,0.5641583,0.4358417,0.5641583,0.0061702983181806
2025-01-03,HDFCBANK,-1,-1,0.5766488,0.42335123,0.5766488,-0.0248362839411867
2025-01-06,HDFCBANK,-1,-1,0.6755135,0.32448646,0.6755135,-0.0221243119240748
2025-01-07,HDFCBANK,-1,-1,0.6617361,0.33826393,0.6617361,0.0016953410200268
2025-01-08,HDFCBANK,-1,-1,0.6403764,0.3596236,0.6403764,-0.0111473223724266
2025-01-14,HDFCBANK,1,-1,0.6197628,0.3802372,0.6197628,0.0096575218487748
2025-01-15,HDFCBANK,1,-1,0.64573264,0.3542674,0.64573264,-0.0021559767343256
2025-01-16,HDFCBANK,1,-1,0.66931164,0.33068836,0.66931164,0.0054776397167093
2025-01-17,HDFCBANK,1,-1,0.5438187,0.4561813,0.5438187,-0.0092612202409927
2025-01-20,HDFCBANK,1,-1,0.5286869,0.47131312,0.5286869,0.0088589579871671
2025-01-21,HDFCBANK,1,-1,0.53582656,0.46417347,0.53582656,-0.0053595539788948
2025-01-22,HDFCBANK,1,-1,0.55724764,0.44275233,0.55724764,0.014399739783524
2025-01-23,HDFCBANK,1,-1,0.61130106,0.38869894,0.61130106,-0.0006902436675249
2025-01-24,HDFCBANK,1,-1,0.55176234,0.44823766,0.55176234,-0.0090695791413278
2025-01-27,HDFCBANK,1,1,0.46800852,0.5319915,0.5319915,-0.0121227619373651
2025-01-28,HDFCBANK,1,-1,0.51422906,0.48577097,0.51422906,0.0249109958287467
2025-01-29,HDFCBANK,1,-1,0.5754231,0.42457688,0.5754231,0.0041307513033075
2025-01-30,HDFCBANK,1,-1,0.5768424,0.42315757,0.5768424,0.0084659880451618
2025-02-03,HDFCBANK,1,-1,0.60222065,0.39777935,0.60222065,-0.0076583765977114
2025-02-05,HDFCBANK,-1,-1,0.63161075,0.36838925,0.63161075,0.0098204132139547
2025-02-06,HDFCBANK,-1,-1,0.6211357,0.37886426,0.6211357,0.0034813696177955
2025-02-07,HDFCBANK,-1,-1,0.5684992,0.43150076,0.5684992,-0.0063652634930616
2025-02-10,HDFCBANK,-1,-1,0.5271174,0.4728826,0.5271174,-0.0098109461815987
2025-02-11,HDFCBANK,-1,1,0.47717464,0.52282536,0.52282536,-0.0083636604085773
2025-02-13,HDFCBANK,1,-1,0.60623825,0.39376178,0.60623825,-0.0053316879815066
2025-02-18,HDFCBANK,-1,-1,0.5897154,0.41028458,0.5897154,0.003319092425039
2025-02-19,HDFCBANK,-1,-1,0.59547603,0.40452394,0.59547603,0.0024084914347874
2025-02-25,HDFCBANK,1,-1,0.5930935,0.40690646,0.5930935,0.0031303730207494
2025-02-28,HDFCBANK,-1,-1,0.7015622,0.29843777,0.7015622,0.0186394545451238
2025-03-04,HDFCBANK,1,-1,0.6569016,0.34309837,0.6569016,0.0049659726389434
2025-03-05,HDFCBANK,1,-1,0.63933164,0.36066836,0.63933164,-0.0116959127793339
2025-03-06,HDFCBANK,1,-1,0.61791664,0.38208336,0.61791664,0.000710037599269
2025-03-07,HDFCBANK,1,-1,0.7714554,0.22854461,0.7714554,-0.0011530015752543
2025-03-10,HDFCBANK,1,-1,0.6641032,0.3358968,0.6641032,-0.0010359770021162
2025-03-11,HDFCBANK,1,-1,0.66061646,0.33938354,0.66061646,-0.0011851491898645
2025-03-12,HDFCBANK,1,-1,0.6722709,0.32772908,0.6722709,0.0152180780987631
2025-03-13,HDFCBANK,1,-1,0.5890206,0.41097942,0.5890206,-0.0026591393073613
2025-03-17,HDFCBANK,1,1,0.3107838,0.6892162,0.6892162,0.0022267631616701
2025-03-18,HDFCBANK,1,1,0.3304004,0.6695996,0.6695996,0.0
2025-03-19,HDFCBANK,1,1,0.37432438,0.6256756,0.6256756,0.019702954032589
2025-03-20,HDFCBANK,1,1,0.29651374,0.70348626,0.70348626,0.0141333153438394
2025-03-21,HDFCBANK,-1,1,0.25190133,0.7480987,0.7480987,0.0009046361184625
2025-03-24,HDFCBANK,-1,1,0.24922335,0.75077665,0.75077665,0.0167480718294248
2025-03-25,HDFCBANK,-1,1,0.20849293,0.79150707,0.79150707,0.0119166740784313
2025-03-27,HDFCBANK,1,1,0.29490316,0.70509684,0.70509684,0.0104065331291132
2025-03-28,HDFCBANK,1,1,0.29285038,0.7071496,0.7071496,0.0015612884510065
2025-04-01,HDFCBANK,1,1,0.3295316,0.6704684,0.6704684,-0.0330105654950725
2025-04-02,HDFCBANK,1,1,0.25128484,0.74871516,0.74871516,0.0164324062245566
2025-04-03,HDFCBANK,1,1,0.32515252,0.6748475,0.6748475,-0.0011408792385178
2025-04-04,HDFCBANK,1,1,0.3751424,0.6248576,0.6248576,0.0125081028082658
2025-04-07,HDFCBANK,1,1,0.37363887,0.62636113,0.62636113,-0.0327960636608566
2025-04-08,HDFCBANK,1,1,0.4051864,0.5948136,0.5948136,0.0065143051251841
2025-04-09,HDFCBANK,1,-1,0.56487453,0.43512547,0.56487453,-0.0023458015229806
2025-04-11,HDFCBANK,1,-1,0.5396271,0.46037292,0.5396271,0.0236544169281383
2025-04-15,HDFCBANK,1,-1,0.5047915,0.4952085,0.5047915,0.0321848849806631
2025-04-16,HDFCBANK,1,-1,0.5337719,0.46622816,0.5337719,0.0070245071603414
2025-04-17,HDFCBANK,1,-1,0.5662296,0.43377042,0.5662296,0.0152821617354101
2025-04-22,HDFCBANK,-1,1,0.45667994,0.54332006,0.54332006,0.0179544395095125
2025-04-24,HDFCBANK,-1,1,0.45898324,0.54101676,0.54101676,-0.003690388809441
2025-04-25,HDFCBANK,1,1,0.4868319,0.5131681,0.5131681,-0.0029215761665891
2025-05-06,HDFCBANK,-1,-1,0.57925147,0.42074853,0.57925147,-0.0026332730786522
2025-05-07,HDFCBANK,-1,1,0.4371645,0.5628355,0.5628355,0.0071957881924666
2025-05-09,HDFCBANK,1,1,0.41895705,0.58104295,0.58104295,-0.0201192937323476
2025-05-12,HDFCBANK,-1,-1,0.50145084,0.49854916,0.50145084,0.0357200003875877
2025-05-21,HDFCBANK,1,1,0.38770038,0.6122996,0.6122996,0.0062144446992922
2025-05-22,HDFCBANK,1,1,0.35973096,0.64026904,0.64026904,-0.0035810704299872
2025-05-23,HDFCBANK,1,1,0.349712,0.650288,0.650288,0.0071357483768594
2025-05-26,HDFCBANK,1,1,0.4577117,0.5422883,0.5422883,0.0034132505528097
2025-05-27,HDFCBANK,1,1,0.36152178,0.6384782,0.6384782,-0.0071641361237514
2025-05-28,HDFCBANK,1,1,0.32857728,0.6714227,0.6714227,-0.0014535838723096
2025-05-29,HDFCBANK,1,1,0.48282897,0.517171,0.517171,0.0020795436543044
2025-05-30,HDFCBANK,-1,1,0.4274124,0.5725876,0.5725876,0.0090272519797178
2025-06-05,HDFCBANK,-1,-1,0.51324916,0.48675087,0.51324916,0.0043272164675778
2025-06-06,HDFCBANK,-1,-1,0.65775454,0.3422455,0.65775454,0.0149261460123415
2025-06-09,HDFCBANK,-1,-1,0.6140171,0.3859829,0.6140171,0.0001011671867168
2025-06-11,HDFCBANK,1,1,0.44869345,0.55130655,0.55130655,-0.0075816078556018
2025-06-12,HDFCBANK,1,-1,0.54249024,0.45750976,0.54249024,-0.003588993482671
2025-06-13,HDFCBANK,1,1,0.34550017,0.6544998,0.6544998,-0.0132757126174114
2025-06-16,HDFCBANK,1,1,0.3821314,0.6178686,0.6178686,0.0092824446353756
2025-06-17,HDFCBANK,1,1,0.34820735,0.65179265,0.65179265,-0.0029968013237066
2025-06-18,HDFCBANK,1,1,0.33666587,0.66333413,0.66333413,0.0022284535483871
2025-06-19,HDFCBANK,1,1,0.27123696,0.72876304,0.72876304,0.0007239357230035
2025-06-20,HDFCBANK,1,1,0.3860612,0.6139388,0.6139388,0.0151913966902301
2025-06-23,HDFCBANK,1,1,0.48001367,0.51998633,0.51998633,-0.0082963847364354
2025-06-24,HDFCBANK,1,1,0.40493983,0.59506017,0.59506017,0.0064154999148486
2025-06-25,HDFCBANK,1,1,0.40062356,0.59937644,0.59937644,0.0098424198281632
2025-06-27,HDFCBANK,-1,-1,0.5671421,0.4328579,0.5671421,0.0075507467248654
2025-06-30,HDFCBANK,-1,1,0.3703918,0.6296082,0.6296082,-0.0066504355549411
2025-07-01,HDFCBANK,-1,1,0.41039056,0.58960944,0.58960944,0.0052959884594787
2025-07-02,HDFCBANK,1,1,0.36193103,0.638069,0.638069,-0.0129714954307226
2025-07-04,HDFCBANK,-1,1,0.39837772,0.6016223,0.6016223,0.0011072235017379
2025-07-07,HDFCBANK,1,1,0.3582242,0.6417758,0.6417758,-0.0009551613067334
2025-07-09,HDFCBANK,1,-1,0.5169283,0.4830717,0.5169283,0.0048964919714553
2025-07-11,HDFCBANK,1,1,0.37322807,0.6267719,0.6267719,-0.0112152054719066
2025-07-14,HDFCBANK,1,1,0.3218977,0.6781023,0.6781023,-0.0003528657479695
2025-07-15,HDFCBANK,1,1,0.36470485,0.63529515,0.63529515,0.0063035922749676
2025-07-16,HDFCBANK,1,1,0.35797918,0.6420208,0.6420208,0.0004008816821357
2025-07-17,HDFCBANK,1,1,0.3702492,0.6297508,0.6297508,-0.0047087327517392
2025-07-18,HDFCBANK,1,1,0.28085232,0.7191477,0.7191477,-0.0148472433340641
2025-07-22,HDFCBANK,-1,1,0.46394765,0.53605235,0.53605235,0.0032991760470997
2025-07-23,HDFCBANK,-1,-1,0.5479249,0.4520751,0.5479249,0.0085696004986908
2025-07-24,HDFCBANK,-1,1,0.47572827,0.5242717,0.5242717,-0.0049894507287886
2025-07-25,HDFCBANK,-1,1,0.42018133,0.57981867,0.57981867,-0.0022894563496552
2025-07-28,HDFCBANK,-1,1,0.28577894,0.71422106,0.71422106,0.0019455374945429
2025-07-29,HDFCBANK,-1,1,0.3266961,0.6733039,0.6733039,0.0065222681533172
2025-07-30,HDFCBANK,-1,1,0.35961348,0.6403865,0.6403865,0.002077598581772
2025-07-31,HDFCBANK,-1,1,0.2649356,0.7350644,0.7350644,-0.0037516524203099
2025-08-05,HDFCBANK,1,1,0.24227512,0.7577249,0.7577249,-0.0072289279187061
2025-08-07,HDFCBANK,-1,1,0.28180903,0.71819097,0.71819097,0.0050873799111117
2025-08-11,HDFCBANK,-1,1,0.31812674,0.68187326,0.68187326,0.010993439841674
2025-08-12,HDFCBANK,-1,1,0.1675399,0.8324601,0.8324601,-0.0128783080207891
2025-08-13,HDFCBANK,-1,1,0.2230475,0.7769525,0.7769525,0.0052794681380623
2025-08-14,HDFCBANK,-1,1,0.24929047,0.75070953,0.75070953,0.0054536820135935
2025-08-18,HDFCBANK,-1,1,0.3600369,0.6399631,0.6399631,0.0062779368958214
2025-08-19,HDFCBANK,-1,1,0.44407243,0.5559276,0.5559276,-0.0062387702896354
2025-08-20,HDFCBANK,-1,1,0.39364505,0.60635495,0.60635495,-0.001456493621426
2025-08-21,HDFCBANK,-1,1,0.41272217,0.5872778,0.5872778,0.0015089025619539
2025-08-22,HDFCBANK,-1,1,0.29339874,0.70660126,0.70660126,-0.0133587666925577
2025-08-25,HDFCBANK,-1,1,0.24428529,0.7557147,0.7557147,-0.0002545047369507
2025-08-26,HDFCBANK,-1,1,0.22907352,0.7709265,0.7709265,-0.0088080683126384
2025-08-28,HDFCBANK,1,1,0.17247236,0.82752764,0.82752764,-0.0160263367883971
2025-08-29,HDFCBANK,1,1,0.15328872,0.8467113,0.8467113,-0.0064731805032883
2025-09-01,HDFCBANK,1,1,0.13264441,0.8673556,0.8673556,-0.00105086173356
2025-09-02,HDFCBANK,1,1,0.16476488,0.8352351,0.8352351,-0.0064169742716199
2025-09-03,HDFCBANK,1,1,0.17926747,0.82073253,0.82073253,0.0105346873552474
2025-09-04,HDFCBANK,1,1,0.25796413,0.74203587,0.74203587,0.00712450909529
2025-09-09,HDFCBANK,-1,1,0.35917622,0.6408238,0.6408238,-0.0008798919109084
2025-09-10,HDFCBANK,-1,1,0.43113446,0.56886554,0.56886554,0.0007770812630454
2025-09-11,HDFCBANK,-1,1,0.3542586,0.6457414,0.6457414,0.0019670393735198
2025-09-12,HDFCBANK,-1,1,0.33980542,0.6601946,0.6601946,-0.000516635675043
2025-09-15,HDFCBANK,-1,1,0.40510058,0.5948994,0.5948994,-0.0002584513627157
2025-09-16,HDFCBANK,-1,1,0.39188606,0.60811394,0.60811394,-0.0002068271646306
2025-09-18,HDFCBANK,-1,1,0.46344578,0.5365542,0.5365542,0.0107605012044103
2025-09-19,HDFCBANK,1,1,0.48224503,0.517755,0.517755,-0.0102364620228133
2025-09-22,HDFCBANK,1,1,0.43932652,0.5606735,0.5606735,-0.0027924419679971
2025-09-23,HDFCBANK,1,1,0.32122672,0.6787733,0.6787733,-0.0072599044921988
2025-09-24,HDFCBANK,1,1,0.46259403,0.53740597,0.53740597,-0.0064250149766319
2025-09-25,HDFCBANK,1,1,0.44898123,0.5510188,0.5510188,-0.001261776165747
2025-09-26,HDFCBANK,1,1,0.39110047,0.60889953,0.60889953,-0.0050534167672192
2025-09-29,HDFCBANK,1,1,0.42538798,0.574612,0.574612,0.0055552616981251
2025-09-30,HDFCBANK,1,-1,0.53727126,0.46272877,0.53727126,0.0007366223466518
2025-10-01,HDFCBANK,1,-1,0.5768781,0.42312196,0.5768781,0.0149842271293374
2025-10-03,HDFCBANK,1,-1,0.60115016,0.39884982,0.60115016,-0.000103574810606
2025-10-06,HDFCBANK,1,-1,0.69507813,0.30492187,0.69507813,0.0085996866632289
2025-10-07,HDFCBANK,1,-1,0.76398695,0.23601305,0.76398695,0.0092968182027657
2025-10-08,HDFCBANK,1,-1,0.7903853,0.20961471,0.7903853,-0.0038676720539122
2025-10-09,HDFCBANK,1,-1,0.7885554,0.2114446,0.7885554,-0.0016348590999663
2025-10-10,HDFCBANK,1,-1,0.7410845,0.25891548,0.7410845,0.0038891095313415
2025-10-13,HDFCBANK,1,-1,0.7752955,0.22470452,0.7752955,-0.0039759652533316
2025-10-14,HDFCBANK,1,-1,0.7781398,0.22186014,0.7781398,0.0001535562068193
2025-10-15,HDFCBANK,1,-1,0.74429595,0.25570402,0.74429595,0.0011256977520899
2025-10-16,HDFCBANK,-1,-1,0.8053303,0.19466974,0.8053303,0.0164579356871326
2025-10-17,HDFCBANK,-1,-1,0.8578905,0.1421095,0.8578905,0.008246605730743
2025-10-20,HDFCBANK,-1,-1,0.76530194,0.23469806,0.76530194,0.0003990069512076
2025-10-21,HDFCBANK,-1,-1,0.70574963,0.29425034,0.70574963,0.0047360286576469
2025-10-23,HDFCBANK,-1,-1,0.540673,0.45932698,0.540673,0.0010915704799172
2025-10-24,HDFCBANK,-1,-1,0.5379865,0.46201345,0.5379865,-0.0139274266088236
2025-10-27,HDFCBANK,-1,1,0.41292262,0.5870774,0.5870774,0.0082432894767843
2025-10-28,HDFCBANK,-1,1,0.4401803,0.5598197,0.5598197,0.000598210856608
2025-10-29,HDFCBANK,-1,-1,0.50303006,0.49696994,0.50303006,0.004284776887323
2025-10-30,HDFCBANK,-1,1,0.4019609,0.5980391,0.5980391,-0.0096243998678827
2025-10-31,HDFCBANK,1,1,0.352507,0.647493,0.647493,-0.0108701461260425
2025-11-04,HDFCBANK,1,1,0.38065344,0.61934656,0.61934656,-0.0074548171380246
2025-11-06,HDFCBANK,1,1,0.43561375,0.56438625,0.56438625,-0.0006089577121923
2025-11-07,HDFCBANK,1,1,0.42486328,0.5751367,0.5751367,-0.0023866719776828
2025-11-10,HDFCBANK,1,1,0.48224354,0.51775646,0.51775646,0.0022396541121558
2025-11-12,HDFCBANK,1,1,0.4133489,0.5866511,0.5866511,-0.0022184251083501
2025-11-13,HDFCBANK,1,1,0.30639988,0.6936001,0.6936001,-0.0028802178736103
2025-11-14,HDFCBANK,1,1,0.24476677,0.7552332,0.7552332,0.0029898658074092
2025-11-17,HDFCBANK,1,1,0.17400748,0.8259925,0.8259925,0.0070230521205461
2025-11-19,HDFCBANK,1,1,0.117298484,0.8827015,0.8827015,0.0021663190613752
2025-11-20,HDFCBANK,-1,1,0.16838837,0.83161163,0.83161163,0.0143273681377329
2025-11-21,HDFCBANK,1,1,0.1321938,0.8678062,0.8678062,-0.010705246621725
2025-11-25,HDFCBANK,1,1,0.24189758,0.7581024,0.7581024,-0.0093579906847092
2025-11-26,HDFCBANK,-1,1,0.17934614,0.82065386,0.82065386,0.014245339255392
2025-11-27,HDFCBANK,-1,1,0.24108362,0.7589164,0.7589164,0.0055782203902285
2025-11-28,HDFCBANK,-1,1,0.24166203,0.758338,0.758338,-0.001882144045629
2025-12-01,HDFCBANK,-1,1,0.2769277,0.7230723,0.7230723,-0.0054585154161022
2025-12-03,HDFCBANK,-1,1,0.39601022,0.6039898,0.6039898,0.0108102771660867
2025-12-04,HDFCBANK,-1,1,0.47685903,0.52314097,0.52314097,-0.0032983386236569
2025-12-05,HDFCBANK,-1,-1,0.6802368,0.31976315,0.6802368,0.006117103400788
2025-12-08,HDFCBANK,-1,-1,0.7298611,0.27013892,0.7298611,-0.0001993543401422
2025-12-10,HDFCBANK,1,-1,0.6081811,0.39181885,0.6081811,-0.0073212195082834
2025-12-11,HDFCBANK,-1,-1,0.6305593,0.3694407,0.6305593,0.0106082038083397
2025-12-12,HDFCBANK,-1,-1,0.5423049,0.4576951,0.5423049,0.0011996523259776
2025-12-15,HDFCBANK,-1,-1,0.5791714,0.4208286,0.5791714,-0.0053919365092985
2025-12-17,HDFCBANK,1,1,0.42524272,0.5747573,0.5747573,-0.0103590344155907
2025-12-18,HDFCBANK,1,1,0.40342116,0.59657884,0.59657884,-0.0043699062936674
2025-12-19,HDFCBANK,-1,1,0.48960435,0.51039565,0.51039565,0.005920167113097
2025-12-22,HDFCBANK,-1,1,0.42263144,0.57736856,0.57736856,0.0022323817422944
2025-12-23,HDFCBANK,-1,1,0.39688134,0.60311866,0.60311866,0.0090107960604548
2025-12-24,HDFCBANK,-1,1,0.41825604,0.58174396,0.58174396,0.0006020837204425
2025-12-26,HDFCBANK,-1,1,0.3704946,0.6295054,0.6295054,-0.0051143567575838
2025-12-29,HDFCBANK,-1,1,0.398578,0.601422,0.601422,-0.0004031482600027
2025-12-30,HDFCBANK,-1,1,0.35825974,0.64174026,0.64174026,-0.0008066832541308
2025-12-31,HDFCBANK,-1,1,0.41359252,0.5864075,0.5864075,0.0003027427445529
2026-01-01,HDFCBANK,-1,1,0.4130528,0.5869472,0.5869472,-5.043159034823219e-05
2026-01-02,HDFCBANK,-1,1,0.43742752,0.5625725,0.5625725,0.010543258754448
2026-01-05,HDFCBANK,-1,-1,0.6482624,0.35173765,0.6482624,-0.0240614778088816
2026-01-06,HDFCBANK,-1,-1,0.5940616,0.4059384,0.5940616,-0.015652161425032
2026-01-07,HDFCBANK,-1,-1,0.570089,0.429911,0.570089,-0.0136666225807873
2026-01-08,HDFCBANK,-1,1,0.3839205,0.6160795,0.6160795,-0.0024761346780082
2026-01-09,HDFCBANK,-1,1,0.47265345,0.52734655,0.52734655,-0.0081335292148991
2026-01-12,HDFCBANK,-1,-1,0.5700083,0.4299917,0.5700083,-0.0021831605888911
2026-01-14,HDFCBANK,1,-1,0.6221332,0.3778668,0.6221332,-0.0126953258535773
2026-01-19,HDFCBANK,1,1,0.47099102,0.529009,0.529009,-0.0034367428372675
2026-01-20,HDFCBANK,1,-1,0.5260463,0.4739537,0.5260463,0.0035564044683074
2026-01-21,HDFCBANK,1,-1,0.5221916,0.47780842,0.5221916,-0.0116516714764405
2026-01-22,HDFCBANK,1,1,0.35510385,0.64489615,0.64489615,-0.001792756475987
2026-01-23,HDFCBANK,1,1,0.46627045,0.53372955,0.53372955,-0.0028301258153329
2026-01-27,HDFCBANK,1,1,0.35710573,0.64289427,0.64289427,0.0112433676483147
2026-01-28,HDFCBANK,-1,1,0.4168561,0.5831439,0.5831439,0.0068005047786494
2026-01-29,HDFCBANK,-1,1,0.49103028,0.5089697,0.5089697,0.0030020239694681
2026-01-30,HDFCBANK,-1,-1,0.5940038,0.40599623,0.5940038,-0.0066809192944948
2026-02-03,HDFCBANK,-1,-1,0.5615436,0.4384564,0.5615436,0.0221959241062239
2026-02-04,HDFCBANK,-1,-1,0.59724164,0.4027584,0.59724164,0.004637886921357
2026-02-05,HDFCBANK,-1,-1,0.63651407,0.36348596,0.63651407,-0.003567268351692
2026-02-06,HDFCBANK,-1,-1,0.6811322,0.3188678,0.6811322,-0.0090555296520508
2026-02-09,HDFCBANK,-1,-1,0.7259622,0.27403778,0.7259622,-0.0040909315543659
2026-02-10,HDFCBANK,-1,-1,0.6656172,0.33438274,0.6656172,-0.0051746872082555
2026-02-11,HDFCBANK,-1,-1,0.64383125,0.35616878,0.64383125,-0.0056843079036336
2026-02-12,HDFCBANK,-1,-1,0.5415125,0.45848748,0.5415125,-0.0070111100972599
2026-02-13,HDFCBANK,-1,1,0.48674273,0.51325727,0.51325727,-0.0181402906960169
2026-02-16,HDFCBANK,-1,1,0.4054296,0.5945704,0.5945704,0.0242283026744052
2026-02-17,HDFCBANK,-1,-1,0.59450316,0.40549687,0.59450316,-0.0001079883206477
2026-02-18,HDFCBANK,-1,-1,0.51989126,0.48010874,0.51989126,-0.0010802635700692
2026-02-19,HDFCBANK,-1,1,0.4472829,0.5527171,0.5527171,-0.0098410689963918
2026-02-20,HDFCBANK,-1,1,0.31317562,0.6868244,0.6868244,-0.0040956750764439
2026-02-23,HDFCBANK,-1,-1,0.52280116,0.47719884,0.52280116,0.0128858916648537
2026-02-24,HDFCBANK,-1,1,0.5,0.5,0.5,-0.0141836032180779
2026-02-25,HDFCBANK,-1,1,0.30145878,0.6985412,0.6985412,-0.0031850899660214
2026-02-26,HDFCBANK,-1,1,0.41824365,0.58175635,0.58175635,-0.0099162629375234
2026-02-27,HDFCBANK,-1,1,0.3946575,0.6053425,0.6053425,-0.0120743110179395
2026-03-02,HDFCBANK,-1,1,0.28516984,0.71483016,0.71483016,-0.0094057736817093
2026-03-04,HDFCBANK,-1,1,0.27774715,0.72225285,0.72225285,-0.012224243463221
2026-03-05,HDFCBANK,-1,1,0.38067597,0.619324,0.619324,0.0104759976171944
2026-03-06,HDFCBANK,-1,1,0.36054933,0.63945067,0.63945067,-0.0235830386864497
2026-03-09,HDFCBANK,-1,1,0.34582067,0.65417933,0.65417933,-0.0190770384677807
2026-03-10,HDFCBANK,-1,1,0.48260212,0.5173979,0.5173979,0.0104079931877594
2026-03-11,HDFCBANK,-1,-1,0.5262239,0.47377613,0.5262239,-0.018247100803175
2026-03-12,HDFCBANK,-1,1,0.40916616,0.59083384,0.59083384,-0.0014389498045037
2026-03-13,HDFCBANK,-1,1,0.3625971,0.6374029,0.6374029,-0.0189132392674872
2026-03-16,HDFCBANK,-1,1,0.42576158,0.5742384,0.5742384,0.0288861390280752
2026-03-17,HDFCBANK,-1,1,0.47138715,0.52861285,0.52861285,0.0056507258362563
2026-03-18,HDFCBANK,-1,1,0.405833,0.594167,0.594167,-0.0027207521847676
2026-03-19,HDFCBANK,-1,1,0.3596366,0.6403634,0.6403634,-0.0531996634070902
2026-03-20,HDFCBANK,1,1,0.40018845,0.59981155,0.59981155,-0.0222375341124351
2026-03-23,HDFCBANK,1,1,0.34869105,0.65130895,0.65130895,-0.0465116115384715
2026-03-24,HDFCBANK,1,1,0.36820966,0.63179034,0.63179034,0.0278841622243288
2026-03-25,HDFCBANK,1,1,0.37446797,0.62553203,0.62553203,0.0227480230403118
2026-03-27,HDFCBANK,1,1,0.3023771,0.6976229,0.6976229,-0.0333631292256196
2026-03-30,HDFCBANK,1,1,0.42705178,0.5729482,0.5729482,-0.0325972282678486
2026-04-01,HDFCBANK,1,1,0.3944304,0.6055696,0.6055696,0.0146264949567047
2026-04-02,HDFCBANK,1,-1,0.5723932,0.42760685,0.5723932,0.0116537883651903
2026-04-06,HDFCBANK,1,1,0.30864495,0.69135505,0.69135505,0.0267678451623727
2026-04-07,HDFCBANK,1,1,0.36218548,0.6378145,0.6378145,0.0012970168612191
2026-04-08,HDFCBANK,-1,1,0.3071581,0.6928419,0.6928419,0.0571243207071729
2026-04-09,HDFCBANK,-1,1,0.37053132,0.6294687,0.6294687,-0.0225462123873922
2026-04-10,HDFCBANK,-1,1,0.08435613,0.9156439,0.9156439,0.0157953809616682
2026-04-13,HDFCBANK,-1,1,0.09811103,0.90188897,0.90188897,-0.0192520990015407
2026-04-15,HDFCBANK,-1,1,0.118915915,0.8810841,0.8810841,0.0191267295502084
2026-04-16,HDFCBANK,-1,1,0.13265765,0.86734235,0.86734235,-0.0178417233873839
2025-01-01,HEROMOTOCO,-1,1,0.45735914,0.54264086,0.54264086,0.00570837220661
2025-01-02,HEROMOTOCO,-1,1,0.42420894,0.57579106,0.57579106,0.0303869581709133
2025-01-03,HEROMOTOCO,-1,-1,0.5120919,0.4879081,0.5120919,-0.0158645304026313
2025-01-06,HEROMOTOCO,-1,1,0.45879662,0.5412034,0.5412034,-0.0094978910090469
2025-01-07,HEROMOTOCO,-1,1,0.45055842,0.5494416,0.5494416,-0.0096958873178331
2025-01-08,HEROMOTOCO,-1,1,0.44273007,0.55726993,0.55726993,-0.0057543007126648
2025-01-09,HEROMOTOCO,-1,1,0.43715477,0.56284523,0.56284523,0.0007611529943807
2025-01-10,HEROMOTOCO,-1,1,0.36300218,0.6369978,0.6369978,-0.004599969054185
2025-01-13,HEROMOTOCO,-1,1,0.41771412,0.5822859,0.5822859,-0.0190554124961485
2025-01-14,HEROMOTOCO,-1,1,0.44178867,0.5582113,0.5582113,0.0145907665236522
2025-01-15,HEROMOTOCO,-1,1,0.4050538,0.5949462,0.5949462,0.00225464253777
2025-01-16,HEROMOTOCO,1,1,0.3645866,0.6354134,0.6354134,-0.0091927276776859
2025-01-17,HEROMOTOCO,1,1,0.35391325,0.64608675,0.64608675,0.0058661882255892
2025-01-20,HEROMOTOCO,1,1,0.41115683,0.58884317,0.58884317,-0.0014396813702424
2025-01-21,HEROMOTOCO,1,1,0.47718006,0.52281994,0.52281994,-0.0164463090918481
2025-01-22,HEROMOTOCO,1,1,0.4230383,0.5769617,0.5769617,0.0076774033665796
2025-01-23,HEROMOTOCO,1,1,0.4952773,0.5047227,0.5047227,0.0110092430946604
2025-01-24,HEROMOTOCO,1,1,0.49868274,0.50131726,0.50131726,-0.011816129615422
2025-01-27,HEROMOTOCO,1,1,0.4047587,0.5952413,0.5952413,-0.0088723270469599
2025-01-28,HEROMOTOCO,1,1,0.36663383,0.63336617,0.63336617,0.0025896039201673
2025-01-30,HEROMOTOCO,-1,1,0.41285294,0.58714706,0.58714706,0.0258690072498015
2025-01-31,HEROMOTOCO,-1,1,0.48652643,0.5134736,0.5134736,0.0386207819206976
2025-02-01,HEROMOTOCO,-1,1,0.44766062,0.5523394,0.5523394,0.0145190291789258
2025-02-03,HEROMOTOCO,-1,1,0.42570567,0.5742943,0.5742943,-0.0262371822637584
2025-02-04,HEROMOTOCO,-1,1,0.46017653,0.5398235,0.5398235,-0.0115591412142527
2025-02-05,HEROMOTOCO,-1,1,0.4081577,0.5918423,0.5918423,0.0078590708546257
2025-02-06,HEROMOTOCO,-1,1,0.48557812,0.5144219,0.5144219,-0.0094487575784445
2025-02-07,HEROMOTOCO,-1,1,0.45883077,0.5411692,0.5411692,0.0105436584609002
2025-02-10,HEROMOTOCO,-1,1,0.47729707,0.52270293,0.52270293,-0.0182938474428349
2025-02-11,HEROMOTOCO,-1,1,0.38066518,0.6193348,0.6193348,-0.0264271913390421
2025-02-12,HEROMOTOCO,-1,1,0.4575594,0.5424406,0.5424406,0.0075774452202972
2025-02-13,HEROMOTOCO,-1,1,0.47584254,0.52415746,0.52415746,-0.0147419954183133
2025-02-14,HEROMOTOCO,-1,-1,0.58236265,0.41763735,0.58236265,-0.0237959871399966
2025-02-17,HEROMOTOCO,-1,-1,0.60125244,0.39874753,0.60125244,0.0036376543540186
2025-02-18,HEROMOTOCO,-1,-1,0.56660885,0.43339115,0.56660885,-0.0092739184828014
2025-02-19,HEROMOTOCO,-1,-1,0.6710329,0.32896712,0.6710329,0.0100638166938133
2025-02-20,HEROMOTOCO,-1,-1,0.597116,0.402884,0.597116,0.0077207364859754
2025-02-21,HEROMOTOCO,-1,-1,0.60818803,0.39181197,0.60818803,-0.0144534445874591
2025-02-24,HEROMOTOCO,-1,-1,0.61851346,0.38148654,0.61851346,0.008370940480803
2025-02-25,HEROMOTOCO,-1,-1,0.643345,0.356655,0.643345,-0.0145693561264619
2025-02-27,HEROMOTOCO,-1,-1,0.5949068,0.4050932,0.5949068,-0.0179455457388535
2025-02-28,HEROMOTOCO,-1,-1,0.60512257,0.39487746,0.60512257,-0.0208668703310165
2025-03-03,HEROMOTOCO,-1,1,0.4675327,0.5324673,0.5324673,-0.0136780162119888
2025-03-10,HEROMOTOCO,1,-1,0.6856545,0.31434545,0.6856545,-0.0190691437700989
2025-03-12,HEROMOTOCO,1,-1,0.7039762,0.2960238,0.7039762,-0.0110665311712104
2025-03-13,HEROMOTOCO,1,-1,0.6207183,0.3792817,0.6207183,-0.0224638115268429
2025-03-17,HEROMOTOCO,1,1,0.2893641,0.7106359,0.7106359,-0.0102149060737668
2025-03-18,HEROMOTOCO,1,1,0.35498577,0.6450142,0.6450142,0.0
2025-03-19,HEROMOTOCO,1,1,0.32315594,0.67684406,0.67684406,0.012567681940071
2025-03-20,HEROMOTOCO,1,1,0.2957074,0.7042926,0.7042926,0.0170058446764327
2025-03-21,HEROMOTOCO,-1,1,0.2854846,0.7145154,0.7145154,0.0088542803672357
2025-03-24,HEROMOTOCO,-1,1,0.27907538,0.7209246,0.7209246,-0.0007301392312226
2025-03-28,HEROMOTOCO,1,1,0.24683708,0.7531629,0.7531629,-0.0130168534328467
2025-04-02,HEROMOTOCO,1,1,0.28847986,0.71152014,0.71152014,0.0058213095646257
2025-04-03,HEROMOTOCO,1,1,0.24525648,0.7547435,0.7547435,-0.0080867868273313
2025-04-04,HEROMOTOCO,1,1,0.31943667,0.68056333,0.68056333,-0.0250842602159032
2025-04-07,HEROMOTOCO,1,1,0.22726148,0.7727385,0.7727385,-0.0361554647074708
2025-04-08,HEROMOTOCO,1,1,0.24174023,0.7582598,0.7582598,0.0133970269042342
2025-04-09,HEROMOTOCO,1,1,0.46392822,0.5360718,0.5360718,0.0102821123198297
2025-04-11,HEROMOTOCO,1,1,0.41578734,0.58421266,0.58421266,0.0152594823619502
2025-04-16,HEROMOTOCO,-1,1,0.48171812,0.5182819,0.5182819,-0.0057835673304731
2025-04-21,HEROMOTOCO,-1,-1,0.5253904,0.47460964,0.5253904,0.0384962172919243
2025-04-23,HEROMOTOCO,-1,-1,0.5126188,0.48738125,0.5126188,0.0278849854169855
2025-04-24,HEROMOTOCO,-1,1,0.45428193,0.5457181,0.5457181,0.0035528609411126
2025-04-25,HEROMOTOCO,1,1,0.37044215,0.62955785,0.62955785,-0.0149197267548263
2025-04-28,HEROMOTOCO,1,1,0.39017624,0.60982376,0.60982376,0.0041587053491944
2025-04-29,HEROMOTOCO,1,-1,0.5001099,0.49989012,0.5001099,-0.0150830353670483
2025-04-30,HEROMOTOCO,1,1,0.37228423,0.62771577,0.62771577,-0.006566794656194
2025-05-02,HEROMOTOCO,1,1,0.32757092,0.6724291,0.6724291,-0.0235146634099648
2025-05-05,HEROMOTOCO,1,1,0.3172611,0.6827389,0.6827389,0.0080804924593247
2025-05-06,HEROMOTOCO,1,1,0.3701157,0.6298843,0.6298843,0.0278692298752425
2025-05-07,HEROMOTOCO,1,1,0.28110617,0.7188938,0.7188938,-0.0011878272176586
2025-05-08,HEROMOTOCO,1,1,0.23034304,0.76965696,0.76965696,-0.0174509154422785
2025-05-09,HEROMOTOCO,1,1,0.2778356,0.7221644,0.7221644,0.0140507934431182
2025-05-12,HEROMOTOCO,1,1,0.31232947,0.6876705,0.6876705,0.0339915084986146
2025-05-13,HEROMOTOCO,1,1,0.3040579,0.6959421,0.6959421,0.019749600706586
2025-05-14,HEROMOTOCO,1,1,0.33041638,0.6695836,0.6695836,0.0008858370712647
2025-05-19,HEROMOTOCO,-1,1,0.29636765,0.70363235,0.70363235,0.0097576360252675
2025-05-21,HEROMOTOCO,-1,1,0.23126513,0.7687349,0.7687349,0.0052337470714973
2025-05-22,HEROMOTOCO,-1,1,0.24640512,0.7535949,0.7535949,0.0029315955507442
2025-05-28,HEROMOTOCO,1,1,0.26776558,0.7322344,0.7322344,0.0055322337590661
2025-06-02,HEROMOTOCO,1,1,0.40210217,0.5978978,0.5978978,-0.0178683352863651
2025-06-03,HEROMOTOCO,1,1,0.36086,0.63914,0.63914,-0.0055997392360236
2025-06-04,HEROMOTOCO,1,1,0.25957388,0.7404261,0.7404261,-0.0019008847942424
2025-06-05,HEROMOTOCO,1,1,0.30629098,0.693709,0.693709,-0.0051659165356064
2025-06-06,HEROMOTOCO,1,1,0.4523071,0.5476929,0.5476929,0.0213214093446498
2025-06-09,HEROMOTOCO,-1,1,0.31107563,0.6889244,0.6889244,0.0190721377289564
2025-06-10,HEROMOTOCO,-1,1,0.34216726,0.65783274,0.65783274,0.0068055268648452
2025-06-11,HEROMOTOCO,-1,1,0.41304708,0.5869529,0.5869529,0.007147837369823
2025-06-12,HEROMOTOCO,-1,1,0.48247707,0.51752293,0.51752293,-0.0107703813138925
2025-06-16,HEROMOTOCO,-1,1,0.28807825,0.71192175,0.71192175,0.0070838644997679
2025-06-17,HEROMOTOCO,-1,1,0.35299957,0.64700043,0.64700043,0.0014892895730973
2025-06-18,HEROMOTOCO,-1,1,0.35249525,0.64750475,0.64750475,-0.0029970403013133
2025-06-19,HEROMOTOCO,-1,1,0.4007311,0.5992689,0.5992689,0.0060580177767872
2025-06-23,HEROMOTOCO,1,-1,0.50542736,0.4945726,0.50542736,-0.0196841158262159
2025-06-25,HEROMOTOCO,1,-1,0.5293536,0.47064638,0.5293536,0.001933481365991
2025-06-26,HEROMOTOCO,1,-1,0.5018914,0.49810866,0.5018914,-0.0053012908318299
2025-06-27,HEROMOTOCO,-1,-1,0.5080904,0.49190965,0.5080904,0.0098877522538554
2025-07-01,HEROMOTOCO,1,1,0.44064277,0.5593572,0.5593572,-0.0026197125197654
2025-07-02,HEROMOTOCO,1,1,0.48406875,0.51593125,0.51593125,0.0041884276473411
2025-07-03,HEROMOTOCO,1,1,0.45905668,0.5409433,0.5409433,0.0157644406355788
2025-07-04,HEROMOTOCO,1,1,0.36356783,0.6364322,0.6364322,0.0079803384155847
2025-07-07,HEROMOTOCO,1,1,0.41349363,0.58650637,0.58650637,-0.0087456816169027
2025-07-08,HEROMOTOCO,1,1,0.43177587,0.56822413,0.56822413,-0.0015324027925609
2025-07-09,HEROMOTOCO,1,1,0.48886162,0.5111384,0.5111384,0.0076039743106912
2025-07-10,HEROMOTOCO,1,1,0.4477415,0.5522585,0.5522585,-0.00272330786277
2025-07-11,HEROMOTOCO,1,1,0.38642633,0.6135737,0.6135737,-0.0237426963225458
2025-07-14,HEROMOTOCO,1,1,0.33446956,0.66553044,0.66553044,0.0078222641300604
2025-07-15,HEROMOTOCO,-1,1,0.39076722,0.6092328,0.6092328,0.0475808619714654
2025-07-16,HEROMOTOCO,-1,1,0.30296934,0.69703066,0.69703066,-0.0066232386068848
2025-07-17,HEROMOTOCO,-1,1,0.29211968,0.7078803,0.7078803,0.0043169400092899
2025-07-21,HEROMOTOCO,1,1,0.35108846,0.64891154,0.64891154,0.0026155288650624
2025-07-22,HEROMOTOCO,1,1,0.39676094,0.60323906,0.60323906,-0.0149268359897073
2025-07-23,HEROMOTOCO,1,1,0.4655741,0.5344259,0.5344259,0.004905234550437
2025-07-24,HEROMOTOCO,1,1,0.42981106,0.57018894,0.57018894,0.0007443759835217
2025-07-25,HEROMOTOCO,1,1,0.4474485,0.5525515,0.5525515,-0.0165507404723225
2025-07-28,HEROMOTOCO,1,1,0.21872425,0.78127575,0.78127575,0.0142765701591514
2025-07-29,HEROMOTOCO,1,1,0.21724927,0.7827507,0.7827507,0.007946725777753
2025-07-30,HEROMOTOCO,1,1,0.22648555,0.77351445,0.77351445,-0.0170860717699031
2025-07-31,HEROMOTOCO,1,1,0.29361326,0.70638674,0.70638674,0.0022111891745872
2025-08-01,HEROMOTOCO,1,1,0.26891208,0.7310879,0.7310879,0.0119463704356248
2025-08-04,HEROMOTOCO,1,1,0.2541768,0.7458232,0.7458232,0.0520224653589775
2025-08-05,HEROMOTOCO,1,1,0.28382754,0.71617246,0.71617246,0.0024030064358562
2025-08-06,HEROMOTOCO,1,1,0.2843138,0.7156862,0.7156862,-0.0158133266329567
2025-08-07,HEROMOTOCO,1,1,0.18116301,0.818837,0.818837,0.0415205544231698
2025-08-08,HEROMOTOCO,1,1,0.25379235,0.74620765,0.74620765,-0.0130667442232801
2025-08-11,HEROMOTOCO,1,1,0.22848547,0.77151453,0.77151453,-0.0081742076325792
2025-08-12,HEROMOTOCO,1,1,0.20012754,0.79987246,0.79987246,0.0181929636502984
2025-08-13,HEROMOTOCO,1,1,0.18959916,0.81040084,0.81040084,0.026586547951741
2025-08-14,HEROMOTOCO,1,1,0.17181331,0.8281867,0.8281867,-0.0127078666722062
2025-08-18,HEROMOTOCO,1,1,0.18770945,0.81229055,0.81229055,0.0586011058336564
2025-08-19,HEROMOTOCO,1,1,0.12728345,0.87271655,0.87271655,0.026926167804059
2025-08-20,HEROMOTOCO,1,1,0.21274185,0.78725815,0.78725815,0.0034778400277231
2025-08-21,HEROMOTOCO,1,1,0.1973176,0.8026824,0.8026824,-0.0075739813812106
2025-08-22,HEROMOTOCO,1,1,0.24338788,0.7566121,0.7566121,-0.0194621049149632
2025-08-25,HEROMOTOCO,1,1,0.19860941,0.8013906,0.8013906,0.0131855512024148
2025-08-26,HEROMOTOCO,1,1,0.17378461,0.8262154,0.8262154,0.0018958183663462
2025-08-28,HEROMOTOCO,1,1,0.15291363,0.84708637,0.84708637,0.0036070623537469
2025-08-29,HEROMOTOCO,1,1,0.14150465,0.85849535,0.85849535,-0.0007855551704635
2025-09-09,HEROMOTOCO,-1,1,0.31675482,0.6832452,0.6832452,-0.0035826313578147
2025-09-10,HEROMOTOCO,-1,1,0.35785294,0.64214706,0.64214706,-0.0134598822630885
2025-09-11,HEROMOTOCO,1,1,0.33821553,0.66178447,0.66178447,-0.0090645760213405
2025-09-16,HEROMOTOCO,1,-1,0.6813871,0.31861287,0.6813871,0.0052000348275447
2025-09-17,HEROMOTOCO,1,-1,0.6856041,0.31439593,0.6856041,0.0063957185580436
2025-09-18,HEROMOTOCO,1,-1,0.77454233,0.22545764,0.77454233,0.0037383276703706
2025-09-19,HEROMOTOCO,1,-1,0.7310781,0.2689219,0.7310781,0.007076340978481
2025-09-22,HEROMOTOCO,1,-1,0.82035464,0.17964536,0.82035464,0.0039755769419114
2025-09-23,HEROMOTOCO,1,-1,0.67546797,0.32453206,0.67546797,-0.0108664858290374
2025-09-24,HEROMOTOCO,1,-1,0.7927368,0.20726317,0.7927368,-0.0174099256235875
2025-09-25,HEROMOTOCO,1,-1,0.78317887,0.21682112,0.78317887,0.0146863303220152
2025-09-26,HEROMOTOCO,1,-1,0.7610673,0.23893276,0.7610673,-0.0049490724510031
2025-09-29,HEROMOTOCO,1,-1,0.71153164,0.28846833,0.71153164,-0.0051614832116788
2025-09-30,HEROMOTOCO,1,-1,0.753391,0.24660899,0.753391,0.0324498367327734
2025-10-01,HEROMOTOCO,1,-1,0.7254565,0.27454352,0.7254565,-0.0073092926730694
2025-10-03,HEROMOTOCO,1,-1,0.59218657,0.40781343,0.59218657,0.0217211523562297
2025-10-06,HEROMOTOCO,1,-1,0.63166314,0.36833686,0.63166314,0.0055850655236686
2025-10-08,HEROMOTOCO,1,-1,0.7836396,0.2163604,0.7836396,-0.0182546233872412
2025-10-10,HEROMOTOCO,1,-1,0.74480224,0.2551978,0.74480224,-0.0021770558936026
2025-10-13,HEROMOTOCO,1,-1,0.7962687,0.20373128,0.7962687,0.010727287307422
2025-10-16,HEROMOTOCO,-1,-1,0.82654685,0.17345315,0.82654685,0.0075846068735483
2025-10-17,HEROMOTOCO,-1,-1,0.80613524,0.19386475,0.80613524,0.0023299595685324
2025-10-20,HEROMOTOCO,-1,-1,0.78321266,0.21678732,0.78321266,0.0086723318531263
2025-10-21,HEROMOTOCO,-1,-1,0.81113553,0.18886444,0.81113553,0.0009750356802697
2025-10-23,HEROMOTOCO,-1,-1,0.61131865,0.38868135,0.61131865,-0.0102718501073177
2025-10-24,HEROMOTOCO,-1,-1,0.6260191,0.37398088,0.6260191,-0.0085891070081145
2025-10-27,HEROMOTOCO,-1,-1,0.57138455,0.42861545,0.57138455,0.0191318889013876
2025-10-28,HEROMOTOCO,-1,1,0.48195404,0.51804596,0.51804596,-0.0065527973254204
2025-10-29,HEROMOTOCO,-1,-1,0.57136,0.42864004,0.57136,-0.0103396034330397
2025-10-31,HEROMOTOCO,1,1,0.47089905,0.52910095,0.52910095,0.0052583411944584
2025-11-03,HEROMOTOCO,1,1,0.46529162,0.5347084,0.5347084,-0.0009018558350584
2025-11-04,HEROMOTOCO,1,-1,0.5624024,0.43759757,0.5624024,-0.0415237147221562
2025-11-06,HEROMOTOCO,1,-1,0.659346,0.34065402,0.659346,0.0032020757327009
2025-11-07,HEROMOTOCO,1,-1,0.6754814,0.32451862,0.6754814,-0.0056327130853069
2025-11-10,HEROMOTOCO,1,-1,0.7325792,0.26742083,0.7325792,0.0119901207293049
2025-11-11,HEROMOTOCO,1,-1,0.6379738,0.3620262,0.6379738,0.0108219058863019
2025-11-12,HEROMOTOCO,1,-1,0.629662,0.37033802,0.629662,0.0215044387000689
2025-11-13,HEROMOTOCO,1,-1,0.52257246,0.47742754,0.52257246,-0.0046079197822926
2025-11-14,HEROMOTOCO,1,1,0.49096632,0.5090337,0.5090337,0.005446188278197
2025-11-17,HEROMOTOCO,1,1,0.3599069,0.6400931,0.6400931,0.0469440598843051
2025-11-18,HEROMOTOCO,1,1,0.43207735,0.56792265,0.56792265,0.0001724717267415
2025-11-19,HEROMOTOCO,1,1,0.22769636,0.77230364,0.77230364,0.0132770028570092
2025-11-20,HEROMOTOCO,1,1,0.16937667,0.8306233,0.8306233,0.0209308345904304
2025-11-21,HEROMOTOCO,1,1,0.1291663,0.8708337,0.8708337,0.0004999973448531
2025-11-24,HEROMOTOCO,1,1,0.23592347,0.76407653,0.76407653,-0.0034152175012792
2025-11-25,HEROMOTOCO,-1,1,0.23010361,0.7698964,0.7698964,0.0166332290608175
2025-11-26,HEROMOTOCO,-1,1,0.18895471,0.8110453,0.8110453,0.0090438657817533
2025-11-27,HEROMOTOCO,-1,1,0.21414572,0.7858543,0.7858543,0.0023628902281411
2025-11-28,HEROMOTOCO,-1,1,0.23360366,0.76639634,0.76639634,0.0038205290147521
2025-12-01,HEROMOTOCO,-1,1,0.33005995,0.66994005,0.66994005,0.0195967110225634
2025-12-02,HEROMOTOCO,-1,-1,0.5984541,0.4015459,0.5984541,-0.0039710811104446
2025-12-03,HEROMOTOCO,-1,1,0.4456781,0.5543219,0.5543219,-0.0094091507130454
2025-12-04,HEROMOTOCO,-1,-1,0.55643773,0.44356224,0.55643773,0.0206874709036484
2025-12-05,HEROMOTOCO,-1,-1,0.507745,0.49225494,0.507745,0.0016560830824188
2025-12-08,HEROMOTOCO,-1,-1,0.6439896,0.35601038,0.6439896,-0.0288953629833831
2025-12-09,HEROMOTOCO,-1,-1,0.6780388,0.32196122,0.6780388,-0.0269174467219516
2025-12-10,HEROMOTOCO,-1,-1,0.644639,0.35536098,0.644639,-0.0092484685083306
2025-12-11,HEROMOTOCO,-1,-1,0.6764438,0.32355618,0.6764438,0.0057186342527277
2025-12-12,HEROMOTOCO,-1,-1,0.73770607,0.26229393,0.73770607,-0.0032611029391135
2025-12-15,HEROMOTOCO,-1,-1,0.6717951,0.3282049,0.6717951,-8.394086053165051e-05
2025-12-16,HEROMOTOCO,-1,-1,0.67324746,0.3267525,0.67324746,-0.0021813926331326
2025-12-18,HEROMOTOCO,1,-1,0.6224842,0.3775158,0.6224842,-0.0117758408961572
2025-12-19,HEROMOTOCO,1,-1,0.61231697,0.38768303,0.61231697,0.0056536094529853
2025-12-22,HEROMOTOCO,1,-1,0.5045314,0.4954686,0.5045314,-0.0140978345977497
2025-12-23,HEROMOTOCO,1,-1,0.5607005,0.43929952,0.5607005,0.0078076505420234
2025-12-24,HEROMOTOCO,1,-1,0.57262325,0.42737678,0.57262325,-0.0079212715633266
2025-12-26,HEROMOTOCO,1,-1,0.52171874,0.4782813,0.52171874,-0.0107923177678218
2025-12-29,HEROMOTOCO,1,-1,0.5762516,0.42374834,0.5762516,-0.0125953539862474
2025-12-31,HEROMOTOCO,-1,-1,0.57802033,0.42197967,0.57802033,0.0105060687668054
2026-01-01,HEROMOTOCO,-1,-1,0.57754475,0.42245525,0.57754475,0.0122162058745058
2026-01-02,HEROMOTOCO,-1,1,0.4893517,0.5106483,0.5106483,0.0156638459075018
2026-01-05,HEROMOTOCO,-1,-1,0.58244795,0.41755205,0.58244795,0.0088487823443199
2026-01-06,HEROMOTOCO,-1,-1,0.53109765,0.46890232,0.53109765,0.0024225004449456
2026-01-07,HEROMOTOCO,-1,-1,0.56721646,0.43278354,0.56721646,-0.0031666626289671
2026-01-08,HEROMOTOCO,-1,1,0.46453768,0.5354623,0.5354623,-0.021902637558365
2026-01-09,HEROMOTOCO,-1,1,0.4665876,0.5334124,0.5334124,-0.0131623890313452
2026-01-12,HEROMOTOCO,-1,1,0.41105813,0.5889419,0.5889419,-0.008054799401331
2026-01-13,HEROMOTOCO,-1,-1,0.53077793,0.4692221,0.53077793,0.0013970349755978
2026-01-14,HEROMOTOCO,-1,-1,0.57559395,0.42440605,0.57559395,-0.0101142215262176
2026-01-15,HEROMOTOCO,-1,-1,0.51747614,0.48252386,0.51747614,0.0
2026-01-20,HEROMOTOCO,1,1,0.47282726,0.52717274,0.52717274,-0.031583535821799
2026-01-21,HEROMOTOCO,1,1,0.4175812,0.5824188,0.5824188,-0.0075261646416644
2026-01-22,HEROMOTOCO,1,1,0.33482945,0.66517055,0.66517055,-0.0090277833328404
2026-01-23,HEROMOTOCO,1,1,0.44096178,0.5590382,0.5590382,-0.0190397861547693
2026-01-27,HEROMOTOCO,1,1,0.26463795,0.73536205,0.73536205,-0.000742907017813
2026-01-28,HEROMOTOCO,1,1,0.32264405,0.67735595,0.67735595,0.024628258764562
2026-01-29,HEROMOTOCO,1,1,0.43438315,0.56561685,0.56561685,0.0122448957476672
2026-01-30,HEROMOTOCO,1,1,0.48596227,0.5140377,0.5140377,-0.0082437400049993
2026-02-03,HEROMOTOCO,-1,-1,0.5291084,0.4708916,0.5291084,0.024897718023459
2026-02-04,HEROMOTOCO,-1,-1,0.5840366,0.41596338,0.5840366,0.0153566062006542
2026-02-05,HEROMOTOCO,-1,-1,0.50857794,0.49142206,0.50857794,-0.0146116188725328
2026-02-06,HEROMOTOCO,-1,-1,0.6451054,0.35489458,0.6451054,-0.0021679186884157
2026-02-09,HEROMOTOCO,-1,-1,0.6938559,0.30614412,0.6938559,0.0005214620525826
2026-02-10,HEROMOTOCO,-1,-1,0.68784255,0.31215745,0.68784255,-0.0005211902716337
2026-02-11,HEROMOTOCO,1,-1,0.69834286,0.30165714,0.69834286,0.0069106051209355
2026-02-12,HEROMOTOCO,1,-1,0.6001585,0.3998415,0.6001585,0.0088869335679717
2026-02-13,HEROMOTOCO,1,-1,0.6099423,0.39005765,0.6099423,-0.0259898831327403
2026-02-16,HEROMOTOCO,1,1,0.43679267,0.5632073,0.5632073,-0.0164756446991404
2026-02-17,HEROMOTOCO,-1,-1,0.62174153,0.37825844,0.62174153,0.0154770575382374
2026-02-19,HEROMOTOCO,1,1,0.45688546,0.54311454,0.54311454,-0.0317417739628039
2026-02-23,HEROMOTOCO,1,-1,0.5323609,0.46763912,0.5323609,0.0043000914913082
2026-02-24,HEROMOTOCO,1,1,0.4890821,0.5109179,0.5109179,0.0040994807324405
2026-02-25,HEROMOTOCO,-1,1,0.45671833,0.5432817,0.5432817,0.0410996189439303
2026-02-26,HEROMOTOCO,-1,1,0.46680123,0.5331988,0.5331988,0.008627450980392
2026-02-27,HEROMOTOCO,-1,-1,0.58892286,0.41107714,0.58892286,-0.0133056851563849
2026-03-02,HEROMOTOCO,-1,-1,0.5168455,0.48315448,0.5168455,-0.0207530647985989
2026-03-04,HEROMOTOCO,-1,-1,0.50310886,0.49689117,0.50310886,-0.0163641241169631
2026-03-05,HEROMOTOCO,-1,-1,0.597695,0.402305,0.597695,0.0160909090909091
2026-03-06,HEROMOTOCO,-1,-1,0.65062886,0.34937114,0.65062886,-0.0135993558199875
2026-03-09,HEROMOTOCO,-1,-1,0.5203142,0.47968575,0.5203142,-0.0058956916099772
2026-03-10,HEROMOTOCO,-1,-1,0.59778637,0.40221363,0.59778637,0.0422445255474452
2026-03-11,HEROMOTOCO,-1,1,0.4718179,0.5281821,0.5281821,-0.0238991508360325
2026-03-12,HEROMOTOCO,-1,1,0.33797902,0.662021,0.662021,-0.0323766816143498
2026-03-13,HEROMOTOCO,-1,1,0.365561,0.634439,0.634439,-0.0349429974974511
2026-03-16,HEROMOTOCO,-1,1,0.3490584,0.6509416,0.6509416,0.0139262389550518
2026-03-17,HEROMOTOCO,-1,1,0.45971859,0.5402814,0.5402814,0.0144927536231884
2026-03-18,HEROMOTOCO,-1,1,0.47834253,0.52165747,0.52165747,0.0132586367880485
2026-03-19,HEROMOTOCO,-1,1,0.38633752,0.6136625,0.6136625,-0.0467194987099152
2026-03-23,HEROMOTOCO,1,1,0.305678,0.694322,0.694322,-0.0399014311439673
2026-03-24,HEROMOTOCO,1,1,0.2677973,0.7322027,0.7322027,0.0371174728529122
2026-03-27,HEROMOTOCO,1,1,0.26659948,0.7334005,0.7334005,-0.0276963796200019
2026-03-30,HEROMOTOCO,1,1,0.4866532,0.5133468,0.5133468,-0.0155551234687925
2026-04-01,HEROMOTOCO,1,1,0.39280176,0.60719824,0.60719824,0.0116531700572783
2026-04-02,HEROMOTOCO,1,-1,0.58266866,0.41733134,0.58266866,-0.0215736040609136
2026-04-06,HEROMOTOCO,1,1,0.46214634,0.53785366,0.53785366,0.0183577771126408
2026-04-07,HEROMOTOCO,1,1,0.4812215,0.5187785,0.5187785,-0.0102870579014401
2026-04-08,HEROMOTOCO,-1,-1,0.554122,0.44587806,0.554122,0.0468224114036823
2026-04-09,HEROMOTOCO,-1,-1,0.5845193,0.41548067,0.5845193,-0.0006619385342789
2026-04-10,HEROMOTOCO,-1,1,0.32760525,0.67239475,0.67239475,0.0345382286146858
2026-04-13,HEROMOTOCO,-1,1,0.15328395,0.84671605,0.84671605,-0.0401536632214396
2026-04-15,HEROMOTOCO,-1,1,0.19015521,0.8098448,0.8098448,0.0077186963979416
2025-01-02,HINDALCO,1,-1,0.66605806,0.33394197,0.66605806,0.0102032658704478
2025-01-03,HINDALCO,1,-1,0.66373944,0.33626053,0.66373944,-0.0131051676411015
2025-01-06,HINDALCO,1,-1,0.7540323,0.24596769,0.7540323,-0.0288421366399265
2025-01-07,HINDALCO,1,-1,0.7566568,0.24334316,0.7566568,0.0181152990759807
2025-01-08,HINDALCO,1,-1,0.71988815,0.28011185,0.71988815,0.0036784467424655
2025-01-09,HINDALCO,1,-1,0.6500952,0.34990475,0.6500952,0.0044319146483331
2025-01-10,HINDALCO,1,-1,0.59479743,0.40520257,0.59479743,-0.02511668420286
2025-01-13,HINDALCO,1,-1,0.65689963,0.34310037,0.65689963,-0.0186265622207214
2025-01-14,HINDALCO,-1,-1,0.5703795,0.42962047,0.5703795,0.0481597323746785
2025-01-15,HINDALCO,-1,1,0.46250832,0.5374917,0.5374917,0.0010999055752238
2025-01-16,HINDALCO,-1,1,0.463004,0.536996,0.536996,0.0186797217368457
2025-01-17,HINDALCO,-1,1,0.3878106,0.6121894,0.6121894,0.0238965522413201
2025-01-20,HINDALCO,-1,1,0.38477743,0.6152226,0.6152226,0.0018639140461094
2025-01-21,HINDALCO,-1,-1,0.5564249,0.44357508,0.5564249,-0.0051768249556223
2025-01-22,HINDALCO,-1,1,0.45365173,0.5463483,0.5463483,-0.0024392143524224
2025-01-23,HINDALCO,-1,1,0.44502634,0.55497366,0.55497366,-0.0084765926534994
2025-01-24,HINDALCO,-1,1,0.466227,0.533773,0.533773,-0.0022194440564041
2025-01-27,HINDALCO,1,1,0.43378466,0.56621534,0.56621534,-0.0329544108784253
2025-01-28,HINDALCO,1,1,0.4225896,0.5774104,0.5774104,-0.0222355125822275
2025-01-29,HINDALCO,1,1,0.49083674,0.50916326,0.50916326,0.0178617671313614
2025-01-30,HINDALCO,1,1,0.46378434,0.53621566,0.53621566,0.0064201644087549
2025-01-31,HINDALCO,1,1,0.470757,0.529243,0.529243,0.0109721387978121
2025-02-01,HINDALCO,1,1,0.40865195,0.59134805,0.59134805,-0.0132087070267254
2025-02-03,HINDALCO,1,1,0.4152959,0.5847041,0.5847041,-0.0211442177117512
2025-02-04,HINDALCO,1,1,0.48879552,0.5112045,0.5112045,0.0172459108958948
2025-02-05,HINDALCO,1,-1,0.54396063,0.45603937,0.54396063,0.0285126479489692
2025-02-06,HINDALCO,1,-1,0.5621308,0.43786916,0.5621308,-0.0085747260198808
2025-02-07,HINDALCO,1,-1,0.54792833,0.4520717,0.54792833,0.0200689139684344
2025-02-10,HINDALCO,1,-1,0.58747697,0.412523,0.58747697,-0.01876853706573
2025-02-11,HINDALCO,1,1,0.4957081,0.5042919,0.5042919,-0.0002517079259627
2025-02-12,HINDALCO,1,-1,0.5438166,0.45618337,0.5438166,0.0051187994223707
2025-02-13,HINDALCO,1,-1,0.6150789,0.38492107,0.6150789,0.0060109170128599
2025-02-14,HINDALCO,1,-1,0.6073648,0.3926352,0.6073648,0.0061411327828628
2025-02-17,HINDALCO,1,-1,0.510218,0.489782,0.510218,0.0076706382309761
2025-02-18,HINDALCO,1,1,0.48373532,0.5162647,0.5162647,0.0009823553479233
2025-02-19,HINDALCO,1,-1,0.5428611,0.45713887,0.5428611,0.0242865179865592
2025-02-20,HINDALCO,1,-1,0.59272647,0.40727353,0.59272647,0.0199584826962804
2025-02-21,HINDALCO,1,-1,0.6277135,0.3722865,0.6277135,0.0230901052512029
2025-02-24,HINDALCO,1,-1,0.66484135,0.33515865,0.66484135,-0.0178256260295928
2025-02-25,HINDALCO,1,1,0.33109683,0.6689032,0.6689032,-0.0349742910326746
2025-02-27,HINDALCO,1,1,0.47957647,0.52042353,0.52042353,0.0201791868197331
2025-02-28,HINDALCO,1,-1,0.5068366,0.4931634,0.5068366,0.0037976387975979
2025-03-03,HINDALCO,1,1,0.4143353,0.5856647,0.5856647,0.0034681763825941
2025-03-04,HINDALCO,1,-1,0.5312839,0.46871608,0.5312839,0.008012027845397
2025-03-05,HINDALCO,1,-1,0.56649363,0.43350634,0.56649363,0.0244680565643247
2025-03-06,HINDALCO,1,1,0.47288603,0.527114,0.527114,0.0374230647100555
2025-03-07,HINDALCO,1,-1,0.6763819,0.3236181,0.6763819,0.0137839658527507
2025-03-17,HINDALCO,-1,1,0.45602506,0.54397494,0.54397494,0.0050196475254538
2025-03-18,HINDALCO,-1,-1,0.5469966,0.45300338,0.5469966,0.0
2025-03-19,HINDALCO,-1,-1,0.5826273,0.41737267,0.5826273,0.026147625451468
2025-03-20,HINDALCO,-1,1,0.4571421,0.5428579,0.5428579,0.010593376602596
2025-03-21,HINDALCO,-1,-1,0.5317061,0.46829388,0.5317061,-0.0150152224148218
2025-03-24,HINDALCO,-1,1,0.41704583,0.58295417,0.58295417,0.0088444628161286
2025-03-25,HINDALCO,-1,1,0.48683518,0.5131648,0.5131648,-0.0114754082555873
2025-03-26,HINDALCO,-1,1,0.38769197,0.612308,0.612308,-0.0031004261811481
2025-03-27,HINDALCO,-1,1,0.37894523,0.62105477,0.62105477,0.0029653667891549
2025-03-28,HINDALCO,-1,1,0.44456142,0.5554386,0.5554386,-0.0157207342815934
2025-04-01,HINDALCO,-1,1,0.4891941,0.5108059,0.5108059,-0.0274012465022081
2025-04-02,HINDALCO,-1,-1,0.5068948,0.49310514,0.5068948,-0.0038418038276315
2025-04-03,HINDALCO,-1,1,0.35339123,0.64660877,0.64660877,-0.0129309988111659
2025-04-04,HINDALCO,1,1,0.42737836,0.57262164,0.57262164,-0.0807477259906858
2025-04-07,HINDALCO,1,1,0.33835697,0.661643,0.661643,-0.0635887133261959
2025-04-08,HINDALCO,1,1,0.39075404,0.60924596,0.60924596,0.0116589608932224
2025-04-09,HINDALCO,1,-1,0.70974886,0.2902511,0.70974886,-0.0076536757948757
2025-04-11,HINDALCO,1,-1,0.5513792,0.4486208,0.5513792,0.0643616520285383
2025-04-16,HINDALCO,1,-1,0.759545,0.24045496,0.759545,-0.0124674816318257
2025-04-17,HINDALCO,1,1,0.49401224,0.50598776,0.50598776,-0.0006559571687287
2025-04-22,HINDALCO,1,1,0.352831,0.647169,0.647169,-0.0030546651922666
2025-04-25,HINDALCO,1,1,0.4708464,0.5291536,0.5291536,-0.0099466356840912
2025-04-29,HINDALCO,1,-1,0.6913761,0.30862394,0.6913761,-0.0097033511990139
2025-04-30,HINDALCO,1,1,0.42224562,0.5777544,0.5777544,0.003373231204107
2025-05-02,HINDALCO,1,1,0.390283,0.609717,0.609717,0.0093652812040128
2025-05-05,HINDALCO,1,1,0.36463964,0.63536036,0.63536036,0.0045995536966298
2025-05-06,HINDALCO,1,1,0.35287184,0.64712816,0.64712816,-0.0052890310651949
2025-05-07,HINDALCO,1,1,0.2601344,0.7398656,0.7398656,0.009919895296337
2025-05-08,HINDALCO,1,1,0.2846601,0.7153399,0.7153399,-0.0253025269577688
2025-05-09,HINDALCO,1,1,0.30995512,0.6900449,0.6900449,0.0112060801510323
2025-05-12,HINDALCO,1,1,0.2783926,0.7216074,0.7216074,0.0395439560778911
2025-05-13,HINDALCO,1,1,0.19805354,0.80194646,0.80194646,-0.0263823694669055
2025-05-15,HINDALCO,-1,1,0.36052024,0.63947976,0.63947976,0.0166013373953255
2025-05-16,HINDALCO,-1,1,0.28363,0.71637,0.71637,-0.0057458281249389
2025-05-19,HINDALCO,-1,1,0.27488744,0.72511256,0.72511256,0.0012166583075172
2025-05-20,HINDALCO,-1,1,0.33391696,0.66608304,0.66608304,0.0066833957795566
2025-05-21,HINDALCO,-1,1,0.3076753,0.6923247,0.6923247,0.0003771993827139
2025-05-22,HINDALCO,-1,1,0.29803938,0.7019606,0.7019606,-0.0202866209344989
2025-05-26,HINDALCO,-1,1,0.4972756,0.5027244,0.5027244,0.0174588904390669
2025-05-30,HINDALCO,1,-1,0.50756395,0.49243602,0.50756395,-0.0253846219330745
2025-06-02,HINDALCO,1,-1,0.6441035,0.35589647,0.6441035,-0.0037885412446905
2025-06-03,HINDALCO,1,-1,0.6092402,0.3907598,0.6092402,0.0014261545382967
2025-06-04,HINDALCO,1,-1,0.62044466,0.3795553,0.62044466,0.0060917542577052
2025-06-09,HINDALCO,1,1,0.45898366,0.54101634,0.54101634,0.0009996680697261
2025-06-10,HINDALCO,1,1,0.44963783,0.55036217,0.55036217,0.0116011393772046
2025-06-11,HINDALCO,1,-1,0.5850533,0.41494665,0.5850533,-0.0047847006130065
2025-06-12,HINDALCO,1,-1,0.64171743,0.35828257,0.64171743,-0.0063339816298674
2025-06-13,HINDALCO,1,1,0.45707113,0.5429289,0.5429289,-0.014207754411191
2025-06-16,HINDALCO,1,1,0.44403136,0.55596864,0.55596864,0.0121532386363472
2025-06-17,HINDALCO,1,1,0.45702487,0.5429751,0.5429751,-0.012161207121665
2025-06-18,HINDALCO,1,1,0.45104247,0.5489575,0.5489575,0.0056878973635616
2025-06-19,HINDALCO,1,1,0.3587495,0.6412505,0.6412505,-0.0061981979029457
2025-06-20,HINDALCO,1,1,0.3772515,0.6227485,0.6227485,0.0121619586442023
2025-06-23,HINDALCO,1,1,0.44294304,0.55705696,0.55705696,0.0188708445390308
2025-06-24,HINDALCO,1,1,0.4951507,0.5048493,0.5048493,0.0120955747289701
2025-06-26,HINDALCO,-1,-1,0.52109575,0.47890422,0.52109575,0.0266854263794613
2025-06-27,HINDALCO,-1,-1,0.5152925,0.4847075,0.5152925,0.0097741207435586
2025-06-30,HINDALCO,-1,1,0.3999493,0.6000507,0.6000507,-0.0064529786274343
2025-07-01,HINDALCO,-1,1,0.34441805,0.65558195,0.65558195,0.0020928185991089
2025-07-02,HINDALCO,-1,1,0.37345314,0.62654686,0.62654686,0.0058332020526368
2025-07-03,HINDALCO,-1,1,0.24500173,0.75499827,0.75499827,-0.007875709305541
2025-07-04,HINDALCO,-1,1,0.32974285,0.67025715,0.67025715,0.0095258564348092
2025-07-07,HINDALCO,-1,1,0.3595708,0.6404292,0.6404292,-0.0105082820867131
2025-07-08,HINDALCO,1,1,0.36326528,0.6367347,0.6367347,-0.0093917337534403
2025-07-09,HINDALCO,1,1,0.33533102,0.664669,0.664669,-0.0169923253263155
2025-07-10,HINDALCO,1,1,0.4302038,0.5697962,0.5697962,0.0016321507515775
2025-07-11,HINDALCO,1,1,0.39922923,0.6007708,0.6007708,-0.0060735911404352
2025-07-14,HINDALCO,1,1,0.33196157,0.6680384,0.6680384,-0.0066323852615126
2025-07-15,HINDALCO,1,1,0.4138186,0.5861814,0.5861814,0.006526581306032
2025-07-16,HINDALCO,1,1,0.27586216,0.72413784,0.72413784,-0.0061116162500713
2025-07-17,HINDALCO,1,1,0.33450902,0.665491,0.665491,0.0116984603445211
2025-07-21,HINDALCO,1,1,0.43200183,0.5679982,0.5679982,0.0100606495249935
2025-07-23,HINDALCO,-1,-1,0.5160847,0.4839153,0.5160847,0.0077531266616961
2025-07-24,HINDALCO,-1,1,0.46537524,0.53462476,0.53462476,0.0002875207252313
2025-07-25,HINDALCO,-1,1,0.44155586,0.55844414,0.55844414,-0.0030908432498145
2025-07-28,HINDALCO,-1,1,0.28015256,0.71984744,0.71984744,-0.0059125231009191
2025-07-29,HINDALCO,-1,1,0.2563079,0.7436921,0.7436921,0.0048597558028007
2025-07-30,HINDALCO,1,1,0.24107528,0.7589247,0.7589247,-0.0056301942365087
2025-07-31,HINDALCO,1,1,0.2351523,0.7648477,0.7648477,-0.0083478374502293
2025-08-01,HINDALCO,1,1,0.26376617,0.73623383,0.73623383,-0.0155186239960164
2025-08-04,HINDALCO,1,1,0.33095288,0.6690471,0.6690471,0.0226782636490667
2025-08-05,HINDALCO,1,1,0.27205044,0.72794956,0.72794956,-0.0008724883216736
2025-08-06,HINDALCO,1,1,0.32801533,0.6719847,0.6719847,-0.0032746659632225
2025-08-07,HINDALCO,1,1,0.3123114,0.6876886,0.6876886,0.0028473201336398
2025-08-08,HINDALCO,1,1,0.28410727,0.71589273,0.71589273,-0.013273669631858
2025-08-11,HINDALCO,1,1,0.31240898,0.687591,0.687591,0.0001486073369565
2025-08-12,HINDALCO,1,1,0.27507275,0.72492725,0.72492725,-0.0086200312156033
2025-08-14,HINDALCO,1,1,0.22904122,0.7709588,0.7709588,-0.0074946466809421
2025-08-18,HINDALCO,1,1,0.29119527,0.7088047,0.7088047,0.0271845011349334
2025-08-19,HINDALCO,1,1,0.23210204,0.76789796,0.76789796,-0.0104319988130557
2025-08-20,HINDALCO,1,1,0.3554324,0.6445676,0.6445676,-0.0082779630961431
2025-08-21,HINDALCO,1,1,0.39034832,0.6096517,0.6096517,0.0092031282467246
2025-08-22,HINDALCO,1,1,0.41904187,0.5809581,0.5809581,-0.0043828299723438
2025-08-25,HINDALCO,1,1,0.35642564,0.64357436,0.64357436,0.0165435432788394
2025-08-26,HINDALCO,1,1,0.31517208,0.6848279,0.6848279,-0.0141788974297278
2025-08-28,HINDALCO,1,1,0.29434168,0.7056583,0.7056583,-0.0060932233506993
2025-08-29,HINDALCO,1,1,0.28494745,0.71505255,0.71505255,0.0036355684405613
2025-09-01,HINDALCO,1,1,0.24831432,0.7516857,0.7516857,0.0222316401839959
2025-09-02,HINDALCO,1,1,0.3051191,0.6948809,0.6948809,0.0018760932002457
2025-09-03,HINDALCO,1,1,0.3711654,0.6288346,0.6288346,0.030515291805949
2025-09-04,HINDALCO,1,1,0.36765325,0.63234675,0.63234675,-0.0052493766067477
2025-09-08,HINDALCO,1,1,0.4785701,0.5214299,0.5214299,-0.0067894432318468
2025-09-12,HINDALCO,-1,-1,0.512434,0.487566,0.512434,0.0207365015453362
2025-09-16,HINDALCO,1,-1,0.59777766,0.40222234,0.59777766,0.0030517982066768
2025-09-17,HINDALCO,1,-1,0.7059244,0.29407564,0.7059244,-0.0077386553695717
2025-09-18,HINDALCO,1,-1,0.71468043,0.28531954,0.71468043,6.672287662179421e-05
2025-09-19,HINDALCO,1,-1,0.60727245,0.39272755,0.60727245,-0.0091315555530965
2025-09-22,HINDALCO,1,-1,0.7326871,0.26731288,0.7326871,0.0032288772413258
2025-09-23,HINDALCO,1,-1,0.65671134,0.3432887,0.65671134,0.0002682207372362
2025-09-24,HINDALCO,1,-1,0.6811209,0.3188791,0.6811209,-0.0065022609764675
2025-09-25,HINDALCO,1,-1,0.6528094,0.3471906,0.6528094,0.0062074579270876
2025-09-26,HINDALCO,1,1,0.4946912,0.5053088,0.5053088,-0.0024140666119329
2025-09-29,HINDALCO,1,-1,0.6410467,0.3589533,0.6410467,0.0133763696089301
2025-10-01,HINDALCO,1,-1,0.55545986,0.44454017,0.55545986,0.0052496882156531
2025-10-03,HINDALCO,-1,-1,0.6538992,0.3461008,0.6538992,0.0188001346685977
2025-10-06,HINDALCO,1,-1,0.670761,0.32923904,0.670761,-0.0046773415686539
2025-10-07,HINDALCO,1,-1,0.698969,0.30103096,0.698969,-0.0114587669295544
2025-10-08,HINDALCO,1,-1,0.72142905,0.27857095,0.72142905,0.000521000808052
2025-10-09,HINDALCO,1,-1,0.7986345,0.20136544,0.7986345,0.0076802437973877
2025-10-10,HINDALCO,1,-1,0.7688705,0.23112951,0.7688705,-0.0001937261124349
2025-10-13,HINDALCO,1,-1,0.7696984,0.23030159,0.7696984,-0.0048452741661005
2025-10-14,HINDALCO,1,-1,0.74595046,0.25404954,0.74595046,-0.0131135243586296
2025-10-15,HINDALCO,1,-1,0.7218192,0.27818078,0.7218192,0.0054598402149181
2025-10-16,HINDALCO,1,-1,0.8187106,0.18128939,0.8187106,0.0207392549374385
2025-10-17,HINDALCO,1,-1,0.71145487,0.2885451,0.71145487,-0.0093577592891035
2025-10-20,HINDALCO,1,-1,0.72086334,0.27913663,0.72086334,0.0175336283734501
2025-10-24,HINDALCO,-1,-1,0.52660155,0.47339848,0.52660155,0.0404467274173394
2025-10-27,HINDALCO,-1,-1,0.5225854,0.4774146,0.5225854,0.0198920045316075
2025-10-28,HINDALCO,-1,-1,0.5009663,0.49903366,0.5009663,0.0096331531857978
2025-10-29,HINDALCO,-1,1,0.44736814,0.55263186,0.55263186,0.0085988429094792
2025-10-30,HINDALCO,-1,1,0.30286968,0.6971303,0.6971303,0.0059561758667883
2025-10-31,HINDALCO,-1,1,0.27161634,0.72838366,0.72838366,-0.0156730717857356
2025-11-03,HINDALCO,-1,1,0.27170467,0.7282953,0.7282953,-0.000766601872527
2025-11-04,HINDALCO,-1,-1,0.52570724,0.47429276,0.52570724,-0.0186496548221338
2025-11-06,HINDALCO,1,-1,0.5323511,0.46764892,0.5323511,-0.0517199888589186
2025-11-07,HINDALCO,-1,-1,0.6716186,0.32838142,0.6716186,0.0025367832801457
2025-11-10,HINDALCO,-1,-1,0.54663485,0.45336515,0.54663485,-0.0065789626093269
2025-11-18,HINDALCO,1,1,0.383901,0.616099,0.616099,-0.0123892705166667
2025-11-19,HINDALCO,1,1,0.33654702,0.663453,0.663453,-0.0077777231601899
2025-11-20,HINDALCO,1,1,0.3965764,0.6034236,0.6034236,0.0111890453876382
2025-11-21,HINDALCO,1,1,0.37528604,0.62471396,0.62471396,-0.0276318778735192
2025-11-24,HINDALCO,1,1,0.42266977,0.57733023,0.57733023,-0.0039218049956218
2025-11-25,HINDALCO,1,-1,0.5186417,0.4813583,0.5186417,0.0189762482522271
2025-11-26,HINDALCO,1,1,0.49103904,0.50896096,0.50896096,0.0145056217915657
2025-11-27,HINDALCO,1,1,0.36948675,0.63051325,0.63051325,0.0084290710575598
2025-11-28,HINDALCO,1,1,0.37646645,0.62353355,0.62353355,0.00105261176886
2025-12-01,HINDALCO,1,1,0.38715363,0.6128464,0.6128464,0.002968781922843
2025-12-02,HINDALCO,1,-1,0.6184267,0.38157335,0.6184267,-0.0048717467519743
2025-12-03,HINDALCO,1,-1,0.5816721,0.41832793,0.5816721,0.011712229649841
2025-12-04,HINDALCO,1,-1,0.57603645,0.42396358,0.57603645,-0.0067377190766232
2025-12-05,HINDALCO,1,-1,0.67166245,0.32833758,0.67166245,0.0153552200227835
2025-12-08,HINDALCO,1,-1,0.6897733,0.31022665,0.6897733,-0.0046158369790084
2025-12-09,HINDALCO,1,-1,0.5574423,0.44255772,0.5574423,-0.0079931511323401
2025-12-10,HINDALCO,1,-1,0.61112714,0.3888729,0.61112714,0.0108869176038179
2025-12-11,HINDALCO,1,-1,0.6572419,0.34275812,0.6572419,0.0031639496026012
2025-12-12,HINDALCO,1,-1,0.729607,0.270393,0.729607,0.0336628869070756
2025-12-15,HINDALCO,1,-1,0.7228873,0.2771127,0.7228873,-0.0049876776455456
2025-12-16,HINDALCO,1,-1,0.7006159,0.2993841,0.7006159,-0.0126200996402463
2025-12-17,HINDALCO,1,-1,0.6492191,0.3507809,0.6492191,0.0139162193623063
2025-12-18,HINDALCO,1,-1,0.6873352,0.3126648,0.6873352,0.0093072862013157
2025-12-19,HINDALCO,1,-1,0.6766591,0.32334086,0.6766591,-0.0054861820241172
2025-12-22,HINDALCO,1,-1,0.58213437,0.4178656,0.58213437,0.0147300326208552
2025-12-23,HINDALCO,1,-1,0.65569955,0.34430045,0.65569955,-0.0008096839013533
2025-12-24,HINDALCO,1,-1,0.5844631,0.4155369,0.5844631,0.0006946074411668
2025-12-26,HINDALCO,1,-1,0.6552316,0.3447684,0.6552316,0.0097750154291251
2025-12-29,HINDALCO,1,-1,0.5722672,0.42773283,0.5722672,-0.0090503198454662
2025-12-30,HINDALCO,1,-1,0.6798271,0.32017294,0.6798271,0.022138756548049
2025-12-31,HINDALCO,1,-1,0.5956104,0.40438965,0.5956104,0.0028841121105647
2026-01-01,HINDALCO,1,-1,0.59940135,0.40059865,0.59940135,0.0093041613695994
2026-01-02,HINDALCO,1,-1,0.5868571,0.41314295,0.5868571,0.034359460953766
2026-01-05,HINDALCO,1,-1,0.65540427,0.34459573,0.65540427,0.0064815814204159
2026-01-06,HINDALCO,-1,-1,0.7790395,0.22096047,0.7790395,0.0113233741061973
2026-01-08,HINDALCO,1,1,0.32462364,0.67537636,0.67537636,-0.0367627466047588
2026-01-09,HINDALCO,1,1,0.34302998,0.65697,0.65697,-0.003318767586136
2026-01-12,HINDALCO,1,-1,0.53533745,0.46466255,0.53533745,0.0213108518196225
2026-01-13,HINDALCO,1,-1,0.638313,0.361687,0.638313,0.0175514459059979
2026-01-14,HINDALCO,1,-1,0.6589843,0.34101573,0.6589843,0.0203460301626972
2026-01-15,HINDALCO,1,-1,0.57758677,0.4224132,0.57758677,0.0
2026-01-19,HINDALCO,1,-1,0.6520678,0.3479322,0.6520678,0.0056705586631651
2026-01-20,HINDALCO,1,-1,0.6491754,0.35082462,0.6491754,-0.0126070923636348
2026-01-23,HINDALCO,1,-1,0.6501018,0.34989825,0.6501018,0.0061940552811969
2026-01-28,HINDALCO,-1,1,0.3354435,0.6645565,0.6645565,0.0377917945040755
2026-01-29,HINDALCO,-1,1,0.4844122,0.5155878,0.5155878,0.0258966502754682
2026-01-30,HINDALCO,-1,1,0.29682148,0.7031785,0.7031785,-0.0600069042645993
2026-02-02,HINDALCO,-1,1,0.3300739,0.6699261,0.6699261,-0.033347160191229
2026-02-03,HINDALCO,-1,1,0.36570245,0.63429755,0.63429755,0.0266523243341954
2026-02-04,HINDALCO,-1,1,0.31173694,0.68826306,0.68826306,0.0101015644691433
2026-02-05,HINDALCO,-1,-1,0.5104886,0.4895114,0.5104886,-0.0305715318169981
2026-02-09,HINDALCO,-1,-1,0.61259127,0.38740873,0.61259127,0.0230226645674709
2026-02-10,HINDALCO,-1,-1,0.56859607,0.43140393,0.56859607,0.0048224261488851
2026-02-11,HINDALCO,-1,-1,0.5483433,0.4516567,0.5483433,-0.0030447023766102
2026-02-12,HINDALCO,-1,1,0.43113798,0.568862,0.568862,-0.0016046252636068
2026-02-13,HINDALCO,1,1,0.28767502,0.712325,0.712325,-0.0574450674114423
2026-02-16,HINDALCO,1,1,0.32056123,0.67943877,0.67943877,-0.0017051570879744
2026-02-17,HINDALCO,1,1,0.4982984,0.5017016,0.5017016,-0.0191195508156931
2026-02-18,HINDALCO,1,1,0.489237,0.510763,0.510763,0.0102797715594129
2026-02-19,HINDALCO,1,1,0.41412216,0.58587784,0.58587784,0.0071170691287878
2026-02-23,HINDALCO,1,1,0.38185114,0.61814886,0.61814886,-0.0208400125527469
2026-02-24,HINDALCO,1,1,0.378716,0.621284,0.621284,0.0072582004914922
2026-02-25,HINDALCO,1,1,0.28674185,0.71325815,0.71325815,0.0157664292279868
2026-02-26,HINDALCO,-1,1,0.3230042,0.6769958,0.6769958,0.0041604046056473
2026-03-04,HINDALCO,1,-1,0.5132982,0.4867018,0.5132982,-0.019361715113863
2026-03-05,HINDALCO,-1,-1,0.5275758,0.4724242,0.5275758,0.0359622747375298
2026-03-06,HINDALCO,-1,-1,0.55241024,0.44758978,0.55241024,0.0041363549468962
2026-03-09,HINDALCO,-1,1,0.4706689,0.5293311,0.5293311,-0.0141308254073773
2026-03-10,HINDALCO,-1,-1,0.57463086,0.42536914,0.57463086,0.0119003546734395
2026-03-11,HINDALCO,-1,-1,0.57195055,0.42804945,0.57195055,0.0026134226048548
2026-03-12,HINDALCO,-1,-1,0.5568071,0.4431929,0.5568071,0.0111041858879792
2026-03-13,HINDALCO,-1,1,0.2224142,0.7775858,0.7775858,-0.0615622709018109
2026-03-16,HINDALCO,-1,1,0.27346164,0.72653836,0.72653836,0.0121971724300697
2026-03-17,HINDALCO,-1,1,0.47485274,0.52514726,0.52514726,0.0168267921502356
2026-03-19,HINDALCO,1,1,0.26795942,0.7320406,0.7320406,-0.0385831418155356
2026-03-20,HINDALCO,1,1,0.2971443,0.7028557,0.7028557,-0.0254166301802913
2026-03-23,HINDALCO,1,1,0.16517061,0.8348294,0.8348294,-0.0388904775521875
2026-03-24,HINDALCO,1,1,0.26111215,0.73888785,0.73888785,0.0171377856757661
2026-03-25,HINDALCO,1,1,0.2599963,0.7400037,0.7400037,0.0163809742000513
2026-03-27,HINDALCO,1,1,0.19796145,0.80203855,0.80203855,-0.0022448767077933
2026-03-30,HINDALCO,1,1,0.27466768,0.7253323,0.7253323,0.0204799812507214
2026-04-01,HINDALCO,1,1,0.29405457,0.70594543,0.70594543,0.0227824784903609
2026-04-02,HINDALCO,1,1,0.49153334,0.50846666,0.50846666,0.0128786477210729
2026-04-06,HINDALCO,1,1,0.34402525,0.65597475,0.65597475,0.0122237513855729
2026-04-07,HINDALCO,1,1,0.41217357,0.58782643,0.58782643,0.0291659792300811
2026-04-08,HINDALCO,1,1,0.39794952,0.6020505,0.6020505,-0.0028287189177906
2026-04-09,HINDALCO,1,-1,0.51646364,0.4835364,0.51646364,0.0355642330901737
2026-04-10,HINDALCO,1,1,0.37894386,0.62105614,0.62105614,0.0065438553361871
2026-04-13,HINDALCO,1,1,0.3265292,0.6734708,0.6734708,-0.0139602619965368
2026-04-15,HINDALCO,1,1,0.49484247,0.50515753,0.50515753,0.0339381673468246
2025-01-01,HINDUNILVR,1,1,0.25073612,0.7492639,0.7492639,-0.0020414550881483
2025-01-02,HINDUNILVR,-1,1,0.35408014,0.64591986,0.64591986,0.0206277444935589
2025-01-03,HINDUNILVR,-1,1,0.3714322,0.6285678,0.6285678,0.0152953847677528
2025-01-06,HINDUNILVR,-1,1,0.4639715,0.5360285,0.5360285,-0.0124883271331212
2025-01-07,HINDUNILVR,-1,1,0.43998164,0.56001836,0.56001836,0.0061444024032639
2025-01-08,HINDUNILVR,-1,1,0.45909518,0.5409048,0.5409048,0.0042662561509241
2025-01-09,HINDUNILVR,-1,1,0.46635818,0.5336418,0.5336418,0.0143274149169609
2025-01-10,HINDUNILVR,-1,1,0.37338966,0.62661034,0.62661034,0.0027304863745216
2025-01-13,HINDUNILVR,-1,1,0.42447555,0.57552445,0.57552445,0.0036650818177894
2025-01-14,HINDUNILVR,1,1,0.46853822,0.5314618,0.5314618,-0.0338842193810657
2025-01-16,HINDUNILVR,1,1,0.47562188,0.5243781,0.5243781,-0.01179948730227
2025-01-17,HINDUNILVR,1,-1,0.51855755,0.48144245,0.51855755,0.0038378649192425
2025-01-20,HINDUNILVR,1,-1,0.5391144,0.46088558,0.5391144,-0.0037382674111301
2025-01-21,HINDUNILVR,1,-1,0.5655551,0.4344449,0.5655551,-0.0020040651712409
2025-01-22,HINDUNILVR,1,1,0.44511962,0.5548804,0.5548804,0.0010467519826722
2025-01-23,HINDUNILVR,1,1,0.49111944,0.50888056,0.50888056,-0.0090698286492946
2025-01-27,HINDUNILVR,-1,-1,0.51467127,0.48532873,0.51467127,0.0104514660811658
2025-01-28,HINDUNILVR,-1,1,0.4061898,0.5938102,0.5938102,-0.0016716430442005
2025-01-29,HINDUNILVR,-1,-1,0.54546356,0.45453647,0.54546356,-0.002051235826129
2025-01-30,HINDUNILVR,-1,-1,0.5268664,0.47313362,0.5268664,0.0104029424452567
2025-01-31,HINDUNILVR,-1,-1,0.5444072,0.4555928,0.5444072,0.024929981299443
2025-02-01,HINDUNILVR,-1,1,0.4238025,0.5761975,0.5761975,0.0150882487811614
2025-02-03,HINDUNILVR,-1,1,0.47782797,0.52217203,0.52217203,-0.0255781259720347
2025-02-04,HINDUNILVR,-1,1,0.48514247,0.51485753,0.51485753,-0.001596996782587
2025-02-05,HINDUNILVR,-1,-1,0.50087416,0.4991258,0.50087416,-0.0192777338670609
2025-02-06,HINDUNILVR,-1,-1,0.5299355,0.47006452,0.5299355,-0.0076745276499816
2025-02-07,HINDUNILVR,-1,1,0.46178806,0.53821194,0.53821194,-0.0037297639269339
2025-02-10,HINDUNILVR,-1,-1,0.5938279,0.4061721,0.5938279,-0.0010153746209569
2025-02-11,HINDUNILVR,-1,1,0.4598524,0.5401476,0.5401476,-0.0195643276537895
2025-02-12,HINDUNILVR,-1,-1,0.5951223,0.40487772,0.5951223,0.0074506702929115
2025-02-13,HINDUNILVR,-1,-1,0.5712035,0.42879653,0.5712035,-0.0047159327188339
2025-02-14,HINDUNILVR,-1,-1,0.6018106,0.39818946,0.6018106,-0.0013569304346354
2025-02-17,HINDUNILVR,-1,-1,0.59377897,0.40622106,0.59377897,0.0047662739996214
2025-02-18,HINDUNILVR,-1,-1,0.52507937,0.47492066,0.52507937,-0.0143383767679996
2025-02-19,HINDUNILVR,-1,-1,0.6410742,0.35892585,0.6410742,-0.0198606036695636
2025-02-20,HINDUNILVR,-1,-1,0.73266494,0.26733503,0.73266494,-0.0010442439683613
2025-02-24,HINDUNILVR,-1,-1,0.70066214,0.29933786,0.70066214,-8.918098248822393e-05
2025-02-25,HINDUNILVR,-1,-1,0.55056006,0.44943994,0.55056006,0.0079636623861523
2025-02-27,HINDUNILVR,-1,-1,0.54619205,0.45380795,0.54619205,-0.0063514982897442
2025-02-28,HINDUNILVR,-1,-1,0.58399403,0.416006,0.58399403,-0.0243658851247717
2025-03-04,HINDUNILVR,1,-1,0.5766001,0.4233999,0.5766001,-0.0089579768370763
2025-03-05,HINDUNILVR,1,-1,0.56758034,0.4324197,0.56758034,0.0060721442285238
2025-03-06,HINDUNILVR,1,-1,0.62878525,0.37121472,0.62878525,0.0223456775131611
2025-03-07,HINDUNILVR,1,-1,0.675306,0.32469398,0.675306,-0.0064895190340026
2025-03-10,HINDUNILVR,1,-1,0.7018382,0.2981618,0.7018382,0.0195957239254067
2025-03-11,HINDUNILVR,1,-1,0.7116637,0.2883363,0.7116637,-0.0137025730792835
2025-03-12,HINDUNILVR,1,-1,0.66354847,0.3364515,0.66354847,-0.0108482041014181
2025-03-13,HINDUNILVR,1,-1,0.5560889,0.44391108,0.5560889,-0.0082538156308057
2025-03-17,HINDUNILVR,1,1,0.37264276,0.62735724,0.62735724,-0.0016324202923173
2025-03-18,HINDUNILVR,1,1,0.31702137,0.68297863,0.68297863,0.0
2025-03-19,HINDUNILVR,1,1,0.4454739,0.5545261,0.5545261,0.0132642880799025
2025-03-24,HINDUNILVR,1,1,0.34692675,0.65307325,0.65307325,0.0044518980370669
2025-03-25,HINDUNILVR,1,1,0.28480566,0.71519434,0.71519434,0.006692828171197
2025-03-26,HINDUNILVR,1,1,0.28757393,0.71242607,0.71242607,-0.0111611624432844
2025-03-27,HINDUNILVR,1,1,0.3323257,0.6676743,0.6676743,-0.0005787879529295
2025-03-28,HINDUNILVR,1,1,0.32798755,0.67201245,0.67201245,0.0063261559948162
2025-04-01,HINDUNILVR,1,1,0.40540427,0.59459573,0.59459573,-0.0110674716964516
2025-04-02,HINDUNILVR,1,1,0.35903496,0.64096504,0.64096504,0.0018128881689429
2025-04-03,HINDUNILVR,1,1,0.3079341,0.6920659,0.6920659,0.0029715695953931
2025-04-04,HINDUNILVR,1,1,0.3819419,0.6180581,0.6180581,0.0
2025-04-07,HINDUNILVR,1,1,0.35436606,0.64563394,0.64563394,0.0021607306670548
2025-04-08,HINDUNILVR,1,1,0.32353103,0.67646897,0.67646897,0.0177158260657328
2025-04-09,HINDUNILVR,-1,-1,0.60822946,0.39177054,0.60822946,0.0265372016434355
2025-04-11,HINDUNILVR,-1,1,0.3370322,0.6629678,0.6629678,0.0068722970174794
2025-04-15,HINDUNILVR,-1,1,0.4424802,0.5575198,0.5575198,-0.001965198923717
2025-04-16,HINDUNILVR,-1,1,0.45852363,0.54147637,0.54147637,0.0021596473302543
2025-04-17,HINDUNILVR,-1,1,0.29096323,0.70903677,0.70903677,0.003549314212859
2025-04-21,HINDUNILVR,1,1,0.3088324,0.6911676,0.6911676,-0.0101052412052877
2025-04-22,HINDUNILVR,-1,-1,0.54244685,0.45755312,0.54244685,0.0202892496209738
2025-04-23,HINDUNILVR,-1,-1,0.53642905,0.46357092,0.53642905,0.0104639860317095
2025-04-25,HINDUNILVR,1,1,0.42273343,0.5772666,0.5772666,0.0029672372058546
2025-04-28,HINDUNILVR,1,1,0.45124608,0.5487539,0.5487539,-0.0058314123092951
2025-04-29,HINDUNILVR,1,-1,0.6515004,0.3484996,0.6515004,0.0013369652058745
2025-05-02,HINDUNILVR,1,1,0.38491148,0.6150885,0.6150885,-0.0100338005907406
2025-05-05,HINDUNILVR,1,1,0.3818159,0.6181841,0.6181841,0.0129389748896764
2025-05-06,HINDUNILVR,-1,1,0.4285748,0.5714252,0.5714252,0.0141359317618201
2025-05-08,HINDUNILVR,-1,1,0.2623055,0.7376945,0.7376945,-0.0067066004417928
2025-05-09,HINDUNILVR,1,1,0.2639609,0.7360391,0.7360391,-0.0093422547524824
2025-05-13,HINDUNILVR,1,1,0.19678813,0.80321187,0.80321187,-0.0094438010399044
2025-05-16,HINDUNILVR,-1,1,0.19724786,0.80275214,0.80275214,0.0111244181035439
2025-05-22,HINDUNILVR,1,1,0.19859815,0.80140185,0.80140185,-0.0140444418265001
2025-05-23,HINDUNILVR,1,1,0.1895231,0.8104769,0.8104769,0.0122280715641966
2025-05-27,HINDUNILVR,1,1,0.15527391,0.8447261,0.8447261,-0.0058058929886535
2025-05-28,HINDUNILVR,1,1,0.1777516,0.8222484,0.8222484,-0.0076465191085673
2025-05-29,HINDUNILVR,-1,1,0.27781647,0.7221835,0.7221835,0.0019899164094046
2025-05-30,HINDUNILVR,-1,1,0.20239455,0.79760545,0.79760545,-0.0077746050580266
2025-06-02,HINDUNILVR,-1,1,0.33743417,0.6625658,0.6625658,0.0099221794827268
2025-06-03,HINDUNILVR,-1,1,0.3058322,0.6941678,0.6941678,-0.0081379710052543
2025-06-04,HINDUNILVR,-1,1,0.27798402,0.722016,0.722016,0.0051863645281207
2025-06-05,HINDUNILVR,-1,1,0.2593752,0.7406248,0.7406248,0.0050327837080781
2025-06-06,HINDUNILVR,-1,1,0.37982374,0.62017626,0.62017626,0.0056387216986206
2025-06-09,HINDUNILVR,-1,1,0.20821899,0.791781,0.791781,0.0014228193589582
2025-06-10,HINDUNILVR,-1,1,0.19864959,0.8013504,0.8013504,0.0008356473030193
2025-06-11,HINDUNILVR,-1,1,0.25159925,0.74840075,0.74840075,-0.0078490243401868
2025-06-12,HINDUNILVR,-1,1,0.28953946,0.71046054,0.71046054,-0.0183891740226431
2025-06-13,HINDUNILVR,1,1,0.206819,0.793181,0.793181,-0.0058730123368647
2025-06-18,HINDUNILVR,1,1,0.1987533,0.8012467,0.8012467,-0.013441546820589
2025-06-19,HINDUNILVR,1,1,0.16102588,0.8389741,0.8389741,-0.0013494693851309
2025-06-20,HINDUNILVR,1,1,0.16403848,0.8359615,0.8359615,0.0052305700433707
2025-06-23,HINDUNILVR,1,1,0.17945051,0.8205495,0.8205495,-0.0031109501044745
2025-06-24,HINDUNILVR,1,1,0.15793961,0.8420604,0.8420604,-0.0052744252025118
2025-06-25,HINDUNILVR,1,1,0.3219362,0.6780638,0.6780638,0.0068930664653914
2025-06-26,HINDUNILVR,1,1,0.28652382,0.7134762,0.7134762,0.0009216310201889
2025-06-27,HINDUNILVR,1,1,0.20703626,0.79296374,0.79296374,0.0114432700408262
2025-06-30,HINDUNILVR,1,1,0.18367898,0.816321,0.816321,-0.0053317407903822
2025-07-01,HINDUNILVR,1,1,0.14909655,0.85090345,0.85090345,0.0003921558114285
2025-07-02,HINDUNILVR,1,1,0.17232448,0.8276755,0.8276755,0.0050534717857115
2025-07-03,HINDUNILVR,1,1,0.1555053,0.8444947,0.8444947,0.0027306441346663
2025-07-04,HINDUNILVR,1,1,0.15736908,0.8426309,0.8426309,0.0111956471216776
2025-07-07,HINDUNILVR,1,1,0.16028714,0.83971286,0.83971286,0.0303936935983637
2025-07-08,HINDUNILVR,1,1,0.20153779,0.7984622,0.7984622,-0.0073432073035584
2025-07-09,HINDUNILVR,1,1,0.264885,0.735115,0.735115,0.0128306515654266
2025-07-10,HINDUNILVR,1,1,0.330611,0.669389,0.669389,-0.0061895714655881
2025-07-11,HINDUNILVR,-1,1,0.27347803,0.72652197,0.72652197,0.0461717694483698
2025-07-14,HINDUNILVR,-1,1,0.15140533,0.84859467,0.84859467,-0.0011906497664453
2025-07-15,HINDUNILVR,-1,1,0.21961123,0.7803888,0.7803888,0.0040927510328674
2025-07-16,HINDUNILVR,-1,1,0.14420658,0.8557934,0.8557934,-0.0036803319825962
2025-07-18,HINDUNILVR,1,1,0.12579101,0.874209,0.874209,-0.0080484637242169
2025-07-21,HINDUNILVR,1,1,0.20881802,0.791182,0.791182,-0.0099212630332584
2025-07-22,HINDUNILVR,1,1,0.27326518,0.7267348,0.7267348,0.0060043026776286
2025-07-23,HINDUNILVR,1,1,0.36990666,0.63009334,0.63009334,-0.0118159714321748
2025-07-24,HINDUNILVR,1,1,0.3623026,0.6376974,0.6376974,-0.0051420115811994
2025-07-25,HINDUNILVR,1,1,0.38581067,0.6141893,0.6141893,-0.0091886354641661
2025-07-28,HINDUNILVR,1,1,0.24180096,0.75819904,0.75819904,0.0108471491126198
2025-07-29,HINDUNILVR,1,1,0.20586842,0.7941316,0.7941316,0.0049148470425306
2025-07-30,HINDUNILVR,1,1,0.25663972,0.7433603,0.7433603,-0.0066026780162783
2025-07-31,HINDUNILVR,-1,1,0.30503052,0.6949695,0.6949695,0.0343809400648373
2025-08-04,HINDUNILVR,1,1,0.24073929,0.7592607,0.7592607,-0.0039159324714832
2025-08-05,HINDUNILVR,1,1,0.31700748,0.6829925,0.6829925,-0.0035381074955527
2025-08-06,HINDUNILVR,1,1,0.3278963,0.6721037,0.6721037,0.0003551058454227
2025-08-07,HINDUNILVR,1,1,0.23777199,0.762228,0.762228,-0.0071384126173287
2025-08-08,HINDUNILVR,1,1,0.225281,0.774719,0.774719,-0.0075073901024038
2025-08-11,HINDUNILVR,1,1,0.36995852,0.6300415,0.6300415,0.0079243152898011
2025-08-12,HINDUNILVR,1,1,0.35017526,0.64982474,0.64982474,-0.0137387640671744
2025-08-13,HINDUNILVR,1,1,0.346339,0.653661,0.653661,0.0045495009358753
2025-08-14,HINDUNILVR,1,1,0.2261467,0.7738533,0.7738533,-0.0058114135218789
2025-08-18,HINDUNILVR,1,1,0.27889752,0.7211025,0.7211025,0.0352737631070789
2025-08-19,HINDUNILVR,1,1,0.23870587,0.7612941,0.7612941,0.0142906500727131
2025-08-26,HINDUNILVR,-1,1,0.26008767,0.73991233,0.73991233,0.0231797946715279
2025-08-28,HINDUNILVR,-1,1,0.17979813,0.8202019,0.8202019,-0.0141870485872624
2025-08-29,HINDUNILVR,-1,1,0.15078223,0.8492178,0.8492178,0.0020343688381339
2025-09-01,HINDUNILVR,-1,1,0.13655245,0.86344755,0.86344755,-0.0038724955402931
2025-09-02,HINDUNILVR,-1,1,0.22398376,0.77601624,0.77601624,0.0103793686065194
2025-09-03,HINDUNILVR,-1,1,0.22665405,0.77334595,0.77334595,-0.0045948014558431
2025-09-04,HINDUNILVR,-1,1,0.27569848,0.7243015,0.7243015,0.0007131459682274
2025-09-05,HINDUNILVR,-1,1,0.2972799,0.7027201,0.7027201,-0.0124504450087351
2025-09-08,HINDUNILVR,-1,1,0.445162,0.554838,0.554838,-0.0036074572929587
2025-09-09,HINDUNILVR,-1,1,0.4067245,0.5932755,0.5932755,0.006898189900341
2025-09-10,HINDUNILVR,-1,1,0.4280522,0.5719478,0.5719478,0.0005677443533604
2025-09-11,HINDUNILVR,-1,1,0.44411308,0.5558869,0.5558869,-0.008133144651799
2025-09-12,HINDUNILVR,-1,1,0.40346056,0.59653944,0.59653944,-0.0158276890667425
2025-09-15,HINDUNILVR,-1,1,0.47033918,0.5296608,0.5296608,0.000193758404819
2025-09-16,HINDUNILVR,-1,-1,0.5035389,0.4964611,0.5035389,-3.8706039924951696e-05
2025-09-17,HINDUNILVR,-1,-1,0.5793679,0.42063215,0.5793679,-0.0043396298548762
2025-09-18,HINDUNILVR,-1,-1,0.64570993,0.35429007,0.64570993,0.0066545409802081
2025-09-19,HINDUNILVR,-1,-1,0.69793797,0.30206206,0.69793797,-0.0105149002305835
2025-09-22,HINDUNILVR,-1,-1,0.70634675,0.29365328,0.70634675,0.0049226381464417
2025-09-23,HINDUNILVR,-1,1,0.48979378,0.5102062,0.5102062,-0.0194386484369529
2025-09-24,HINDUNILVR,-1,-1,0.70844173,0.29155827,0.70844173,0.0108239199176847
2025-09-26,HINDUNILVR,-1,-1,0.57554215,0.42445785,0.57554215,-0.0104401167724996
2025-10-01,HINDUNILVR,1,-1,0.57280886,0.4271911,0.57280886,0.0086701251133589
2025-10-03,HINDUNILVR,1,-1,0.60066366,0.39933637,0.60066366,0.0034303039122947
2025-10-06,HINDUNILVR,1,-1,0.6034803,0.39651972,0.6034803,-0.0012180681331118
2025-10-07,HINDUNILVR,1,-1,0.64197326,0.35802674,0.64197326,-0.0096782103481226
2025-10-08,HINDUNILVR,1,-1,0.68595827,0.31404176,0.68595827,-0.0067932332183092
2025-10-10,HINDUNILVR,-1,-1,0.72817564,0.2718244,0.72817564,0.0044883239365189
2025-10-14,HINDUNILVR,-1,-1,0.73104024,0.2689598,0.73104024,0.0038110251143288
2025-10-15,HINDUNILVR,-1,-1,0.77320755,0.22679244,0.77320755,0.0066737932198885
2025-10-16,HINDUNILVR,-1,-1,0.74874985,0.25125012,0.74874985,0.016871752332733
2025-10-17,HINDUNILVR,-1,-1,0.70458525,0.29541475,0.70458525,0.0164747211113853
2025-10-20,HINDUNILVR,-1,-1,0.6105811,0.3894189,0.6105811,-0.0035718697021699
2025-10-21,HINDUNILVR,-1,-1,0.57065445,0.42934555,0.57065445,-0.0010406138141958
2025-10-23,HINDUNILVR,-1,1,0.47162664,0.52837336,0.52837336,0.0038198751424716
2025-10-24,HINDUNILVR,-1,1,0.43658888,0.5634111,0.5634111,-0.0327491462010118
2025-10-27,HINDUNILVR,-1,1,0.31989622,0.6801038,0.6801038,-0.0018279456654053
2025-10-28,HINDUNILVR,-1,1,0.38381857,0.61618143,0.61618143,-0.0058523208119209
2025-10-29,HINDUNILVR,-1,1,0.44693446,0.55306554,0.55306554,-0.0036042326503255
2025-10-30,HINDUNILVR,-1,1,0.28937417,0.7106258,0.7106258,-0.0074353953299368
2025-10-31,HINDUNILVR,-1,1,0.23462576,0.76537424,0.76537424,-0.0016602262283661
2025-11-03,HINDUNILVR,-1,1,0.22176123,0.7782388,0.7782388,-0.0022307561107517
2025-11-04,HINDUNILVR,1,1,0.2925434,0.7074566,0.7074566,-0.0058130131434951
2025-11-07,HINDUNILVR,1,1,0.3542403,0.6457597,0.6457597,-0.0012412081092263
2025-11-10,HINDUNILVR,1,1,0.26772618,0.7322738,0.7322738,-0.0021540808499896
2025-11-11,HINDUNILVR,-1,1,0.32628775,0.67371225,0.67371225,0.0077631811660634
2025-11-13,HINDUNILVR,1,1,0.33554602,0.664454,0.664454,-0.0069704691044545
2025-11-14,HINDUNILVR,1,1,0.30868298,0.691317,0.691317,0.0083485017030826
2025-11-17,HINDUNILVR,1,1,0.37550426,0.62449574,0.62449574,-0.0011121436858668
2025-11-18,HINDUNILVR,1,1,0.3872431,0.6127569,0.6127569,-0.0086597938144329
2025-11-20,HINDUNILVR,1,1,0.35146695,0.64853305,0.64853305,-0.0054063707341637
2025-11-21,HINDUNILVR,-1,1,0.34721708,0.6527829,0.6527829,0.0021825271953805
2025-11-24,HINDUNILVR,-1,1,0.41430068,0.5856993,0.5856993,-0.0039035214655058
2025-11-25,HINDUNILVR,-1,1,0.4350372,0.5649628,0.5649628,-0.0041662625687054
2025-11-26,HINDUNILVR,-1,1,0.36181873,0.63818127,0.63818127,0.0045979259627226
2025-11-27,HINDUNILVR,-1,1,0.37151736,0.62848264,0.62848264,0.0109269340811239
2025-11-28,HINDUNILVR,-1,1,0.3048848,0.6951152,0.6951152,0.0060774755398811
2025-12-01,HINDUNILVR,-1,1,0.32357997,0.67642003,0.67642003,-0.0008514139192021
2025-12-02,HINDUNILVR,-1,-1,0.6379374,0.36206254,0.6379374,0.005396651989501
2025-12-03,HINDUNILVR,-1,-1,0.55087835,0.44912165,0.55087835,-0.0120268174351755
2025-12-04,HINDUNILVR,-1,-1,0.6234834,0.37651655,0.6234834,0.0058006336486418
2025-12-05,HINDUNILVR,-1,-1,0.6170942,0.38290578,0.6170942,-0.0501989505185385
2025-12-08,HINDUNILVR,-1,-1,0.546384,0.453616,0.546384,-0.0105191553189895
2025-12-10,HINDUNILVR,-1,-1,0.6158292,0.38417074,0.6158292,-0.00208109639199
2025-12-11,HINDUNILVR,-1,-1,0.5142942,0.4857058,0.5142942,0.0016944634692237
2025-12-12,HINDUNILVR,1,-1,0.7493151,0.25068492,0.7493151,-0.0195176952177199
2025-12-16,HINDUNILVR,1,-1,0.6278993,0.37210074,0.6278993,-0.0054065412442773
2025-12-17,HINDUNILVR,1,-1,0.52589715,0.47410285,0.52589715,-0.0024111173401163
2025-12-18,HINDUNILVR,1,-1,0.5371075,0.46289247,0.5371075,-0.0044384325992307
2025-12-19,HINDUNILVR,1,-1,0.51830924,0.48169076,0.51830924,0.0064003531229308
2025-12-22,HINDUNILVR,1,1,0.45934445,0.54065555,0.54065555,0.0041666666666666
2025-12-23,HINDUNILVR,1,1,0.38878334,0.61121666,0.61121666,0.0057218159669141
2025-12-24,HINDUNILVR,1,1,0.3451938,0.6548062,0.6548062,-0.0088596133150258
2025-12-26,HINDUNILVR,1,1,0.36344612,0.6365539,0.6365539,0.0014021344493639
2025-12-29,HINDUNILVR,1,1,0.41381878,0.5861812,0.5861812,0.0034567895431663
2025-12-30,HINDUNILVR,1,1,0.42627186,0.57372814,0.57372814,-0.0013518063882805
2025-12-31,HINDUNILVR,1,-1,0.5362209,0.4637791,0.5362209,0.0112217062788446
2026-01-01,HINDUNILVR,1,-1,0.62895995,0.37104005,0.62895995,0.003065805067423
2026-01-05,HINDUNILVR,1,-1,0.79248416,0.20751582,0.79248416,0.0153748286440587
2026-01-06,HINDUNILVR,-1,-1,0.71189463,0.28810534,0.71189463,0.0170294248784006
2026-01-07,HINDUNILVR,-1,-1,0.76440233,0.23559766,0.76440233,-0.0104343008774744
2026-01-09,HINDUNILVR,1,-1,0.6115655,0.38843453,0.6115655,-0.0059076774643171
2026-01-15,HINDUNILVR,1,-1,0.5802717,0.4197283,0.5802717,0.0
2026-01-19,HINDUNILVR,-1,-1,0.6957587,0.30424133,0.6957587,0.0226656508275895
2026-01-21,HINDUNILVR,-1,-1,0.7241316,0.2758684,0.7241316,-0.0046656707160767
2026-01-22,HINDUNILVR,1,-1,0.6067326,0.3932674,0.6067326,0.0095439601588893
2026-01-23,HINDUNILVR,1,-1,0.6844367,0.31556335,0.6844367,0.0079059238566414
2026-01-27,HINDUNILVR,1,-1,0.5929464,0.40705356,0.5929464,-0.0035692457589748
2026-01-28,HINDUNILVR,1,-1,0.5678853,0.43211475,0.5678853,-0.009371486074049
2026-01-29,HINDUNILVR,1,-1,0.62319636,0.37680367,0.62319636,-0.0108475469840357
2026-01-30,HINDUNILVR,-1,-1,0.70030797,0.299692,0.70030797,0.0086712154624464
2026-02-02,HINDUNILVR,-1,-1,0.6086746,0.3913254,0.6086746,-0.0066160771900021
2026-02-03,HINDUNILVR,-1,-1,0.62250024,0.37749976,0.62250024,0.0047936404335724
2026-02-04,HINDUNILVR,-1,-1,0.6584238,0.34157625,0.6584238,0.0010132155048565
2026-02-05,HINDUNILVR,-1,-1,0.6702477,0.32975233,0.6702477,-0.0070013064766976
2026-02-06,HINDUNILVR,-1,-1,0.7881295,0.21187048,0.7881295,0.0296466410649443
2026-02-09,HINDUNILVR,-1,-1,0.81511056,0.18488945,0.81511056,0.0044550981955528
2026-02-10,HINDUNILVR,-1,-1,0.83281755,0.16718245,0.83281755,0.0076386438013347
2026-02-11,HINDUNILVR,-1,-1,0.8074811,0.1925189,0.8074811,0.0037902691218441
2026-02-12,HINDUNILVR,-1,-1,0.7692771,0.23072293,0.7692771,-0.0216005332255885
2026-02-13,HINDUNILVR,1,-1,0.6726653,0.3273347,0.6726653,-0.0433663950356889
2026-02-17,HINDUNILVR,-1,-1,0.7869278,0.2130722,0.7869278,-0.0028891553134432
2026-02-18,HINDUNILVR,-1,-1,0.8065087,0.19349127,0.8065087,0.0048436409355918
2026-02-19,HINDUNILVR,-1,-1,0.71960956,0.28039044,0.71960956,-0.0190230045930169
2026-02-20,HINDUNILVR,-1,-1,0.58271915,0.41728085,0.58271915,0.0154433161136344
2026-02-23,HINDUNILVR,-1,-1,0.7550882,0.24491182,0.7550882,0.0133505734904946
2026-02-24,HINDUNILVR,-1,-1,0.7183653,0.28163466,0.7183653,0.0056281213703937
2026-02-25,HINDUNILVR,-1,-1,0.57020354,0.42979646,0.57020354,0.0069107962404042
2026-02-26,HINDUNILVR,-1,-1,0.6606363,0.3393637,0.6606363,0.0035370528568741
2026-02-27,HINDUNILVR,-1,-1,0.72600955,0.27399045,0.72600955,-0.0189652793378239
2026-03-02,HINDUNILVR,-1,-1,0.61350346,0.3864965,0.61350346,-0.0074847094944918
2026-03-04,HINDUNILVR,-1,-1,0.6244558,0.37554416,0.6244558,-0.0255537560685343
2026-03-05,HINDUNILVR,-1,-1,0.703658,0.296342,0.703658,-0.0027860295812534
2026-03-06,HINDUNILVR,-1,-1,0.6595778,0.3404222,0.6595778,-0.0129933697685697
2026-03-09,HINDUNILVR,-1,-1,0.5856031,0.41439688,0.5856031,-0.0139730665399216
2026-03-10,HINDUNILVR,-1,-1,0.6574985,0.3425015,0.6574985,-0.002004987828568
2026-03-11,HINDUNILVR,-1,-1,0.63908976,0.36091024,0.63908976,-0.0131495066524476
2026-03-12,HINDUNILVR,-1,-1,0.5624598,0.43754017,0.5624598,-0.0113352461862485
2026-03-13,HINDUNILVR,-1,-1,0.6045967,0.39540333,0.6045967,0.0108100981383891
2026-03-16,HINDUNILVR,-1,-1,0.53574467,0.46425536,0.53574467,0.007268495912905
2026-03-17,HINDUNILVR,-1,-1,0.5804591,0.41954085,0.5804591,-0.0080433885153025
2026-03-18,HINDUNILVR,-1,-1,0.62815046,0.3718495,0.62815046,-0.0106106490880586
2026-03-19,HINDUNILVR,1,-1,0.6173794,0.38262057,0.6173794,-0.0271624589864225
2026-03-20,HINDUNILVR,1,-1,0.7163674,0.28363258,0.7163674,0.0025994811615184
2026-03-23,HINDUNILVR,1,-1,0.59746933,0.4025307,0.59746933,-0.0146444522567154
2026-03-24,HINDUNILVR,1,-1,0.59701693,0.40298304,0.59701693,0.0159828718490102
2026-03-27,HINDUNILVR,1,-1,0.5781648,0.42183518,0.5781648,-0.0282931164993793
2026-03-30,HINDUNILVR,1,-1,0.6344452,0.36555484,0.6344452,-0.009255665289119
2026-04-01,HINDUNILVR,1,-1,0.5382353,0.46176472,0.5382353,0.0046224212853758
2026-04-02,HINDUNILVR,1,-1,0.7041892,0.29581085,0.7041892,0.0002906464234231
2026-04-06,HINDUNILVR,1,-1,0.54474866,0.4552513,0.54474866,0.0094417273708313
2026-04-07,HINDUNILVR,1,-1,0.5783174,0.4216826,0.5783174,0.01237531092856
2026-04-08,HINDUNILVR,1,-1,0.5374868,0.46251324,0.5374868,0.0165829614235621
2026-04-09,HINDUNILVR,1,-1,0.6536362,0.34636375,0.6536362,-0.0057793372110303
2026-04-10,HINDUNILVR,1,1,0.32194233,0.6780577,0.6780577,0.0103600685177727
2026-04-13,HINDUNILVR,1,1,0.3692984,0.6307016,0.6307016,-0.0130376731868625
2026-04-15,HINDUNILVR,1,1,0.3564145,0.6435855,0.6435855,0.0142911560653371
2026-04-16,HINDUNILVR,1,1,0.3811137,0.6188863,0.6188863,-0.0085743414732396
2025-01-01,ICICIBANK,-1,-1,0.60078716,0.39921284,0.60078716,0.0015605318189548
2025-01-02,ICICIBANK,-1,-1,0.5905869,0.40941313,0.5905869,0.0054142046735727
2025-01-03,ICICIBANK,-1,-1,0.55111456,0.44888544,0.55111456,-0.019796998391386
2025-01-06,ICICIBANK,-1,-1,0.65406525,0.34593475,0.65406525,-0.0007509769117627
2025-01-07,ICICIBANK,-1,-1,0.6657449,0.3342551,0.6657449,0.0119848601844161
2025-01-08,ICICIBANK,-1,-1,0.6257944,0.37420562,0.6257944,-0.0121164985507781
2025-01-09,ICICIBANK,-1,-1,0.629672,0.370328,0.629672,-0.0010681986534116
2025-01-10,ICICIBANK,-1,-1,0.5995159,0.40048406,0.5995159,-0.0099414405758655
2025-01-14,ICICIBANK,1,-1,0.61897117,0.38102883,0.61897117,0.0085789951460317
2025-01-15,ICICIBANK,1,-1,0.5969866,0.4030134,0.5969866,-0.0016529238731658
2025-01-16,ICICIBANK,1,-1,0.63101286,0.36898714,0.63101286,0.0087624041669476
2025-01-17,ICICIBANK,1,-1,0.5184467,0.4815533,0.5184467,-0.0189336984734312
2025-01-20,ICICIBANK,1,-1,0.64354837,0.3564516,0.64354837,0.0061202459180458
2025-01-21,ICICIBANK,1,-1,0.66379035,0.33620963,0.66379035,-0.02984708751522
2025-01-22,ICICIBANK,1,-1,0.55548096,0.44451904,0.55548096,0.0035947765854835
2025-01-23,ICICIBANK,1,-1,0.546658,0.45334202,0.546658,0.0010830240564758
2025-01-24,ICICIBANK,1,-1,0.61563396,0.384366,0.61563396,0.0061992833713178
2025-01-27,ICICIBANK,1,-1,0.56075656,0.43924344,0.56075656,0.015506131383802
2025-01-28,ICICIBANK,1,-1,0.5796046,0.42039534,0.5796046,0.0154322502675223
2025-02-04,ICICIBANK,-1,-1,0.5624311,0.43756893,0.5624311,0.0121308897131153
2025-02-06,ICICIBANK,-1,-1,0.5370693,0.46293065,0.5370693,0.0037075420067769
2025-02-07,ICICIBANK,-1,-1,0.50288284,0.49711713,0.50288284,-0.0121816319285732
2025-02-10,ICICIBANK,-1,-1,0.5590321,0.4409679,0.5590321,0.0045348824122097
2025-02-11,ICICIBANK,-1,-1,0.5591055,0.44089445,0.5591055,-0.0078013285436574
2025-02-12,ICICIBANK,-1,-1,0.6160815,0.38391855,0.6160815,-0.0007583502979394
2025-02-13,ICICIBANK,-1,-1,0.6642163,0.3357837,0.6642163,-0.0023166744052927
2025-02-14,ICICIBANK,-1,-1,0.553432,0.44656798,0.553432,0.0089679049312247
2025-02-17,ICICIBANK,-1,-1,0.7627281,0.23727189,0.7627281,-0.0071026107954373
2025-02-18,ICICIBANK,-1,-1,0.6598742,0.34012583,0.6598742,-0.006474032245394
2025-02-19,ICICIBANK,-1,-1,0.77021426,0.22978574,0.77021426,0.0149632452701577
2025-02-20,ICICIBANK,-1,-1,0.7104345,0.2895655,0.7104345,-0.0092736180955722
2025-02-21,ICICIBANK,-1,-1,0.6809213,0.31907868,0.6809213,-0.013600577727836
2025-02-24,ICICIBANK,1,-1,0.6401807,0.3598193,0.6401807,-0.0118414788085149
2025-02-25,ICICIBANK,1,-1,0.6929662,0.3070338,0.6929662,0.0047605580646226
2025-02-27,ICICIBANK,1,-1,0.70471364,0.29528636,0.70471364,-0.0013887422045287
2025-02-28,ICICIBANK,1,-1,0.68402827,0.31597173,0.68402827,-0.0150108209894289
2025-03-03,ICICIBANK,1,-1,0.50100744,0.49899256,0.50100744,0.001743992593727
2025-03-04,ICICIBANK,1,-1,0.665071,0.33492902,0.665071,0.0034820147406615
2025-03-05,ICICIBANK,1,-1,0.6635876,0.33641237,0.6635876,0.0043787024223265
2025-03-06,ICICIBANK,1,-1,0.5980462,0.40195382,0.5980462,0.0019331648108755
2025-03-07,ICICIBANK,1,-1,0.72076243,0.27923757,0.72076243,-0.0028734996636491
2025-03-10,ICICIBANK,1,-1,0.6434637,0.35653633,0.6434637,0.0002469258341342
2025-03-11,ICICIBANK,1,-1,0.725362,0.274638,0.725362,0.0251472076119438
2025-03-12,ICICIBANK,1,-1,0.80861956,0.19138046,0.80861956,-0.0011643391407398
2025-03-13,ICICIBANK,1,-1,0.78451765,0.21548232,0.78451765,0.0049037766467143
2025-03-17,ICICIBANK,1,1,0.4184345,0.5815655,0.5815655,0.0151594189292874
2025-03-18,ICICIBANK,1,1,0.3666768,0.6333232,0.6333232,0.0
2025-03-19,ICICIBANK,1,1,0.4013412,0.5986588,0.5986588,0.0347516767320512
2025-03-20,ICICIBANK,1,1,0.30639982,0.6936002,0.6936002,0.0065494101905383
2025-03-21,ICICIBANK,-1,1,0.29074734,0.70925266,0.70925266,0.0161913194156504
2025-03-24,ICICIBANK,-1,1,0.39080226,0.60919774,0.60919774,0.0112054592474302
2025-03-25,ICICIBANK,-1,1,0.26825356,0.73174644,0.73174644,-0.0106395620451972
2025-03-26,ICICIBANK,-1,1,0.358208,0.641792,0.641792,-0.0058048365398567
2025-03-27,ICICIBANK,1,1,0.3792838,0.6207162,0.6207162,0.0005614233726158
2025-03-28,ICICIBANK,1,1,0.44015175,0.55984825,0.55984825,0.0087531798747542
2025-04-01,ICICIBANK,1,1,0.46430206,0.53569794,0.53569794,-0.0221752257482046
2025-04-02,ICICIBANK,1,1,0.40097457,0.5990254,0.5990254,0.009708397271479
2025-04-03,ICICIBANK,1,1,0.41692632,0.5830737,0.5830737,-0.0012769245440069
2025-04-04,ICICIBANK,1,1,0.46748382,0.5325162,0.5325162,0.0043247411220124
2025-04-07,ICICIBANK,1,1,0.3661415,0.6338585,0.6338585,-0.035759768291537
2025-04-08,ICICIBANK,1,1,0.44559622,0.5544038,0.5544038,0.0095918092621398
2025-04-09,ICICIBANK,1,-1,0.59594494,0.40405506,0.59594494,0.0006924228012925
2025-04-11,ICICIBANK,1,-1,0.5238323,0.47616768,0.5238323,0.0083409617043168
2025-04-15,ICICIBANK,1,-1,0.61776096,0.38223904,0.61776096,0.0293904149787831
2025-04-16,ICICIBANK,1,-1,0.61197114,0.38802886,0.61197114,0.0045919582877229
2025-04-17,ICICIBANK,1,-1,0.5306053,0.46939465,0.5306053,0.0370834133296671
2025-04-21,ICICIBANK,1,-1,0.56424904,0.43575093,0.56424904,0.0022038487513695
2025-04-22,ICICIBANK,1,1,0.44382358,0.5561764,0.5561764,0.0047524350929104
2025-04-24,ICICIBANK,-1,-1,0.5393537,0.46064627,0.5393537,-0.0152345496780558
2025-04-25,ICICIBANK,1,-1,0.5397234,0.46027657,0.5397234,0.0014971588009118
2025-04-30,ICICIBANK,1,-1,0.5871825,0.41281745,0.5871825,-0.0019583186644407
2025-05-02,ICICIBANK,1,-1,0.539414,0.460586,0.539414,0.0021723250274083
2025-05-05,ICICIBANK,1,1,0.4774102,0.5225898,0.5225898,-0.0004894339889455
2025-05-09,ICICIBANK,1,1,0.41122872,0.5887713,0.5887713,-0.0324625416885433
2025-05-12,ICICIBANK,1,1,0.4015476,0.5984524,0.5984524,0.0429115907190922
2025-05-13,ICICIBANK,1,1,0.32391113,0.67608887,0.67608887,-0.0123576113396459
2025-05-14,ICICIBANK,1,1,0.48465562,0.5153444,0.5153444,-0.0030756494191314
2025-05-21,ICICIBANK,-1,1,0.411826,0.588174,0.588174,0.0045196001444123
2025-05-22,ICICIBANK,1,1,0.3853106,0.6146894,0.6146894,-0.0017996720468936
2025-05-26,ICICIBANK,-1,-1,0.5264309,0.4735691,0.5264309,0.007449204646057
2025-05-27,ICICIBANK,-1,1,0.37933648,0.6206635,0.6206635,-0.0097219743570977
2025-05-28,ICICIBANK,-1,1,0.4364615,0.5635385,0.5635385,0.0051161820764469
2025-05-29,ICICIBANK,-1,-1,0.5501542,0.44984582,0.5501542,0.0018571137619254
2025-05-30,ICICIBANK,-1,1,0.4020818,0.5979182,0.5979182,-0.0073462746299983
2025-06-02,ICICIBANK,-1,-1,0.51985323,0.4801468,0.51985323,0.00325074521592
2025-06-03,ICICIBANK,-1,-1,0.5033246,0.49667534,0.5033246,-0.0086866722435595
2025-06-04,ICICIBANK,-1,1,0.45473117,0.54526883,0.54526883,-0.004798665558282
2025-06-05,ICICIBANK,-1,-1,0.5426129,0.4573871,0.5426129,0.0166317501664017
2025-06-06,ICICIBANK,-1,-1,0.57892233,0.42107767,0.57892233,0.0033681230947397
2025-06-09,ICICIBANK,-1,1,0.4790765,0.5209235,0.5209235,-0.0170582222716244
2025-06-12,ICICIBANK,1,-1,0.6029529,0.3970471,0.6029529,-0.0040531278671152
2025-06-13,ICICIBANK,1,1,0.3926956,0.6073044,0.6073044,-0.0063850349750181
2025-06-16,ICICIBANK,1,1,0.46305543,0.53694457,0.53694457,0.0076265661558747
2025-06-17,ICICIBANK,1,1,0.43575954,0.56424046,0.56424046,-0.0025930930222874
2025-06-18,ICICIBANK,1,1,0.45562625,0.54437375,0.54437375,-0.0074479786737325
2025-06-19,ICICIBANK,1,1,0.35915995,0.64084005,0.64084005,-0.0009201968892172
2025-06-20,ICICIBANK,1,1,0.42582017,0.5741798,0.5741798,0.0111953050877964
2025-06-23,ICICIBANK,1,1,0.45302403,0.546976,0.546976,-0.0049050592404101
2025-06-24,ICICIBANK,1,1,0.36354917,0.6364508,0.6364508,0.0028166947351533
2025-06-26,ICICIBANK,-1,1,0.39967442,0.6003256,0.6003256,0.0093280667057842
2025-06-27,ICICIBANK,-1,-1,0.5490802,0.4509198,0.5490802,0.0160516796625442
2025-06-30,ICICIBANK,-1,1,0.4955526,0.5044474,0.5044474,-0.0112158843419292
2025-07-03,ICICIBANK,-1,1,0.4381972,0.5618028,0.5618028,-0.001330751208454
2025-07-04,ICICIBANK,-1,1,0.4372763,0.5627237,0.5627237,0.0118521865789613
2025-07-07,ICICIBANK,1,1,0.40733653,0.59266347,0.59266347,-0.0049210852118741
2025-07-08,ICICIBANK,1,1,0.42249954,0.57750046,0.57750046,0.0043881527843157
2025-07-09,ICICIBANK,1,1,0.4571377,0.5428623,0.5428623,-0.0070041040185155
2025-07-10,ICICIBANK,1,1,0.35029244,0.64970756,0.64970756,-0.0054473644511812
2025-07-11,ICICIBANK,1,1,0.27290565,0.72709435,0.72709435,-0.0015448005549673
2025-07-14,ICICIBANK,1,1,0.27228016,0.72771984,0.72771984,0.0007735953279757
2025-07-15,ICICIBANK,1,1,0.32782143,0.67217857,0.67217857,0.0054814346215152
2025-07-16,ICICIBANK,1,1,0.33627182,0.6637282,0.6637282,-0.0030752191960944
2025-07-17,ICICIBANK,1,1,0.28856277,0.7114372,0.7114372,-0.0053982559069619
2025-07-18,ICICIBANK,1,1,0.20348316,0.79651684,0.79651684,0.0050045950746038
2025-07-22,ICICIBANK,-1,-1,0.5108762,0.4891238,0.5108762,0.005321297863609
2025-07-23,ICICIBANK,-1,-1,0.5292151,0.47078493,0.5292151,0.0101791440533494
2025-07-24,ICICIBANK,-1,-1,0.50585335,0.49414665,0.50585335,-0.0034931966046115
2025-07-25,ICICIBANK,-1,1,0.47686493,0.52313507,0.52313507,-0.0042470477358546
2025-07-28,ICICIBANK,-1,1,0.297948,0.702052,0.702052,0.0076502258957755
2025-07-29,ICICIBANK,-1,1,0.32963938,0.6703606,0.6703606,-0.0014781465719727
2025-07-30,ICICIBANK,-1,1,0.28125703,0.71874297,0.71874297,-0.0025568364522721
2025-07-31,ICICIBANK,-1,1,0.35619152,0.6438085,0.6438085,-0.0006745590098479
2025-08-01,ICICIBANK,-1,1,0.25609267,0.74390733,0.74390733,-0.0066154561428755
2025-08-04,ICICIBANK,-1,1,0.28032422,0.7196758,0.7196758,-0.0057080813662816
2025-08-06,ICICIBANK,1,1,0.13065952,0.8693405,0.8693405,-0.000553827511899
2025-08-08,ICICIBANK,1,1,0.13744915,0.86255085,0.86255085,-0.0030549355456342
2025-08-11,ICICIBANK,-1,1,0.15648717,0.84351283,0.84351283,0.0004874569780666
2025-08-12,ICICIBANK,-1,1,0.12093967,0.8790603,0.8790603,-0.0025252354430336
2025-08-13,ICICIBANK,-1,1,0.18796533,0.81203467,0.81203467,-0.0008438475188994
2025-08-14,ICICIBANK,-1,1,0.1351006,0.8648994,0.8648994,0.0045748872301638
2025-08-18,ICICIBANK,-1,1,0.17596668,0.8240333,0.8240333,0.005114500461067
2025-08-19,ICICIBANK,-1,1,0.21661514,0.78338486,0.78338486,0.0011850503771917
2025-08-20,ICICIBANK,-1,1,0.23187846,0.76812154,0.76812154,-0.0039685811100808
2025-08-21,ICICIBANK,-1,1,0.25942993,0.74057007,0.74057007,0.0107647313552867
2025-08-22,ICICIBANK,-1,1,0.19657755,0.80342245,0.80342245,-0.0066389872655169
2025-08-25,ICICIBANK,-1,1,0.1637739,0.8362261,0.8362261,-0.0022278426537154
2025-08-26,ICICIBANK,-1,1,0.22642678,0.7735732,0.7735732,-0.011582456148121
2025-08-29,ICICIBANK,1,1,0.17464238,0.8253576,0.8253576,-0.0009291164180516
2025-09-01,ICICIBANK,1,1,0.1572448,0.8427552,0.8427552,0.0094433758125429
2025-09-02,ICICIBANK,1,1,0.18839008,0.8116099,0.8116099,-0.0119064839320517
2025-09-03,ICICIBANK,1,1,0.2129811,0.7870189,0.7870189,0.0020083552762797
2025-09-04,ICICIBANK,1,1,0.2507568,0.7492432,0.7492432,0.006084466714388
2025-09-09,ICICIBANK,-1,1,0.32977414,0.67022586,0.67022586,0.0007129108396735
2025-09-10,ICICIBANK,-1,1,0.39684087,0.6031591,0.6031591,0.0001425327699273
2025-09-11,ICICIBANK,-1,1,0.31531024,0.68468976,0.68468976,-0.0016383280775886
2025-09-12,ICICIBANK,-1,1,0.39568388,0.6043161,0.6043161,0.011486854927496
2025-09-15,ICICIBANK,-1,1,0.49312937,0.5068706,0.5068706,0.0011991770478529
2025-09-16,ICICIBANK,-1,1,0.42122114,0.57877886,0.57877886,0.0015499162561893
2025-09-17,ICICIBANK,-1,1,0.41807884,0.58192116,0.58192116,-0.0016882558070341
2025-09-18,ICICIBANK,-1,1,0.48692673,0.51307327,0.51307327,0.001761555866695
2025-09-19,ICICIBANK,-1,-1,0.58376837,0.41623163,0.58376837,-0.0137159743052157
2025-09-22,ICICIBANK,-1,-1,0.5723644,0.4276356,0.5723644,-0.0004991807133426
2025-09-23,ICICIBANK,-1,1,0.42873836,0.57126164,0.57126164,-0.0051373179963432
2025-09-26,ICICIBANK,1,1,0.36533213,0.6346679,0.6346679,-0.0117750201099253
2025-09-29,ICICIBANK,1,1,0.30386496,0.69613504,0.69613504,-0.0084583702607408
2025-09-30,ICICIBANK,1,1,0.34504557,0.65495443,0.65495443,-7.416036477114751e-05
2025-10-01,ICICIBANK,1,1,0.43776196,0.56223804,0.56223804,0.0178041543026705
2025-10-03,ICICIBANK,1,1,0.41834223,0.58165777,0.58165777,-0.0049563038105867
2025-10-06,ICICIBANK,1,1,0.43383193,0.56616807,0.56616807,-0.0013184345313428
2025-10-13,ICICIBANK,-1,-1,0.75106525,0.24893478,0.75106525,-0.0006520498313584
2025-10-14,ICICIBANK,-1,-1,0.6905931,0.30940688,0.6905931,0.003407243068501
2025-10-15,ICICIBANK,-1,-1,0.7431487,0.25685132,0.7431487,0.0103316588977406
2025-10-16,ICICIBANK,-1,-1,0.78097,0.21903002,0.78097,0.0135154634468643
2025-10-17,ICICIBANK,-1,-1,0.75538915,0.24461085,0.75538915,0.0136173894679325
2025-10-20,ICICIBANK,-1,-1,0.6395577,0.36044228,0.6395577,-0.03222882329434
2025-10-21,ICICIBANK,-1,-1,0.5719551,0.4280449,0.5719551,-0.0059699694573995
2025-10-23,ICICIBANK,-1,1,0.4276923,0.5723077,0.5723077,-0.0132417140579775
2025-10-24,ICICIBANK,-1,1,0.4208219,0.5791781,0.5791781,0.0102661879455001
2025-10-27,ICICIBANK,-1,1,0.309058,0.690942,0.690942,-7.256702437452578e-05
2025-10-29,ICICIBANK,1,1,0.31527942,0.6847206,0.6847206,0.0053554757236256
2025-10-30,ICICIBANK,1,1,0.2017662,0.7982338,0.7982338,-0.0058377115130456
2025-10-31,ICICIBANK,1,1,0.16366243,0.83633757,0.83633757,-0.0125513617729798
2025-11-03,ICICIBANK,1,1,0.13765019,0.8623498,0.8623498,0.0008176433107958
2025-11-04,ICICIBANK,1,1,0.23014873,0.76985127,0.76985127,-0.0070558525161452
2025-11-06,ICICIBANK,1,1,0.19412076,0.80587924,0.80587924,-0.0123419849642322
2025-11-07,ICICIBANK,1,1,0.3994313,0.6005687,0.6005687,0.017116006640462
2025-11-10,ICICIBANK,1,1,0.36375362,0.6362464,0.6362464,0.0037230081906181
2025-11-12,ICICIBANK,1,1,0.35094434,0.64905566,0.64905566,0.0004417106415148
2025-11-14,ICICIBANK,1,1,0.34815592,0.6518441,0.6518441,-0.0093080483345228
2025-11-17,ICICIBANK,1,1,0.2893418,0.7106582,0.7106582,0.0043699927166787
2025-11-19,ICICIBANK,1,1,0.16599095,0.83400905,0.83400905,0.0070627282652142
2025-11-21,ICICIBANK,1,1,0.19221783,0.8077822,0.8077822,-0.0097613882863341
2025-11-24,ICICIBANK,1,1,0.21340746,0.78659254,0.78659254,-0.0008031950244158
2025-11-25,ICICIBANK,1,1,0.20242262,0.7975774,0.7975774,-0.0077462550400613
2025-11-26,ICICIBANK,-1,1,0.18748516,0.81251484,0.81251484,0.0126675140325114
2025-11-27,ICICIBANK,-1,1,0.2025559,0.7974441,0.7974441,0.0125090553977271
2025-11-28,ICICIBANK,-1,1,0.18359214,0.81640786,0.81640786,-0.0024421077883878
2025-12-01,ICICIBANK,-1,1,0.23761272,0.7623873,0.7623873,0.0009360071371753
2025-12-02,ICICIBANK,-1,1,0.45334464,0.54665536,0.54665536,-0.0123012559429257
2025-12-03,ICICIBANK,-1,1,0.4181878,0.5818122,0.5818122,0.0134741442097596
2025-12-04,ICICIBANK,-1,-1,0.5306828,0.46931723,0.5306828,-0.0034495500022457
2025-12-05,ICICIBANK,-1,-1,0.6133592,0.38664076,0.6133592,0.0041826271236422
2025-12-08,ICICIBANK,-1,-1,0.727113,0.27288702,0.727113,-0.0020826028108168
2025-12-09,ICICIBANK,-1,-1,0.59500134,0.4049987,0.59500134,-0.0103627120517115
2025-12-11,ICICIBANK,-1,-1,0.54090405,0.45909593,0.54090405,-0.0026400525450219
2025-12-12,ICICIBANK,-1,-1,0.656627,0.343373,0.656627,0.0044117647058823
2025-12-15,ICICIBANK,-1,-1,0.5853457,0.4146543,0.5853457,-0.0005856872826683
2025-12-16,ICICIBANK,-1,-1,0.61672425,0.38327578,0.61672425,0.0005860305132872
2025-12-17,ICICIBANK,-1,1,0.44505578,0.5549442,0.5549442,-0.0099560582620332
2025-12-19,ICICIBANK,1,1,0.45024532,0.5497547,0.5497547,-0.0019900303250427
2025-12-22,ICICIBANK,1,1,0.33407646,0.66592354,0.66592354,0.0106343879135153
2025-12-23,ICICIBANK,1,1,0.3990407,0.6009593,0.6009593,-0.0040189989039094
2025-12-24,ICICIBANK,1,1,0.26485533,0.7351447,0.7351447,-0.0023477264650586
2025-12-26,ICICIBANK,1,1,0.31939042,0.6806096,0.6806096,-0.0069127989972962
2025-12-29,ICICIBANK,1,1,0.39614123,0.60385877,0.60385877,-0.0052576832476126
2025-12-30,ICICIBANK,1,1,0.32838476,0.67161524,0.67161524,-0.0005955846043651
2025-12-31,ICICIBANK,1,1,0.40932095,0.59067905,0.59067905,0.0002979697683891
2026-01-01,ICICIBANK,1,1,0.44764644,0.55235356,0.55235356,-0.0036488378322879
2026-01-02,ICICIBANK,1,1,0.4200424,0.5799576,0.5799576,0.0130045025516161
2026-01-05,ICICIBANK,1,-1,0.5045753,0.4954247,0.5045753,0.0118783940504187
2026-01-06,ICICIBANK,-1,-1,0.5534377,0.44656232,0.5534377,0.0289463734392088
2026-01-07,ICICIBANK,-1,-1,0.6491739,0.35082608,0.6491739,0.0116921772753026
2026-01-08,ICICIBANK,-1,-1,0.5330969,0.4669031,0.5330969,0.0051131533780139
2026-01-09,ICICIBANK,-1,1,0.3627231,0.6372769,0.6372769,-0.0213936941964285
2026-01-12,ICICIBANK,-1,1,0.4374748,0.5625252,0.5625252,0.0062664149055295
2026-01-13,ICICIBANK,-1,-1,0.52260756,0.47739244,0.52260756,0.0169131871962224
2026-01-14,ICICIBANK,-1,1,0.43620253,0.5637975,0.5637975,-0.0129436155782446
2026-01-15,ICICIBANK,-1,1,0.46924067,0.53075933,0.53075933,0.0
2026-01-16,ICICIBANK,-1,1,0.37870097,0.621299,0.621299,-0.0053581327235784
2026-01-19,ICICIBANK,1,1,0.47254652,0.5274535,0.5274535,-0.0214063454755852
2026-01-20,ICICIBANK,1,-1,0.52610445,0.47389555,0.52610445,-0.0034766962499584
2026-01-21,ICICIBANK,1,1,0.45946395,0.54053605,0.54053605,-0.0194796103190668
2026-01-22,ICICIBANK,1,1,0.35308528,0.6469147,0.6469147,-0.002594514455152
2026-01-23,ICICIBANK,1,1,0.49419993,0.50580007,0.50580007,-0.0015607399375232
2026-01-27,ICICIBANK,1,1,0.3185649,0.6814351,0.6814351,0.0133988385238053
2026-01-28,ICICIBANK,1,1,0.29298776,0.70701224,0.70701224,0.00462753536421
2026-01-29,ICICIBANK,1,1,0.3946895,0.6053105,0.6053105,0.0116253747033032
2026-01-30,ICICIBANK,1,1,0.48724604,0.51275396,0.51275396,-0.0206706967986363
2026-02-02,ICICIBANK,1,1,0.46759325,0.53240675,0.53240675,-0.0016235802006457
2026-02-03,ICICIBANK,1,-1,0.51368487,0.48631516,0.51368487,0.0272766861412481
2026-02-06,ICICIBANK,-1,-1,0.6077811,0.3922189,0.6077811,0.0068743111965181
2026-02-10,ICICIBANK,-1,-1,0.59315455,0.40684542,0.59315455,0.0073049851859816
2026-02-12,ICICIBANK,-1,-1,0.52315414,0.4768459,0.52315414,0.0169973862662953
2026-02-13,ICICIBANK,-1,-1,0.5504787,0.44952127,0.5504787,-0.0107692478420017
2026-02-16,ICICIBANK,-1,1,0.34388107,0.6561189,0.6561189,-0.0021207408820698
2026-02-17,ICICIBANK,-1,1,0.46028012,0.5397199,0.5397199,-0.0029044882805666
2026-02-18,ICICIBANK,-1,1,0.46248096,0.53751904,0.53751904,0.0004973010102131
2026-02-19,ICICIBANK,-1,1,0.44412208,0.5558779,0.5558779,-0.0137763833378958
2026-02-20,ICICIBANK,-1,1,0.39174592,0.6082541,0.6082541,0.0041042273700124
2026-02-23,ICICIBANK,-1,1,0.4829108,0.5170892,0.5170892,0.0035138217383021
2026-02-24,ICICIBANK,-1,1,0.48144454,0.51855546,0.51855546,-0.0104330251044911
2026-02-25,ICICIBANK,-1,1,0.37505823,0.62494177,0.62494177,0.0113373415787794
2026-02-26,ICICIBANK,-1,1,0.4102407,0.5897593,0.5897593,0.0031417525269992
2026-02-27,ICICIBANK,-1,1,0.47485173,0.5251483,0.5251483,-0.0185066549563508
2026-03-02,ICICIBANK,-1,1,0.44198394,0.55801606,0.55801606,-0.0035535748258069
2026-03-04,ICICIBANK,-1,-1,0.6421143,0.35788572,0.6421143,-0.0062590797568686
2026-03-05,ICICIBANK,-1,-1,0.6433657,0.35663432,0.6433657,-0.0057126473477779
2026-03-06,ICICIBANK,-1,-1,0.5333999,0.46660012,0.5333999,-0.0325574189501575
2026-03-09,ICICIBANK,-1,1,0.4710893,0.5289107,0.5289107,-0.0266483929872122
2026-03-10,ICICIBANK,-1,-1,0.5530079,0.4469921,0.5530079,0.0262046302880463
2026-03-11,ICICIBANK,-1,-1,0.56319517,0.43680483,0.56319517,-0.0131870176889826
2026-03-12,ICICIBANK,-1,1,0.44833702,0.551663,0.551663,-0.0217055276655782
2026-03-13,ICICIBANK,-1,1,0.4655015,0.5344985,0.5344985,-0.0092380190855704
2026-03-16,ICICIBANK,-1,1,0.40021586,0.59978414,0.59978414,0.0144245894816799
2026-03-17,ICICIBANK,-1,-1,0.51438963,0.4856104,0.51438963,0.012412543369292
2026-03-18,ICICIBANK,-1,-1,0.51981694,0.48018306,0.51981694,0.0004656612702624
2026-03-20,ICICIBANK,1,1,0.3801093,0.6198907,0.6198907,-0.0037596602381118
2026-03-23,ICICIBANK,1,1,0.33604586,0.66395414,0.66395414,-0.0182271340912069
2026-03-24,ICICIBANK,1,1,0.36186254,0.63813746,0.63813746,0.0233090710216228
2026-03-25,ICICIBANK,1,1,0.3343073,0.6656927,0.6656927,0.0067934785259853
2026-03-27,ICICIBANK,1,1,0.28026724,0.71973276,0.71973276,-0.0205603741745451
2026-03-30,ICICIBANK,1,1,0.34602416,0.65397584,0.65397584,-0.0226130842194099
2026-04-01,ICICIBANK,1,1,0.2919289,0.7080711,0.7080711,0.0056388810184464
2026-04-02,ICICIBANK,1,1,0.38772875,0.61227125,0.61227125,0.0025563600074809
2026-04-06,ICICIBANK,1,1,0.3093174,0.6906826,0.6906826,0.0128310371437918
2026-04-07,ICICIBANK,1,1,0.3789662,0.6210338,0.6210338,0.0114503616261065
2026-04-08,ICICIBANK,1,1,0.44992346,0.55007654,0.55007654,0.0511440796241469
2026-04-09,ICICIBANK,1,1,0.37979448,0.6202055,0.6202055,-0.0213106503088215
2026-04-13,ICICIBANK,-1,1,0.30221802,0.697782,0.697782,0.0220893794028167
2026-04-15,ICICIBANK,-1,1,0.29228103,0.70771897,0.70771897,-0.0022204130369397
2026-04-16,ICICIBANK,-1,1,0.38055986,0.61944014,0.61944014,-0.0019286222335308
2025-01-01,INDUSINDBK,-1,1,0.40339482,0.5966052,0.5966052,0.0096339111230505
2025-01-02,INDUSINDBK,-1,1,0.44707227,0.55292773,0.55292773,0.0226428209398306
2025-01-03,INDUSINDBK,-1,1,0.39109296,0.60890704,0.60890704,0.00660720128051
2025-01-07,INDUSINDBK,-1,1,0.43622744,0.56377256,0.56377256,0.0139683397386534
2025-01-08,INDUSINDBK,-1,1,0.4389451,0.5610549,0.5610549,-0.0025925049372329
2025-01-09,INDUSINDBK,-1,1,0.4099267,0.5900733,0.5900733,-0.0001528600792745
2025-01-10,INDUSINDBK,1,1,0.2801897,0.7198103,0.7198103,-0.0441431825368646
2025-01-13,INDUSINDBK,-1,1,0.3872478,0.6127522,0.6127522,0.0043729060663972
2025-01-14,INDUSINDBK,-1,1,0.33665842,0.6633416,0.6633416,0.0216629108149797
2025-01-15,INDUSINDBK,-1,1,0.34625256,0.65374744,0.65374744,0.0003638256210125
2025-01-16,INDUSINDBK,-1,1,0.3949381,0.6050619,0.6050619,0.0134032554577301
2025-01-17,INDUSINDBK,1,1,0.3905447,0.6094553,0.6094553,-0.0045111636735962
2025-01-20,INDUSINDBK,1,1,0.47222006,0.52777994,0.52777994,-0.0002574797845995
2025-01-21,INDUSINDBK,1,1,0.44593537,0.55406463,0.55406463,-0.0105593899980438
2025-01-22,INDUSINDBK,1,1,0.42572135,0.57427865,0.57427865,0.0109323753100609
2025-01-23,INDUSINDBK,1,1,0.397034,0.602966,0.602966,0.0
2025-01-24,INDUSINDBK,1,1,0.443295,0.556705,0.556705,-0.0207528957832342
2025-01-27,INDUSINDBK,1,1,0.34276378,0.6572362,0.6572362,-0.0256099872723595
2025-01-28,INDUSINDBK,1,1,0.3436175,0.6563825,0.6563825,0.0083113088731985
2025-01-29,INDUSINDBK,1,1,0.24066234,0.75933766,0.75933766,0.0151474206595259
2025-01-30,INDUSINDBK,1,1,0.25862896,0.74137104,0.74137104,0.0092270379759935
2025-01-31,INDUSINDBK,1,1,0.37556422,0.6244358,0.6244358,0.0356825921839412
2025-02-01,INDUSINDBK,1,1,0.46189612,0.5381039,0.5381039,0.0183615940101802
2025-02-03,INDUSINDBK,1,1,0.47287536,0.52712464,0.52712464,0.0032692567001713
2025-02-04,INDUSINDBK,-1,1,0.4726833,0.5273167,0.5273167,0.0340179834025602
2025-02-05,INDUSINDBK,-1,1,0.48456746,0.51543254,0.51543254,0.0134173007021358
2025-02-06,INDUSINDBK,-1,1,0.47579843,0.5242016,0.5242016,0.0040992252698901
2025-02-07,INDUSINDBK,-1,1,0.44339734,0.55660266,0.55660266,0.0127163682013007
2025-02-10,INDUSINDBK,-1,1,0.4923767,0.5076233,0.5076233,-0.0102863273441465
2025-02-11,INDUSINDBK,-1,1,0.4363867,0.5636133,0.5636133,-0.0129681419343984
2025-02-13,INDUSINDBK,-1,1,0.4681782,0.5318218,0.5318218,0.0073101288005266
2025-02-14,INDUSINDBK,-1,1,0.4799229,0.5200771,0.5200771,-0.0218190265800309
2025-02-17,INDUSINDBK,-1,1,0.41708583,0.5829142,0.5829142,0.0232818967371455
2025-02-18,INDUSINDBK,-1,1,0.33620232,0.6637977,0.6637977,-0.0230384206191867
2025-02-19,INDUSINDBK,-1,1,0.40671527,0.5932847,0.5932847,0.0114247373509537
2025-02-20,INDUSINDBK,-1,1,0.41185528,0.5881447,0.5881447,0.0114404084063755
2025-02-21,INDUSINDBK,-1,1,0.44092196,0.55907804,0.55907804,-0.0037226405032002
2025-02-24,INDUSINDBK,-1,1,0.42035824,0.57964176,0.57964176,-0.0139880005613772
2025-02-25,INDUSINDBK,-1,1,0.46321326,0.53678674,0.53678674,0.0049555219986912
2025-02-27,INDUSINDBK,-1,-1,0.56497586,0.4350241,0.56497586,0.0120376612732655
2025-02-28,INDUSINDBK,-1,1,0.31612277,0.6838772,0.6838772,-0.0540746901942326
2025-03-03,INDUSINDBK,-1,1,0.20447266,0.79552734,0.79552734,-0.006160969332746
2025-03-04,INDUSINDBK,-1,1,0.26182395,0.73817605,0.73817605,0.0036585117743266
2025-03-05,INDUSINDBK,-1,1,0.2899878,0.7100122,0.7100122,-0.0159477525206048
2025-03-06,INDUSINDBK,-1,1,0.29360974,0.70639026,0.70639026,-0.0001543071283361
2025-03-07,INDUSINDBK,-1,1,0.4289286,0.5710714,0.5710714,-0.0359679034351856
2025-03-10,INDUSINDBK,-1,1,0.39382422,0.6061758,0.6061758,-0.0386976247664798
2025-03-13,INDUSINDBK,-1,1,0.26556623,0.73443377,0.73443377,-0.0180371497019332
2025-03-18,INDUSINDBK,1,1,0.16660088,0.8333991,0.8333991,0.0
2025-03-25,INDUSINDBK,1,1,0.17818624,0.82181376,0.82181376,-0.0483979741926461
2025-03-26,INDUSINDBK,1,1,0.1763761,0.8236239,0.8236239,0.0286476734160632
2025-03-27,INDUSINDBK,1,1,0.21580988,0.7841901,0.7841901,0.0278498402868363
2025-03-28,INDUSINDBK,1,1,0.17296511,0.8270349,0.8270349,-0.0351867161109888
2025-04-01,INDUSINDBK,1,1,0.2354616,0.7645384,0.7645384,0.0505501852046303
2025-04-02,INDUSINDBK,1,1,0.30092192,0.6990781,0.6990781,0.0289292509841214
2025-04-03,INDUSINDBK,1,1,0.2455216,0.7544784,0.7544784,0.0098939598352272
2025-04-04,INDUSINDBK,1,1,0.24274206,0.75725794,0.75725794,-0.0386242225417089
2025-04-07,INDUSINDBK,1,1,0.25021487,0.7497851,0.7497851,-0.0089442457271811
2025-04-08,INDUSINDBK,1,1,0.2503721,0.7496279,0.7496279,0.0055481578111362
2025-04-09,INDUSINDBK,1,1,0.36389,0.63611,0.63611,-0.0016185339241944
2025-04-11,INDUSINDBK,1,1,0.43393624,0.56606376,0.56606376,0.0161373699860298
2025-04-15,INDUSINDBK,1,1,0.3702916,0.6297084,0.6297084,0.0672951768151739
2025-04-16,INDUSINDBK,1,-1,0.62043804,0.37956196,0.62043804,0.0711373472607499
2025-04-17,INDUSINDBK,1,1,0.31732732,0.6826727,0.6826727,0.0081826986451396
2025-04-22,INDUSINDBK,1,1,0.19204181,0.8079582,0.8079582,-0.0491427331648688
2025-04-23,INDUSINDBK,1,1,0.2857641,0.7142359,0.7142359,0.0085079520089286
2025-04-25,INDUSINDBK,-1,1,0.24592847,0.75407153,0.75407153,0.0031716689062977
2025-04-28,INDUSINDBK,-1,1,0.35394543,0.64605457,0.64605457,0.0099714384999993
2025-04-29,INDUSINDBK,-1,-1,0.51646876,0.48353127,0.51646876,0.0077057666704316
2025-04-30,INDUSINDBK,-1,1,0.35200447,0.64799553,0.64799553,0.0017324955921891
2025-05-02,INDUSINDBK,-1,1,0.3857476,0.6142524,0.6142524,0.0215290878665985
2025-05-05,INDUSINDBK,-1,1,0.28761858,0.7123814,0.7123814,-0.0113258357975087
2025-05-06,INDUSINDBK,-1,1,0.3123023,0.6876977,0.6876977,-0.0176557569613595
2025-05-07,INDUSINDBK,-1,1,0.27165836,0.72834164,0.72834164,0.0024044241757044
2025-05-08,INDUSINDBK,-1,1,0.1685667,0.8314333,0.8314333,-0.0083952987556747
2025-05-09,INDUSINDBK,-1,1,0.19191247,0.8080875,0.8080875,-0.0104015187625896
2025-05-13,INDUSINDBK,1,1,0.070497155,0.92950284,0.92950284,-0.0233354780140297
2025-05-14,INDUSINDBK,1,1,0.14788413,0.85211587,0.85211587,0.0146084928667091
2025-05-15,INDUSINDBK,1,1,0.134938,0.865062,0.865062,-0.0010878295418133
2025-05-16,INDUSINDBK,1,1,0.087625444,0.91237456,0.91237456,-0.00038435335422
2025-05-19,INDUSINDBK,1,1,0.12230414,0.87769586,0.87769586,0.0049346007763402
2025-05-20,INDUSINDBK,1,1,0.12165415,0.87834585,0.87834585,-0.0022957564198624
2025-05-21,INDUSINDBK,1,1,0.09768772,0.9023123,0.9023123,-0.0157238578369687
2025-05-22,INDUSINDBK,1,1,0.12953752,0.8704625,0.8704625,0.0195467076490181
2025-05-23,INDUSINDBK,1,1,0.14172572,0.8582743,0.8582743,0.0107006680433916
2025-05-26,INDUSINDBK,1,1,0.23359072,0.7664093,0.7664093,0.008444606712513
2025-05-27,INDUSINDBK,1,1,0.22720349,0.7727965,0.7727965,0.0257468282085719
2025-05-28,INDUSINDBK,1,1,0.23726737,0.7627326,0.7627326,-0.0189472250050924
2025-06-02,INDUSINDBK,1,1,0.34494203,0.65505797,0.65505797,-0.0052022766833902
2025-06-03,INDUSINDBK,1,1,0.28819782,0.7118022,0.7118022,-0.0145810710509439
2025-06-04,INDUSINDBK,1,1,0.31266236,0.68733764,0.68733764,0.016857089856465
2025-06-05,INDUSINDBK,1,1,0.35357893,0.6464211,0.6464211,-0.0136918569573034
2025-06-06,INDUSINDBK,1,1,0.49323547,0.50676453,0.50676453,0.0244645954684588
2025-06-10,INDUSINDBK,-1,1,0.37258542,0.6274146,0.6274146,0.0100399965741817
2025-06-11,INDUSINDBK,-1,1,0.41793424,0.58206576,0.58206576,-0.0103544170479814
2025-06-12,INDUSINDBK,1,-1,0.5137256,0.48627442,0.5137256,-0.0076527125102512
2025-06-13,INDUSINDBK,1,1,0.31451613,0.6854839,0.6854839,-0.0157248444923697
2025-06-16,INDUSINDBK,1,1,0.30063963,0.6993604,0.6993604,0.0053865759265112
2025-06-17,INDUSINDBK,1,1,0.227243,0.772757,0.772757,-0.0147336080194063
2025-06-19,INDUSINDBK,1,1,0.24368554,0.75631446,0.75631446,-0.0152851263962374
2025-06-20,INDUSINDBK,1,1,0.2700392,0.7299608,0.7299608,0.0032835820895522
2025-06-23,INDUSINDBK,1,1,0.34689862,0.6531014,0.6531014,-0.0004165136399136
2025-06-24,INDUSINDBK,1,1,0.34364462,0.6563554,0.6563554,-0.0094654268078839
2025-06-25,INDUSINDBK,1,1,0.38724506,0.61275494,0.61275494,-0.0025843192289387
2025-06-26,INDUSINDBK,1,1,0.44560337,0.5543966,0.5543966,0.0075921762902466
2025-07-02,INDUSINDBK,1,1,0.33820236,0.66179764,0.66179764,-0.0243998996332336
2025-07-04,INDUSINDBK,1,1,0.28854108,0.7114589,0.7114589,-0.0071312897031061
2025-07-09,INDUSINDBK,1,1,0.31126028,0.6887397,0.6887397,-0.0112313159238736
2025-07-11,INDUSINDBK,-1,1,0.3993348,0.6006652,0.6006652,0.0070352350023552
2025-07-14,INDUSINDBK,-1,1,0.2720353,0.7279647,0.7279647,0.0101880424389957
2025-07-15,INDUSINDBK,-1,1,0.39039308,0.6096069,0.6096069,0.0154449340607838
2025-07-16,INDUSINDBK,-1,1,0.34196633,0.65803367,0.65803367,-0.0014188422247446
2025-07-17,INDUSINDBK,-1,1,0.33338773,0.66661227,0.66661227,-0.0166524858358197
2025-07-18,INDUSINDBK,-1,1,0.2830044,0.7169956,0.7169956,0.0057218961353902
2025-07-21,INDUSINDBK,-1,1,0.35095876,0.64904124,0.64904124,-0.0129302915439807
2025-07-22,INDUSINDBK,-1,1,0.33549356,0.66450644,0.66450644,-0.018164853059707
2025-07-23,INDUSINDBK,-1,1,0.46465462,0.5353454,0.5353454,0.0094283824619765
2025-07-24,INDUSINDBK,-1,1,0.4696116,0.5303884,0.5303884,-0.0038183632811822
2025-07-25,INDUSINDBK,-1,1,0.4066137,0.5933863,0.5933863,-0.0285411151199748
2025-07-28,INDUSINDBK,-1,1,0.13536716,0.86463284,0.86463284,-0.0262838704543091
2025-07-29,INDUSINDBK,-1,1,0.12542033,0.87457967,0.87457967,0.0076678816877557
2025-07-30,INDUSINDBK,-1,1,0.14749867,0.85250133,0.85250133,-0.007795085001007
2025-07-31,INDUSINDBK,-1,1,0.17778343,0.8222166,0.8222166,-0.0037411147383267
2025-08-04,INDUSINDBK,-1,1,0.17794418,0.8220558,0.8220558,0.0259665372833521
2025-08-05,INDUSINDBK,-1,1,0.30691677,0.6930832,0.6930832,0.0187799724523867
2025-08-06,INDUSINDBK,-1,1,0.22960359,0.7703964,0.7703964,-0.0192883456719992
2025-08-07,INDUSINDBK,-1,1,0.17598563,0.82401437,0.82401437,0.0049791499614879
2025-08-08,INDUSINDBK,-1,1,0.1701476,0.8298524,0.8298524,-0.0308415979833714
2025-08-11,INDUSINDBK,-1,1,0.18222952,0.8177705,0.8177705,0.0010224139312264
2025-08-12,INDUSINDBK,-1,1,0.11053026,0.88946974,0.88946974,-0.0002553618985396
2025-08-13,INDUSINDBK,-1,1,0.14187258,0.8581274,0.8581274,-0.012259722540824
2025-08-14,INDUSINDBK,-1,1,0.12134439,0.8786556,0.8786556,-0.0047837767776011
2025-08-18,INDUSINDBK,-1,1,0.20430887,0.79569113,0.79569113,0.0245534581540272
2025-08-19,INDUSINDBK,-1,1,0.17719328,0.8228067,0.8228067,-0.0039941980809584
2025-08-20,INDUSINDBK,-1,1,0.20409936,0.79590064,0.79590064,-0.0092934281259945
2025-08-21,INDUSINDBK,-1,1,0.15672773,0.84327227,0.84327227,-0.0138139293643959
2025-08-22,INDUSINDBK,-1,1,0.16082734,0.83917266,0.83917266,-0.0095772187167689
2025-08-25,INDUSINDBK,-1,1,0.14139402,0.858606,0.858606,0.0141428763916393
2025-09-01,INDUSINDBK,-1,1,0.110323906,0.8896761,0.8896761,0.0180527053224306
2025-09-02,INDUSINDBK,-1,1,0.109062016,0.890938,0.890938,-0.0021916230755298
2025-09-03,INDUSINDBK,-1,1,0.13232917,0.86767083,0.86767083,0.0224972884774776
2025-09-04,INDUSINDBK,-1,1,0.24308276,0.75691724,0.75691724,-0.0172503585746014
2025-09-05,INDUSINDBK,-1,1,0.1976322,0.8023678,0.8023678,0.0029145025875154
2025-09-08,INDUSINDBK,-1,1,0.32964766,0.67035234,0.67035234,-0.0083217593217789
2025-09-09,INDUSINDBK,1,1,0.27399856,0.72600144,0.72600144,-0.0061271736076423
2025-09-10,INDUSINDBK,-1,1,0.23069268,0.7693073,0.7693073,0.0068350538351082
2025-09-11,INDUSINDBK,-1,1,0.20741373,0.79258627,0.79258627,-0.0035274867408485
2025-09-12,INDUSINDBK,-1,1,0.16162974,0.83837026,0.83837026,-0.0108201654422945
2025-09-15,INDUSINDBK,-1,1,0.24149132,0.7585087,0.7585087,-0.0008102303658845
2025-09-16,INDUSINDBK,-1,1,0.24505949,0.7549405,0.7549405,0.0031760717778033
2025-09-18,INDUSINDBK,1,1,0.2511949,0.7488051,0.7488051,-0.0048710853736539
2025-09-19,INDUSINDBK,-1,1,0.3600459,0.6399541,0.6399541,0.0121694364789972
2025-09-22,INDUSINDBK,1,1,0.34834576,0.65165424,0.65165424,-0.0135680229578764
2025-09-23,INDUSINDBK,-1,1,0.28279287,0.71720713,0.71720713,0.0285305904334809
2025-09-24,INDUSINDBK,1,1,0.4208542,0.5791458,0.5791458,-0.0191989407480966
2025-09-25,INDUSINDBK,1,1,0.31473702,0.685263,0.685263,0.0
2025-09-26,INDUSINDBK,1,1,0.29319316,0.70680684,0.70680684,-0.0377995275059062
2025-09-29,INDUSINDBK,1,1,0.24961728,0.7503827,0.7503827,0.0149421598233077
2025-10-06,INDUSINDBK,1,1,0.4064625,0.5935375,0.5935375,-0.0108376188874812
2025-10-07,INDUSINDBK,1,1,0.46330017,0.53669983,0.53669983,0.0131205361385013
2025-10-08,INDUSINDBK,1,1,0.4589125,0.5410875,0.5410875,-0.0107476472536298
2025-10-09,INDUSINDBK,1,-1,0.59646344,0.40353656,0.59646344,0.0110668899007184
2025-10-10,INDUSINDBK,1,-1,0.64283156,0.35716844,0.64283156,0.0189547496617668
2025-10-13,INDUSINDBK,1,-1,0.70367277,0.2963272,0.70367277,-0.0045194881538141
2025-10-14,INDUSINDBK,1,-1,0.603356,0.39664403,0.603356,-0.0125016445516306
2025-10-15,INDUSINDBK,1,-1,0.58861804,0.411382,0.58861804,-0.0137260774160656
2025-10-16,INDUSINDBK,1,-1,0.5029787,0.4970213,0.5029787,-0.0008106682958103
2025-10-17,INDUSINDBK,1,-1,0.5710249,0.4289751,0.5710249,0.015551048005409
2025-10-20,INDUSINDBK,1,-1,0.5351109,0.4648891,0.5351109,0.0116511318242342
2025-10-21,INDUSINDBK,1,-1,0.5125092,0.48749074,0.5125092,-0.0017110731069019
2025-10-23,INDUSINDBK,1,1,0.38044935,0.61955065,0.61955065,0.001516201938688
2025-10-24,INDUSINDBK,1,1,0.30780733,0.6921927,0.6921927,-0.0059899788562512
2025-10-27,INDUSINDBK,1,1,0.23797154,0.76202846,0.76202846,0.0198662343454179
2025-10-28,INDUSINDBK,1,1,0.24065906,0.75934094,0.75934094,0.0385689405595006
2025-10-29,INDUSINDBK,1,1,0.26777923,0.73222077,0.73222077,0.0096280240162942
2025-10-30,INDUSINDBK,1,1,0.16200578,0.8379942,0.8379942,-0.008050033936136
2025-10-31,INDUSINDBK,1,1,0.18097532,0.8190247,0.8190247,-0.0076784122858254
2025-11-03,INDUSINDBK,1,1,0.19037771,0.8096223,0.8096223,0.0026422202482982
2025-11-04,INDUSINDBK,1,1,0.3644969,0.6355031,0.6355031,-0.0084075944306283
2025-11-06,INDUSINDBK,1,1,0.28760225,0.71239775,0.71239775,-0.0050620095396202
2025-11-07,INDUSINDBK,1,1,0.46894026,0.53105974,0.53105974,0.0140549321055707
2025-11-10,INDUSINDBK,1,1,0.4705552,0.5294448,0.5294448,0.0026340239397146
2025-11-11,INDUSINDBK,1,-1,0.50050795,0.49949208,0.50050795,0.033464691082766
2025-11-12,INDUSINDBK,-1,1,0.4192909,0.5807091,0.5807091,0.0463624863333997
2025-11-14,INDUSINDBK,1,1,0.33228254,0.66771746,0.66771746,-0.0176038126030934
2025-11-19,INDUSINDBK,1,1,0.17962778,0.8203722,0.8203722,-0.0098473217770943
2025-11-20,INDUSINDBK,1,1,0.1814546,0.8185454,0.8185454,-0.0121485844074217
2025-11-21,INDUSINDBK,1,1,0.22970152,0.7702985,0.7702985,0.0206775535014265
2025-11-26,INDUSINDBK,-1,1,0.23901081,0.7609892,0.7609892,0.0128586587439416
2025-11-27,INDUSINDBK,-1,1,0.26915145,0.73084855,0.73084855,0.0079346419456232
2025-11-28,INDUSINDBK,-1,1,0.22371578,0.7762842,0.7762842,0.0012828451458135
2025-12-03,INDUSINDBK,-1,-1,0.5128863,0.48711368,0.5128863,-0.0039985457223528
2025-12-04,INDUSINDBK,-1,-1,0.5959232,0.40407684,0.5959232,0.0190104795392778
2025-12-05,INDUSINDBK,-1,-1,0.7214261,0.2785739,0.7214261,0.0082270864263469
2025-12-08,INDUSINDBK,1,-1,0.6209748,0.37902522,0.6209748,-0.032984659208326
2025-12-10,INDUSINDBK,1,-1,0.71758085,0.28241915,0.71758085,-0.0124356017097218
2025-12-11,INDUSINDBK,1,-1,0.6961566,0.30384338,0.6961566,0.0020387506827432
2025-12-12,INDUSINDBK,-1,-1,0.8051455,0.19485448,0.8051455,0.0126862985769322
2025-12-15,INDUSINDBK,-1,-1,0.6813812,0.31861877,0.6813812,0.0060272710970719
2025-12-16,INDUSINDBK,1,-1,0.7020172,0.29798278,0.7020172,-0.0072834210948972
2025-12-17,INDUSINDBK,1,-1,0.6255975,0.3744025,0.6255975,-0.0132536682667524
2025-12-18,INDUSINDBK,1,-1,0.6382803,0.36171976,0.6382803,0.0012592778783582
2025-12-19,INDUSINDBK,1,1,0.47871095,0.52128905,0.52128905,0.0117379177223602
2025-12-22,INDUSINDBK,1,1,0.31088805,0.68911195,0.68911195,0.013851085637446
2025-12-23,INDUSINDBK,1,1,0.38754052,0.6124595,0.6124595,-0.0075899110400506
2025-12-24,INDUSINDBK,1,1,0.37329054,0.62670946,0.62670946,-0.0021767696999057
2025-12-26,INDUSINDBK,1,1,0.36768913,0.63231087,0.63231087,0.00212250199738
2025-12-29,INDUSINDBK,1,1,0.3751868,0.6248132,0.6248132,-0.0120609522791749
2025-12-30,INDUSINDBK,1,1,0.4099447,0.5900553,0.5900553,0.0022630115165696
2025-12-31,INDUSINDBK,1,-1,0.51593256,0.48406744,0.51593256,0.0269756532466205
2026-01-01,INDUSINDBK,1,1,0.48659587,0.51340413,0.51340413,0.0300856279018095
2026-01-02,INDUSINDBK,1,1,0.43004316,0.56995684,0.56995684,0.0137609524062229
2026-01-05,INDUSINDBK,1,1,0.46378964,0.53621036,0.53621036,-0.002770236540732
2026-01-06,INDUSINDBK,-1,1,0.49846226,0.50153774,0.50153774,0.0158897578743284
2026-01-07,INDUSINDBK,1,1,0.46049923,0.5395008,0.5395008,-0.0179382274148892
2026-01-08,INDUSINDBK,1,1,0.33025527,0.66974473,0.66974473,-0.0160382733980795
2026-01-09,INDUSINDBK,1,1,0.39707118,0.6029288,0.6029288,-0.0013583249651368
2026-01-12,INDUSINDBK,-1,1,0.49982083,0.5001792,0.5001792,0.0262964150830617
2026-01-13,INDUSINDBK,-1,1,0.46502507,0.53497493,0.53497493,0.0056325313569838
2026-01-14,INDUSINDBK,-1,1,0.48638648,0.5136135,0.5136135,0.037285171228568
2026-01-15,INDUSINDBK,-1,1,0.45115817,0.54884183,0.54884183,0.0
2026-01-16,INDUSINDBK,-1,-1,0.6235223,0.3764777,0.6235223,0.0098993918326495
2026-01-19,INDUSINDBK,-1,-1,0.55673367,0.44326633,0.55673367,-0.0042459379322004
2026-01-20,INDUSINDBK,1,1,0.4195984,0.5804016,0.5804016,-0.0470098588679269
2026-01-23,INDUSINDBK,1,1,0.40375763,0.59624237,0.59624237,-0.0110809461629282
2026-01-27,INDUSINDBK,1,1,0.19462901,0.805371,0.805371,0.0025771614785246
2026-01-28,INDUSINDBK,1,1,0.24624383,0.75375617,0.75375617,0.0077675464733515
2026-01-29,INDUSINDBK,1,1,0.26211154,0.73788846,0.73788846,-0.0036597402110393
2026-01-30,INDUSINDBK,1,1,0.35797155,0.64202845,0.64202845,-0.0025601611371561
2026-02-02,INDUSINDBK,1,1,0.3613482,0.6386518,0.6386518,0.0157906760401485
2026-02-03,INDUSINDBK,1,1,0.45167392,0.5483261,0.5483261,0.0133480081450838
2026-02-04,INDUSINDBK,1,1,0.41655946,0.58344054,0.58344054,-0.0011925808672788
2026-02-05,INDUSINDBK,1,-1,0.56626356,0.4337364,0.56626356,-0.0074893774778349
2026-02-06,INDUSINDBK,1,-1,0.6221371,0.37786287,0.6221371,-0.0118110767057837
2026-02-11,INDUSINDBK,1,-1,0.799901,0.20009896,0.799901,-0.0028029060525741
2026-02-12,INDUSINDBK,1,-1,0.7071104,0.2928896,0.7071104,-0.0024864732896959
2026-02-13,INDUSINDBK,1,-1,0.7174853,0.28251466,0.7174853,0.0036306226743452
2026-02-16,INDUSINDBK,1,-1,0.6376024,0.3623976,0.6376024,0.006317193130185
2026-02-17,INDUSINDBK,-1,-1,0.8137659,0.1862341,0.8137659,0.0127695708414521
2026-02-18,INDUSINDBK,-1,-1,0.807648,0.192352,0.807648,0.0009006533503794
2026-02-19,INDUSINDBK,-1,-1,0.75072956,0.24927045,0.75072956,-0.018313712360147
2026-02-20,INDUSINDBK,-1,-1,0.5812464,0.41875365,0.5812464,-0.0014018308375404
2026-02-23,INDUSINDBK,-1,-1,0.7511086,0.2488914,0.7511086,-0.0068030752940058
2026-02-24,INDUSINDBK,-1,-1,0.7400342,0.25996578,0.7400342,0.0126665120022424
2026-02-25,INDUSINDBK,-1,-1,0.58884716,0.4111528,0.58884716,0.0063881801759861
2026-02-26,INDUSINDBK,-1,-1,0.74440897,0.25559103,0.74440897,0.0290713188347457
2026-02-27,INDUSINDBK,-1,-1,0.82110846,0.17889154,0.82110846,-0.0081380632227043
2026-03-02,INDUSINDBK,-1,-1,0.72509,0.27491,0.72509,-0.0148941729814475
2026-03-04,INDUSINDBK,-1,-1,0.7709905,0.22900948,0.7709905,-0.0158620819172745
2026-03-05,INDUSINDBK,-1,-1,0.798547,0.20145297,0.798547,0.0104037782772483
2026-03-06,INDUSINDBK,-1,-1,0.8326497,0.1673503,0.8326497,-0.0206466457202939
2026-03-09,INDUSINDBK,-1,1,0.36726654,0.63273346,0.63273346,-0.0399302329942424
2026-03-10,INDUSINDBK,-1,-1,0.6831603,0.31683972,0.6831603,0.0198592825210817
2026-03-11,INDUSINDBK,-1,1,0.48397577,0.51602423,0.51602423,-0.0239790669859302
2026-03-12,INDUSINDBK,-1,1,0.4733792,0.5266208,0.5266208,-0.0522146127268473
2026-03-13,INDUSINDBK,-1,1,0.4472854,0.5527146,0.5527146,-0.0203884665539667
2026-03-16,INDUSINDBK,-1,1,0.4050594,0.5949406,0.5949406,0.013077066625297
2026-03-17,INDUSINDBK,-1,-1,0.6026163,0.39738372,0.6026163,-0.0050906154404855
2026-03-18,INDUSINDBK,-1,-1,0.6227615,0.3772385,0.6227615,0.0259487719578972
2026-03-19,INDUSINDBK,-1,-1,0.56526184,0.4347382,0.56526184,-0.0306952869105231
2026-03-20,INDUSINDBK,1,-1,0.5465108,0.45348915,0.5465108,0.0028175766597611
2026-03-23,INDUSINDBK,1,-1,0.54531604,0.45468396,0.54531604,-0.0491693149284421
2026-03-24,INDUSINDBK,1,-1,0.5070723,0.4929277,0.5070723,0.0242821674142594
2026-03-27,INDUSINDBK,1,1,0.490731,0.509269,0.509269,-0.0315860653103
2026-03-30,INDUSINDBK,1,1,0.4299904,0.5700096,0.5700096,-0.0505961468722052
2026-04-01,INDUSINDBK,1,1,0.3308469,0.6691531,0.6691531,0.0441225485659191
2026-04-02,INDUSINDBK,1,1,0.45838505,0.54161495,0.54161495,-0.0088461935862785
2026-04-06,INDUSINDBK,1,1,0.32838136,0.67161864,0.67161864,0.0096314368594179
2026-04-07,INDUSINDBK,1,1,0.3438841,0.6561159,0.6561159,-0.0017807484003113
2026-04-08,INDUSINDBK,1,1,0.38052207,0.6194779,0.6194779,0.0651758731010021
2026-04-09,INDUSINDBK,1,1,0.4305539,0.5694461,0.5694461,-0.0255996460333355
2026-04-10,INDUSINDBK,1,1,0.09625757,0.90374243,0.90374243,0.0200724778910061
2026-04-13,INDUSINDBK,1,1,0.117911935,0.88208807,0.88208807,-0.0144421707153784
2026-04-15,INDUSINDBK,1,1,0.13556069,0.8644393,0.8644393,0.025888326462127
2026-04-16,INDUSINDBK,1,1,0.16177249,0.8382275,0.8382275,0.0092846673667437
2025-01-01,INFY,1,1,0.4393819,0.5606181,0.5606181,0.0013297652758048
2025-01-02,INFY,-1,1,0.49631357,0.5036864,0.5036864,0.0400265853572232
2025-01-03,INFY,-1,1,0.49995637,0.50004363,0.50004363,-0.009755615320495
2025-01-06,INFY,-1,-1,0.5491774,0.45082262,0.5491774,-0.0004641597072423
2025-01-07,INFY,-1,-1,0.5937002,0.40629986,0.5937002,-0.003612268716317
2025-01-08,INFY,-1,-1,0.5746462,0.42535383,0.5746462,0.0011911837561069
2025-01-09,INFY,-1,-1,0.58199203,0.418008,0.58199203,-0.0081989866960047
2025-01-10,INFY,-1,-1,0.6315721,0.3684279,0.6315721,0.0258956717243767
2025-01-13,INFY,-1,1,0.4697259,0.5302741,0.5302741,-0.0024148729027209
2025-01-14,INFY,-1,-1,0.6062554,0.39374456,0.6062554,-0.0112882747750396
2025-01-15,INFY,-1,-1,0.56439006,0.4356099,0.56439006,0.004948280229359
2025-01-16,INFY,-1,-1,0.55945814,0.44054186,0.55945814,-0.0108737806247523
2025-01-17,INFY,1,1,0.40386087,0.59613913,0.59613913,-0.0585962787640301
2025-01-20,INFY,1,1,0.45695257,0.5430474,0.5430474,-0.0011842418162805
2025-01-21,INFY,1,1,0.44456297,0.555437,0.555437,-0.006948705669884
2025-01-22,INFY,1,-1,0.54999995,0.45000002,0.54999995,0.0309602084855191
2025-01-23,INFY,1,-1,0.61242664,0.3875734,0.61242664,0.0048479094338376
2025-01-24,INFY,1,-1,0.55598485,0.44401518,0.55598485,0.0053606832428825
2025-01-27,INFY,1,1,0.44446826,0.55553174,0.55553174,-0.0284998529360221
2025-01-28,INFY,1,1,0.43603903,0.56396097,0.56396097,0.0042536283869543
2025-01-31,INFY,-1,1,0.48000014,0.51999986,0.51999986,0.0106723871494289
2025-02-03,INFY,-1,-1,0.56142133,0.43857867,0.56142133,0.0064547795109748
2025-02-04,INFY,-1,-1,0.5827782,0.41722178,0.5827782,0.0190522269676796
2025-02-05,INFY,-1,-1,0.56573147,0.43426853,0.56573147,-0.0009216392814788
2025-02-06,INFY,-1,-1,0.60557985,0.39442015,0.60557985,0.0098046639780378
2025-02-07,INFY,-1,-1,0.62083036,0.37916964,0.62083036,-0.0062641673331396
2025-02-10,INFY,-1,-1,0.5864974,0.41350254,0.5864974,-0.0122659088742367
2025-02-11,INFY,-1,-1,0.5831964,0.41680357,0.5831964,-0.0024730180813462
2025-02-12,INFY,-1,-1,0.7056147,0.29438528,0.7056147,-0.006664379918906
2025-02-13,INFY,-1,-1,0.6508858,0.34911418,0.6508858,-0.0106808375379413
2025-02-14,INFY,-1,-1,0.7246405,0.27535948,0.7246405,0.0071341113797696
2025-02-17,INFY,-1,-1,0.6563518,0.3436482,0.6563518,-0.0075952717933476
2025-02-18,INFY,-1,-1,0.61427796,0.385722,0.61427796,0.0052379812446434
2025-02-19,INFY,-1,-1,0.6319449,0.36805508,0.6319449,-0.022219803205937
2025-02-20,INFY,-1,-1,0.5972017,0.40279832,0.5972017,0.0079246580020333
2025-02-21,INFY,-1,-1,0.57535136,0.4246486,0.57535136,-0.0055612006833282
2025-02-24,INFY,-1,-1,0.6462469,0.35375306,0.6462469,-0.0280441143527451
2025-02-25,INFY,-1,-1,0.61699694,0.38300306,0.61699694,0.0020406640953476
2025-02-27,INFY,-1,-1,0.5720589,0.4279411,0.5720589,-0.0019233175681632
2025-02-28,INFY,-1,1,0.49667966,0.50332034,0.50332034,-0.0434166999757581
2025-03-03,INFY,-1,1,0.40697408,0.5930259,0.5930259,0.0123836798245606
2025-03-04,INFY,-1,-1,0.5486914,0.45130858,0.5486914,-0.0118809559345527
2025-03-05,INFY,-1,-1,0.63285923,0.36714074,0.63285923,0.0137415931928301
2025-03-06,INFY,-1,-1,0.69325805,0.30674195,0.69325805,0.002541636546341
2025-03-07,INFY,-1,-1,0.6859323,0.31406775,0.6859323,-0.0173965909561195
2025-03-10,INFY,-1,-1,0.6563209,0.34367907,0.6563209,0.0091636697706465
2025-03-11,INFY,-1,-1,0.6876417,0.31235832,0.6876417,-0.0234212149664775
2025-03-17,INFY,-1,1,0.4440995,0.5559005,0.5559005,0.0064564189730476
2025-03-18,INFY,-1,1,0.4517147,0.5482853,0.5482853,0.0
2025-03-19,INFY,-1,-1,0.52835375,0.47164625,0.52835375,-0.0022011994988018
2025-03-20,INFY,-1,-1,0.589422,0.410578,0.589422,0.018278620812907
2025-03-21,INFY,-1,-1,0.5448138,0.4551862,0.5448138,-0.0142366196196955
2025-03-24,INFY,-1,1,0.49503785,0.50496215,0.50496215,0.0001255605735064
2025-03-25,INFY,-1,-1,0.5825671,0.4174329,0.5825671,0.0224139702413821
2025-03-26,INFY,-1,1,0.46717346,0.53282654,0.53282654,-0.0178083144365824
2025-03-27,INFY,-1,1,0.4199552,0.5800448,0.5800448,0.0025634771572127
2025-03-28,INFY,-1,1,0.3708229,0.6291771,0.6291771,-0.0205169853943548
2025-04-01,INFY,-1,1,0.43141735,0.56858265,0.56858265,-0.028109470432211
2025-04-02,INFY,-1,1,0.40199113,0.5980089,0.5980089,0.0154930429796029
2025-04-03,INFY,-1,1,0.31224197,0.687758,0.687758,-0.0346095588567951
2025-04-04,INFY,1,1,0.3411507,0.6588493,0.6588493,-0.029969891533936
2025-04-07,INFY,1,1,0.3138196,0.6861804,0.6861804,-0.0378190665015887
2025-04-08,INFY,1,1,0.39756072,0.6024393,0.6024393,0.0229461385228455
2025-04-09,INFY,1,-1,0.5473876,0.4526124,0.5473876,-0.017567281209237
2025-04-11,INFY,1,-1,0.57640696,0.423593,0.57640696,0.0040963119493313
2025-04-15,INFY,1,-1,0.58978903,0.410211,0.58978903,0.011742205265351
2025-04-16,INFY,1,-1,0.6348493,0.36515072,0.6348493,-0.0090463487882176
2025-04-17,INFY,1,1,0.38357872,0.6164213,0.6164213,0.0045291564613967
2025-04-21,INFY,1,1,0.4434898,0.5565102,0.5565102,0.0221909340616772
2025-04-22,INFY,1,1,0.29723525,0.70276475,0.70276475,-0.0194348548557427
2025-04-23,INFY,1,1,0.40311104,0.59688896,0.59688896,0.0366179075688344
2025-04-24,INFY,1,1,0.39399338,0.6060066,0.6060066,-0.0023730540092197
2025-04-25,INFY,1,1,0.40359288,0.5964071,0.5964071,0.0059806576118148
2025-04-28,INFY,1,1,0.48031503,0.519685,0.519685,0.0012835755147759
2025-04-29,INFY,1,-1,0.60061383,0.39938617,0.60061383,0.0103906973786027
2025-04-30,INFY,1,1,0.37810397,0.621896,0.621896,0.0017362285527053
2025-05-02,INFY,1,1,0.30291927,0.69708073,0.69708073,0.0045330801745668
2025-05-05,INFY,1,1,0.31489915,0.68510085,0.68510085,0.0011280517657743
2025-05-06,INFY,1,1,0.31934673,0.6806533,0.6806533,0.0019224003419748
2025-05-07,INFY,1,1,0.3087737,0.6912263,0.6912263,-0.0021171103526621
2025-05-08,INFY,1,1,0.24632269,0.7536773,0.7536773,0.0020552733113532
2025-05-09,INFY,1,1,0.21964073,0.78035927,0.78035927,-0.0025142401539661
2025-05-12,INFY,-1,1,0.26123023,0.73876977,0.73876977,0.0791324611615564
2025-05-14,INFY,-1,1,0.35853374,0.64146626,0.64146626,0.0151728099937382
2025-05-15,INFY,-1,1,0.43684298,0.563157,0.563157,0.0129364834880179
2025-05-22,INFY,1,1,0.2591412,0.7408588,0.7408588,-0.0133885745146965
2025-05-23,INFY,1,1,0.29464298,0.705357,0.705357,0.0111793214390338
2025-05-27,INFY,1,1,0.25505435,0.74494565,0.74494565,-0.0065802019164873
2025-05-28,INFY,1,1,0.25762457,0.74237543,0.74237543,0.0010828053519897
2025-05-29,INFY,1,1,0.33077753,0.6692225,0.6692225,0.008779651684537
2025-05-30,INFY,1,1,0.3374058,0.6625942,0.6625942,-0.0005755446550045
2025-06-02,INFY,1,1,0.40925735,0.59074265,0.59074265,-0.0056952329815764
2025-06-03,INFY,1,1,0.41434175,0.58565825,0.58565825,-0.0069507337036243
2025-06-04,INFY,1,1,0.33279395,0.66720605,0.66720605,0.0053142791139939
2025-06-05,INFY,1,1,0.3521977,0.6478023,0.6478023,0.0019985095671264
2025-06-06,INFY,1,-1,0.5247607,0.47523928,0.5247607,0.0061121105125334
2025-06-09,INFY,1,1,0.26548767,0.7345123,0.7345123,0.0058191442339843
2025-06-10,INFY,-1,1,0.22255415,0.77744585,0.77744585,0.014686255064056
2025-06-11,INFY,-1,1,0.38440216,0.61559784,0.61559784,0.0219924276028136
2025-06-16,INFY,-1,1,0.3085835,0.6914165,0.6914165,0.0136080768044701
2025-06-17,INFY,-1,1,0.2926395,0.7073605,0.7073605,0.0099149722171338
2025-06-18,INFY,-1,1,0.3173669,0.6826331,0.6826331,-0.0042685252210973
2025-06-20,INFY,1,1,0.22674382,0.7732562,0.7732562,0.0027805113022407
2025-06-23,INFY,1,1,0.37165093,0.62834907,0.62834907,-0.0239694438924671
2025-06-24,INFY,1,1,0.37070984,0.62929016,0.62929016,-0.0015152020183288
2025-06-25,INFY,1,1,0.38233846,0.61766154,0.61766154,0.0210546747935465
2025-06-27,INFY,-1,1,0.36509025,0.63490975,0.63490975,-0.0049505068195248
2025-06-30,INFY,-1,1,0.28970194,0.71029806,0.71029806,-0.0038556766522145
2025-07-01,INFY,-1,1,0.30650896,0.69349104,0.69349104,0.003121534331268
2025-07-03,INFY,-1,1,0.28810143,0.71189857,0.71189857,0.005091544446949
2025-07-04,INFY,-1,1,0.31739122,0.6826088,0.6826088,0.0135911090352935
2025-07-07,INFY,-1,1,0.22556514,0.77443486,0.77443486,-0.0083500050914204
2025-07-08,INFY,-1,1,0.28677452,0.7132255,0.7132255,0.0071910556065895
2025-07-09,INFY,-1,1,0.29392117,0.7060788,0.7060788,-0.0030511686780767
2025-07-10,INFY,-1,1,0.38214248,0.6178575,0.6178575,-0.0109566628990058
2025-07-11,INFY,-1,1,0.30409634,0.69590366,0.69590366,-0.0129348260634383
2025-07-14,INFY,-1,1,0.3185526,0.6814474,0.6814474,-0.0154241157811138
2025-07-15,INFY,-1,1,0.3914292,0.6085708,0.6085708,0.0097433009922069
2025-07-16,INFY,-1,1,0.2956915,0.7043085,0.7043085,0.0140641455039687
2025-07-17,INFY,-1,1,0.27417976,0.72582024,0.72582024,-0.0151750775110532
2025-07-18,INFY,-1,1,0.23856962,0.7614304,0.7614304,0.0016418501554422
2025-07-21,INFY,-1,1,0.35125417,0.64874583,0.64874583,-0.0011347602410705
2025-07-22,INFY,-1,1,0.34018272,0.6598173,0.6598173,-0.0084580214419347
2025-07-23,INFY,-1,-1,0.58480334,0.41519663,0.58480334,0.0022916379515001
2025-07-24,INFY,-1,1,0.49340206,0.50659794,0.50659794,-0.0139726442977047
2025-07-25,INFY,-1,1,0.3419112,0.6580888,0.6580888,-0.0237037750202234
2025-07-28,INFY,-1,1,0.30699593,0.6930041,0.6930041,0.0001979656231592
2025-07-29,INFY,-1,1,0.22536284,0.77463716,0.77463716,-0.0015171907820399
2025-07-30,INFY,-1,1,0.19424802,0.805752,0.805752,0.0035014405245969
2025-07-31,INFY,-1,1,0.21818477,0.78181523,0.78181523,-0.0065832937813514
2025-08-01,INFY,-1,1,0.23296106,0.76703894,0.76703894,-0.0261100759584661
2025-08-04,INFY,-1,1,0.3010099,0.6989901,0.6989901,0.0074170316204029
2025-08-05,INFY,1,1,0.34129858,0.6587014,0.6587014,-0.0136440128431177
2025-08-06,INFY,1,1,0.24336052,0.7566395,0.7566395,-0.0161611345325737
2025-08-07,INFY,1,1,0.3388636,0.6611364,0.6611364,0.0001392341226085
2025-08-08,INFY,1,1,0.34831077,0.65168923,0.65168923,-0.0096040056582942
2025-08-11,INFY,1,1,0.3762666,0.6237334,0.6237334,0.0035837037237023
2025-08-12,INFY,1,1,0.26238543,0.7376146,0.7376146,-0.0028706795318467
2025-08-13,INFY,1,1,0.22877204,0.77122796,0.77122796,0.0017554770431189
2025-08-14,INFY,1,1,0.24976116,0.75023884,0.75023884,0.0147903283047341
2025-08-18,INFY,1,1,0.28902,0.71098,0.71098,-0.0082198566374952
2025-08-19,INFY,1,1,0.2340864,0.7659136,0.7659136,0.0029252312851621
2025-08-20,INFY,-1,1,0.41253287,0.58746713,0.58746713,0.0390277221558201
2025-08-21,INFY,-1,1,0.3746271,0.6253729,0.6253729,0.0001336971375476
2025-08-22,INFY,-1,1,0.3815037,0.6184963,0.6184963,-0.0059476505703524
2025-08-25,INFY,-1,1,0.24274385,0.75725615,0.75725615,0.0299831734484599
2025-08-29,INFY,1,1,0.25745785,0.74254215,0.74254215,-0.0203320056763615
2025-09-02,INFY,1,1,0.29509783,0.7049022,0.7049022,-0.0004669412767409
2025-09-03,INFY,1,1,0.2782759,0.7217241,0.7217241,-0.01307798262554
2025-09-04,INFY,1,1,0.31068665,0.68931335,0.68931335,-0.0108849522669931
2025-09-05,INFY,1,1,0.25139976,0.74860024,0.74860024,-0.0125769769170061
2025-09-08,INFY,1,1,0.22078192,0.7792181,0.7792181,-0.0080990229095104
2025-09-10,INFY,-1,1,0.36629498,0.633705,0.633705,0.0188127357585832
2025-09-11,INFY,-1,1,0.34013683,0.6598632,0.6598632,-0.014941992214951
2025-09-12,INFY,-1,1,0.30125058,0.6987494,0.6987494,0.0105319069024385
2025-09-15,INFY,-1,1,0.36889815,0.63110185,0.63110185,-0.0112741823766373
2025-09-16,INFY,-1,1,0.36553782,0.6344622,0.6344622,0.001922600202769
2025-09-17,INFY,-1,1,0.42415637,0.57584363,0.57584363,0.0073446583438139
2025-09-18,INFY,-1,1,0.48404574,0.51595426,0.51595426,0.0119547788505123
2025-09-19,INFY,-1,-1,0.54530156,0.4546984,0.54530156,-0.0002596879786187
2025-09-22,INFY,-1,1,0.49896514,0.50103486,0.50103486,-0.0264251263008492
2025-09-24,INFY,1,1,0.42880887,0.57119113,0.57119113,-0.0019365945102648
2025-09-25,INFY,1,1,0.41848117,0.5815188,0.5815188,-0.0065568463318852
2025-09-26,INFY,1,1,0.25573814,0.74426186,0.74426186,-0.0241783841027452
2025-09-29,INFY,1,1,0.2744882,0.7255118,0.7255118,-0.0049002508207145
2025-09-30,INFY,1,1,0.33827043,0.6617296,0.6617296,0.0
2025-10-01,INFY,1,1,0.35978383,0.6402162,0.6402162,0.0027743164010116
2025-10-06,INFY,-1,1,0.37378865,0.62621135,0.62621135,0.0203235747092322
2025-10-07,INFY,1,1,0.44272375,0.55727625,0.55727625,-0.0118564174321471
2025-10-08,INFY,1,-1,0.5709436,0.42905638,0.5709436,0.0250257501797903
2025-10-09,INFY,1,-1,0.64333034,0.35666966,0.64333034,0.0095652772972893
2025-10-10,INFY,1,-1,0.57168436,0.42831564,0.57168436,0.0037102885678719
2025-10-13,INFY,1,-1,0.6869525,0.31304756,0.6869525,-0.0143244564197392
2025-10-14,INFY,1,-1,0.6580172,0.34198278,0.6580172,-0.0022099369555825
2025-10-15,INFY,1,-1,0.6684822,0.3315178,0.6684822,-0.0104033447492477
2025-10-16,INFY,1,-1,0.5815377,0.41846228,0.5815377,-0.0019669357420863
2025-10-17,INFY,1,-1,0.5256064,0.47439364,0.5256064,-0.0206592058971916
2025-10-20,INFY,1,-1,0.5103423,0.4896577,0.5103423,0.0137395110620626
2025-10-21,INFY,1,-1,0.54694283,0.4530572,0.54694283,0.0078718994872761
2025-10-23,INFY,-1,1,0.40534616,0.59465384,0.59465384,0.0381009916471606
2025-10-27,INFY,1,1,0.19443578,0.8055642,0.8055642,0.0013977473055197
2025-10-28,INFY,1,1,0.15485853,0.8451415,0.8451415,-0.0028581248442173
2025-10-29,INFY,1,1,0.17665708,0.8233429,0.8233429,0.0067991424971183
2025-10-31,INFY,1,1,0.22492212,0.7750779,0.7750779,-0.0076984868282884
2025-11-04,INFY,1,1,0.3065738,0.6934262,0.6934262,-0.0118478462375883
2025-11-06,INFY,1,1,0.32662165,0.67337835,0.67337835,-0.0008175442620259
2025-11-07,INFY,1,1,0.40232176,0.59767824,0.59767824,0.0068862739432016
2025-11-10,INFY,1,1,0.46738803,0.53261197,0.53261197,0.0248509953673128
2025-11-13,INFY,1,1,0.36122054,0.63877946,0.63877946,-0.0063800365117453
2025-11-14,INFY,1,1,0.2865907,0.7134093,0.7134093,-0.0252951088110566
2025-11-17,INFY,1,1,0.31375617,0.68624383,0.68624383,0.0031939889551877
2025-11-18,INFY,1,1,0.45081466,0.54918534,0.54918534,-0.0140620532735386
2025-11-19,INFY,1,1,0.3580662,0.6419338,0.6419338,0.0368002894735135
2025-11-20,INFY,1,1,0.25755215,0.74244785,0.74244785,-0.0029848651345208
2025-11-21,INFY,1,1,0.29127133,0.7087287,0.7087287,0.0055320533680442
2025-11-24,INFY,1,1,0.3752998,0.6247002,0.6247002,0.0019417475728156
2025-11-25,INFY,1,1,0.37348348,0.6265165,0.6265165,-0.0112403258488775
2025-11-26,INFY,1,1,0.42618316,0.57381684,0.57381684,0.0178361748749369
2025-11-27,INFY,1,1,0.44276142,0.5572386,0.5572386,0.0054560625629342
2025-11-28,INFY,1,1,0.34241426,0.65758574,0.65758574,-0.0040219922943895
2025-12-01,INFY,1,1,0.33914584,0.66085416,0.66085416,0.0024998554420192
2025-12-02,INFY,1,-1,0.6507501,0.3492499,0.6507501,-0.0019181585677748
2025-12-03,INFY,1,-1,0.71415484,0.2858452,0.71415484,0.0113388540498879
2025-12-04,INFY,1,-1,0.6963891,0.30361092,0.6963891,0.0119718914287878
2025-12-05,INFY,1,-1,0.73704135,0.26295868,0.73704135,0.0116424485917481
2025-12-08,INFY,1,-1,0.74504054,0.25495946,0.74504054,-0.003341110324768
2025-12-09,INFY,1,-1,0.75689006,0.24310996,0.75689006,-0.0073255826113921
2025-12-10,INFY,1,-1,0.637912,0.36208802,0.637912,-0.0088805198073014
2025-12-11,INFY,1,-1,0.705714,0.29428598,0.705714,0.0083290956367876
2025-12-12,INFY,1,-1,0.72617424,0.2738258,0.72617424,0.000125125889784
2025-12-15,INFY,1,-1,0.6074838,0.3925162,0.6074838,0.0053811149536977
2025-12-16,INFY,1,-1,0.6772857,0.3227143,0.6772857,-0.0086507493102206
2025-12-17,INFY,1,-1,0.5674864,0.43251362,0.5674864,0.0057128353609541
2025-12-18,INFY,1,-1,0.6198733,0.38012668,0.6198733,0.0154806796679931
2025-12-19,INFY,-1,1,0.47836035,0.52163965,0.52163965,0.0073149139332286
2025-12-22,INFY,-1,1,0.44244713,0.5575529,0.5575529,0.0310612228783326
2025-12-23,INFY,-1,1,0.42460632,0.5753937,0.5753937,-0.0126064909242353
2025-12-24,INFY,-1,1,0.33897972,0.6610203,0.6610203,-0.0029371361689429
2025-12-26,INFY,-1,1,0.31988198,0.680118,0.680118,-0.0043886309492489
2025-12-29,INFY,-1,1,0.3761177,0.6238823,0.6238823,-0.0068836571355114
2025-12-30,INFY,-1,1,0.2921452,0.7078548,0.7078548,-0.014045100183458
2025-12-31,INFY,-1,1,0.28720814,0.71279186,0.71279186,-0.0038233542582749
2026-01-01,INFY,-1,1,0.39606166,0.60393834,0.60393834,0.0089142157957349
2026-01-02,INFY,1,1,0.395172,0.604828,0.604828,0.0065038503303267
2026-01-05,INFY,1,1,0.49644053,0.50355947,0.50355947,-0.0207266517276141
2026-01-06,INFY,1,-1,0.53192294,0.46807703,0.53192294,0.0036105121200604
2026-01-07,INFY,1,-1,0.71399385,0.28600615,0.71399385,0.0166232785261186
2026-01-08,INFY,1,1,0.39201885,0.60798115,0.60798115,-0.0156802630700885
2026-01-09,INFY,1,1,0.41453874,0.58546126,0.58546126,0.0004958326000135
2026-01-12,INFY,1,1,0.4844793,0.5155207,0.5155207,-0.0112756033995157
2026-01-13,INFY,1,-1,0.57013875,0.42986125,0.57013875,0.001942462271141
2026-01-14,INFY,1,-1,0.54216135,0.45783865,0.54216135,0.0005003432320982
2026-01-15,INFY,1,1,0.4892912,0.5107088,0.5107088,0.0
2026-01-16,INFY,-1,1,0.48784113,0.5121589,0.5121589,0.0562570304119731
2026-01-19,INFY,-1,1,0.44048357,0.55951643,0.55951643,-0.0050894173320767
2026-01-20,INFY,-1,1,0.44560528,0.5543947,0.5543947,-0.0132642918186313
2026-01-21,INFY,-1,1,0.44532323,0.5546768,0.5546768,-0.0027126408667028
2026-01-22,INFY,-1,1,0.30333114,0.69666886,0.69666886,0.005500468720774
2026-01-23,INFY,-1,1,0.4461745,0.5538255,0.5538255,0.0043883671945446
2026-01-27,INFY,-1,1,0.4197983,0.5802017,0.5802017,0.0071222779482778
2026-01-28,INFY,-1,1,0.32169914,0.67830086,0.67830086,-0.0096273558221672
2026-01-29,INFY,-1,1,0.45810992,0.5418901,0.5418901,-0.0042004200420041
2026-01-30,INFY,-1,-1,0.57200074,0.4279993,0.57200074,-0.0111479361253389
2026-02-02,INFY,-1,1,0.32993662,0.6700634,0.6700634,-0.0070688455733927
2026-02-03,INFY,-1,1,0.4355365,0.5644635,0.5644635,0.0163250123894547
2026-02-04,INFY,-1,1,0.29622263,0.7037774,0.7037774,-0.0725845115772192
2026-02-05,INFY,-1,1,0.36487925,0.63512075,0.63512075,-0.0101576358642216
2026-02-06,INFY,-1,1,0.39472425,0.60527575,0.60527575,-0.0086172714160654
2026-02-09,INFY,-1,1,0.4995526,0.5004474,0.5004474,-0.0065689234784929
2026-02-10,INFY,-1,-1,0.52280605,0.47719395,0.52280605,0.0004008133020445
2026-02-11,INFY,-1,1,0.48848563,0.51151437,0.51151437,-0.0172920440444147
2026-02-12,INFY,-1,-1,0.5018257,0.4981743,0.5018257,-0.0583599585496696
2026-02-13,INFY,-1,-1,0.5161691,0.4838309,0.5161691,-0.0121933798081258
2026-02-16,INFY,-1,1,0.3627091,0.6372909,0.6372909,-0.0025564239737145
2026-02-17,INFY,-1,-1,0.5307398,0.46926022,0.5307398,0.0187463210629843
2026-02-18,INFY,-1,-1,0.59361213,0.40638787,0.59361213,-0.0125790688716305
2026-02-19,INFY,-1,1,0.46336025,0.53663975,0.53663975,-0.0023294396779625
2026-02-20,INFY,-1,1,0.2604543,0.7395457,0.7395457,-0.0126231658724005
2026-02-23,INFY,-1,1,0.4794873,0.5205127,0.5205127,-0.018991983519966
2026-02-25,INFY,-1,1,0.27887094,0.72112906,0.72112906,0.0114464724311544
2026-02-26,INFY,-1,1,0.448138,0.551862,0.551862,-0.0007751337252338
2026-02-27,INFY,-1,-1,0.58684254,0.41315743,0.58684254,0.0085330852597371
2026-03-02,INFY,-1,1,0.4401129,0.5598871,0.5598871,-0.0086146845490304
2026-03-04,INFY,-1,1,0.46498793,0.53501207,0.53501207,0.0143533242684281
2026-03-05,INFY,-1,-1,0.54511225,0.45488772,0.54511225,-0.0012237842711182
2026-03-06,INFY,-1,-1,0.6057824,0.39421758,0.6057824,0.0019910977858139
2026-03-09,INFY,-1,-1,0.5568304,0.44316956,0.5568304,0.0050443101977877
2026-03-10,INFY,-1,-1,0.5339731,0.46602693,0.5339731,-0.0147528702768535
2026-03-16,INFY,1,1,0.25148267,0.74851733,0.74851733,0.0012016341755398
2026-03-17,INFY,1,1,0.2894671,0.7105329,0.7105329,-0.0135221825522481
2026-03-18,INFY,1,-1,0.57696444,0.42303556,0.57696444,0.0277394358785325
2026-03-19,INFY,1,1,0.38581955,0.61418045,0.61418045,-0.0365400739088502
2026-03-20,INFY,1,1,0.46486384,0.53513616,0.53513616,0.0287516171216004
2026-03-23,INFY,1,1,0.3900531,0.6099469,0.6099469,0.0007166369906572
2026-03-24,INFY,1,1,0.3333419,0.6666581,0.6666581,0.0171069375912638
2026-03-27,INFY,1,1,0.446167,0.553833,0.553833,-0.0073489364345867
2026-03-30,INFY,1,-1,0.56453073,0.43546927,0.56453073,-0.0150429048755251
2026-04-01,INFY,1,1,0.4273386,0.5726614,0.5726614,0.0200703470941436
2026-04-02,INFY,1,-1,0.6581195,0.3418805,0.6581195,0.0196755495939251
2026-04-07,INFY,-1,1,0.4317649,0.5682351,0.5682351,0.0254172978741895
2026-04-08,INFY,-1,-1,0.58542836,0.4145716,0.58542836,0.0050768453291518
2026-04-09,INFY,-1,-1,0.65439177,0.3456082,0.65439177,-0.0108453247032345
2026-04-10,INFY,-1,1,0.30093455,0.69906545,0.69906545,-0.0293631543277346
2026-04-13,INFY,-1,1,0.2617939,0.7382061,0.7382061,-0.0121469641561895
2026-04-15,INFY,-1,1,0.26700002,0.733,0.733,0.0223214277177996
2026-04-16,INFY,-1,1,0.33907038,0.6609296,0.6609296,0.0106488177612718
2025-01-01,ITC,-1,-1,0.5900443,0.40995568,0.5900443,0.0006203798550445
2025-01-02,ITC,-1,1,0.44246137,0.5575386,0.5575386,0.0105382135469311
2025-01-03,ITC,-1,-1,0.517959,0.48204097,0.517959,-0.0152336208096679
2025-01-06,ITC,-1,1,0.45855486,0.54144514,0.54144514,-0.04547800300415
2025-01-07,ITC,-1,-1,0.5438664,0.4561336,0.5438664,-0.0035016095076705
2025-01-08,ITC,-1,-1,0.53655934,0.4634407,0.53655934,0.0191565465777303
2025-01-09,ITC,-1,1,0.4833718,0.5166282,0.5166282,0.0012235047548538
2025-01-10,ITC,-1,1,0.42984354,0.57015646,0.57015646,-0.0115530372551834
2025-01-15,ITC,-1,1,0.44490725,0.55509275,0.55509275,0.0017178471671144
2025-01-16,ITC,1,1,0.4517548,0.5482452,0.5482452,-0.010289331666985
2025-01-17,ITC,1,-1,0.5110687,0.4889313,0.5110687,0.0169804772625867
2025-01-20,ITC,1,-1,0.55038023,0.44961977,0.55038023,-0.0056791279187008
2025-01-21,ITC,1,-1,0.53559005,0.46440995,0.53559005,-0.0003427513683389
2025-01-22,ITC,1,-1,0.5325718,0.4674282,0.5325718,-0.0012569841279931
2025-01-23,ITC,1,-1,0.5740246,0.42597538,0.5740246,0.0073225803249845
2025-01-27,ITC,-1,-1,0.5130595,0.4869405,0.5130595,-0.0033967190616498
2025-01-28,ITC,-1,1,0.43882054,0.56117946,0.56117946,-0.0105656952963888
2025-01-29,ITC,-1,1,0.49782294,0.50217706,0.50217706,-0.0048227051736906
2025-01-30,ITC,-1,-1,0.5111661,0.4888339,0.5111661,0.0065768070174205
2025-01-31,ITC,-1,-1,0.64505017,0.35494986,0.64505017,0.025905497657845
2025-02-01,ITC,-1,-1,0.61175936,0.38824064,0.61175936,0.0336311499498795
2025-02-03,ITC,-1,1,0.49148428,0.5085157,0.5085157,-0.0177276806463442
2025-02-04,ITC,-1,1,0.43922895,0.56077105,0.56077105,0.001760702841151
2025-02-05,ITC,-1,-1,0.55499434,0.44500569,0.55499434,-0.0153795992906423
2025-02-06,ITC,-1,-1,0.53482366,0.46517634,0.53482366,-0.015731239932661
2025-02-07,ITC,-1,1,0.42154545,0.57845455,0.57845455,-0.0232374096075252
2025-02-10,ITC,-1,1,0.48945647,0.5105435,0.5105435,-0.0084716293250646
2025-02-11,ITC,-1,1,0.42506653,0.57493347,0.57493347,-0.0208333801593521
2025-02-12,ITC,-1,-1,0.5376694,0.46233055,0.5376694,-0.0046138182149766
2025-02-13,ITC,-1,-1,0.66782856,0.3321714,0.66782856,-0.0004878618228998
2025-02-14,ITC,-1,-1,0.67180955,0.32819045,0.67180955,0.0013423345275538
2025-02-17,ITC,-1,-1,0.6553149,0.3446851,0.6553149,-0.0040218436028104
2025-02-21,ITC,1,-1,0.5870899,0.41291013,0.5870899,-0.0028602811053137
2025-02-24,ITC,1,-1,0.6393056,0.3606944,0.6393056,0.0024943955576846
2025-02-25,ITC,1,-1,0.54693544,0.4530646,0.54693544,0.0073401535833643
2025-02-27,ITC,1,-1,0.5324939,0.4675061,0.5324939,-0.0080277905122511
2025-02-28,ITC,1,-1,0.5232025,0.47679752,0.5232025,-0.0164342032065526
2025-03-03,ITC,1,1,0.49906182,0.5009382,0.5009382,0.0062026712623015
2025-03-04,ITC,1,-1,0.58075076,0.41924924,0.58075076,-0.006541854723701
2025-03-07,ITC,1,-1,0.7510661,0.24893388,0.7510661,-0.0044367738832119
2025-03-10,ITC,1,-1,0.7131494,0.28685057,0.7131494,0.0027233823592194
2025-03-12,ITC,-1,-1,0.7029717,0.2970283,0.7029717,0.0152634818328376
2025-03-13,ITC,-1,-1,0.68155074,0.3184493,0.68155074,-0.0008487999506796
2025-03-19,ITC,1,-1,0.5325364,0.46746358,0.5325364,-0.0147886112522935
2025-03-20,ITC,1,1,0.44870794,0.55129206,0.55129206,0.0022330535762216
2025-03-25,ITC,1,1,0.41709775,0.58290225,0.58290225,-0.0026771461533159
2025-03-26,ITC,1,1,0.40017867,0.5998213,0.5998213,-0.0059784224145741
2025-03-27,ITC,1,1,0.35484636,0.64515364,0.64515364,0.0051552962374883
2025-03-28,ITC,1,1,0.33173007,0.66826993,0.66826993,0.0007326367751181
2025-04-01,ITC,1,1,0.46378654,0.53621346,0.53621346,-0.0075655414026926
2025-04-02,ITC,1,1,0.38602787,0.6139721,0.6139721,0.0059017715895441
2025-04-03,ITC,1,1,0.36594957,0.6340504,0.6340504,0.0008556718019725
2025-04-04,ITC,1,1,0.4195851,0.5804149,0.5804149,0.0007328855499491
2025-04-07,ITC,1,1,0.3813002,0.6186998,0.6186998,-0.008909116903478
2025-04-08,ITC,1,1,0.44442904,0.55557096,0.55557096,0.0160079735625282
2025-04-09,ITC,1,-1,0.6512646,0.3487354,0.6512646,0.0090898165942288
2025-04-11,ITC,1,1,0.46189266,0.53810734,0.53810734,0.0126110009319877
2025-04-15,ITC,1,-1,0.5559603,0.4440397,0.5559603,-0.0027279707469984
2025-04-16,ITC,1,-1,0.5790133,0.4209867,0.5790133,0.0096337171571656
2025-04-17,ITC,1,1,0.37359744,0.62640256,0.62640256,0.0065967779837594
2025-04-21,ITC,1,1,0.36937988,0.6306201,0.6306201,-0.0102984071559918
2025-04-22,ITC,-1,1,0.47712642,0.5228736,0.5228736,0.0254227110209586
2025-04-24,ITC,-1,1,0.44127196,0.55872804,0.55872804,-0.0018568611526474
2025-04-25,ITC,1,1,0.38222015,0.61777985,0.61777985,-0.0052319099590319
2025-04-29,ITC,1,-1,0.56075066,0.43924934,0.56075066,-0.0065297809703178
2025-04-30,ITC,1,1,0.372222,0.627778,0.627778,-0.0004695003799769
2025-05-02,ITC,1,1,0.40524018,0.5947598,0.5947598,0.008689530704713
2025-05-08,ITC,-1,1,0.2888826,0.7111174,0.7111174,-0.0012756282353766
2025-05-09,ITC,1,1,0.2213214,0.7786786,0.7786786,-0.0163724841194413
2025-05-12,ITC,1,1,0.30380332,0.6961967,0.6961967,0.0282139154623781
2025-05-13,ITC,1,1,0.27817804,0.72182196,0.72182196,-0.0174512310842082
2025-05-15,ITC,-1,1,0.25407213,0.7459279,0.7459279,0.0082731219553586
2025-05-16,ITC,-1,1,0.21115088,0.7888491,0.7888491,0.0070496044405781
2025-05-19,ITC,-1,1,0.21785122,0.7821488,0.7821488,-0.0008033337527806
2025-05-20,ITC,-1,1,0.23352838,0.7664716,0.7664716,-0.0010336880786698
2025-05-21,ITC,-1,1,0.25309682,0.7469032,0.7469032,-0.0043687520864166
2025-05-23,ITC,-1,1,0.34073913,0.65926087,0.65926087,0.023937981744577
2025-05-26,ITC,-1,1,0.49928838,0.5007116,0.5007116,0.0151273002637837
2025-05-28,ITC,1,1,0.27576745,0.72423255,0.72423255,-0.0137306817562909
2025-05-30,ITC,-1,1,0.3210045,0.6789955,0.6789955,-0.0016716483893101
2025-06-05,ITC,-1,1,0.4503771,0.5496229,0.5496229,0.0050359909910462
2025-06-09,ITC,-1,1,0.24460548,0.7553945,0.7553945,0.0047500048459354
2025-06-10,ITC,-1,1,0.29879147,0.70120853,0.70120853,0.0093369999931154
2025-06-11,ITC,-1,1,0.38231295,0.61768705,0.61768705,-0.0019906668471594
2025-06-13,ITC,1,1,0.36761534,0.63238466,0.63238466,-0.0168646412483456
2025-06-18,ITC,-1,1,0.4203629,0.5796371,0.5796371,-0.003593732962798
2025-06-19,ITC,-1,1,0.304192,0.695808,0.695808,0.0002404873404771
2025-06-20,ITC,-1,1,0.30417818,0.6958218,0.6958218,0.0061297602352192
2025-06-23,ITC,1,1,0.38810664,0.61189336,0.61189336,-0.0111097567652633
2025-06-24,ITC,1,1,0.32339448,0.6766055,0.6766055,0.0010872289341468
2025-06-25,ITC,1,1,0.30352557,0.69647443,0.69647443,0.0048268892545269
2025-06-26,ITC,-1,1,0.30585247,0.6941475,0.6941475,0.0094870987510635
2025-06-30,ITC,1,1,0.22944278,0.7705572,0.7705572,-0.0052548980273338
2025-07-01,ITC,1,1,0.19988471,0.8001153,0.8001153,-0.0032417147979592
2025-07-02,ITC,1,1,0.20508474,0.79491526,0.79491526,-0.0051794015660801
2025-07-03,ITC,1,1,0.1698677,0.8301323,0.8301323,0.0009685886476791
2025-07-04,ITC,1,1,0.2166031,0.7833969,0.7833969,-0.0019354576444421
2025-07-07,ITC,1,1,0.22170597,0.778294,0.778294,0.0087262163300083
2025-07-09,ITC,-1,1,0.29548955,0.70451045,0.70451045,0.0053931453352937
2025-07-10,ITC,-1,1,0.34234726,0.65765274,0.65765274,-0.0061986064485803
2025-07-11,ITC,-1,1,0.2661335,0.7338665,0.7338665,-0.0001200080158905
2025-07-14,ITC,-1,1,0.19982398,0.800176,0.800176,0.0062379406456498
2025-07-15,ITC,-1,1,0.19794166,0.80205834,0.80205834,0.00643782670387
2025-07-16,ITC,-1,1,0.24877757,0.75122243,0.75122243,0.0059227363087241
2025-07-17,ITC,-1,1,0.2701971,0.7298029,0.7298029,-0.0015307994235908
2025-07-18,ITC,-1,1,0.19685268,0.8031473,0.8031473,-0.0028305227789025
2025-07-21,ITC,-1,1,0.24192119,0.7580788,0.7580788,-0.0062684777267919
2025-07-23,ITC,-1,1,0.33548558,0.6645144,0.6645144,-0.00252400986892
2025-07-24,ITC,1,1,0.2686996,0.7313004,0.7313004,-0.0120496582815301
2025-07-25,ITC,1,1,0.29399878,0.7060012,0.7060012,-0.0013416824471476
2025-07-28,ITC,1,1,0.24637419,0.7536258,0.7536258,0.0012212931228579
2025-07-29,ITC,1,1,0.1426701,0.8573299,0.8573299,-0.0035374454340608
2025-07-30,ITC,1,1,0.16897106,0.83102894,0.83102894,-0.0020809959317261
2025-08-01,ITC,-1,1,0.29999155,0.70000845,0.70000845,0.0109235979020798
2025-08-04,ITC,-1,1,0.31454116,0.68545884,0.68545884,0.0009605251670197
2025-08-05,ITC,-1,1,0.28053957,0.7194604,0.7194604,-0.0064772080745508
2025-08-06,ITC,-1,1,0.26390225,0.73609775,0.73609775,-0.0051913596609521
2025-08-07,ITC,-1,1,0.26525962,0.7347404,0.7347404,0.0038835215432475
2025-08-08,ITC,-1,1,0.27679485,0.72320515,0.72320515,0.0021760350443789
2025-08-11,ITC,-1,1,0.29989195,0.70010805,0.70010805,0.0056694978636686
2025-08-12,ITC,-1,1,0.35144526,0.64855474,0.64855474,-0.0011994659144218
2025-08-13,ITC,-1,1,0.34244603,0.657554,0.657554,-0.0054041554957724
2025-08-14,ITC,-1,1,0.22106189,0.7789381,0.7789381,-0.0063994179101155
2025-08-19,ITC,1,1,0.3035344,0.6964656,0.6964656,0.0068915655855137
2025-08-20,ITC,1,1,0.34606457,0.65393543,0.65393543,-0.0074554912741272
2025-08-22,ITC,1,1,0.29962647,0.70037353,0.70037353,-0.0178769433047091
2025-08-25,ITC,1,1,0.22835428,0.7716457,0.7716457,0.0026362544246276
2025-08-26,ITC,1,1,0.2955413,0.7044587,0.7044587,0.0100162237884193
2025-08-28,ITC,1,1,0.22608334,0.77391666,0.77391666,-0.0060741134201104
2025-08-29,ITC,1,1,0.3022653,0.6977347,0.6977347,0.0220753429824958
2025-09-01,ITC,1,1,0.26904547,0.7309545,0.7309545,-0.0095179802122994
2025-09-02,ITC,1,1,0.32981092,0.6701891,0.6701891,0.0022175879645853
2025-09-03,ITC,-1,1,0.3722903,0.6277097,0.6277097,0.0122925768796537
2025-09-04,ITC,-1,1,0.44081724,0.55918276,0.55918276,0.0100788314767794
2025-09-05,ITC,1,1,0.3785022,0.6214978,0.6214978,-0.0205577813353657
2025-09-09,ITC,-1,1,0.442685,0.557315,0.557315,0.0061341844805524
2025-09-10,ITC,-1,1,0.46857882,0.5314212,0.5314212,0.0073161428069987
2025-09-11,ITC,-1,1,0.43203813,0.5679619,0.5679619,0.0048420812340508
2025-09-12,ITC,-1,1,0.434146,0.565854,0.565854,-0.0031321209541413
2025-09-15,ITC,-1,-1,0.51011497,0.48988503,0.51011497,-0.0026587200564264
2025-09-16,ITC,-1,1,0.4648413,0.5351587,0.5351587,0.0010905999990846
2025-09-17,ITC,-1,1,0.479986,0.520014,0.520014,-0.0091987550286806
2025-09-18,ITC,-1,-1,0.50751483,0.49248517,0.50751483,0.0054971616100922
2025-09-19,ITC,-1,-1,0.52182096,0.47817904,0.52182096,-0.0021867965518622
2025-09-22,ITC,-1,-1,0.600173,0.39982697,0.600173,-0.009010074186215
2025-09-23,ITC,-1,1,0.43743217,0.56256783,0.56256783,-0.0092149212104023
2025-09-25,ITC,1,1,0.46507734,0.53492266,0.53492266,-0.0022444091305627
2025-09-26,ITC,-1,-1,0.5972538,0.40274617,0.5972538,0.0124968901965396
2025-09-29,ITC,-1,-1,0.59692883,0.4030712,0.59692883,0.005307256191845
2025-10-03,ITC,1,-1,0.6268115,0.37318847,0.6268115,-0.0032051744889952
2025-10-06,ITC,1,-1,0.6119344,0.38806555,0.6119344,-0.0087806260521381
2025-10-07,ITC,1,-1,0.6452086,0.3547914,0.6452086,-0.0023704790107065
2025-10-08,ITC,1,-1,0.69162375,0.30837625,0.69162375,-0.0001251259164593
2025-10-09,ITC,1,-1,0.6433103,0.3566897,0.6433103,0.0003752645947663
2025-10-10,ITC,1,-1,0.6456559,0.35434413,0.6456559,0.007251726974204
2025-10-13,ITC,1,-1,0.7331203,0.26687965,0.7331203,-0.0088132455812199
2025-10-14,ITC,1,-1,0.6803459,0.3196541,0.6803459,-0.0061364900059578
2025-10-15,ITC,1,-1,0.7164175,0.2835825,0.7164175,0.0078125075618962
2025-10-16,ITC,1,-1,0.74680287,0.25319713,0.74680287,0.0131282133533356
2025-10-20,ITC,-1,-1,0.67395926,0.32604071,0.67395926,0.002183612970501
2025-10-21,ITC,-1,-1,0.58806825,0.41193175,0.58806825,-0.0004841383851613
2025-10-23,ITC,-1,1,0.40434015,0.59565985,0.59565985,0.0075087875924877
2025-10-24,ITC,-1,1,0.39667684,0.60332316,0.60332316,0.0020434733429721
2025-10-27,ITC,-1,1,0.29256743,0.70743257,0.70743257,0.0092370421284835
2025-10-28,ITC,-1,1,0.30315566,0.69684434,0.69684434,-0.0065374674623637
2025-10-29,ITC,-1,1,0.3381896,0.6618104,0.6618104,0.0088538382971319
2025-10-30,ITC,-1,1,0.4283803,0.5716197,0.5716197,-0.0067600477964007
2025-10-31,ITC,-1,1,0.44958872,0.5504113,0.5504113,0.0038209215230213
2025-11-03,ITC,-1,1,0.4169181,0.5830819,0.5830819,-0.0152253583283765
2025-11-04,ITC,-1,-1,0.5576104,0.44238964,0.5576104,-0.0121996158509646
2025-11-06,ITC,-1,-1,0.6383598,0.36164021,0.6383598,-0.0034237552460766
2025-11-07,ITC,1,-1,0.6483133,0.35168675,0.6483133,-0.0084663073671789
2025-11-11,ITC,-1,-1,0.60912067,0.39087933,0.60912067,0.0032055698532167
2025-11-12,ITC,-1,-1,0.5199877,0.48001227,0.5199877,0.0003686371157001
2025-11-14,ITC,-1,1,0.3973753,0.6026247,0.6026247,0.0060389292726263
2025-11-17,ITC,-1,1,0.38664788,0.6133521,0.6133521,-0.0025725545303378
2025-11-18,ITC,-1,-1,0.5319563,0.4680437,0.5319563,-0.0030704825716798
2025-11-19,ITC,-1,1,0.40797442,0.5920256,0.5920256,-0.0056671517180313
2025-11-20,ITC,-1,1,0.38595474,0.61404526,0.61404526,0.0047082217492815
2025-11-21,ITC,-1,1,0.3542623,0.6457377,0.6457377,0.00591934951412
2025-11-28,ITC,-1,1,0.33333695,0.66666305,0.66666305,-0.0001236540646919
2025-12-04,ITC,-1,-1,0.7234279,0.27657208,0.7234279,0.0063669921420326
2025-12-05,ITC,-1,-1,0.83539414,0.16460583,0.83539414,0.0047141422440906
2025-12-09,ITC,1,-1,0.70627636,0.29372364,0.70627636,-0.0031071972716236
2025-12-10,ITC,1,-1,0.71988785,0.28011218,0.71988785,0.0052362756356085
2025-12-12,ITC,1,-1,0.78489894,0.21510105,0.78489894,-0.0069496421828758
2025-12-17,ITC,-1,-1,0.5956307,0.4043693,0.5956307,-0.0047298255566586
2025-12-18,ITC,-1,-1,0.60420024,0.39579976,0.60420024,0.0015007104478219
2025-12-19,ITC,-1,-1,0.543207,0.456793,0.543207,0.0016233201757642
2025-12-22,ITC,-1,-1,0.50392616,0.4960738,0.50392616,0.004114290675905
2025-12-23,ITC,-1,-1,0.50041306,0.49958697,0.50041306,0.0115470283996415
2025-12-24,ITC,-1,1,0.47405922,0.5259408,0.5259408,-0.0018411588937489
2025-12-26,ITC,-1,1,0.42236614,0.57763386,0.57763386,-0.0060256408338965
2025-12-29,ITC,-1,-1,0.54185784,0.45814213,0.54185784,-0.0038351739972225
2025-12-30,ITC,-1,1,0.48285997,0.51714003,0.51714003,-0.0049676839787262
2025-12-31,ITC,-1,1,0.4989292,0.5010708,0.5010708,0.0059910140382084
2026-01-01,ITC,-1,1,0.4370188,0.5629812,0.5629812,-0.0971464010588816
2026-01-02,ITC,-1,1,0.40994126,0.59005874,0.59005874,-0.0379277649236831
2026-01-05,ITC,-1,1,0.45538175,0.54461825,0.54461825,-0.0009998153975959
2026-01-06,ITC,-1,1,0.37232,0.62768,0.62768,-0.0207319475120272
2026-01-07,ITC,-1,1,0.46272326,0.53727674,0.53727674,-0.0035043480739637
2026-01-08,ITC,-1,1,0.26644486,0.73355514,0.73355514,-0.0010255982187323
2026-01-09,ITC,-1,1,0.32603103,0.673969,0.673969,-0.0110003300117781
2026-01-12,ITC,-1,1,0.29963148,0.7003685,0.7003685,0.0037075294221959
2026-01-13,ITC,-1,1,0.42998487,0.57001513,0.57001513,-0.0109336742260303
2026-01-14,ITC,-1,1,0.45457447,0.54542553,0.54542553,0.0001493675974824
2026-01-15,ITC,-1,1,0.44612557,0.55387443,0.55387443,0.0
2026-01-16,ITC,-1,1,0.43066758,0.5693324,0.5693324,-0.0165795262713854
2026-01-19,ITC,-1,-1,0.5059322,0.4940678,0.5059322,0.0121506042586421
2026-01-20,ITC,-1,1,0.46008784,0.53991216,0.53991216,-0.0207083099796312
2026-01-21,ITC,-1,1,0.36244,0.63756,0.63756,-0.0047501856307571
2026-01-22,ITC,1,1,0.27435708,0.7256429,0.7256429,0.000307986701282
2026-01-23,ITC,1,1,0.28949225,0.71050775,0.71050775,-0.0044635947169497
2026-01-27,ITC,1,1,0.11175668,0.8882433,0.8882433,-0.0146877146040774
2026-01-29,ITC,1,1,0.19437462,0.8056254,0.8056254,-0.0079401534552853
2026-02-02,ITC,1,1,0.33093566,0.66906434,0.66906434,-0.0231258718685878
2026-02-03,ITC,1,1,0.357706,0.642294,0.642294,0.0061963655772294
2026-02-04,ITC,1,1,0.45434004,0.54565996,0.54565996,0.0119297952668548
2026-02-05,ITC,1,1,0.42792773,0.57207227,0.57207227,-0.011629736270052
2026-02-16,ITC,-1,1,0.32999194,0.67000806,0.67000806,0.0133864878764138
2026-02-17,ITC,-1,1,0.4846688,0.5153312,0.5153312,0.0235885886374429
2026-02-18,ITC,-1,-1,0.5620611,0.43793896,0.5620611,0.021508702146574
2026-02-19,ITC,-1,-1,0.5032731,0.49672687,0.5032731,-0.0194014754811306
2026-02-20,ITC,-1,1,0.27501363,0.7249864,0.7249864,0.003067487907324
2026-02-23,ITC,-1,1,0.4741879,0.5258121,0.5258121,-0.0048929331733736
2026-02-24,ITC,-1,1,0.45688045,0.54311955,0.54311955,-0.0058389637534917
2026-02-25,ITC,-1,1,0.23644495,0.76355505,0.76355505,-0.0115919504742368
2026-02-26,ITC,-1,1,0.34853554,0.65146446,0.65146446,-0.004534841483005
2026-02-27,ITC,-1,1,0.40814543,0.5918546,0.5918546,-0.0147659300920741
2026-03-02,ITC,-1,1,0.38128024,0.61871976,0.61871976,0.0041453424975779
2026-03-04,ITC,-1,1,0.46071136,0.53928864,0.53928864,-0.0093679591724585
2026-03-05,ITC,-1,1,0.37320518,0.6267948,0.6267948,-0.0014425855474333
2026-03-06,ITC,-1,1,0.29453462,0.7054654,0.7054654,-0.0057784771501675
2026-03-09,ITC,-1,1,0.24274695,0.75725305,0.75725305,-0.0119470276168601
2026-03-10,ITC,-1,1,0.3060571,0.6939429,0.6939429,0.009967233147466
2026-03-11,ITC,-1,1,0.30363983,0.6963602,0.6963602,-0.0001616899336858
2026-03-12,ITC,-1,1,0.26612282,0.7338772,0.7338772,-0.0158576111207097
2026-03-13,ITC,-1,1,0.23363781,0.7663622,0.7663622,-0.0087142115500311
2026-03-16,ITC,-1,1,0.26142865,0.73857135,0.73857135,0.0225576396867535
2026-03-17,ITC,-1,1,0.2645818,0.7354182,0.7354182,-0.0110300597272999
2026-03-18,ITC,-1,1,0.2322104,0.7677896,0.7677896,-0.0026243264365924
2026-03-20,ITC,1,1,0.2546172,0.7453828,0.7453828,0.0065436257849342
2026-03-23,ITC,1,1,0.23905414,0.76094586,0.76094586,-0.0316719263343434
2026-03-24,ITC,1,1,0.27397215,0.72602785,0.72602785,0.0027543279559592
2026-03-25,ITC,1,1,0.2825966,0.7174034,0.7174034,0.0152790344277975
2026-03-27,ITC,1,1,0.19579798,0.804202,0.804202,-0.0033818092186345
2026-03-30,ITC,1,1,0.25760394,0.74239606,0.74239606,-0.0237529926198531
2026-04-01,ITC,1,1,0.2033158,0.7966842,0.7966842,0.0139033856568133
2026-04-02,ITC,1,1,0.4208262,0.5791738,0.5791738,0.0039424266429115
2026-04-06,ITC,1,1,0.25416,0.74584,0.74584,0.006829441553616
2026-04-07,ITC,1,1,0.24294895,0.75705105,0.75705105,0.0122095674500561
2026-04-08,ITC,1,1,0.31110966,0.68889034,0.68889034,0.0134025934411154
2026-04-13,ITC,1,1,0.13186347,0.8681365,0.8681365,-0.0184059965002486
2026-04-15,ITC,1,1,0.14414996,0.85585004,0.85585004,0.0113846182268517
2026-04-16,ITC,1,1,0.106444955,0.89355505,0.89355505,0.0044693958526356
2025-01-02,JSWSTEEL,-1,-1,0.53887963,0.4611204,0.53887963,0.00778618419185
2025-01-03,JSWSTEEL,-1,1,0.40809298,0.591907,0.591907,0.0027945207353679
2025-01-06,JSWSTEEL,1,-1,0.5480159,0.4519841,0.5480159,-0.0154635700200562
2025-01-07,JSWSTEEL,1,1,0.44965476,0.55034524,0.55034524,0.0120989441674876
2025-01-08,JSWSTEEL,1,1,0.3238567,0.6761433,0.6761433,-0.0104189522237714
2025-01-09,JSWSTEEL,1,1,0.38929164,0.61070836,0.61070836,-0.0125789657207431
2025-01-10,JSWSTEEL,1,1,0.34820002,0.6518,0.6518,0.0102699372899883
2025-01-13,JSWSTEEL,1,1,0.4496495,0.5503505,0.5503505,-0.0181646496074521
2025-01-14,JSWSTEEL,1,1,0.3412757,0.6587243,0.6587243,0.0252333822283119
2025-01-15,JSWSTEEL,1,1,0.29366612,0.7063339,0.7063339,-0.00220738384757
2025-01-16,JSWSTEEL,1,1,0.3223291,0.6776709,0.6776709,0.003041867359284
2025-01-17,JSWSTEEL,1,1,0.26723403,0.732766,0.732766,0.0019850023395249
2025-01-20,JSWSTEEL,1,1,0.37105352,0.6289465,0.6289465,0.0116663005876864
2025-01-21,JSWSTEEL,1,1,0.44552773,0.55447227,0.55447227,0.0083224548621956
2025-01-22,JSWSTEEL,1,1,0.3641491,0.6358509,0.6358509,-0.0080379125990245
2025-01-23,JSWSTEEL,1,1,0.43183887,0.56816113,0.56816113,0.0114204250603542
2025-01-24,JSWSTEEL,1,1,0.45608413,0.54391587,0.54391587,0.0027422305278235
2025-01-27,JSWSTEEL,1,1,0.45274836,0.54725164,0.54725164,-0.0140490115928925
2025-01-28,JSWSTEEL,1,1,0.40486443,0.59513557,0.59513557,-0.0034806537374274
2025-01-29,JSWSTEEL,1,1,0.31308627,0.6869137,0.6869137,0.0234131297281992
2025-01-31,JSWSTEEL,1,1,0.4590646,0.5409354,0.5409354,-0.0061523903628577
2025-02-01,JSWSTEEL,1,-1,0.5098717,0.49012828,0.5098717,-0.011375662112365
2025-02-03,JSWSTEEL,1,-1,0.53513885,0.46486118,0.53513885,-0.0003211132134353
2025-02-04,JSWSTEEL,1,-1,0.5139798,0.48602024,0.5139798,0.0110284283686861
2025-02-05,JSWSTEEL,1,-1,0.5096345,0.4903655,0.5096345,0.0059835852435186
2025-02-06,JSWSTEEL,1,-1,0.52255964,0.47744036,0.52255964,-0.0015791136926424
2025-02-10,JSWSTEEL,1,1,0.49586385,0.50413615,0.50413615,-0.0220239626284534
2025-02-12,JSWSTEEL,1,1,0.49052286,0.50947714,0.50947714,0.0019905711071994
2025-02-13,JSWSTEEL,-1,-1,0.607324,0.39267597,0.607324,0.0140108750077987
2025-02-14,JSWSTEEL,1,-1,0.55109906,0.44890097,0.55109906,-0.0053619306332723
2025-02-18,JSWSTEEL,1,-1,0.56636757,0.43363243,0.56636757,0.0053926355400613
2025-02-19,JSWSTEEL,1,-1,0.64508355,0.35491645,0.64508355,-0.001481405895649
2025-02-20,JSWSTEEL,1,-1,0.5981752,0.40182477,0.5981752,0.0038880649081165
2025-02-21,JSWSTEEL,1,-1,0.53320074,0.46679923,0.53320074,0.0007644091594367
2025-02-24,JSWSTEEL,1,-1,0.5831176,0.41688243,0.5831176,-0.0153783490591175
2025-02-25,JSWSTEEL,1,1,0.4824589,0.5175411,0.5175411,-0.0083264382597992
2025-02-27,JSWSTEEL,1,-1,0.5013068,0.49869326,0.5013068,0.0169491536242816
2025-02-28,JSWSTEEL,1,-1,0.5286683,0.47133175,0.5286683,-0.0249230784874668
2025-03-03,JSWSTEEL,1,1,0.4161709,0.5838291,0.5838291,0.026664564670094
2025-03-04,JSWSTEEL,1,-1,0.5429305,0.45706952,0.5429305,-0.001997848596145
2025-03-05,JSWSTEEL,1,-1,0.5984341,0.40156594,0.5984341,0.0293604371182059
2025-03-06,JSWSTEEL,1,1,0.44891524,0.55108476,0.55108476,0.008377381582419
2025-03-07,JSWSTEEL,1,-1,0.6222167,0.37778327,0.6222167,4.945109586240726e-05
2025-03-10,JSWSTEEL,1,-1,0.71134293,0.28865704,0.71134293,0.0023240865769005
2025-03-11,JSWSTEEL,1,-1,0.7172894,0.2827106,0.7172894,0.0050814013921847
2025-03-12,JSWSTEEL,1,-1,0.7022875,0.2977125,0.7022875,-0.0080989549851785
2025-03-13,JSWSTEEL,1,-1,0.5897197,0.4102803,0.5897197,-0.0091053053812749
2025-03-17,JSWSTEEL,1,1,0.28886575,0.71113425,0.71113425,0.0044946067469713
2025-03-18,JSWSTEEL,1,1,0.25430036,0.74569964,0.74569964,0.0
2025-03-19,JSWSTEEL,1,1,0.38319606,0.61680394,0.61680394,0.0274932899299751
2025-03-20,JSWSTEEL,-1,1,0.33162743,0.6683726,0.6683726,0.0163545758948004
2025-03-21,JSWSTEEL,-1,1,0.32375926,0.67624074,0.67624074,0.0080456456014084
2025-03-24,JSWSTEEL,-1,1,0.3521847,0.6478153,0.6478153,0.0025031278982627
2025-03-25,JSWSTEEL,-1,1,0.33729357,0.66270643,0.66270643,0.0003297110478803
2025-03-26,JSWSTEEL,-1,1,0.25531644,0.74468356,0.74468356,-0.0049448426163073
2025-03-27,JSWSTEEL,-1,1,0.27891904,0.72108096,0.72108096,0.0031236690720497
2025-03-28,JSWSTEEL,-1,1,0.3017764,0.6982236,0.6982236,0.0032554272231377
2025-04-01,JSWSTEEL,-1,1,0.31046063,0.6895394,0.6895394,-0.0065368130178603
2025-04-02,JSWSTEEL,-1,1,0.33197618,0.6680238,0.6680238,-0.0003313030255764
2025-04-04,JSWSTEEL,1,1,0.28245848,0.7175415,0.7175415,-0.0366840690053609
2025-04-07,JSWSTEEL,1,1,0.17422932,0.8257707,0.8257707,-0.0750186473687343
2025-04-08,JSWSTEEL,1,1,0.1768114,0.8231886,0.8231886,0.0261206079743829
2025-04-09,JSWSTEEL,1,1,0.38428223,0.61571777,0.61571777,-0.0094804112509915
2025-04-11,JSWSTEEL,1,1,0.3140908,0.6859092,0.6859092,0.0472740763504313
2025-04-15,JSWSTEEL,1,1,0.34371465,0.65628535,0.65628535,0.0179247675809008
2025-04-16,JSWSTEEL,-1,-1,0.50559294,0.49440703,0.50559294,0.0013888889732136
2025-04-17,JSWSTEEL,-1,-1,0.50474083,0.49525914,0.50474083,-0.0021795127138747
2025-04-21,JSWSTEEL,-1,1,0.45112747,0.54887253,0.54887253,0.0266083602352147
2025-04-22,JSWSTEEL,-1,1,0.37583405,0.62416595,0.62416595,0.0098646046493404
2025-04-23,JSWSTEEL,-1,1,0.39872676,0.60127324,0.60127324,-0.0047883552825991
2025-04-24,JSWSTEEL,-1,1,0.44945586,0.55054414,0.55054414,0.0051000775829912
2025-04-25,JSWSTEEL,-1,1,0.39983815,0.60016185,0.60016185,-0.0154139583414385
2025-04-28,JSWSTEEL,-1,1,0.43528765,0.56471235,0.56471235,0.0252819914430182
2025-04-29,JSWSTEEL,-1,-1,0.5349697,0.46503034,0.5349697,-0.017830161607569
2025-05-02,JSWSTEEL,1,1,0.27650672,0.7234933,0.7234933,-0.0604972433477475
2025-05-05,JSWSTEEL,1,1,0.29112154,0.70887846,0.70887846,-0.0124031015597557
2025-05-06,JSWSTEEL,1,1,0.41397917,0.5860208,0.5860208,0.012558870506119
2025-05-07,JSWSTEEL,1,1,0.31680954,0.68319046,0.68319046,-0.0014470285153048
2025-05-08,JSWSTEEL,1,1,0.23823762,0.7617624,0.7617624,-0.0133526558505082
2025-05-09,JSWSTEEL,1,1,0.28306,0.71694,0.71694,0.0039865718044231
2025-05-12,JSWSTEEL,1,1,0.27246553,0.7275345,0.7275345,0.0503657294486499
2025-05-13,JSWSTEEL,1,1,0.2707541,0.7292459,0.7292459,-0.0152208524985164
2025-05-14,JSWSTEEL,1,1,0.3251747,0.6748253,0.6748253,-0.0006061218679607
2025-05-15,JSWSTEEL,-1,1,0.33538175,0.66461825,0.66461825,0.0495300356117702
2025-05-16,JSWSTEEL,-1,1,0.32200265,0.67799735,0.67799735,-0.0158914198203894
2025-05-19,JSWSTEEL,-1,1,0.30706662,0.6929334,0.6929334,-0.0021530633507207
2025-05-20,JSWSTEEL,-1,1,0.2857204,0.7142796,0.7142796,-0.0067673601551188
2025-05-21,JSWSTEEL,-1,1,0.26319563,0.73680437,0.73680437,-0.0116520200583567
2025-05-22,JSWSTEEL,-1,1,0.28831297,0.711687,0.711687,0.0046957740906974
2025-05-26,JSWSTEEL,-1,1,0.35660815,0.64339185,0.64339185,0.0235994671728172
2025-06-02,JSWSTEEL,1,1,0.41403776,0.58596224,0.58596224,-0.0147961760498427
2025-06-03,JSWSTEEL,1,1,0.24334097,0.75665903,0.75665903,-0.0051082961918933
2025-06-04,JSWSTEEL,1,1,0.29606605,0.70393395,0.70393395,-0.0053912511089976
2025-06-05,JSWSTEEL,1,1,0.36016285,0.63983715,0.63983715,0.0002064942570205
2025-06-09,JSWSTEEL,-1,1,0.33272117,0.6672788,0.6672788,0.0030848842559392
2025-06-11,JSWSTEEL,1,1,0.37870473,0.6212953,0.6212953,0.0039876385644916
2025-06-12,JSWSTEEL,1,1,0.449072,0.550928,0.550928,-0.0113692788161993
2025-06-13,JSWSTEEL,1,1,0.2863382,0.7136618,0.7136618,-0.0084367001620266
2025-06-16,JSWSTEEL,1,1,0.25948888,0.7405111,0.7405111,0.0167637386942847
2025-06-17,JSWSTEEL,1,1,0.25615096,0.74384904,0.74384904,-0.0041342899512019
2025-06-18,JSWSTEEL,1,1,0.3052075,0.6947925,0.6947925,-0.013304657444344
2025-06-19,JSWSTEEL,1,1,0.24601555,0.75398445,0.75398445,0.0098342379498661
2025-06-20,JSWSTEEL,1,1,0.26750177,0.7324982,0.7324982,0.0095376743975714
2025-06-23,JSWSTEEL,1,1,0.3370167,0.6629833,0.6629833,-0.0085028099252825
2025-06-24,JSWSTEEL,1,1,0.2979712,0.7020288,0.7020288,0.010030090886496
2025-06-25,JSWSTEEL,1,1,0.3103227,0.6896773,0.6896773,0.0173286393852967
2025-06-26,JSWSTEEL,1,1,0.3735929,0.6264071,0.6264071,0.007906742317622
2025-06-27,JSWSTEEL,1,1,0.30938607,0.6906139,0.6906139,-0.0035348787146602
2025-06-30,JSWSTEEL,1,1,0.29964137,0.7003586,0.7003586,-0.0081641181839929
2025-07-01,JSWSTEEL,1,1,0.26211935,0.73788065,0.73788065,0.0089171380168682
2025-07-02,JSWSTEEL,-1,1,0.37189353,0.6281065,0.6281065,0.0294290268075998
2025-07-03,JSWSTEEL,-1,1,0.2945,0.7055,0.7055,-0.0130202117171627
2025-07-08,JSWSTEEL,-1,1,0.23060095,0.76939905,0.76939905,0.0050010325144009
2025-07-09,JSWSTEEL,-1,1,0.2197445,0.7802555,0.7802555,-0.0044018905128588
2025-07-10,JSWSTEEL,-1,1,0.2631759,0.7368241,0.7368241,0.0027874128662153
2025-07-11,JSWSTEEL,-1,1,0.24211878,0.7578812,0.7578812,-0.0058469254967464
2025-07-14,JSWSTEEL,-1,1,0.17401206,0.82598794,0.82598794,0.0016390988451808
2025-07-16,JSWSTEEL,1,1,0.13619113,0.8638089,0.8638089,-0.0050241074124396
2025-07-17,JSWSTEEL,1,1,0.21589744,0.78410256,0.78410256,0.0042725792727986
2025-07-18,JSWSTEEL,-1,1,0.18515015,0.81484985,0.81484985,0.0001934570214983
2025-07-21,JSWSTEEL,1,1,0.24951524,0.75048476,0.75048476,0.0003867211954959
2025-07-22,JSWSTEEL,1,1,0.20133966,0.79866034,0.79866034,-0.003962212468866
2025-07-23,JSWSTEEL,1,1,0.30702245,0.69297755,0.69297755,0.0030077595838879
2025-07-24,JSWSTEEL,1,1,0.25321496,0.74678504,0.74678504,0.0
2025-07-25,JSWSTEEL,1,1,0.1913082,0.8086918,0.8086918,-0.0066744284079731
2025-07-28,JSWSTEEL,1,1,0.092093766,0.90790623,0.90790623,0.0018502525746326
2025-07-29,JSWSTEEL,1,1,0.13144422,0.8685558,0.8685558,0.0059292139350943
2025-07-30,JSWSTEEL,1,1,0.13758457,0.86241543,0.86241543,0.0028988307365231
2025-08-01,JSWSTEEL,1,1,0.17844713,0.8215529,0.8215529,-0.0195554698513241
2025-08-04,JSWSTEEL,1,1,0.25720435,0.74279565,0.74279565,0.0273399243539407
2025-08-05,JSWSTEEL,1,1,0.20456451,0.7954355,0.7954355,-0.0023676483968141
2025-08-06,JSWSTEEL,1,1,0.28454053,0.71545947,0.71545947,-0.0007594919399873
2025-08-07,JSWSTEEL,-1,1,0.2540509,0.7459491,0.7459491,0.0115904175614256
2025-08-08,JSWSTEEL,1,1,0.22411239,0.7758876,0.7758876,-0.0146507296589804
2025-08-11,JSWSTEEL,-1,1,0.21252799,0.787472,0.787472,0.0033358751075911
2025-08-12,JSWSTEEL,-1,1,0.2500102,0.7499898,0.7499898,-0.0042747223413381
2025-08-13,JSWSTEEL,-1,1,0.2611754,0.7388246,0.7388246,0.0052470904943766
2025-08-14,JSWSTEEL,-1,1,0.22768605,0.77231395,0.77231395,-0.0077820551882491
2025-08-18,JSWSTEEL,-1,1,0.20795923,0.79204077,0.79204077,0.0328073159522954
2025-08-20,JSWSTEEL,-1,1,0.26113778,0.7388622,0.7388622,0.0085708505334691
2025-08-22,JSWSTEEL,1,1,0.26955503,0.73044497,0.73044497,-0.016047837710955
2025-08-25,JSWSTEEL,1,1,0.20228773,0.79771227,0.79771227,0.0030343953311866
2025-08-26,JSWSTEEL,1,1,0.15969217,0.84030783,0.84030783,-0.0101154024846581
2025-08-28,JSWSTEEL,1,1,0.14275366,0.85724634,0.85724634,-0.0107916407423171
2025-08-29,JSWSTEEL,1,1,0.1069361,0.8930639,0.8930639,-0.0088820938487077
2025-09-01,JSWSTEEL,1,1,0.0884434,0.9115566,0.9115566,0.0086694181041477
2025-09-02,JSWSTEEL,1,1,0.13428605,0.86571395,0.86571395,0.0082085948816996
2025-09-03,JSWSTEEL,1,1,0.1717977,0.8282023,0.8282023,0.0270114474826388
2025-09-04,JSWSTEEL,1,1,0.19093388,0.8090661,0.8090661,0.0001866006820545
2025-09-05,JSWSTEEL,1,1,0.2154153,0.7845847,0.7845847,0.0006526959678665
2025-09-08,JSWSTEEL,1,1,0.32913738,0.6708626,0.6708626,0.026372238814629
2025-09-09,JSWSTEEL,1,1,0.2975284,0.7024716,0.7024716,0.0028145773717289
2025-09-10,JSWSTEEL,1,1,0.38827085,0.61172915,0.61172915,-0.0029878214831371
2025-09-11,JSWSTEEL,1,1,0.31107944,0.68892056,0.68892056,-0.00199777630714
2025-09-12,JSWSTEEL,1,1,0.31942743,0.68057257,0.68057257,0.0
2025-09-15,JSWSTEEL,1,1,0.43625426,0.56374574,0.56374574,0.0017288666188011
2025-09-16,JSWSTEEL,1,1,0.48592275,0.51407725,0.51407725,0.012989305514298
2025-09-17,JSWSTEEL,1,1,0.488617,0.511383,0.511383,-0.0037660969832913
2025-09-18,JSWSTEEL,1,-1,0.5914545,0.4085455,0.5914545,0.0090908871160553
2025-09-19,JSWSTEEL,1,-1,0.6131222,0.38687775,0.6131222,0.001516433216671
2025-09-22,JSWSTEEL,1,-1,0.54920304,0.450797,0.54920304,-0.0051657005485336
2025-09-23,JSWSTEEL,1,1,0.48441458,0.5155854,0.5155854,0.0191584820179611
2025-09-24,JSWSTEEL,1,-1,0.5259814,0.47401857,0.5259814,0.0093991136177129
2025-09-25,JSWSTEEL,1,-1,0.55288476,0.44711524,0.55288476,-0.0005221265326644
2025-09-26,JSWSTEEL,1,1,0.49038726,0.50961274,0.50961274,-0.0154113636672834
2025-09-29,JSWSTEEL,1,1,0.36709005,0.63290995,0.63290995,-0.0076053212636154
2025-09-30,JSWSTEEL,1,-1,0.5443945,0.45560548,0.5443945,0.0182676892639253
2025-10-01,JSWSTEEL,1,-1,0.52599907,0.4740009,0.52599907,0.0029754306111378
2025-10-06,JSWSTEEL,-1,1,0.4641065,0.5358935,0.5358935,-0.0015493904049809
2025-10-08,JSWSTEEL,-1,-1,0.66192055,0.33807945,0.66192055,-0.0100277465133246
2025-10-09,JSWSTEEL,-1,-1,0.6928481,0.30715194,0.6928481,0.0261962987068775
2025-10-10,JSWSTEEL,-1,-1,0.6639626,0.3360374,0.6639626,-0.0062967177086512
2025-10-13,JSWSTEEL,1,-1,0.6592655,0.34073445,0.6592655,-0.0054804111547048
2025-10-14,JSWSTEEL,1,-1,0.5763147,0.4236853,0.5763147,-0.0117099838987853
2025-10-15,JSWSTEEL,1,-1,0.61706513,0.38293487,0.61706513,0.0113260145033733
2025-10-16,JSWSTEEL,1,-1,0.6920196,0.30798042,0.6920196,0.0097346022419797
2025-10-17,JSWSTEEL,1,-1,0.62643576,0.3735642,0.62643576,-0.007507829486485
2025-10-20,JSWSTEEL,1,-1,0.5044272,0.49557278,0.5044272,-0.0155592683714606
2025-10-21,JSWSTEEL,1,-1,0.6470367,0.35296333,0.6470367,0.0063744753225452
2025-10-23,JSWSTEEL,1,1,0.40642923,0.59357077,0.59357077,-0.0124078514777656
2025-10-24,JSWSTEEL,1,1,0.34848255,0.65151745,0.65151745,0.0028115211557449
2025-10-27,JSWSTEEL,1,1,0.33896285,0.66103715,0.66103715,0.0080602339014297
2025-10-29,JSWSTEEL,-1,-1,0.5134225,0.4865775,0.5134225,0.0200135739059388
2025-10-30,JSWSTEEL,-1,1,0.31696236,0.68303764,0.68303764,0.0017385342689733
2025-10-31,JSWSTEEL,-1,1,0.2665184,0.7334816,0.7334816,-0.0033057851239669
2025-11-03,JSWSTEEL,-1,1,0.23624825,0.76375175,0.76375175,-0.0091210613598673
2025-11-04,JSWSTEEL,-1,1,0.3334251,0.6665749,0.6665749,-0.0113807327078975
2025-11-07,JSWSTEEL,-1,1,0.37244338,0.6275566,0.6275566,0.0024810936196122
2025-11-10,JSWSTEEL,-1,1,0.41184747,0.5881525,0.5881525,0.0064863855705112
2025-11-11,JSWSTEEL,-1,1,0.42866474,0.57133526,0.57133526,0.0103450781537728
2025-11-12,JSWSTEEL,-1,1,0.37707555,0.62292445,0.62292445,-0.0081409577607007
2025-11-13,JSWSTEEL,-1,1,0.343301,0.656699,0.656699,0.001776929682834
2025-11-14,JSWSTEEL,-1,1,0.2846303,0.7153697,0.7153697,-0.0135991006452641
2025-11-17,JSWSTEEL,-1,1,0.27101618,0.7289838,0.7289838,0.0065935527058778
2025-11-19,JSWSTEEL,-1,1,0.2423436,0.7576564,0.7576564,0.0016337269252471
2025-11-20,JSWSTEEL,-1,1,0.21624696,0.78375304,0.78375304,0.0043780371525896
2025-11-21,JSWSTEEL,1,1,0.21131986,0.78868014,0.78868014,-0.0253845736511751
2025-11-24,JSWSTEEL,1,1,0.14723009,0.8527699,0.8527699,-0.0300798450928549
2025-11-26,JSWSTEEL,-1,1,0.31789505,0.68210495,0.68210495,0.0381295183579699
2025-11-27,JSWSTEEL,-1,1,0.23968422,0.7603158,0.7603158,0.0053707129597662
2025-11-28,JSWSTEEL,-1,1,0.25217134,0.74782866,0.74782866,-0.0002584238877492
2025-12-01,JSWSTEEL,-1,1,0.35986245,0.64013755,0.64013755,0.0069809318668203
2025-12-02,JSWSTEEL,-1,1,0.4949652,0.5050348,0.5050348,-0.0054775969533824
2025-12-03,JSWSTEEL,-1,1,0.39789516,0.60210484,0.60210484,-0.0158347886523774
2025-12-04,JSWSTEEL,-1,1,0.41971588,0.5802841,0.5802841,0.0061210214668057
2025-12-05,JSWSTEEL,-1,-1,0.63288397,0.36711603,0.63288397,0.0100816755015402
2025-12-08,JSWSTEEL,-1,-1,0.6294018,0.37059817,0.6294018,-0.0370848196495608
2025-12-09,JSWSTEEL,-1,-1,0.58278704,0.41721296,0.58278704,-0.0100973344690639
2025-12-11,JSWSTEEL,-1,-1,0.503047,0.49695298,0.503047,0.0078409693682326
2025-12-12,JSWSTEEL,-1,-1,0.547241,0.45275903,0.547241,0.0181834405120371
2025-12-16,JSWSTEEL,1,-1,0.5063664,0.49363366,0.5063664,-0.028884169206878
2025-12-17,JSWSTEEL,1,1,0.43617845,0.56382155,0.56382155,-0.0030481496695272
2025-12-18,JSWSTEEL,1,1,0.49682426,0.50317574,0.50317574,0.0026868361091048
2025-12-19,JSWSTEEL,1,1,0.40967685,0.59032315,0.59032315,-0.0024024909473725
2025-12-22,JSWSTEEL,1,1,0.32056636,0.67943364,0.67943364,0.0141719610727306
2025-12-23,JSWSTEEL,1,1,0.26977915,0.73022085,0.73022085,0.0017353405531974
2025-12-24,JSWSTEEL,1,1,0.30971915,0.69028085,0.69028085,-0.0050145876688065
2025-12-26,JSWSTEEL,1,1,0.26497704,0.73502296,0.73502296,0.0028406262688858
2025-12-29,JSWSTEEL,1,1,0.28133255,0.71866745,0.71866745,-0.0016447814217555
2025-12-30,JSWSTEEL,1,1,0.4168281,0.5831719,0.5831719,0.0173897130006897
2025-12-31,JSWSTEEL,1,-1,0.57505435,0.42494565,0.57505435,0.0478590090055959
2026-01-06,JSWSTEEL,-1,-1,0.66154945,0.33845055,0.66154945,-0.008095096878576
2026-01-07,JSWSTEEL,-1,-1,0.7084,0.29159996,0.7084,0.0114766636399015
2026-01-08,JSWSTEEL,1,1,0.42933524,0.57066476,0.57066476,-0.02849220291044
2026-01-09,JSWSTEEL,1,1,0.4942813,0.5057187,0.5057187,0.0025088886173634
2026-01-12,JSWSTEEL,1,-1,0.6653042,0.33469585,0.6653042,0.0206246991169181
2026-01-13,JSWSTEEL,1,-1,0.6621131,0.33788696,0.6621131,-0.0038893851152861
2026-01-14,JSWSTEEL,1,-1,0.7013997,0.2986003,0.7013997,0.0031407124343136
2026-01-15,JSWSTEEL,1,-1,0.663748,0.33625194,0.663748,0.0
2026-01-16,JSWSTEEL,1,-1,0.7213833,0.27861673,0.7213833,0.0046539175602962
2026-01-19,JSWSTEEL,1,-1,0.69027895,0.30972105,0.69027895,-0.0026952523461495
2026-01-20,JSWSTEEL,1,-1,0.6699058,0.33009422,0.6699058,-0.0203529905268445
2026-01-21,JSWSTEEL,1,-1,0.7519334,0.24806659,0.7519334,0.012586185849946
2026-01-22,JSWSTEEL,1,-1,0.7832655,0.21673454,0.7832655,0.0083433075360284
2026-01-23,JSWSTEEL,1,-1,0.7641455,0.23585454,0.7641455,-0.0121580750736528
2026-01-27,JSWSTEEL,1,-1,0.6945089,0.3054911,0.6945089,0.0444444444444445
2026-01-28,JSWSTEEL,1,-1,0.7629402,0.23705976,0.7629402,-0.0027005309559123
2026-01-29,JSWSTEEL,1,-1,0.7843859,0.2156141,0.7843859,0.0154263145822295
2026-01-30,JSWSTEEL,1,-1,0.7026497,0.2973503,0.7026497,-0.0186666469381313
2026-02-02,JSWSTEEL,1,-1,0.59382755,0.40617245,0.59382755,-0.0125165290979974
2026-02-03,JSWSTEEL,1,-1,0.6667787,0.3332213,0.6667787,0.0251835177383683
2026-02-04,JSWSTEEL,1,-1,0.6858374,0.31416264,0.6858374,-0.0009761454517291
2026-02-05,JSWSTEEL,-1,-1,0.787463,0.212537,0.787463,0.0094447957314947
2026-02-10,JSWSTEEL,1,-1,0.84706295,0.15293702,0.84706295,-0.0007229111759537
2026-02-11,JSWSTEEL,1,-1,0.8595922,0.1404078,0.8595922,0.0040993293835052
2026-02-12,JSWSTEEL,1,-1,0.85654706,0.14345296,0.85654706,-0.0010406074356575
2026-02-13,JSWSTEEL,1,-1,0.8381405,0.16185948,0.8381405,-0.012741424876186
2026-02-16,JSWSTEEL,1,-1,0.83303714,0.16696283,0.83303714,0.0131493110161322
2026-02-17,JSWSTEEL,-1,-1,0.9081864,0.0918136,0.9081864,-0.0028841337339884
2026-02-20,JSWSTEEL,-1,-1,0.8343707,0.16562933,0.8343707,0.0060241161404992
2026-02-23,JSWSTEEL,-1,-1,0.8543061,0.1456939,0.8543061,0.0038031647403897
2026-02-24,JSWSTEEL,-1,-1,0.849274,0.15072602,0.849274,0.0112857718661829
2026-02-25,JSWSTEEL,-1,-1,0.7746563,0.22534369,0.7746563,0.0163411717815862
2026-02-26,JSWSTEEL,-1,-1,0.79880255,0.20119746,0.79880255,0.0043921377144606
2026-02-27,JSWSTEEL,-1,-1,0.8143232,0.18567684,0.8143232,-0.0124160742754875
2026-03-02,JSWSTEEL,-1,-1,0.7802608,0.21973917,0.7802608,0.0020559008117622
2026-03-04,JSWSTEEL,-1,-1,0.73468894,0.26531106,0.73468894,-0.0428470344322454
2026-03-05,JSWSTEEL,-1,-1,0.81655174,0.18344826,0.81655174,0.0289365008952493
2026-03-06,JSWSTEEL,-1,-1,0.77224165,0.22775835,0.77224165,-0.0115375568429942
2026-03-09,JSWSTEEL,-1,-1,0.52906454,0.47093543,0.52906454,-0.0333144015665212
2026-03-10,JSWSTEEL,-1,-1,0.6756544,0.3243456,0.6756544,0.0181956009445045
2026-03-11,JSWSTEEL,-1,1,0.49408835,0.50591165,0.50591165,-0.0292349490014924
2026-03-12,JSWSTEEL,-1,1,0.39622605,0.60377395,0.60377395,-0.0052596479346528
2026-03-17,JSWSTEEL,-1,-1,0.5890361,0.4109639,0.5890361,0.01885472769401
2026-03-18,JSWSTEEL,-1,-1,0.685328,0.31467196,0.685328,0.0112235248494463
2026-03-19,JSWSTEEL,1,-1,0.54290843,0.45709154,0.54290843,-0.041853784944862
2026-03-20,JSWSTEEL,1,-1,0.7207602,0.2792398,0.7207602,0.034220488404292
2026-03-23,JSWSTEEL,1,1,0.47093028,0.5290697,0.5290697,-0.0512995906741035
2026-03-24,JSWSTEEL,1,-1,0.60565555,0.39434442,0.60565555,0.0217195170477642
2026-03-25,JSWSTEEL,1,-1,0.6051521,0.39484793,0.6051521,0.0196701506470684
2026-03-27,JSWSTEEL,1,1,0.49502254,0.50497746,0.50497746,-0.0222317916711721
2026-03-30,JSWSTEEL,1,-1,0.5859859,0.41401407,0.5859859,-0.0069008656915585
2026-04-01,JSWSTEEL,1,-1,0.5190574,0.48094258,0.5190574,0.0159465696339087
2026-04-02,JSWSTEEL,1,-1,0.6677294,0.33227062,0.6677294,0.0007892181644988
2026-04-06,JSWSTEEL,1,1,0.48582757,0.51417243,0.51417243,-0.0067467562540577
2026-04-07,JSWSTEEL,1,-1,0.5949611,0.4050389,0.5949611,0.0161433038304945
2026-04-08,JSWSTEEL,1,-1,0.61287624,0.38712376,0.61287624,0.0368087711740696
2026-04-09,JSWSTEEL,1,-1,0.72463083,0.27536914,0.72463083,0.0128945003048945
2026-04-10,JSWSTEEL,1,1,0.47973937,0.52026063,0.52026063,0.0042160022006361
2026-04-13,JSWSTEEL,1,1,0.381568,0.618432,0.618432,-0.0087257962052895
2026-04-15,JSWSTEEL,1,1,0.40149665,0.59850335,0.59850335,0.0119581672462691
2026-04-16,JSWSTEEL,1,1,0.3722738,0.6277262,0.6277262,-0.003036231122601
2025-01-02,KOTAKBANK,-1,-1,0.5651252,0.4348748,0.5651252,0.0272590834853796
2025-01-03,KOTAKBANK,-1,-1,0.53385663,0.46614337,0.53385663,0.0008164754586303
2025-01-06,KOTAKBANK,1,-1,0.5226563,0.4773437,0.5226563,-0.0320887511528011
2025-01-07,KOTAKBANK,1,-1,0.5377489,0.46225113,0.5377489,-0.0042705024677495
2025-01-08,KOTAKBANK,1,-1,0.6164517,0.38354832,0.6164517,-0.0019186317714076
2025-01-09,KOTAKBANK,1,-1,0.5658171,0.43418288,0.5658171,0.0121843958852885
2025-01-10,KOTAKBANK,1,-1,0.55921936,0.44078067,0.55921936,-0.0189923937241055
2025-01-13,KOTAKBANK,1,-1,0.56459755,0.43540245,0.56459755,-0.0101354563347449
2025-01-14,KOTAKBANK,1,-1,0.600978,0.399022,0.600978,0.0070179613482233
2025-01-15,KOTAKBANK,1,-1,0.5513376,0.44866237,0.5513376,0.0222780709837759
2025-01-16,KOTAKBANK,1,-1,0.58103645,0.41896358,0.58103645,0.0089125599582613
2025-01-17,KOTAKBANK,1,-1,0.533773,0.466227,0.533773,-0.026003143184092
2025-01-24,KOTAKBANK,1,1,0.4621914,0.5378086,0.5378086,-0.0045650570616008
2025-01-27,KOTAKBANK,1,1,0.49017566,0.50982434,0.50982434,-0.0025447139116318
2025-01-28,KOTAKBANK,1,1,0.46043736,0.53956264,0.53956264,0.0033751107525457
2025-01-30,KOTAKBANK,1,1,0.34448332,0.6555167,0.6555167,-0.0098159905488256
2025-01-31,KOTAKBANK,1,1,0.45823503,0.541765,0.541765,-0.0001051632082378
2025-02-01,KOTAKBANK,1,1,0.45114088,0.5488591,0.5488591,0.0009467291123821
2025-02-03,KOTAKBANK,1,-1,0.52507585,0.47492415,0.52507585,-0.0097735610151814
2025-02-04,KOTAKBANK,1,-1,0.5102594,0.4897406,0.5102594,0.0233484240804744
2025-02-05,KOTAKBANK,1,1,0.45266175,0.54733825,0.54733825,-0.0086854763003004
2025-02-06,KOTAKBANK,1,-1,0.57784337,0.42215663,0.57784337,0.0021969061762925
2025-02-07,KOTAKBANK,1,1,0.49013084,0.50986916,0.50986916,0.0069416859154627
2025-02-11,KOTAKBANK,1,-1,0.5453068,0.45469323,0.5453068,-0.0211973195118634
2025-02-13,KOTAKBANK,-1,-1,0.72754335,0.27245665,0.72754335,0.0148409466916783
2025-02-14,KOTAKBANK,-1,-1,0.6689237,0.33107632,0.6689237,-0.0103405956286535
2025-02-17,KOTAKBANK,-1,-1,0.66643155,0.33356848,0.66643155,-0.0036366299508767
2025-02-18,KOTAKBANK,-1,-1,0.6728686,0.32713136,0.6728686,0.0092788335135851
2025-02-19,KOTAKBANK,-1,-1,0.71691597,0.28308403,0.71691597,0.0110270675206947
2025-02-20,KOTAKBANK,-1,-1,0.7033564,0.29664364,0.7033564,-0.0072796381998805
2025-02-21,KOTAKBANK,-1,-1,0.7015077,0.29849234,0.7015077,-0.0088807754576906
2025-02-24,KOTAKBANK,-1,-1,0.71860874,0.2813913,0.71860874,0.0066818576606162
2025-02-25,KOTAKBANK,1,-1,0.6855916,0.31440845,0.6855916,0.0005849950668963
2025-02-27,KOTAKBANK,1,-1,0.7224786,0.2775214,0.7224786,-0.0100140374195034
2025-02-28,KOTAKBANK,1,-1,0.59649503,0.40350494,0.59649503,-0.0229005711533627
2025-03-03,KOTAKBANK,1,-1,0.5224968,0.47750318,0.5224968,0.0061221126338033
2025-03-04,KOTAKBANK,1,-1,0.6748071,0.3251929,0.6748071,-0.003551722709985
2025-03-05,KOTAKBANK,1,-1,0.6692001,0.33079988,0.6692001,0.0132613378372956
2025-03-06,KOTAKBANK,1,-1,0.61928976,0.38071027,0.61928976,-0.005897263622264
2025-03-07,KOTAKBANK,1,-1,0.75461614,0.24538386,0.75461614,0.0071291109085072
2025-03-10,KOTAKBANK,1,-1,0.76311904,0.23688094,0.76311904,-0.0070527569552372
2025-03-11,KOTAKBANK,1,-1,0.7528478,0.24715221,0.7528478,0.0069988760621426
2025-03-12,KOTAKBANK,1,-1,0.8145339,0.18546611,0.8145339,0.0244677067004359
2025-03-13,KOTAKBANK,1,-1,0.7812207,0.21877936,0.7812207,0.0012861887965189
2025-03-17,KOTAKBANK,1,-1,0.5608207,0.43917933,0.5608207,0.0040300682538989
2025-03-18,KOTAKBANK,1,1,0.4989339,0.5010661,0.5010661,0.0
2025-03-19,KOTAKBANK,1,-1,0.5323832,0.46761683,0.5323832,0.0142742304746139
2025-03-20,KOTAKBANK,1,1,0.339099,0.660901,0.660901,0.0069748200223787
2025-03-21,KOTAKBANK,-1,1,0.31235063,0.68764937,0.68764937,0.0212953807564939
2025-03-24,KOTAKBANK,-1,1,0.48507595,0.51492405,0.51492405,0.0467292706875761
2025-03-25,KOTAKBANK,-1,1,0.45871627,0.5412837,0.5412837,-0.0028261463358201
2025-03-26,KOTAKBANK,-1,1,0.44703287,0.55296713,0.55296713,-0.0115667556075937
2025-03-28,KOTAKBANK,-1,1,0.48544705,0.51455295,0.51455295,0.0199890830195741
2025-04-01,KOTAKBANK,1,1,0.4946859,0.5053141,0.5053141,-0.0116525335034524
2025-04-02,KOTAKBANK,1,1,0.39178282,0.6082172,0.6082172,0.0040543386164362
2025-04-03,KOTAKBANK,1,1,0.39497924,0.60502076,0.60502076,-0.0102107709474518
2025-04-04,KOTAKBANK,1,1,0.4050129,0.5949871,0.5949871,-0.0003047253489083
2025-04-07,KOTAKBANK,1,1,0.4420433,0.5579567,0.5579567,-0.0441380243335809
2025-04-08,KOTAKBANK,1,1,0.3884186,0.6115814,0.6115814,0.0084892855809581
2025-04-09,KOTAKBANK,1,-1,0.5901966,0.4098034,0.5901966,-0.0011920654836944
2025-04-11,KOTAKBANK,1,-1,0.55993664,0.4400634,0.55993664,0.0284989681168152
2025-04-15,KOTAKBANK,1,-1,0.5420406,0.45795938,0.5420406,0.0042630165818791
2025-04-16,KOTAKBANK,1,-1,0.56886864,0.4311314,0.56886864,0.0015092650080434
2025-04-17,KOTAKBANK,-1,-1,0.57655877,0.42344123,0.57655877,0.03047002968657
2025-04-21,KOTAKBANK,-1,1,0.494152,0.505848,0.505848,0.024359060107022
2025-04-22,KOTAKBANK,-1,1,0.36088938,0.6391106,0.6391106,0.0122245127782423
2025-04-23,KOTAKBANK,-1,1,0.38208354,0.61791646,0.61791646,-0.0184239027423487
2025-04-24,KOTAKBANK,-1,1,0.49877912,0.5012209,0.5012209,-0.0017961238872746
2025-04-25,KOTAKBANK,-1,1,0.47633195,0.52366805,0.52366805,-0.008367031739896
2025-04-28,KOTAKBANK,-1,-1,0.53716993,0.46283007,0.53716993,0.00961710710771
2025-04-29,KOTAKBANK,-1,-1,0.64728564,0.35271436,0.64728564,-0.0092559524933085
2025-04-30,KOTAKBANK,-1,-1,0.58875716,0.4112428,0.58875716,0.0014059121053098
2025-05-02,KOTAKBANK,-1,-1,0.61860305,0.38139695,0.61860305,-0.0119559946670685
2025-05-05,KOTAKBANK,1,1,0.4388268,0.5611732,0.5611732,-0.0443690074230879
2025-05-07,KOTAKBANK,-1,1,0.33798623,0.66201377,0.66201377,0.0100771825578482
2025-05-08,KOTAKBANK,-1,1,0.3802144,0.6197856,0.6197856,0.0084490808429698
2025-05-12,KOTAKBANK,-1,1,0.33788007,0.6621199,0.6621199,0.0199229999441417
2025-05-13,KOTAKBANK,-1,1,0.23186934,0.76813066,0.76813066,-0.0137062973518873
2025-05-14,KOTAKBANK,-1,1,0.42946976,0.57053024,0.57053024,-0.0109661257280309
2025-05-15,KOTAKBANK,-1,1,0.32185298,0.678147,0.678147,0.0066908272572288
2025-05-16,KOTAKBANK,-1,1,0.38808346,0.61191654,0.61191654,0.0008546187232139
2025-05-19,KOTAKBANK,-1,1,0.4481817,0.5518183,0.5518183,0.0014229309043389
2025-05-20,KOTAKBANK,-1,1,0.35228956,0.64771044,0.64771044,-0.0099943372031282
2025-05-21,KOTAKBANK,-1,1,0.35299295,0.64700705,0.64700705,-0.0089947276343994
2025-05-22,KOTAKBANK,-1,1,0.3184833,0.6815167,0.6815167,-0.0026553158423077
2025-05-23,KOTAKBANK,-1,1,0.3347093,0.6652907,0.6652907,0.0169425999102554
2025-05-26,KOTAKBANK,1,1,0.3823895,0.6176105,0.6176105,-0.0054742062724495
2025-05-27,KOTAKBANK,1,1,0.2882154,0.7117846,0.7117846,-0.0056956128273065
2025-05-28,KOTAKBANK,1,1,0.25608206,0.74391794,0.74391794,-0.0014922673153527
2025-05-29,KOTAKBANK,1,1,0.3901193,0.6098807,0.6098807,0.003519319582012
2025-05-30,KOTAKBANK,1,1,0.33741152,0.6625885,0.6625885,-0.0033147750549967
2025-06-02,KOTAKBANK,1,1,0.4429804,0.5570196,0.5570196,-0.0053502309386518
2025-06-03,KOTAKBANK,1,1,0.4177186,0.5822814,0.5822814,-0.009255625041363
2025-06-04,KOTAKBANK,1,1,0.40463525,0.59536475,0.59536475,0.0008804186976334
2025-06-05,KOTAKBANK,1,1,0.39389896,0.60610104,0.60610104,-0.0031276156781077
2025-06-06,KOTAKBANK,1,1,0.48227876,0.51772124,0.51772124,0.0164223162032017
2025-06-09,KOTAKBANK,1,1,0.4071175,0.5928825,0.5928825,0.0312530737512419
2025-06-10,KOTAKBANK,1,1,0.38475114,0.61524886,0.61524886,0.006033106209504
2025-06-11,KOTAKBANK,1,1,0.3729366,0.6270634,0.6270634,-0.0026962874081737
2025-06-12,KOTAKBANK,1,1,0.44037557,0.55962443,0.55962443,-0.0086235754451944
2025-06-13,KOTAKBANK,1,1,0.29025376,0.70974624,0.70974624,-0.0091215835721853
2025-06-16,KOTAKBANK,1,1,0.30319202,0.696808,0.696808,0.0149946879889399
2025-06-17,KOTAKBANK,1,1,0.31792957,0.68207043,0.68207043,-0.0010284954884322
2025-06-18,KOTAKBANK,1,1,0.3231548,0.6768452,0.6768452,-0.0020591087609351
2025-06-19,KOTAKBANK,-1,1,0.30549258,0.6945074,0.6945074,0.006565391029589
2025-06-20,KOTAKBANK,-1,1,0.35470802,0.645292,0.645292,0.0109019299598134
2025-06-23,KOTAKBANK,-1,1,0.49863327,0.50136673,0.50136673,0.0065905006644431
2025-06-25,KOTAKBANK,1,1,0.43773335,0.56226665,0.56226665,-0.0113779363460745
2025-06-27,KOTAKBANK,1,1,0.425874,0.574126,0.574126,0.0018148803972815
2025-06-30,KOTAKBANK,1,1,0.38950676,0.61049324,0.61049324,-0.0201095562736365
2025-07-03,KOTAKBANK,1,1,0.3885578,0.6114422,0.6114422,-0.0195933627357843
2025-07-07,KOTAKBANK,1,1,0.32852048,0.6714795,0.6714795,0.0093905492575805
2025-07-08,KOTAKBANK,-1,-1,0.5775798,0.4224202,0.5775798,0.0347474088846038
2025-07-09,KOTAKBANK,-1,-1,0.5241996,0.47580037,0.5241996,0.0021577846643392
2025-07-10,KOTAKBANK,-1,1,0.4753964,0.5246036,0.5246036,-0.0114385448206225
2025-07-11,KOTAKBANK,-1,1,0.484989,0.515011,0.515011,0.0076232180760673
2025-07-14,KOTAKBANK,-1,1,0.36260474,0.63739526,0.63739526,-0.0075655442821404
2025-07-15,KOTAKBANK,-1,1,0.39154726,0.60845274,0.60845274,-0.0071240565163736
2025-07-16,KOTAKBANK,-1,1,0.3944795,0.6055205,0.6055205,-0.0039760761013886
2025-07-17,KOTAKBANK,-1,1,0.37468415,0.62531585,0.62531585,-0.0039460365344832
2025-07-18,KOTAKBANK,-1,1,0.37088394,0.62911606,0.62911606,-0.0128210983527221
2025-07-21,KOTAKBANK,-1,1,0.438545,0.561455,0.561455,0.0115393655009941
2025-07-22,KOTAKBANK,-1,-1,0.5232364,0.4767636,0.5232364,-0.0023092554504609
2025-07-23,KOTAKBANK,-1,-1,0.52471995,0.47528008,0.52471995,0.0047217340685976
2025-07-24,KOTAKBANK,-1,-1,0.54534876,0.45465124,0.54534876,-0.0130390096747502
2025-07-25,KOTAKBANK,-1,1,0.49172515,0.50827485,0.50827485,-0.0081695529860916
2025-07-30,KOTAKBANK,1,1,0.1596443,0.8403557,0.8403557,-0.0065899681837199
2025-08-04,KOTAKBANK,1,1,0.34212685,0.65787315,0.65787315,0.0023087303874518
2025-08-08,KOTAKBANK,1,1,0.16043323,0.83956677,0.83956677,-0.0197781351770417
2025-08-13,KOTAKBANK,-1,1,0.220056,0.779944,0.779944,0.0146503852240704
2025-08-18,KOTAKBANK,-1,1,0.29055142,0.7094486,0.7094486,0.0117277928396155
2025-08-19,KOTAKBANK,-1,1,0.36597282,0.6340272,0.6340272,0.0142400625172731
2025-08-20,KOTAKBANK,-1,1,0.40251887,0.59748113,0.59748113,-0.0061087022001475
2025-08-21,KOTAKBANK,-1,1,0.38669497,0.61330503,0.61330503,0.0001486928341851
2025-08-22,KOTAKBANK,-1,1,0.38148296,0.61851704,0.61851704,-0.0154623606703462
2025-08-25,KOTAKBANK,-1,1,0.3569969,0.6430031,0.6430031,-0.0016611387545123
2025-08-28,KOTAKBANK,1,1,0.14603132,0.8539687,0.8539687,-0.0106832478265715
2025-08-29,KOTAKBANK,1,1,0.1950025,0.8049975,0.8049975,0.0080217902442614
2025-09-02,KOTAKBANK,1,1,0.17102307,0.8289769,0.8289769,-0.013258156061462
2025-09-03,KOTAKBANK,1,1,0.12549013,0.8745099,0.8745099,0.0091119911066199
2025-09-04,KOTAKBANK,1,1,0.24837065,0.75162935,0.75162935,-0.0053566117175385
2025-09-05,KOTAKBANK,1,1,0.20698911,0.7930109,0.7930109,-0.0021541681608232
2025-09-08,KOTAKBANK,1,1,0.3186707,0.6813293,0.6813293,0.0023643867790419
2025-09-09,KOTAKBANK,1,1,0.39004844,0.60995156,0.60995156,0.0052817743106021
2025-09-10,KOTAKBANK,1,-1,0.50514233,0.4948577,0.50514233,0.0065803335497927
2025-09-11,KOTAKBANK,1,1,0.44193232,0.5580677,0.5580677,-0.0005067962427793
2025-09-12,KOTAKBANK,1,1,0.34755957,0.6524404,0.6524404,0.0
2025-09-15,KOTAKBANK,1,1,0.4519434,0.5480566,0.5480566,-0.0007605024577072
2025-09-16,KOTAKBANK,-1,-1,0.5386015,0.46139845,0.5386015,0.0258270564775719
2025-09-17,KOTAKBANK,1,-1,0.56389487,0.43610513,0.56389487,0.0141465135096927
2025-09-18,KOTAKBANK,1,-1,0.6380589,0.36194107,0.6380589,0.0020972927724258
2025-09-19,KOTAKBANK,1,-1,0.5828258,0.41717425,0.5828258,-0.0114864233098084
2025-09-22,KOTAKBANK,1,-1,0.6083187,0.3916813,0.6083187,-0.0045790640404821
2025-09-23,KOTAKBANK,1,-1,0.572776,0.42722398,0.572776,0.0128604942724632
2025-09-24,KOTAKBANK,1,-1,0.62994313,0.37005687,0.62994313,-0.0080089825434895
2025-09-25,KOTAKBANK,1,-1,0.5696084,0.4303916,0.5696084,-0.0087628550017697
2025-09-26,KOTAKBANK,1,-1,0.5421804,0.45781958,0.5421804,-0.0092873619036056
2025-09-29,KOTAKBANK,1,1,0.47041357,0.52958643,0.52958643,-0.0016041311022823
2025-09-30,KOTAKBANK,1,-1,0.5304531,0.4695469,0.5304531,0.0005523227973935
2025-10-01,KOTAKBANK,1,-1,0.5291456,0.47085437,0.5291456,0.0354293039957014
2025-10-03,KOTAKBANK,1,-1,0.5565369,0.44346312,0.5565369,0.0180293761822825
2025-10-06,KOTAKBANK,1,-1,0.582312,0.41768804,0.582312,0.0216615233784913
2025-10-07,KOTAKBANK,1,-1,0.71277833,0.28722167,0.71277833,-0.0089002964016136
2025-10-08,KOTAKBANK,1,-1,0.71977895,0.28022105,0.71977895,-0.0042785446032428
2025-10-09,KOTAKBANK,1,-1,0.74770296,0.252297,0.74770296,0.0126546791482573
2025-10-16,KOTAKBANK,-1,-1,0.7791254,0.22087461,0.7791254,0.0259582545496155
2025-10-17,KOTAKBANK,-1,-1,0.7812586,0.21874139,0.7812586,0.0001814117445355
2025-10-20,KOTAKBANK,-1,-1,0.6444875,0.35551253,0.6444875,0.0036268158723224
2025-10-21,KOTAKBANK,-1,-1,0.65759933,0.3424007,0.65759933,-0.0075887970797526
2025-10-23,KOTAKBANK,-1,-1,0.5466342,0.45336583,0.5466342,0.0130177544382275
2025-10-24,KOTAKBANK,-1,-1,0.59756505,0.40243492,0.59756505,-0.0173436406034077
2025-10-27,KOTAKBANK,-1,1,0.39974862,0.6002514,0.6002514,-0.0175582825398914
2025-10-28,KOTAKBANK,-1,1,0.37863344,0.62136656,0.62136656,0.0056781216477588
2025-10-29,KOTAKBANK,-1,1,0.4759916,0.5240084,0.5240084,-0.00476674736472
2025-10-30,KOTAKBANK,-1,1,0.43402493,0.56597507,0.56597507,-0.0061846166574319
2025-11-03,KOTAKBANK,-1,1,0.294989,0.705011,0.705011,0.0053753442881305
2025-11-06,KOTAKBANK,1,1,0.45159388,0.5484061,0.5484061,-0.0063912826217926
2025-11-11,KOTAKBANK,-1,-1,0.52271044,0.47728953,0.52271044,-0.0027715478530766
2025-11-12,KOTAKBANK,1,1,0.45045143,0.54954857,0.54954857,-0.0011500574553466
2025-11-13,KOTAKBANK,1,1,0.44318908,0.5568109,0.5568109,-0.0044614664878702
2025-11-14,KOTAKBANK,1,1,0.40530318,0.5946968,0.5946968,0.0021684509395603
2025-11-17,KOTAKBANK,1,1,0.367714,0.632286,0.632286,0.011155416895765
2025-11-18,KOTAKBANK,1,1,0.38364083,0.6163592,0.6163592,-0.0046602109412102
2025-11-19,KOTAKBANK,1,1,0.1454615,0.8545385,0.8545385,0.0061153255660353
2025-11-20,KOTAKBANK,1,1,0.12840307,0.87159693,0.87159693,-0.0034189716188982
2025-11-21,KOTAKBANK,1,1,0.17628354,0.82371646,0.82371646,-0.0051936740041471
2025-11-24,KOTAKBANK,1,1,0.19229448,0.8077055,0.8077055,-0.0002395011593551
2025-11-25,KOTAKBANK,1,1,0.22887093,0.7711291,0.7711291,-0.0083360813969749
2025-11-26,KOTAKBANK,1,1,0.18596113,0.8140389,0.8140389,0.0163775993994086
2025-11-27,KOTAKBANK,1,1,0.18335336,0.81664664,0.81664664,0.0030421112976251
2025-11-28,KOTAKBANK,1,1,0.15406609,0.8459339,0.8459339,0.0067292111657426
2025-12-01,KOTAKBANK,1,1,0.29041034,0.70958966,0.70958966,0.0109206930840135
2025-12-02,KOTAKBANK,1,-1,0.59314954,0.4068505,0.59314954,-0.0024212564116792
2025-12-03,KOTAKBANK,1,-1,0.5099002,0.49009976,0.5099002,0.0017270122652199
2025-12-04,KOTAKBANK,1,-1,0.533303,0.466697,0.533303,-0.0049858222877575
2025-12-08,KOTAKBANK,1,-1,0.670161,0.329839,0.670161,-0.0108125749299708
2025-12-09,KOTAKBANK,1,-1,0.6173564,0.38264355,0.6173564,-0.0018296086646096
2025-12-10,KOTAKBANK,1,-1,0.65640306,0.3435969,0.65640306,0.0008459494861445
2025-12-11,KOTAKBANK,-1,-1,0.64539033,0.35460967,0.64539033,0.0238084404643172
2025-12-12,KOTAKBANK,-1,-1,0.69582,0.30418006,0.69582,-0.0016512274254506
2025-12-15,KOTAKBANK,-1,-1,0.61651826,0.38348174,0.61651826,0.0021593366387733
2025-12-16,KOTAKBANK,1,-1,0.7116847,0.28831533,0.7116847,0.0005042892215156
2025-12-17,KOTAKBANK,1,-1,0.633058,0.366942,0.633058,-0.0042155340257913
2025-12-18,KOTAKBANK,1,-1,0.67496765,0.32503232,0.67496765,-0.0039573006689095
2025-12-19,KOTAKBANK,1,-1,0.62282795,0.37717205,0.62282795,-0.0023561385466422
2025-12-23,KOTAKBANK,-1,1,0.4270898,0.5729102,0.5729102,0.006047369606809
2025-12-24,KOTAKBANK,-1,1,0.42024696,0.57975304,0.57975304,0.0004623426399927
2025-12-26,KOTAKBANK,-1,1,0.31230628,0.6876937,0.6876937,0.0002310997499017
2025-12-29,KOTAKBANK,-1,1,0.32974315,0.67025685,0.67025685,-0.0025875499645674
2025-12-30,KOTAKBANK,-1,1,0.3158638,0.6841362,0.6841362,-0.0027332360614398
2025-12-31,KOTAKBANK,-1,-1,0.58928436,0.41071564,0.58928436,0.0224833754904598
2026-01-01,KOTAKBANK,-1,-1,0.7147416,0.2852584,0.7147416,0.0075871071932875
2026-01-02,KOTAKBANK,-1,-1,0.6565014,0.34349856,0.6565014,-0.0102353877038294
2026-01-05,KOTAKBANK,-1,-1,0.7537441,0.2462559,0.7537441,-0.001913344173184
2026-01-06,KOTAKBANK,-1,-1,0.60434926,0.3956507,0.60434926,-0.0203112740089657
2026-01-07,KOTAKBANK,-1,-1,0.7127452,0.2872548,0.7127452,-0.0011181769187781
2026-01-09,KOTAKBANK,-1,-1,0.6114776,0.38852242,0.6114776,-0.0029067527759298
2026-01-12,KOTAKBANK,-1,-1,0.80007553,0.19992444,0.80007553,0.0030562778712539
2026-01-13,KOTAKBANK,-1,-1,0.7940471,0.20595285,0.7940471,-0.0003281644570283
2026-01-14,KOTAKBANK,-1,-1,0.7361872,0.26381275,0.7361872,-0.0129419233701961
2026-01-15,KOTAKBANK,-1,-1,0.61228395,0.38771608,0.61228395,0.0
2026-01-16,KOTAKBANK,-1,-1,0.59114695,0.40885308,0.59114695,-0.0066508023585956
2026-01-19,KOTAKBANK,-1,-1,0.69561124,0.30438873,0.69561124,0.0208033989371243
2026-01-20,KOTAKBANK,-1,-1,0.67233497,0.32766503,0.67233497,-0.0072616681842054
2026-01-21,KOTAKBANK,-1,-1,0.6552701,0.34472987,0.6552701,-0.005191084834405
2026-01-22,KOTAKBANK,-1,1,0.4474343,0.5525657,0.5525657,0.0104364180094533
2026-01-23,KOTAKBANK,1,1,0.46809024,0.53190976,0.53190976,-0.0075117657442047
2026-01-27,KOTAKBANK,1,1,0.3345003,0.6654997,0.6654997,-0.0333490444489837
2026-01-28,KOTAKBANK,1,1,0.42005348,0.5799465,0.5799465,0.0090530501075172
2026-01-29,KOTAKBANK,1,-1,0.5198462,0.48015383,0.5198462,0.0
2026-01-30,KOTAKBANK,1,-1,0.5630507,0.4369493,0.5630507,-0.0106692385101945
2026-02-02,KOTAKBANK,1,1,0.44329113,0.5567089,0.5567089,0.0004902259976256
2026-02-03,KOTAKBANK,1,-1,0.5212207,0.47877932,0.5212207,0.0186182639849676
2026-02-04,KOTAKBANK,1,-1,0.5885639,0.4114361,0.5885639,-0.0082972145039381
2026-02-05,KOTAKBANK,1,-1,0.55647147,0.44352856,0.55647147,-0.0087304621079886
2026-02-11,KOTAKBANK,-1,-1,0.6651864,0.33481362,0.6651864,0.0005823433661977
2026-02-13,KOTAKBANK,-1,-1,0.5937074,0.40629262,0.5937074,-0.0131378442311217
2026-02-16,KOTAKBANK,-1,1,0.46714956,0.53285044,0.53285044,0.011767531864625
2026-02-17,KOTAKBANK,-1,-1,0.6689467,0.33105332,0.6689467,-0.0027020532894557
2026-02-18,KOTAKBANK,-1,-1,0.5985445,0.40145555,0.5985445,0.0044763666906377
2026-02-19,KOTAKBANK,-1,-1,0.5507026,0.4492974,0.5507026,-0.0233376616971724
2026-02-20,KOTAKBANK,-1,1,0.39955902,0.600441,0.600441,0.0118876375590482
2026-02-23,KOTAKBANK,-1,-1,0.5386398,0.46136025,0.5386398,0.0221905920685296
2026-02-24,KOTAKBANK,-1,1,0.49039996,0.50960004,0.50960004,-0.0069654049569841
2026-02-25,KOTAKBANK,-1,1,0.3904785,0.6095215,0.6095215,-0.0064297402887817
2026-02-26,KOTAKBANK,-1,1,0.4739424,0.5260576,0.5260576,-0.000941344634831
2026-02-27,KOTAKBANK,-1,-1,0.5470406,0.45295945,0.5470406,-0.0220232619356404
2026-03-02,KOTAKBANK,-1,1,0.39626366,0.60373634,0.60373634,-0.0050578180196885
2026-03-04,KOTAKBANK,-1,1,0.4070642,0.5929358,0.5929358,-0.023602033057237
2026-03-05,KOTAKBANK,-1,1,0.48412347,0.51587653,0.51587653,0.0097929382166401
2026-03-06,KOTAKBANK,-1,-1,0.5445417,0.45545825,0.5445417,-0.0184139460465986
2026-03-09,KOTAKBANK,-1,1,0.39857793,0.6014221,0.6014221,-0.0336417761383674
2026-03-10,KOTAKBANK,-1,-1,0.5498641,0.4501359,0.5498641,0.01423579633263
2026-03-11,KOTAKBANK,-1,-1,0.549941,0.450059,0.549941,-0.0220747575902787
2026-03-12,KOTAKBANK,-1,1,0.41981572,0.5801843,0.5801843,-0.020615929442597
2026-03-13,KOTAKBANK,-1,1,0.37763798,0.622362,0.622362,-0.0225152730197115
2026-03-16,KOTAKBANK,-1,1,0.44192833,0.5580717,0.5580717,0.0081777291811016
2026-03-17,KOTAKBANK,-1,-1,0.5519316,0.4480684,0.5519316,0.0117615412511258
2026-03-18,KOTAKBANK,-1,-1,0.58970296,0.41029707,0.58970296,0.0032067922242322
2026-03-19,KOTAKBANK,-1,-1,0.5113001,0.48869988,0.5113001,-0.0193127333987095
2026-03-20,KOTAKBANK,1,1,0.4568056,0.5431944,0.5431944,-0.0038027812568103
2026-03-23,KOTAKBANK,1,1,0.45724607,0.54275393,0.54275393,-0.027811894225034
2026-03-24,KOTAKBANK,1,1,0.44247937,0.5575206,0.5575206,0.028888006347451
2026-03-27,KOTAKBANK,1,1,0.30301505,0.69698495,0.69698495,-0.0133387553910481
2026-03-30,KOTAKBANK,1,1,0.39553195,0.60446805,0.60446805,-0.034821794927039
2026-04-01,KOTAKBANK,1,1,0.3839413,0.6160587,0.6160587,0.0074985680312733
2026-04-02,KOTAKBANK,1,-1,0.5541631,0.44583687,0.5541631,0.0054767933545474
2026-04-06,KOTAKBANK,1,1,0.34215325,0.65784675,0.65784675,0.0071228709300803
2026-04-07,KOTAKBANK,1,1,0.3906477,0.6093523,0.6093523,0.0066565649572025
2026-04-08,KOTAKBANK,-1,1,0.3868214,0.6131786,0.6131786,0.0473893955392459
2026-04-13,KOTAKBANK,1,1,0.19180745,0.80819255,0.80819255,-0.0070751407898834
2026-04-16,KOTAKBANK,1,1,0.19793189,0.8020681,0.8020681,-0.0084989541105479
2025-01-01,LT,-1,-1,0.5832137,0.4167863,0.5832137,0.0165898119138041
2025-01-02,LT,-1,-1,0.5699726,0.43002743,0.5699726,0.0125425817083704
2025-01-03,LT,-1,-1,0.59501547,0.40498453,0.59501547,-0.0144338928124622
2025-01-07,LT,-1,-1,0.6253941,0.3746059,0.6253941,0.0111290780804003
2025-01-08,LT,-1,-1,0.639343,0.360657,0.639343,-0.0128866491604695
2025-01-09,LT,-1,-1,0.576198,0.423802,0.576198,-0.0190332826277284
2025-01-10,LT,-1,-1,0.55943096,0.44056907,0.55943096,0.0023385079887385
2025-01-14,LT,-1,-1,0.5965801,0.4034199,0.5965801,-0.0004906386842925
2025-01-15,LT,-1,-1,0.61382544,0.38617453,0.61382544,0.0112053618330423
2025-01-16,LT,-1,-1,0.5533534,0.4466466,0.5533534,0.001856411808891
2025-01-20,LT,-1,-1,0.50240403,0.49759597,0.50240403,0.0068232966284227
2025-01-21,LT,-1,-1,0.60743576,0.39256424,0.60743576,-0.0144446281176027
2025-01-22,LT,-1,1,0.4890781,0.5109219,0.5109219,-0.0064670028546891
2025-01-23,LT,-1,-1,0.52672064,0.47327933,0.52672064,-0.0042493653145759
2025-01-24,LT,-1,1,0.47502077,0.52497923,0.52497923,-0.0128594618801274
2025-01-27,LT,-1,1,0.41288143,0.58711857,0.58711857,-0.0001590858757213
2025-01-28,LT,-1,1,0.39236027,0.60763973,0.60763973,-0.0126530455687677
2025-01-29,LT,-1,-1,0.5029702,0.49702978,0.5029702,0.0104864994955946
2025-01-30,LT,-1,1,0.34873855,0.65126145,0.65126145,-0.0083340347906984
2025-01-31,LT,-1,1,0.45762104,0.54237896,0.54237896,0.0428096985478363
2025-02-01,LT,-1,1,0.46949524,0.53050476,0.53050476,-0.0336098506404783
2025-02-03,LT,-1,1,0.4697122,0.5302878,0.5302878,-0.0459173598384197
2025-02-04,LT,-1,-1,0.5141053,0.48589468,0.5141053,0.0455886090887633
2025-02-05,LT,-1,1,0.39593154,0.60406846,0.60406846,-0.0162685287963167
2025-02-06,LT,-1,1,0.40924287,0.59075713,0.59075713,-0.0090003947270583
2025-02-10,LT,-1,1,0.41091436,0.58908564,0.58908564,-0.0024723613548951
2025-02-12,LT,-1,1,0.4293868,0.5706132,0.5706132,0.0154336955706928
2025-02-13,LT,-1,1,0.45212483,0.54787517,0.54787517,-0.0079034742913574
2025-02-14,LT,-1,1,0.46465278,0.5353472,0.5353472,-0.0079665893022395
2025-02-21,LT,-1,-1,0.6255924,0.3744076,0.6255924,0.0119970151403239
2025-02-24,LT,-1,-1,0.61698693,0.38301307,0.61698693,-0.0173147289847295
2025-03-04,LT,1,-1,0.54005045,0.45994955,0.54005045,0.0049103382324651
2025-03-05,LT,1,-1,0.56206006,0.43793994,0.56206006,0.0082944569385845
2025-03-06,LT,1,-1,0.5300931,0.46990696,0.5300931,0.0062506221282254
2025-03-07,LT,1,-1,0.6138936,0.38610634,0.6138936,-0.0046627005177997
2025-03-10,LT,1,-1,0.5854796,0.4145204,0.5854796,-0.0206490446904663
2025-03-11,LT,1,-1,0.59632146,0.4036785,0.59632146,0.0055858445790581
2025-03-12,LT,1,-1,0.5862429,0.41375706,0.5862429,-0.0005633774740427
2025-03-13,LT,1,-1,0.54922664,0.4507734,0.54922664,-0.0019882424198793
2025-03-17,LT,1,1,0.29326308,0.7067369,0.7067369,-0.0043454687892167
2025-03-18,LT,1,1,0.26975012,0.7302499,0.7302499,0.0
2025-03-19,LT,1,1,0.42217195,0.57782805,0.57782805,0.0460383014530916
2025-03-20,LT,-1,1,0.2984109,0.7015891,0.7015891,0.0094892906298764
2025-03-21,LT,-1,1,0.3117152,0.6882848,0.6882848,0.0193669514751406
2025-03-24,LT,-1,1,0.35281295,0.64718705,0.64718705,0.0192918962250028
2025-03-25,LT,-1,1,0.28788596,0.71211404,0.71211404,-0.0035182085928731
2025-03-26,LT,-1,1,0.26562673,0.7343733,0.7343733,-0.0071478208860173
2025-03-27,LT,-1,1,0.37073416,0.62926584,0.62926584,0.0164886620133439
2025-03-28,LT,-1,1,0.36546665,0.63453335,0.63453335,-0.0026559460510958
2025-04-01,LT,-1,1,0.32430625,0.67569375,0.67569375,-0.0158921152453912
2025-04-02,LT,-1,1,0.27138758,0.7286124,0.7286124,-0.0049174096719193
2025-04-03,LT,-1,1,0.2707129,0.7292871,0.7292871,7.304883576608745e-05
2025-04-04,LT,1,1,0.28499824,0.71500176,0.71500176,-0.0467815244178454
2025-04-07,LT,1,1,0.2972635,0.7027365,0.7027365,-0.0587856507577232
2025-04-08,LT,1,1,0.30802238,0.6919776,0.6919776,0.0301776947741356
2025-04-09,LT,1,-1,0.5145793,0.48542067,0.5145793,-0.0338332228706547
2025-04-11,LT,1,1,0.48553926,0.51446074,0.51446074,0.0202347698666434
2025-04-15,LT,1,-1,0.5578844,0.4421156,0.5578844,0.0454596561791935
2025-04-16,LT,1,-1,0.5928794,0.4071206,0.5928794,-0.0091785318977757
2025-04-17,LT,1,1,0.4324276,0.5675724,0.5675724,0.0060724041493707
2025-04-21,LT,1,1,0.4148972,0.5851028,0.5851028,0.0102239228208305
2025-04-22,LT,1,1,0.3320666,0.6679334,0.6679334,-0.0069196774634944
2025-04-24,LT,1,1,0.3716088,0.6283912,0.6283912,-0.0001211332433264
2025-04-25,LT,1,1,0.33045846,0.66954154,0.66954154,-0.0086347481480275
2025-04-28,LT,1,1,0.403224,0.596776,0.596776,0.0168698087441458
2025-04-29,LT,1,-1,0.5393082,0.4606918,0.5393082,-0.0015026832026131
2025-04-30,LT,1,1,0.34266472,0.6573353,0.6573353,0.0056286008688146
2025-05-02,LT,1,1,0.273696,0.726304,0.726304,-0.0018257798627093
2025-05-05,LT,1,1,0.2506832,0.7493168,0.7493168,-0.0014093508853191
2025-05-06,LT,1,1,0.24102855,0.75897145,0.75897145,0.0011410865502043
2025-05-07,LT,1,1,0.20849562,0.7915044,0.7915044,-0.0037792352821369
2025-05-08,LT,1,1,0.22920948,0.7707905,0.7707905,0.0007526762258369
2025-05-09,LT,1,1,0.2762187,0.7237813,0.7237813,0.0361021097112113
2025-05-12,LT,1,1,0.34170413,0.65829587,0.65829587,0.0416098685303318
2025-05-13,LT,1,1,0.24309635,0.75690365,0.75690365,-0.005631150552086
2025-05-14,LT,1,1,0.3689556,0.6310444,0.6310444,0.0017101708287381
2025-05-15,LT,1,1,0.36018032,0.6398197,0.6398197,0.0126220706151272
2025-05-16,LT,1,1,0.33493936,0.66506064,0.66506064,-0.003731128248344
2025-05-19,LT,1,1,0.31424618,0.6857538,0.6857538,-0.0012483672343671
2025-05-20,LT,1,1,0.3060916,0.6939084,0.6939084,-0.0089994787418312
2025-05-21,LT,1,1,0.29392558,0.7060744,0.7060744,0.0059419919314445
2025-05-22,LT,1,1,0.2795763,0.7204237,0.7204237,-0.0104764852265966
2025-05-23,LT,1,1,0.2806067,0.7193933,0.7193933,0.0136565467747375
2025-05-26,LT,1,1,0.40306425,0.59693575,0.59693575,0.0135559857726534
2025-05-27,LT,1,1,0.3495518,0.6504482,0.6504482,-0.0023843826076187
2025-05-28,LT,1,1,0.35225618,0.6477438,0.6477438,0.0017307651555595
2025-05-30,LT,-1,1,0.35458684,0.64541316,0.64541316,0.0054168474267914
2025-06-04,LT,-1,1,0.38553286,0.61446714,0.61446714,-0.0050208682032918
2025-06-09,LT,-1,1,0.33961016,0.66038984,0.66038984,0.006181099458161
2025-06-10,LT,-1,1,0.3475008,0.6524992,0.6524992,0.0002446556379755
2025-06-11,LT,-1,1,0.2933811,0.7066189,0.7066189,0.0013587762090492
2025-06-12,LT,1,1,0.4857527,0.5142473,0.5142473,-0.0219551160574642
2025-06-13,LT,1,1,0.3472253,0.6527747,0.6527747,-0.0045783552356293
2025-06-16,LT,1,1,0.4091065,0.5908935,0.5908935,0.0115124825649399
2025-06-17,LT,1,1,0.35285342,0.6471466,0.6471466,-0.0017636606420716
2025-06-19,LT,-1,1,0.40741098,0.592589,0.592589,0.0054422422481623
2025-06-20,LT,-1,1,0.41134387,0.5886561,0.5886561,0.0112948459610535
2025-06-25,LT,-1,1,0.45473993,0.5452601,0.5452601,0.0041611392026419
2025-06-26,LT,-1,1,0.48847312,0.5115269,0.5115269,0.010995088019819
2025-06-27,LT,-1,1,0.46657908,0.5334209,0.5334209,0.0053557734436091
2025-06-30,LT,-1,1,0.4028793,0.5971207,0.5971207,-0.0025549051666508
2025-07-01,LT,-1,1,0.4268263,0.5731737,0.5731737,-0.000844747614604
2025-07-02,LT,-1,1,0.34715277,0.65284723,0.65284723,-0.0190634663141119
2025-07-03,LT,-1,1,0.31635362,0.6836464,0.6836464,-0.003864568213803
2025-07-04,LT,-1,1,0.29082465,0.70917535,0.70917535,0.0032656045441725
2025-07-07,LT,-1,1,0.3010407,0.6989593,0.6989593,-0.003672228583593
2025-07-08,LT,-1,1,0.35915643,0.6408436,0.6408436,0.0069804761570093
2025-07-09,LT,-1,1,0.32356197,0.67643803,0.67643803,-0.0074034816495097
2025-07-10,LT,-1,1,0.31998533,0.68001467,0.68001467,-0.0013967720255528
2025-07-11,LT,-1,1,0.31750417,0.68249583,0.68249583,-0.0095392239396301
2025-07-14,LT,-1,1,0.24970925,0.75029075,0.75029075,-0.0126250355190311
2025-07-16,LT,1,1,0.23833501,0.761665,0.761665,0.0028048419701953
2025-07-17,LT,1,1,0.18436009,0.8156399,0.8156399,-0.0085050430796473
2025-07-18,LT,1,1,0.15356207,0.84643793,0.84643793,-0.0026482656943042
2025-07-21,LT,1,1,0.30930102,0.690699,0.690699,0.010967484183942
2025-07-22,LT,1,1,0.3027966,0.6972034,0.6972034,-0.0109055811486605
2025-07-23,LT,1,1,0.3710171,0.6289829,0.6289829,0.0058592257402907
2025-07-24,LT,1,1,0.35035765,0.64964235,0.64964235,-0.0021234319731399
2025-07-25,LT,1,1,0.31036276,0.68963724,0.68963724,-0.0099496946738001
2025-07-28,LT,1,1,0.13512933,0.86487067,0.86487067,-0.0060123688663161
2025-07-29,LT,1,1,0.20059693,0.7994031,0.7994031,0.0214482432069229
2025-07-30,LT,1,1,0.21841425,0.78158575,0.78158575,0.0484895005332353
2025-07-31,LT,1,1,0.23241359,0.7675864,0.7675864,-0.0078033701131321
2025-08-01,LT,1,1,0.15972501,0.840275,0.840275,-0.0135294327004394
2025-08-05,LT,-1,1,0.22802353,0.7719765,0.7719765,0.0059211272688981
2025-08-07,LT,-1,1,0.19378346,0.80621654,0.80621654,0.0036380207101862
2025-08-11,LT,-1,1,0.21441644,0.78558356,0.78558356,0.0168533168017375
2025-08-12,LT,-1,1,0.18460077,0.8153992,0.8153992,0.0048249969221307
2025-08-13,LT,-1,1,0.17193598,0.828064,0.828064,0.0020617671406966
2025-08-14,LT,-1,1,0.15809637,0.8419036,0.8419036,-0.0045211755950891
2025-08-18,LT,-1,1,0.19194973,0.8080503,0.8080503,-0.0113951377071704
2025-08-21,LT,-1,1,0.28499424,0.71500576,0.71500576,0.005650940375387
2025-08-22,LT,-1,1,0.30313146,0.69686854,0.69686854,-0.0046503778675123
2025-08-25,LT,-1,1,0.19745237,0.80254763,0.80254763,0.0020301755163931
2025-08-29,LT,-1,1,0.25571758,0.7442824,0.7442824,0.0114884457006723
2025-09-02,LT,1,1,0.261266,0.738734,0.738734,-0.0065306854523868
2025-09-03,LT,1,1,0.24161631,0.7583837,0.7583837,0.0072450106032955
2025-09-04,LT,1,1,0.2970062,0.7029938,0.7029938,-0.0022772500989818
2025-09-05,LT,1,1,0.28837335,0.71162665,0.71162665,-0.0108556599140421
2025-09-08,LT,1,1,0.38965404,0.61034596,0.61034596,-0.0067537062032007
2025-09-09,LT,1,1,0.367738,0.632262,0.632262,-0.0013033093510909
2025-09-10,LT,1,1,0.4086808,0.5913192,0.5913192,0.0070922337976795
2025-09-11,LT,1,1,0.33534282,0.6646572,0.6646572,-0.0029014283116097
2025-09-12,LT,1,1,0.32088578,0.6791142,0.6791142,0.0113286551786386
2025-09-15,LT,1,1,0.39940274,0.60059726,0.60059726,0.0017877520938771
2025-09-18,LT,1,-1,0.5668231,0.43317685,0.5668231,0.0001356540975698
2025-09-19,LT,1,-1,0.5697367,0.4302633,0.5697367,-0.0028757710769046
2025-09-22,LT,1,-1,0.51151377,0.48848623,0.51151377,-0.008407239259343
2025-09-23,LT,1,1,0.44112808,0.5588719,0.5588719,0.0035944861682055
2025-09-24,LT,1,-1,0.5732267,0.42677328,0.5732267,0.0044291774100764
2025-09-25,LT,1,-1,0.5660845,0.43391547,0.5660845,-0.0080027088383298
2025-09-26,LT,1,-1,0.6664447,0.33355528,0.6664447,0.0233509683712516
2025-09-29,LT,1,-1,0.5367624,0.46323758,0.5367624,-0.0110202958448187
2025-09-30,LT,1,-1,0.52435124,0.47564876,0.52435124,-0.0079708982043372
2025-10-01,LT,1,-1,0.52536565,0.47463435,0.52536565,0.0030882692392428
2025-10-03,LT,1,-1,0.5359342,0.46406582,0.5359342,0.0171103411166921
2025-10-06,LT,1,-1,0.5582533,0.44174674,0.5582533,0.0010447159561277
2025-10-07,LT,1,-1,0.6370928,0.36290717,0.6370928,-0.0019534666975224
2025-10-08,LT,1,-1,0.7140703,0.28592968,0.7140703,2.6835736211427985e-05
2025-10-09,LT,1,-1,0.7737132,0.22628681,0.7737132,0.0105635445910059
2025-10-10,LT,1,-1,0.7396221,0.26037788,0.7396221,0.0039265350613995
2025-10-13,LT,1,-1,0.73173565,0.26826435,0.73173565,-0.0038318908935569
2025-10-14,LT,1,-1,0.6324793,0.3675207,0.6324793,-0.0066852515976562
2025-10-15,LT,1,-1,0.7603626,0.23963737,0.7603626,0.0225408987429338
2025-10-16,LT,1,-1,0.75312936,0.2468706,0.75312936,0.0086452856063241
2025-10-17,LT,1,-1,0.70226514,0.2977349,0.70226514,-0.0058004096795082
2025-10-20,LT,1,-1,0.62925017,0.37074983,0.62925017,0.0086732012483574
2025-10-23,LT,-1,-1,0.59931695,0.40068308,0.59931695,0.0078442730466417
2025-10-27,LT,1,1,0.3469358,0.6530642,0.6530642,0.0048401626363334
2025-10-29,LT,1,1,0.49348497,0.506515,0.506515,-0.0037001124281159
2025-11-04,LT,1,1,0.48762304,0.51237696,0.51237696,-0.0140937124142689
2025-11-06,LT,1,-1,0.5068303,0.49316972,0.5068303,-0.0109060593986113
2025-11-07,LT,1,-1,0.55953485,0.44046515,0.55953485,0.0002318160181058
2025-11-10,LT,1,-1,0.5802712,0.41972882,0.5802712,0.009272396571315
2025-11-11,LT,1,-1,0.5041446,0.4958554,0.5041446,0.0093147341053827
2025-11-12,LT,1,-1,0.5164548,0.4835452,0.5164548,-0.0001011033983582
2025-11-13,LT,1,-1,0.5014217,0.4985783,0.5014217,0.012112439344295
2025-11-14,LT,1,1,0.44351733,0.5564827,0.5564827,0.0004746958238839
2025-11-17,LT,1,1,0.377671,0.622329,0.622329,0.0058186212255131
2025-11-18,LT,1,1,0.3658998,0.6341002,0.6341002,-0.0069766697407087
2025-11-19,LT,-1,1,0.21097815,0.78902185,0.78902185,0.0050005248430755
2025-11-20,LT,-1,1,0.26832318,0.7316768,0.7316768,0.0044282667459878
2025-11-26,LT,-1,1,0.24112439,0.7588756,0.7588756,0.0163385040080783
2025-11-27,LT,-1,1,0.21878636,0.78121364,0.78121364,0.0047513460417436
2025-12-02,LT,1,1,0.48425388,0.5157461,0.5157461,-0.0104831330663752
2025-12-03,LT,1,-1,0.53809345,0.46190658,0.53809345,-0.0105445886502729
2025-12-04,LT,1,-1,0.5901195,0.40988052,0.5901195,-0.001103305508992
2025-12-05,LT,1,-1,0.62657046,0.37342957,0.62657046,0.0137061741772925
2025-12-08,LT,1,-1,0.69546694,0.30453306,0.69546694,-0.0102768705152775
2025-12-09,LT,1,-1,0.63956386,0.36043614,0.63956386,0.0002002204151667
2025-12-10,LT,1,-1,0.6977764,0.30222362,0.6977764,-0.0015509967420435
2025-12-11,LT,1,-1,0.68129265,0.31870735,0.68129265,0.0031568423152013
2025-12-12,LT,-1,-1,0.6555767,0.34442326,0.6555767,0.0175329755754745
2025-12-15,LT,-1,-1,0.63309646,0.36690354,0.63309646,0.0044672372147376
2025-12-17,LT,1,-1,0.62194186,0.37805814,0.62194186,-0.0003445699327427
2025-12-18,LT,1,-1,0.600337,0.39966294,0.600337,-0.0077047634461515
2025-12-19,LT,1,-1,0.5274107,0.4725893,0.5274107,0.0105181897901212
2025-12-22,LT,1,1,0.30627036,0.69372964,0.69372964,-0.0002700369766679
2025-12-23,LT,1,1,0.36054426,0.63945574,0.63945574,-0.0033395077643283
2025-12-24,LT,-1,1,0.34337968,0.6566203,0.6566203,-0.001281156168582
2025-12-26,LT,-1,1,0.33436108,0.6656389,0.6656389,-0.001554223082463
2025-12-30,LT,-1,1,0.41977608,0.5802239,0.5802239,0.0032931479753914
2025-12-31,LT,-1,-1,0.5487306,0.45126936,0.5487306,0.0077739409803248
2026-01-01,LT,-1,-1,0.6496015,0.35039848,0.6496015,0.0139340640526117
2026-01-02,LT,-1,-1,0.63569736,0.3643026,0.63569736,0.0055550944404161
2026-01-05,LT,-1,-1,0.65849173,0.34150827,0.65849173,-0.0031225108554236
2026-01-06,LT,-1,-1,0.7399818,0.26001823,0.7399818,-0.0023611872889813
2026-01-07,LT,-1,-1,0.7355088,0.2644912,0.7355088,0.0039608603222487
2026-01-08,LT,-1,1,0.34870428,0.6512957,0.6512957,-0.0309358612181014
2026-01-09,LT,-1,1,0.40230703,0.59769297,0.59769297,-0.0007943346437611
2026-01-12,LT,-1,1,0.4829021,0.5170979,0.5170979,-0.0015402621550808
2026-01-13,LT,-1,-1,0.55174077,0.4482592,0.55174077,-0.0327444882841015
2026-01-14,LT,1,-1,0.5276102,0.47238985,0.5276102,-0.0055563620018326
2026-01-15,LT,1,1,0.38256723,0.6174328,0.6174328,0.0
2026-01-16,LT,1,1,0.41633713,0.58366287,0.58366287,-0.0024316450179623
2026-01-19,LT,1,-1,0.5014911,0.49850887,0.5014911,0.0034747759432431
2026-01-20,LT,1,1,0.4791016,0.5208984,0.5208984,-0.01532376838197
2026-01-21,LT,1,1,0.39264864,0.60735136,0.60735136,-0.0115470591782173
2026-01-22,LT,1,1,0.2901814,0.7098186,0.7098186,0.0072480970628054
2026-01-23,LT,1,1,0.39631724,0.60368276,0.60368276,-0.0131793983453476
2026-01-27,LT,1,1,0.3336674,0.6663326,0.6663326,0.0117527833520727
2026-01-28,LT,1,1,0.38020223,0.61979777,0.61979777,0.0016367978769074
2026-01-29,LT,1,1,0.49577004,0.50422996,0.50422996,0.0366104274197924
2026-01-30,LT,1,-1,0.5603728,0.43962714,0.5603728,-0.000152507287504
2026-02-02,LT,1,1,0.45729315,0.54270685,0.54270685,-0.0027973337935789
2026-02-03,LT,1,1,0.48835343,0.51164657,0.51164657,0.029964511507811
2026-02-04,LT,1,-1,0.5622483,0.4377517,0.5622483,0.0119590497583854
2026-02-05,LT,1,-1,0.5212152,0.47878477,0.5212152,-0.0058232091273504
2026-02-06,LT,1,-1,0.61652434,0.38347566,0.61652434,0.0011812679658753
2026-02-09,LT,1,-1,0.6672784,0.33272162,0.6672784,0.0111846258329186
2026-02-10,LT,1,-1,0.72931695,0.27068302,0.72931695,0.0134674950895419
2026-02-11,LT,1,-1,0.693393,0.30660698,0.693393,0.0003357568377784
2026-02-12,LT,1,-1,0.61705476,0.38294524,0.61705476,0.003716676619341
2026-02-13,LT,1,-1,0.63214374,0.3678563,0.63214374,-0.0028667341986854
2026-02-16,LT,-1,-1,0.51756847,0.48243153,0.51756847,0.0066125156547864
2026-02-17,LT,-1,-1,0.6238266,0.3761734,0.6238266,0.018636169473704
2026-02-18,LT,-1,-1,0.6184282,0.38157183,0.6184282,0.0107715828823764
2026-02-19,LT,-1,-1,0.56735,0.43265003,0.56735,-0.0104949458879997
2026-02-20,LT,-1,1,0.48701364,0.51298636,0.51298636,0.0233851402040645
2026-02-23,LT,-1,-1,0.6477146,0.3522854,0.6477146,0.0085604572090256
2026-02-24,LT,-1,1,0.44466674,0.55533326,0.55533326,-0.0359656439318779
2026-02-25,LT,-1,1,0.39414948,0.6058505,0.6058505,0.0092269843711854
2026-02-26,LT,-1,1,0.48019683,0.51980317,0.51980317,-0.0027916396254537
2026-02-27,LT,-1,-1,0.5414971,0.45850292,0.5414971,-0.0019129645417741
2026-03-02,LT,-1,1,0.40960538,0.5903946,0.5903946,-0.0494588983434182
2026-03-04,LT,-1,1,0.30039525,0.69960475,0.69960475,-0.0452700884088825
2026-03-05,LT,-1,-1,0.5332447,0.46675527,0.5332447,0.0402049589375426
2026-03-06,LT,-1,1,0.49275124,0.50724876,0.50724876,-0.0220120236830749
2026-03-09,LT,-1,1,0.2751919,0.7248081,0.7248081,-0.0272671343560051
2026-03-10,LT,-1,1,0.3987978,0.6012022,0.6012022,0.0088232172718696
2026-03-11,LT,-1,1,0.4093057,0.5906943,0.5906943,-0.0095975023863846
2026-03-12,LT,-1,1,0.3741547,0.6258453,0.6258453,-0.0310774125073989
2026-03-13,LT,1,1,0.25558168,0.7444183,0.7444183,-0.0754133912347835
2026-03-16,LT,1,1,0.32084656,0.67915344,0.67915344,0.0088397829660304
2026-03-17,LT,1,1,0.45730126,0.54269874,0.54269874,0.0211564473875316
2026-03-18,LT,1,1,0.47102767,0.5289723,0.5289723,0.0183752729378998
2026-03-19,LT,1,1,0.45372683,0.5462732,0.5462732,-0.0480611804034611
2026-03-20,LT,1,1,0.39684355,0.60315645,0.60315645,8.73551327815747e-05
2026-03-23,LT,1,1,0.34934407,0.6506559,0.6506559,-0.0269011646860004
2026-03-24,LT,1,1,0.36548698,0.634513,0.634513,0.0521781017969849
2026-03-25,LT,1,1,0.28264016,0.71735984,0.71735984,0.0376762725845059
2026-03-27,LT,1,1,0.2939797,0.7060203,0.7060203,-0.0233469051804346
2026-03-30,LT,1,1,0.4343956,0.5656044,0.5656044,-0.0168345582701774
2026-04-01,LT,1,1,0.3452736,0.6547264,0.6547264,0.0295082419319991
2026-04-02,LT,1,1,0.4880224,0.5119776,0.5119776,0.0015524085669826
2026-04-06,LT,1,1,0.28411514,0.71588486,0.71588486,0.0317178361211474
2026-04-07,LT,1,1,0.334639,0.665361,0.665361,-0.001180347791249
2026-04-09,LT,1,1,0.46760768,0.5323923,0.5323923,-0.0273846158011974
2026-04-10,LT,1,1,0.40914726,0.59085274,0.59085274,0.0163492384779568
2026-04-13,LT,1,1,0.33761722,0.6623828,0.6623828,-0.0014141319060406
2026-04-16,LT,-1,-1,0.63276774,0.36723226,0.63276774,0.0106713495754646
2025-01-01,M&M,-1,1,0.38940537,0.61059463,0.61059463,0.0249076963795635
2025-01-02,M&M,-1,1,0.32610166,0.67389834,0.67389834,0.0418884573097146
2025-01-03,M&M,-1,1,0.26978028,0.7302197,0.7302197,-0.0063996804375038
2025-01-06,M&M,-1,1,0.37480974,0.62519026,0.62519026,-0.0265941868064676
2025-01-07,M&M,-1,1,0.36195374,0.63804626,0.63804626,0.0010142983579222
2025-01-08,M&M,-1,1,0.36809856,0.63190144,0.63190144,-0.0073178719322539
2025-01-09,M&M,-1,1,0.36518377,0.6348162,0.6348162,0.013090993649959
2025-01-10,M&M,-1,1,0.30196196,0.69803804,0.69803804,-0.0107628423910147
2025-01-13,M&M,-1,1,0.3725779,0.6274221,0.6274221,-0.030134044997723
2025-01-14,M&M,-1,1,0.38876873,0.61123127,0.61123127,0.0166185863855874
2025-01-15,M&M,-1,1,0.34369576,0.65630424,0.65630424,-0.0292670604945445
2025-01-17,M&M,1,1,0.36026543,0.63973457,0.63973457,-0.0212206252111675
2025-01-20,M&M,1,1,0.4289133,0.5710867,0.5710867,-0.0100262117448728
2025-01-21,M&M,1,1,0.47933388,0.5206661,0.5206661,-0.0231293844465984
2025-01-22,M&M,1,1,0.4565379,0.5434621,0.5434621,0.0018253754401953
2025-01-23,M&M,1,1,0.4804204,0.5195796,0.5195796,0.0212280174897945
2025-01-24,M&M,1,1,0.49446827,0.5055317,0.5055317,-0.0294652334834214
2025-01-27,M&M,1,1,0.4538505,0.5461495,0.5461495,0.0107803844336709
2025-01-28,M&M,1,1,0.39151734,0.60848266,0.60848266,0.013773145291295
2025-01-29,M&M,1,1,0.39961267,0.60038733,0.60038733,0.0187242798883118
2025-02-01,M&M,-1,1,0.43743652,0.5625635,0.5625635,0.0290649579029143
2025-02-03,M&M,-1,1,0.4690913,0.5309087,0.5309087,0.03138052237867
2025-02-04,M&M,-1,1,0.47315907,0.5268409,0.5268409,0.0049632999034296
2025-02-05,M&M,-1,1,0.492643,0.507357,0.507357,-0.0032298362694569
2025-02-06,M&M,-1,-1,0.50204265,0.49795738,0.50204265,-0.0122060430357122
2025-02-07,M&M,-1,1,0.4467528,0.5532472,0.5532472,0.0186308497294911
2025-02-10,M&M,-1,-1,0.58600056,0.41399947,0.58600056,-0.0191342442547907
2025-02-11,M&M,-1,-1,0.50556755,0.49443245,0.50556755,-0.0163519708560563
2025-02-12,M&M,-1,-1,0.5135627,0.48643735,0.5135627,-0.0319998494334895
2025-02-13,M&M,-1,-1,0.5595896,0.44041035,0.5595896,-0.0030798184848921
2025-02-14,M&M,-1,1,0.49386805,0.50613195,0.50613195,-0.011887110383144
2025-02-17,M&M,-1,1,0.43920165,0.56079835,0.56079835,-0.037602865910591
2025-02-18,M&M,-1,1,0.40776187,0.5922381,0.5922381,-0.0147954105671249
2025-02-20,M&M,-1,-1,0.61682534,0.3831747,0.61682534,0.0297562702299671
2025-02-21,M&M,1,1,0.46729982,0.5327002,0.5327002,-0.0599059153251794
2025-02-24,M&M,-1,-1,0.5194962,0.48050377,0.5194962,0.0149286646513959
2025-02-25,M&M,-1,1,0.40920627,0.5907937,0.5907937,0.0253396484878873
2025-02-27,M&M,-1,1,0.41277438,0.5872256,0.5872256,-0.018467511089809
2025-02-28,M&M,1,1,0.38181764,0.61818236,0.61818236,-0.0518786995867835
2025-03-03,M&M,1,1,0.3444137,0.6555863,0.6555863,0.0103670167844627
2025-03-04,M&M,1,1,0.45022106,0.54977894,0.54977894,0.0005551642144088
2025-03-05,M&M,1,1,0.39115965,0.60884035,0.60884035,0.0433351903876157
2025-03-06,M&M,1,1,0.41579032,0.5842097,0.5842097,0.0057947622844114
2025-03-07,M&M,1,-1,0.6359435,0.36405653,0.6359435,-0.0053054989597377
2025-03-11,M&M,1,-1,0.6416153,0.35838473,0.6416153,-0.0210907804793517
2025-03-12,M&M,1,-1,0.58294034,0.41705966,0.58294034,0.0029104153558154
2025-03-17,M&M,-1,1,0.27216268,0.7278373,0.7278373,0.0233213716026789
2025-03-18,M&M,-1,1,0.3233797,0.6766203,0.6766203,0.0
2025-03-19,M&M,-1,1,0.3387695,0.6612305,0.6612305,0.0310334330908779
2025-03-20,M&M,-1,1,0.296588,0.703412,0.703412,0.0139830194784251
2025-03-21,M&M,-1,1,0.29969013,0.7003099,0.7003099,-0.0092818442451835
2025-03-24,M&M,-1,1,0.26887614,0.73112386,0.73112386,-0.0096901064927077
2025-03-25,M&M,-1,1,0.27875167,0.7212483,0.7212483,-0.013947380791674
2025-03-26,M&M,-1,1,0.24836743,0.7516326,0.7516326,0.0022843595936041
2025-03-27,M&M,-1,1,0.25724578,0.7427542,0.7427542,-0.0033732292834748
2025-03-28,M&M,-1,1,0.2153706,0.7846294,0.7846294,-0.0245883260628313
2025-04-01,M&M,1,1,0.32345086,0.67654914,0.67654914,-0.0104659386631814
2025-04-02,M&M,1,1,0.23700625,0.76299375,0.76299375,-0.0001326650572087
2025-04-03,M&M,1,1,0.20662045,0.79337955,0.79337955,-0.0098954951437866
2025-04-04,M&M,1,1,0.2599175,0.7400825,0.7400825,-0.0057056436716963
2025-04-07,M&M,1,1,0.29814088,0.7018591,0.7018591,-0.040553881522977
2025-04-08,M&M,1,1,0.2528603,0.7471397,0.7471397,0.0130055502254704
2025-04-09,M&M,1,-1,0.6179949,0.38200513,0.6179949,-0.0002178558942745
2025-04-11,M&M,1,1,0.42795956,0.57204044,0.57204044,0.0226903340544433
2025-04-15,M&M,1,1,0.337793,0.662207,0.662207,0.0254422607492428
2025-04-16,M&M,1,1,0.4541024,0.5458976,0.5458976,-0.0043083671816672
2025-04-17,M&M,1,1,0.32674748,0.6732525,0.6732525,0.0170043571814562
2025-04-21,M&M,1,1,0.2991147,0.7008853,0.7008853,0.0315742523985629
2025-04-22,M&M,1,1,0.31851166,0.68148834,0.68148834,0.0192113657133861
2025-04-23,M&M,1,1,0.47334504,0.52665496,0.52665496,0.0357459943004541
2025-04-24,M&M,1,1,0.41205108,0.5879489,0.5879489,-0.0056207557031818
2025-04-25,M&M,1,1,0.33266056,0.66733944,0.66733944,-0.0128214143243894
2025-04-28,M&M,1,1,0.38450837,0.6154916,0.6154916,0.0231828469204158
2025-04-29,M&M,1,1,0.48861688,0.5113831,0.5113831,-0.0071658139674715
2025-04-30,M&M,1,1,0.4273628,0.5726372,0.5726372,0.0065988949936042
2025-05-02,M&M,1,1,0.30947942,0.6905206,0.6905206,-0.0039607574444442
2025-05-05,M&M,1,1,0.36510897,0.63489103,0.63489103,0.0357534720622851
2025-05-09,M&M,1,1,0.330311,0.669689,0.669689,-0.0168144717840682
2025-05-14,M&M,-1,1,0.29092956,0.70907044,0.70907044,0.0157181190929924
2025-05-15,M&M,-1,1,0.32686955,0.67313045,0.67313045,0.0137016755537295
2025-05-16,M&M,-1,1,0.29411143,0.70588857,0.70588857,-0.0027668187751703
2025-05-19,M&M,-1,1,0.34275496,0.65724504,0.65724504,-0.0024238179315748
2025-05-21,M&M,-1,1,0.29799813,0.70200187,0.70200187,0.0088787136529493
2025-05-22,M&M,1,1,0.293792,0.706208,0.706208,-0.0273076399378593
2025-05-23,M&M,1,1,0.30091852,0.6990815,0.6990815,0.0021288241064914
2025-05-28,M&M,1,1,0.27047533,0.7295247,0.7295247,-0.013816706345139
2025-06-03,M&M,-1,1,0.33986133,0.66013867,0.66013867,0.006807883171666
2025-06-05,M&M,1,1,0.332891,0.667109,0.667109,-0.0038644973296224
2025-06-06,M&M,1,1,0.42862606,0.57137394,0.57137394,0.0213373951177675
2025-06-09,M&M,1,1,0.28228515,0.71771485,0.71771485,-0.0061483927787558
2025-06-10,M&M,1,1,0.36179274,0.63820726,0.63820726,-0.0064454925831798
2025-06-11,M&M,1,1,0.38400418,0.6159958,0.6159958,0.0043031556983237
2025-06-12,M&M,1,1,0.39356738,0.6064326,0.6064326,-0.0199630499400981
2025-06-13,M&M,1,1,0.24994087,0.7500591,0.7500591,-0.0043719962699949
2025-06-16,M&M,1,1,0.23761886,0.76238114,0.76238114,0.0058550352353328
2025-06-17,M&M,1,1,0.24590498,0.754095,0.754095,-0.0054240775649603
2025-06-18,M&M,1,1,0.35930258,0.6406974,0.6406974,0.0112729677265184
2025-06-19,M&M,1,1,0.35267812,0.6473219,0.6473219,0.0176580722870505
2025-06-23,M&M,1,1,0.40602958,0.5939704,0.5939704,-0.0155130715261806
2025-06-24,M&M,1,1,0.36035645,0.63964355,0.63964355,0.0048166139228458
2025-06-26,M&M,-1,1,0.41897804,0.58102196,0.58102196,9.329759706266928e-05
2025-06-27,M&M,-1,1,0.36820346,0.63179654,0.63179654,-0.0038870627360537
2025-06-30,M&M,-1,1,0.37416,0.62584,0.62584,-0.0062747461921134
2025-07-01,M&M,-1,1,0.36926097,0.63073903,0.63073903,-0.0022304739018704
2025-07-02,M&M,1,1,0.2459684,0.7540316,0.7540316,-0.0034319154421162
2025-07-03,M&M,1,1,0.2891677,0.7108323,0.7108323,0.0029066200773948
2025-07-04,M&M,1,1,0.36025017,0.6397498,0.6397498,0.0042552307350354
2025-07-07,M&M,1,1,0.35198945,0.64801055,0.64801055,-0.000727288166996
2025-07-08,M&M,1,1,0.36627984,0.63372016,0.63372016,-0.0007278175000515
2025-07-09,M&M,1,1,0.34018677,0.6598132,0.6598132,0.0058267035224006
2025-07-10,M&M,1,1,0.3050273,0.6949727,0.6949727,-0.0043762069926307
2025-07-11,M&M,1,1,0.32994407,0.6700559,0.6700559,-0.0282064109304348
2025-07-14,M&M,1,1,0.31364912,0.6863509,0.6863509,0.0061499891919392
2025-07-15,M&M,1,1,0.43650258,0.5634974,0.5634974,0.0118042750387241
2025-07-18,M&M,-1,1,0.3867157,0.6132843,0.6132843,-0.0008138020833333
2025-07-21,M&M,-1,1,0.4926535,0.5073465,0.5073465,0.0170091625388972
2025-07-22,M&M,-1,-1,0.5200244,0.47997558,0.5200244,0.0032340530871077
2025-07-23,M&M,-1,-1,0.5774588,0.4225412,0.5774588,0.0035613710641486
2025-07-24,M&M,-1,-1,0.52596396,0.47403604,0.52596396,-0.00241683381252
2025-07-25,M&M,-1,-1,0.5139699,0.48603013,0.5139699,-0.0044466252979976
2025-07-28,M&M,-1,1,0.21587944,0.78412056,0.78412056,-0.0112739818311359
2025-07-29,M&M,1,1,0.20417583,0.79582417,0.79582417,-0.0032401228506965
2025-07-30,M&M,1,1,0.23565418,0.7643458,0.7643458,0.0029693068356477
2025-07-31,M&M,1,1,0.30973738,0.6902626,0.6902626,-0.0018074121549456
2025-08-01,M&M,1,1,0.19850588,0.8014941,0.8014941,-0.0136742678944608
2025-08-04,M&M,1,1,0.32580972,0.6741903,0.6741903,0.0129458746278059
2025-08-05,M&M,1,1,0.34804887,0.65195113,0.65195113,0.0037497656968608
2025-08-06,M&M,1,1,0.41915888,0.5808411,0.5808411,0.0047631059898818
2025-08-07,M&M,1,1,0.32896394,0.67103606,0.67103606,-0.0050813020429899
2025-08-08,M&M,1,1,0.20068157,0.79931843,0.79931843,-0.0208340271090287
2025-08-11,M&M,1,1,0.2946068,0.7053932,0.7053932,0.0133579290923739
2025-08-12,M&M,1,1,0.24980086,0.75019914,0.75019914,0.0157868462742347
2025-08-13,M&M,-1,1,0.24834156,0.75165844,0.75165844,0.0141201764782559
2025-08-14,M&M,1,1,0.19070065,0.80929935,0.80929935,-0.0051185330199419
2025-08-18,M&M,-1,1,0.2568425,0.7431575,0.7431575,0.0360446496087722
2025-08-19,M&M,-1,1,0.20038325,0.79961675,0.79961675,-0.0086016070515945
2025-08-20,M&M,1,1,0.36846006,0.63153994,0.63153994,0.0124031298915474
2025-08-21,M&M,1,1,0.32000685,0.67999315,0.67999315,-0.006037224470028
2025-08-22,M&M,1,1,0.39219797,0.60780203,0.60780203,0.0082663925621417
2025-08-25,M&M,1,1,0.25524223,0.7447578,0.7447578,-0.0012048479742139
2025-08-26,M&M,1,1,0.2325148,0.7674852,0.7674852,-0.0200358514437762
2025-08-28,M&M,1,1,0.2252512,0.7747488,0.7747488,-0.0106580999998754
2025-08-29,M&M,1,1,0.18652081,0.8134792,0.8134792,-0.0290717225771879
2025-09-01,M&M,1,1,0.12552798,0.874472,0.874472,0.0362243795417251
2025-09-02,M&M,1,1,0.116621256,0.88337874,0.88337874,-0.0244012501437789
2025-09-03,M&M,1,1,0.18298548,0.8170145,0.8170145,0.0159220899675374
2025-09-04,M&M,1,1,0.29986972,0.7001303,0.7001303,0.0594948265368229
2025-09-09,M&M,-1,1,0.18763047,0.8123695,0.8123695,0.0379075051663853
2025-09-11,M&M,-1,1,0.258573,0.741427,0.741427,-0.0024137030872234
2025-09-12,M&M,-1,1,0.27568537,0.72431463,0.72431463,-0.0016130513966369
2025-09-15,M&M,-1,1,0.35909355,0.64090645,0.64090645,-0.0166020934112156
2025-09-16,M&M,-1,1,0.37901956,0.62098044,0.62098044,0.0220094468167564
2025-09-17,M&M,-1,1,0.48409367,0.51590633,0.51590633,0.0069844654024042
2025-09-18,M&M,-1,-1,0.58480203,0.415198,0.58480203,0.0024771551582503
2025-09-19,M&M,-1,-1,0.5806803,0.4193197,0.5806803,-0.0137553825125678
2025-09-22,M&M,-1,-1,0.64461267,0.35538736,0.64461267,-0.0020322509478196
2025-09-23,M&M,-1,-1,0.5361057,0.4638943,0.5361057,0.0083128900976965
2025-09-24,M&M,-1,-1,0.56613576,0.43386424,0.56613576,-0.0109832883970323
2025-09-25,M&M,-1,1,0.491556,0.508444,0.508444,-0.0125597649081903
2025-09-26,M&M,1,1,0.37990123,0.62009877,0.62009877,-0.0378186968838526
2025-09-29,M&M,1,1,0.37606663,0.6239334,0.6239334,0.0063595164599588
2025-09-30,M&M,1,1,0.40873337,0.59126663,0.59126663,0.0026037570841921
2025-10-01,M&M,1,1,0.3377468,0.6622532,0.6622532,0.0106215063740151
2025-10-03,M&M,1,1,0.3614931,0.6385069,0.6385069,-0.0004041988748693
2025-10-06,M&M,1,-1,0.52835107,0.47164896,0.52835107,0.0028885037550547
2025-10-07,M&M,1,-1,0.6211921,0.37880793,0.6211921,0.0059907974735382
2025-10-08,M&M,1,-1,0.7120908,0.2879092,0.7120908,-0.0189819193487383
2025-10-09,M&M,1,-1,0.7194096,0.28059042,0.7194096,0.0047861965106523
2025-10-10,M&M,1,-1,0.70796955,0.29203045,0.70796955,0.0034854338901433
2025-10-13,M&M,1,-1,0.7658844,0.23411562,0.7658844,0.0013893452672446
2025-10-14,M&M,1,-1,0.76327515,0.23672484,0.76327515,2.893246745760969e-05
2025-10-16,M&M,-1,-1,0.7454395,0.2545605,0.7454395,0.0181860055313503
2025-10-17,M&M,-1,-1,0.7179132,0.2820868,0.7179132,0.0242641825317275
2025-10-23,M&M,1,1,0.45359284,0.54640716,0.54640716,0.0006628041855567
2025-10-24,M&M,1,1,0.46738505,0.53261495,0.53261495,0.0003863291494707
2025-10-27,M&M,1,1,0.26961058,0.7303894,0.7303894,-0.0036965247844827
2025-10-28,M&M,1,1,0.2076528,0.7923472,0.7923472,-0.0089987814600766
2025-10-29,M&M,1,1,0.29469502,0.705305,0.705305,-0.0124053938903385
2025-10-30,M&M,1,1,0.16948998,0.83051,0.83051,-0.0092228064520206
2025-10-31,M&M,1,1,0.18001038,0.8199896,0.8199896,-0.0042546318120223
2025-11-03,M&M,1,1,0.23062372,0.7693763,0.7693763,0.0176932645204759
2025-11-04,M&M,1,1,0.35838658,0.6416134,0.6416134,0.0091014257141468
2025-11-06,M&M,1,1,0.47104514,0.52895486,0.52895486,0.0104155169598725
2025-11-07,M&M,1,-1,0.59384483,0.40615517,0.59384483,0.0198148269094582
2025-11-10,M&M,1,1,0.4380744,0.5619256,0.5619256,-0.0071269983134039
2025-11-11,M&M,-1,-1,0.52596134,0.47403866,0.52596134,0.0232539636953506
2025-11-12,M&M,-1,-1,0.51352286,0.48647717,0.51352286,0.0013869864864706
2025-11-14,M&M,1,1,0.37451035,0.62548965,0.62548965,-0.0002432497212461
2025-11-18,M&M,1,1,0.41175944,0.58824056,0.58824056,-0.0107365269656788
2025-11-19,M&M,-1,1,0.23446965,0.76553035,0.76553035,0.0074970095284752
2025-11-20,M&M,-1,1,0.2095589,0.7904411,0.7904411,-0.0015581057966755
2025-11-21,M&M,-1,1,0.24599636,0.75400364,0.75400364,0.008851978076412
2025-11-25,M&M,-1,1,0.2856359,0.7143641,0.7143641,-0.0058252952518591
2025-11-26,M&M,-1,1,0.26203102,0.737969,0.737969,0.0046602494448733
2025-11-28,M&M,-1,1,0.2514106,0.7485894,0.7485894,0.0206726335612452
2025-12-01,M&M,-1,1,0.21553928,0.7844607,0.7844607,-0.0041785194069798
2025-12-02,M&M,-1,1,0.4354052,0.5645948,0.5645948,-0.0067083859849086
2025-12-03,M&M,-1,1,0.48362094,0.51637906,0.51637906,-0.0180546475598681
2025-12-04,M&M,-1,-1,0.5870968,0.41290322,0.5870968,0.0060832454394057
2025-12-05,M&M,-1,-1,0.675178,0.324822,0.675178,0.0123924171450602
2025-12-08,M&M,-1,-1,0.7190051,0.28099486,0.7190051,-0.0095235924657224
2025-12-11,M&M,-1,-1,0.6313969,0.36860308,0.6313969,0.0096969562456956
2025-12-12,M&M,-1,-1,0.67867565,0.32132432,0.67867565,0.0039288842835902
2025-12-15,M&M,1,-1,0.5623567,0.4376433,0.5623567,-0.0194586628318268
2025-12-16,M&M,1,-1,0.5943224,0.40567762,0.5943224,0.0036031042128603
2025-12-17,M&M,1,-1,0.5690392,0.43096074,0.5690392,-0.0022645543142433
2025-12-18,M&M,1,-1,0.56359303,0.43640697,0.56359303,-0.0072519793007568
2025-12-19,M&M,1,-1,0.5005021,0.49949792,0.5005021,0.0047398649241963
2025-12-22,M&M,1,1,0.368338,0.631662,0.631662,0.003635212887286
2025-12-23,M&M,1,1,0.4530753,0.5469247,0.5469247,0.002322599772661
2025-12-24,M&M,1,1,0.3909828,0.6090172,0.6090172,0.003199871232004
2025-12-26,M&M,1,1,0.3390618,0.6609382,0.6609382,-0.00373961385273
2025-12-29,M&M,1,1,0.4382227,0.5617773,0.5617773,-0.0085562085408718
2025-12-31,M&M,-1,1,0.45918941,0.5408106,0.5408106,0.0133595338336827
2026-01-01,M&M,-1,-1,0.6900346,0.30996537,0.6900346,0.01396528887901
2026-01-02,M&M,-1,-1,0.5212963,0.47870368,0.5212963,0.011007684749734
2026-01-05,M&M,-1,-1,0.6516871,0.3483129,0.6516871,-0.0031821622728758
2026-01-06,M&M,-1,-1,0.7019108,0.2980892,0.7019108,-0.0012399944889134
2026-01-07,M&M,-1,-1,0.6985407,0.3014593,0.6985407,-0.0097210608301993
2026-01-08,M&M,-1,-1,0.50960606,0.49039394,0.50960606,-0.006615463216257
2026-01-09,M&M,-1,1,0.41933268,0.5806673,0.5806673,-0.0125402661578611
2026-01-12,M&M,-1,1,0.45187032,0.5481297,0.5481297,0.0012780983627846
2026-01-13,M&M,-1,-1,0.5939517,0.40604827,0.5939517,-0.0055676262900598
2026-01-14,M&M,-1,-1,0.6569314,0.34306857,0.6569314,-0.0032773453502662
2026-01-15,M&M,-1,-1,0.5184352,0.48156482,0.5184352,0.0
2026-01-16,M&M,-1,1,0.44725782,0.5527422,0.5527422,0.0023838748244622
2026-01-19,M&M,-1,-1,0.5423122,0.4576878,0.5423122,-0.0002187001363522
2026-01-21,M&M,1,1,0.48553437,0.51446563,0.51446563,-0.0011805906315881
2026-01-23,M&M,1,1,0.47057444,0.52942556,0.52942556,-0.008478621384593
2026-01-27,M&M,1,1,0.29853326,0.70146674,0.70146674,-0.042303975412033
2026-01-28,M&M,1,1,0.38384962,0.6161504,0.6161504,0.0164137177462428
2026-01-29,M&M,1,1,0.36432254,0.63567746,0.63567746,-0.0187869795156726
2026-01-30,M&M,1,-1,0.54901546,0.45098454,0.54901546,0.014005480395963
2026-02-02,M&M,1,-1,0.583071,0.416929,0.583071,0.0091496887630362
2026-02-03,M&M,-1,1,0.49512094,0.50487906,0.50487906,0.0186821298464103
2026-02-04,M&M,-1,-1,0.5350845,0.46491554,0.5350845,0.0130672918541774
2026-02-05,M&M,-1,1,0.40842885,0.59157115,0.59157115,-0.0005595970900951
2026-02-06,M&M,-1,1,0.41024566,0.58975434,0.58975434,0.001679731243001
2026-02-09,M&M,-1,-1,0.59747624,0.4025238,0.59747624,0.0088317768743013
2026-02-10,M&M,-1,-1,0.6055702,0.39442977,0.6055702,0.0183399682460279
2026-02-11,M&M,-1,-1,0.6184516,0.38154837,0.6184516,-0.0002448845074317
2026-02-12,M&M,-1,-1,0.52312094,0.47687906,0.52312094,-0.0222590565352079
2026-02-13,M&M,-1,-1,0.5470841,0.45291588,0.5470841,-0.0166152329993372
2026-02-16,M&M,-1,1,0.3585024,0.6414976,0.6414976,-0.006707406981065
2026-02-17,M&M,-1,-1,0.53107464,0.4689254,0.53107464,-0.005840955148646
2026-02-18,M&M,-1,-1,0.60889614,0.39110383,0.60889614,0.0118365382913221
2026-02-19,M&M,-1,1,0.40334034,0.59665966,0.59665966,-0.0279563662857598
2026-02-20,M&M,-1,1,0.30185527,0.69814473,0.69814473,-0.0055364530944884
2026-02-23,M&M,-1,1,0.46763527,0.5323647,0.5323647,0.0100504126633211
2026-02-24,M&M,-1,1,0.43278778,0.5672122,0.5672122,-0.0040324174206098
2026-02-25,M&M,-1,1,0.31852007,0.68147993,0.68147993,0.0169230159858351
2026-02-26,M&M,-1,-1,0.52311635,0.47688362,0.52311635,-0.0019190419265522
2026-02-27,M&M,-1,-1,0.5296718,0.47032818,0.5296718,-0.0250244483925575
2026-03-02,M&M,-1,1,0.3692975,0.6307025,0.6307025,-0.0185729838492355
2026-03-04,M&M,-1,-1,0.5428537,0.45714626,0.5428537,-0.0209939114581491
2026-03-05,M&M,-1,-1,0.52722836,0.4727716,0.52722836,0.0256410102992594
2026-03-06,M&M,-1,-1,0.52674544,0.4732546,0.52674544,-0.0046296296296296
2026-03-09,M&M,-1,1,0.40129203,0.598708,0.598708,-0.0434808409133533
2026-03-10,M&M,-1,-1,0.5022495,0.49775055,0.5022495,0.0332851832931104
2026-03-11,M&M,-1,1,0.46196997,0.53803,0.53803,-0.0381030457723837
2026-03-17,M&M,-1,1,0.46078193,0.53921807,0.53921807,0.0305654628314586
2026-03-18,M&M,-1,1,0.44471914,0.55528086,0.55528086,0.0273898807847143
2026-03-20,M&M,1,1,0.3770262,0.6229738,0.6229738,0.0067972010167101
2026-03-23,M&M,1,1,0.3213064,0.6786936,0.6786936,-0.035974053460433
2026-03-24,M&M,1,1,0.26552427,0.73447573,0.73447573,0.025542999781035
2026-03-25,M&M,1,1,0.30940652,0.6905935,0.6905935,0.0319335094741106
2026-03-27,M&M,1,1,0.30243653,0.69756347,0.69756347,-0.0277484882575083
2026-03-30,M&M,1,1,0.35052794,0.64947206,0.64947206,-0.0284746970919947
2026-04-01,M&M,1,1,0.31979406,0.68020594,0.68020594,0.0259925035019765
2026-04-02,M&M,1,1,0.42970735,0.57029265,0.57029265,-0.0065314361959838
2026-04-06,M&M,1,1,0.26475662,0.7352434,0.7352434,0.003287228689738
2026-04-07,M&M,1,1,0.38488585,0.61511415,0.61511415,-0.0049642571866591
2026-04-08,M&M,-1,1,0.36367297,0.636327,0.636327,0.067684425394197
2026-04-09,M&M,-1,-1,0.5108996,0.4891004,0.5108996,-0.0134886911656553
2026-04-10,M&M,-1,1,0.27699113,0.7230089,0.7230089,0.0293671840867928
2026-04-13,M&M,-1,1,0.23387146,0.76612854,0.76612854,-0.012148014314708
2026-04-15,M&M,-1,1,0.23990136,0.76009864,0.76009864,0.011272607098486
2026-04-16,M&M,-1,1,0.20696843,0.7930316,0.7930316,-0.0105020577834714
2025-01-01,MARUTI,1,1,0.3624639,0.6375361,0.6375361,0.0322238883921692
2025-01-02,MARUTI,1,1,0.39692563,0.6030744,0.6030744,0.0564759618424777
2025-01-03,MARUTI,1,1,0.3525294,0.6474706,0.6474706,0.0078496742612763
2025-01-06,MARUTI,1,1,0.48305786,0.51694214,0.51694214,-0.0149653191664821
2025-01-07,MARUTI,1,1,0.4263422,0.5736578,0.5736578,-0.00292201851541
2025-01-08,MARUTI,1,1,0.44774216,0.55225784,0.55225784,0.0085912246097448
2025-01-09,MARUTI,1,1,0.47021025,0.52978975,0.52978975,-0.0068897185779751
2025-01-10,MARUTI,1,1,0.42579848,0.5742015,0.5742015,-0.0093224133932938
2025-01-13,MARUTI,1,1,0.41372836,0.58627164,0.58627164,-0.0114691713294989
2025-01-14,MARUTI,1,1,0.48987037,0.51012963,0.51012963,0.0211737563660225
2025-01-17,MARUTI,1,1,0.4300292,0.5699708,0.5699708,0.0036427966235559
2025-01-20,MARUTI,1,1,0.4793743,0.5206257,0.5206257,-0.0095827802767616
2025-01-21,MARUTI,1,-1,0.5178305,0.48216954,0.5178305,-0.0113435150976817
2025-01-22,MARUTI,1,1,0.49255943,0.50744057,0.50744057,0.0114989188951215
2025-01-23,MARUTI,1,-1,0.5294856,0.47051445,0.5294856,0.0021131570469377
2025-01-24,MARUTI,1,-1,0.57108825,0.42891175,0.57108825,-0.0064628752825279
2025-01-27,MARUTI,1,-1,0.5326673,0.4673327,0.5326673,0.0021682777533449
2025-01-28,MARUTI,1,-1,0.5096462,0.49035385,0.5096462,0.0108305248738374
2025-01-29,MARUTI,1,1,0.49379086,0.50620914,0.50620914,-0.0120300063777353
2025-01-30,MARUTI,1,1,0.47702968,0.5229703,0.5229703,0.0018449751150462
2025-01-31,MARUTI,1,1,0.47748715,0.52251285,0.52251285,0.0258875429340827
2025-02-01,MARUTI,-1,1,0.49470645,0.50529355,0.50529355,0.0492134391072627
2025-02-03,MARUTI,-1,1,0.45411992,0.5458801,0.5458801,0.0172995947304952
2025-02-04,MARUTI,-1,-1,0.53422606,0.46577397,0.53422606,-0.0022831087962079
2025-02-05,MARUTI,-1,-1,0.5672586,0.4327414,0.5672586,-0.001765851495142
2025-02-06,MARUTI,-1,-1,0.6015781,0.39842185,0.6015781,-0.0009780957689041
2025-02-07,MARUTI,-1,-1,0.5731878,0.4268122,0.5731878,-0.001873920394889
2025-02-10,MARUTI,-1,-1,0.59991693,0.40008304,0.59991693,-0.0113989016466222
2025-02-11,MARUTI,-1,-1,0.65728074,0.34271926,0.65728074,-0.0136736644915822
2025-02-12,MARUTI,-1,-1,0.6660957,0.33390433,0.6660957,-0.0054068907135628
2025-02-13,MARUTI,-1,-1,0.6361698,0.36383024,0.6361698,0.0012444891089458
2025-02-14,MARUTI,-1,-1,0.7280221,0.27197793,0.7280221,0.0007063464531584
2025-02-17,MARUTI,-1,-1,0.71422994,0.28577006,0.71422994,0.0065179800871024
2025-02-18,MARUTI,-1,-1,0.6916445,0.3083555,0.6916445,0.001825624971431
2025-02-19,MARUTI,-1,-1,0.7227963,0.2772037,0.7227963,-0.0078248265346496
2025-02-20,MARUTI,-1,-1,0.65620327,0.34379673,0.65620327,-0.0193517950132128
2025-02-21,MARUTI,-1,-1,0.5649935,0.4350065,0.5649935,-0.0094207479420679
2025-02-24,MARUTI,-1,-1,0.645766,0.35423398,0.645766,0.0017648859232304
2025-02-25,MARUTI,-1,-1,0.6132379,0.38676208,0.6132379,0.0106235136284409
2025-02-27,MARUTI,-1,-1,0.6197087,0.38029128,0.6197087,-0.007674508672967
2025-02-28,MARUTI,-1,1,0.49333102,0.506669,0.506669,-0.0351154087466364
2025-03-03,MARUTI,-1,1,0.37282056,0.62717944,0.62717944,-0.0142517871648059
2025-03-05,MARUTI,1,1,0.49276453,0.50723547,0.50723547,9.46661166854046e-05
2025-03-06,MARUTI,1,-1,0.55546165,0.44453833,0.55546165,0.0042221849862533
2025-03-07,MARUTI,1,-1,0.66669947,0.33330053,0.66669947,-0.000192833628831
2025-03-10,MARUTI,1,-1,0.6192107,0.38078928,0.6192107,-0.0066958080174512
2025-03-11,MARUTI,1,-1,0.6420404,0.35795966,0.6420404,0.0052563329209649
2025-03-12,MARUTI,1,-1,0.6114627,0.38853732,0.6114627,-0.0005881967058611
2025-03-17,MARUTI,-1,1,0.3873428,0.6126572,0.6126572,0.0034654825217801
2025-03-18,MARUTI,1,1,0.23391318,0.7660868,0.7660868,0.0
2025-03-19,MARUTI,1,1,0.28071433,0.71928567,0.71928567,0.0053532421264681
2025-03-20,MARUTI,-1,1,0.1894334,0.8105666,0.8105666,0.0098703446470691
2025-03-21,MARUTI,-1,1,0.14843142,0.8515686,0.8515686,0.0002216591634394
2025-03-24,MARUTI,-1,1,0.183227,0.816773,0.816773,0.0161470763754525
2025-03-25,MARUTI,-1,1,0.16766733,0.8323327,0.8323327,-0.0044747895350284
2025-03-26,MARUTI,-1,1,0.14408022,0.8559198,0.8559198,-0.0113405964826893
2025-03-27,MARUTI,1,1,0.15775335,0.84224665,0.84224665,-0.001052471035595
2025-03-28,MARUTI,1,1,0.11565727,0.88434273,0.88434273,-0.0170449033377707
2025-04-01,MARUTI,1,1,0.21543705,0.78456295,0.78456295,-0.003562779313982
2025-04-04,MARUTI,1,1,0.19919717,0.8008028,0.8008028,-0.0176332676264266
2025-04-07,MARUTI,1,1,0.19924575,0.80075425,0.80075425,-0.013259914265135
2025-04-08,MARUTI,1,1,0.20840383,0.7915962,0.7915962,0.0113992328776479
2025-04-09,MARUTI,1,1,0.380745,0.619255,0.619255,-0.0001308549514643
2025-04-11,MARUTI,1,1,0.33550107,0.6644989,0.6644989,0.0123630603353874
2025-04-15,MARUTI,1,1,0.35185695,0.64814305,0.64814305,0.022066511101169
2025-04-16,MARUTI,1,1,0.39176387,0.60823613,0.60823613,-0.0161113635031361
2025-04-17,MARUTI,1,1,0.23072636,0.76927364,0.76927364,0.002657741853747
2025-04-21,MARUTI,1,1,0.25831985,0.74168015,0.74168015,0.0042753503918564
2025-04-22,MARUTI,1,1,0.24919385,0.75080615,0.75080615,-0.0009365359281673
2025-04-23,MARUTI,1,1,0.3867005,0.6132995,0.6132995,0.0147434680308058
2025-04-24,MARUTI,1,1,0.38078058,0.6192194,0.6192194,-0.001091756455324
2025-04-25,MARUTI,1,1,0.23120743,0.76879257,0.76879257,-0.0164788993650534
2025-04-28,MARUTI,1,1,0.3636666,0.6363334,0.6363334,0.0126517131359125
2025-04-29,MARUTI,1,-1,0.5072848,0.49271518,0.5072848,-0.0004220685961048
2025-04-30,MARUTI,1,1,0.47272938,0.5272706,0.5272706,0.0351321019788162
2025-05-02,MARUTI,1,1,0.401289,0.598711,0.598711,0.0120747930058495
2025-05-05,MARUTI,1,1,0.40028733,0.59971267,0.59971267,0.0042724799959512
2025-05-09,MARUTI,1,1,0.31390566,0.68609434,0.68609434,-0.0114590024675119
2025-05-12,MARUTI,-1,1,0.41157097,0.58842903,0.58842903,0.0298775512835338
2025-05-14,MARUTI,-1,1,0.47747982,0.5225202,0.5225202,0.0150617147456695
2025-05-15,MARUTI,-1,1,0.49726373,0.5027363,0.5027363,0.0222572994804894
2025-05-16,MARUTI,-1,1,0.48985505,0.51014495,0.51014495,0.0033199866228035
2025-05-19,MARUTI,-1,-1,0.52189016,0.47810984,0.52189016,-0.0004617758033277
2025-05-20,MARUTI,-1,1,0.45784962,0.5421504,0.5421504,-0.0270228307295811
2025-05-21,MARUTI,-1,1,0.39435476,0.60564524,0.60564524,-0.0018199224962962
2025-05-22,MARUTI,-1,1,0.36230153,0.6376985,0.6376985,-0.0134760176949809
2025-05-26,MARUTI,1,1,0.39491022,0.6050898,0.6050898,-0.0025696511649199
2025-05-27,MARUTI,1,1,0.3264401,0.6735599,0.6735599,-0.0005635419585637
2025-05-28,MARUTI,1,1,0.23608297,0.763917,0.763917,-0.0066860037708864
2025-05-30,MARUTI,1,1,0.29844773,0.7015523,0.7015523,-0.0058908501955146
2025-06-02,MARUTI,1,1,0.2999304,0.7000696,0.7000696,-0.0023540846911175
2025-06-03,MARUTI,1,1,0.3758418,0.6241582,0.6241582,-0.0131814675852377
2025-06-04,MARUTI,1,1,0.3291272,0.6708728,0.6708728,0.0028858640601427
2025-06-05,MARUTI,1,1,0.2985142,0.7014858,0.7014858,-0.0030419871654144
2025-06-06,MARUTI,1,1,0.49374878,0.5062512,0.5062512,0.0277090595958064
2025-06-10,MARUTI,1,1,0.37571162,0.6242884,0.6242884,-0.0092585142789295
2025-06-11,MARUTI,1,1,0.38294393,0.6170561,0.6170561,-0.0054313558757427
2025-06-12,MARUTI,1,1,0.41979992,0.5802001,0.5802001,-0.0049791039039922
2025-06-13,MARUTI,1,1,0.25978422,0.7402158,0.7402158,0.0014528132471709
2025-06-16,MARUTI,-1,1,0.23825711,0.7617429,0.7617429,0.009832339478645
2025-06-17,MARUTI,-1,1,0.33910352,0.6608965,0.6608965,0.0051875255793689
2025-06-18,MARUTI,-1,1,0.3152346,0.6847654,0.6847654,0.0121477223226378
2025-06-20,MARUTI,-1,1,0.3434286,0.6565714,0.6565714,-0.0011713619425922
2025-06-23,MARUTI,-1,1,0.37404835,0.62595165,0.62595165,-0.0071925367832361
2025-06-24,MARUTI,-1,1,0.34292328,0.6570767,0.6570767,-0.0069296697635002
2025-06-25,MARUTI,-1,1,0.3812219,0.6187781,0.6187781,0.0123701889045901
2025-06-26,MARUTI,-1,1,0.35134554,0.64865446,0.64865446,-0.0040730123691133
2025-06-27,MARUTI,-1,1,0.3973074,0.6026926,0.6026926,-0.0057412819303104
2025-06-30,MARUTI,1,1,0.27148098,0.728519,0.728519,-0.0191425723610005
2025-07-01,MARUTI,1,1,0.30419236,0.69580764,0.69580764,0.003387137348308
2025-07-03,MARUTI,-1,1,0.35955846,0.64044154,0.64044154,0.0102995072785165
2025-07-04,MARUTI,-1,1,0.3583582,0.6416418,0.6416418,-0.0083124397314833
2025-07-07,MARUTI,-1,1,0.3166591,0.6833409,0.6833409,-0.0099635878876704
2025-07-08,MARUTI,1,1,0.30743986,0.69256014,0.69256014,-0.0084664719997823
2025-07-09,MARUTI,1,1,0.3592273,0.6407727,0.6407727,0.0045110367727025
2025-07-10,MARUTI,-1,1,0.40277278,0.5972272,0.5972272,0.014434611910989
2025-07-11,MARUTI,-1,1,0.38312304,0.61687696,0.61687696,-0.0060078507056512
2025-07-14,MARUTI,-1,1,0.34455305,0.65544695,0.65544695,-0.0047717407935635
2025-07-15,MARUTI,-1,1,0.36059988,0.6394001,0.6394001,0.0017579692938314
2025-07-17,MARUTI,1,1,0.34477675,0.65522325,0.65522325,-0.0070041290789326
2025-07-21,MARUTI,1,1,0.29951733,0.70048267,0.70048267,-0.0011272654203741
2025-07-22,MARUTI,1,1,0.3998806,0.6001194,0.6001194,0.0070132936984441
2025-07-24,MARUTI,1,-1,0.52797353,0.47202647,0.52797353,-0.0055437161887488
2025-07-25,MARUTI,1,1,0.43756372,0.5624363,0.5624363,-0.0121844048202742
2025-07-28,MARUTI,1,1,0.20940381,0.7905962,0.7905962,-0.0051596835924608
2025-07-29,MARUTI,1,1,0.19585693,0.8041431,0.8041431,0.0104538424482543
2025-07-30,MARUTI,1,1,0.2795508,0.7204492,0.7204492,0.0119496118446364
2025-07-31,MARUTI,1,1,0.3663202,0.6336798,0.6336798,-0.0007924908480215
2025-08-01,MARUTI,1,1,0.26793128,0.7320687,0.7320687,-0.0137096127635693
2025-08-04,MARUTI,1,1,0.28578025,0.71421975,0.71421975,0.0051211185173143
2025-08-05,MARUTI,1,1,0.342615,0.657385,0.657385,0.0139102304892841
2025-08-06,MARUTI,1,1,0.33974594,0.66025406,0.66025406,-0.0010369306851718
2025-08-07,MARUTI,1,1,0.31211478,0.6878852,0.6878852,0.0086234429894602
2025-08-08,MARUTI,1,1,0.3238284,0.6761716,0.6761716,-0.003324889170361
2025-08-11,MARUTI,1,1,0.31345105,0.68654895,0.68654895,0.0005559968228752
2025-08-12,MARUTI,1,1,0.26805705,0.73194295,0.73194295,0.0192903072160037
2025-08-13,MARUTI,1,1,0.3163159,0.6836841,0.6836841,-0.0004672897196261
2025-08-14,MARUTI,1,1,0.3240323,0.6759677,0.6759677,0.0079476390836839
2025-08-18,MARUTI,1,1,0.20219344,0.79780656,0.79780656,0.0875077303648732
2025-08-19,MARUTI,1,1,0.26461405,0.73538595,0.73538595,0.0129371623542791
2025-08-20,MARUTI,1,1,0.35331565,0.64668435,0.64668435,-0.0020350877192982
2025-08-21,MARUTI,1,1,0.3792678,0.6207322,0.6207322,0.0041487940369875
2025-08-22,MARUTI,1,1,0.42953646,0.57046354,0.57046354,0.0048319327731092
2025-08-25,MARUTI,1,1,0.464621,0.535379,0.535379,0.0071782005714684
2025-08-26,MARUTI,1,1,0.402215,0.597785,0.597785,0.0181289786880709
2025-08-28,MARUTI,1,1,0.2888316,0.7111684,0.7111684,0.0025825744189207
2025-08-29,MARUTI,1,1,0.20517439,0.7948256,0.7948256,0.0026437093275488
2025-09-01,MARUTI,1,1,0.21263117,0.78736883,0.78736883,0.0064904333716448
2025-09-02,MARUTI,1,1,0.14719903,0.85280097,0.85280097,-0.0030227715456438
2025-09-03,MARUTI,1,1,0.34229964,0.65770036,0.65770036,0.0057269909715671
2025-09-04,MARUTI,1,1,0.27456844,0.72543156,0.72543156,-0.0177530649159242
2025-09-05,MARUTI,1,1,0.2827257,0.7172743,0.7172743,0.0158914199972719
2025-09-08,MARUTI,1,-1,0.51433635,0.48566365,0.51433635,0.0243705941591136
2025-09-09,MARUTI,1,1,0.487095,0.512905,0.512905,0.0070127146414995
2025-09-10,MARUTI,1,1,0.3724972,0.6275028,0.6275028,-0.0167263260657337
2025-09-11,MARUTI,1,1,0.40062553,0.5993745,0.5993745,-0.0008604712734975
2025-09-12,MARUTI,1,-1,0.52982104,0.470179,0.52982104,0.0152368333885393
2025-09-15,MARUTI,1,-1,0.67931086,0.32068914,0.67931086,-0.0039151712887438
2025-09-16,MARUTI,1,-1,0.6104825,0.3895175,0.6104825,0.0201768752047166
2025-09-17,MARUTI,1,-1,0.783623,0.21637703,0.783623,0.0146407243305721
2025-09-19,MARUTI,1,-1,0.7726088,0.2273912,0.7726088,0.0029714863754188
2025-09-22,MARUTI,1,-1,0.8002719,0.19972807,0.8002719,-0.0030257186081694
2025-09-24,MARUTI,-1,-1,0.7496309,0.2503691,0.7496309,0.0094427533080698
2025-09-29,MARUTI,1,-1,0.5962901,0.40370986,0.5962901,-0.0185435343239592
2025-09-30,MARUTI,1,-1,0.55251634,0.4474837,0.55251634,0.0028153153153154
2025-10-01,MARUTI,1,-1,0.52597046,0.4740295,0.52597046,-0.0039927631168507
2025-10-03,MARUTI,1,-1,0.53571784,0.46428218,0.53571784,-0.0099592859379893
2025-10-06,MARUTI,1,-1,0.615304,0.38469604,0.615304,0.01214728584082
2025-10-07,MARUTI,1,-1,0.70383596,0.29616407,0.70383596,0.0068758594824354
2025-10-08,MARUTI,1,-1,0.7556072,0.24439283,0.7556072,-0.0059597715420909
2025-10-09,MARUTI,1,-1,0.8083151,0.1916849,0.8083151,-0.0016862353235074
2025-10-10,MARUTI,1,-1,0.7680448,0.2319552,0.7680448,0.0175164216452925
2025-10-14,MARUTI,-1,-1,0.8365674,0.1634326,0.8365674,-0.0037983213869999
2025-10-16,MARUTI,-1,-1,0.8585912,0.14140879,0.8585912,0.0053047125585985
2025-10-17,MARUTI,-1,-1,0.93236697,0.06763301,0.93236697,0.006319793839735
2025-10-20,MARUTI,-1,-1,0.9226496,0.07735035,0.9226496,0.0014023535150295
2025-10-21,MARUTI,-1,-1,0.7914982,0.2085018,0.7914982,-0.001704822211398
2025-10-23,MARUTI,-1,-1,0.72074366,0.27925634,0.72074366,-0.0001829714564527
2025-10-24,MARUTI,-1,-1,0.6334584,0.36654165,0.6334584,-0.0072591959982919
2025-10-27,MARUTI,-1,1,0.4679892,0.5320108,0.5320108,0.0070050387120559
2025-10-28,MARUTI,-1,1,0.39106053,0.60893947,0.60893947,-0.004698559921894
2025-10-29,MARUTI,-1,-1,0.62620866,0.37379134,0.62620866,-0.0106063392802403
2025-10-30,MARUTI,-1,-1,0.52181304,0.47818696,0.52181304,0.0042136572065931
2025-10-31,MARUTI,-1,-1,0.554726,0.44527403,0.554726,-0.0012341108231519
2025-11-03,MARUTI,1,1,0.32350522,0.6764948,0.6764948,-0.0330532559001606
2025-11-04,MARUTI,1,1,0.4220026,0.5779974,0.5779974,-0.0176985496134431
2025-11-06,MARUTI,1,1,0.40993488,0.5900651,0.5900651,0.0050735007154936
2025-11-07,MARUTI,1,1,0.43784052,0.5621595,0.5621595,0.0017473466217965
2025-11-10,MARUTI,1,1,0.49121863,0.5087814,0.5087814,0.006718780282964
2025-11-11,MARUTI,1,1,0.49980706,0.50019294,0.50019294,0.0039786947314381
2025-11-12,MARUTI,1,1,0.4321844,0.5678156,0.5678156,0.0032598274209012
2025-11-13,MARUTI,1,1,0.3753903,0.6246097,0.6246097,0.0033766564729866
2025-11-14,MARUTI,1,1,0.3837424,0.6162576,0.6162576,-0.0041272461743602
2025-11-17,MARUTI,1,1,0.27906746,0.72093254,0.72093254,0.0123692935475643
2025-11-18,MARUTI,1,1,0.39280313,0.60719687,0.60719687,0.0032749716588991
2025-11-19,MARUTI,1,1,0.21313936,0.78686064,0.78686064,-0.0101694915254236
2025-11-20,MARUTI,1,1,0.20272869,0.7972713,0.7972713,0.0020928462709284
2025-11-21,MARUTI,1,1,0.21375662,0.7862434,0.7862434,0.0111385355357256
2025-11-24,MARUTI,1,1,0.21811575,0.78188425,0.78188425,-0.0011892094886398
2025-11-25,MARUTI,1,1,0.19395429,0.8060457,0.8060457,-0.0043238501065296
2025-11-26,MARUTI,-1,1,0.19119537,0.80880463,0.80880463,0.0168040782931588
2025-11-27,MARUTI,1,1,0.16639107,0.8336089,0.8336089,-0.0156598167863332
2025-11-28,MARUTI,1,1,0.16561109,0.8343889,0.8343889,-0.0001886436521411
2025-12-01,MARUTI,1,1,0.22881496,0.77118504,0.77118504,0.0123899371069182
2025-12-02,MARUTI,1,-1,0.6094538,0.39054623,0.6094538,0.008821519537802
2025-12-03,MARUTI,1,-1,0.52511317,0.47488683,0.52511317,-0.0096680830100375
2025-12-04,MARUTI,1,-1,0.62922007,0.37077993,0.62922007,-0.0054719562243502
2025-12-05,MARUTI,1,-1,0.6921265,0.30787346,0.6921265,0.0180067525321996
2025-12-08,MARUTI,1,-1,0.6539273,0.34607267,0.6539273,-0.0058346640461859
2025-12-09,MARUTI,1,-1,0.6447824,0.35521758,0.6447824,-0.0103169209859763
2025-12-10,MARUTI,1,-1,0.593881,0.40611896,0.593881,-6.242197253436554e-05
2025-12-11,MARUTI,1,-1,0.6416944,0.3583056,0.6416944,0.0142955240651725
2025-12-15,MARUTI,1,-1,0.5550097,0.44499025,0.5550097,-0.0064762135334704
2025-12-16,MARUTI,1,-1,0.5898849,0.41011512,0.5898849,-0.003716113310996
2025-12-17,MARUTI,1,-1,0.5968965,0.4031035,0.5968965,0.0026904732787085
2025-12-18,MARUTI,1,-1,0.67375326,0.32624674,0.67375326,-0.0042078302231979
2025-12-19,MARUTI,1,-1,0.5668457,0.43315428,0.5668457,0.0052054626737705
2025-12-22,MARUTI,1,-1,0.6275799,0.37242004,0.6275799,0.0143170464237845
2025-12-23,MARUTI,1,1,0.44185686,0.55814314,0.55814314,-0.0038440747192023
2025-12-26,MARUTI,-1,1,0.47941273,0.52058727,0.52058727,-0.00640603484404
2025-12-30,MARUTI,-1,-1,0.5702926,0.42970738,0.5702926,0.006347479143997
2025-12-31,MARUTI,-1,-1,0.639174,0.360826,0.639174,0.0030035441821349
2026-01-01,MARUTI,-1,-1,0.93454564,0.06545436,0.93454564,0.0006588009822123
2026-01-02,MARUTI,-1,-1,0.8769028,0.12309721,0.8769028,0.0150825951639932
2026-01-05,MARUTI,-1,-1,0.8688325,0.13116747,0.8688325,0.0114976415094338
2026-01-06,MARUTI,-1,-1,0.7995118,0.20048818,0.7995118,0.0079860099096473
2026-01-07,MARUTI,-1,1,0.43855524,0.56144476,0.56144476,-0.0279319916724496
2026-01-08,MARUTI,-1,1,0.40269232,0.5973077,0.5973077,-0.0086263311321316
2026-01-09,MARUTI,-1,1,0.46786857,0.53213143,0.53213143,-0.009781565050408
2026-01-12,MARUTI,-1,-1,0.5847497,0.41525033,0.5847497,0.0049087934064602
2026-01-13,MARUTI,-1,-1,0.6208365,0.37916353,0.6208365,-0.0094077915812326
2026-01-14,MARUTI,-1,-1,0.58882344,0.4111766,0.58882344,-0.0166808717886277
2026-01-15,MARUTI,-1,-1,0.56553835,0.43446165,0.56553835,0.0
2026-01-16,MARUTI,-1,1,0.44884413,0.55115587,0.55115587,-0.0181401684001981
2026-01-19,MARUTI,-1,-1,0.5855324,0.41446757,0.5855324,0.0199886499779304
2026-01-20,MARUTI,-1,-1,0.5614323,0.4385677,0.5614323,-0.0183605341246291
2026-01-21,MARUTI,-1,-1,0.59103817,0.40896183,0.59103817,-0.006864412116632
2026-01-22,MARUTI,-1,1,0.38686073,0.6131393,0.6131393,-0.0003170577045021
2026-01-23,MARUTI,-1,1,0.4452141,0.5547859,0.5547859,-0.0187757691087853
2026-01-27,MARUTI,-1,1,0.33375007,0.66624993,0.66624993,-0.0144805740513284
2026-01-28,MARUTI,1,1,0.23503542,0.7649646,0.7649646,-0.0241390619875369
2026-01-29,MARUTI,1,1,0.38730395,0.61269605,0.61269605,-0.0252066948981649
2026-01-30,MARUTI,1,-1,0.55220485,0.44779518,0.55220485,0.0066887325886084
2026-02-02,MARUTI,1,-1,0.5651097,0.43489024,0.5651097,-0.0147270360983629
2026-02-03,MARUTI,1,-1,0.5218947,0.4781053,0.5218947,0.0276696329254726
2026-02-05,MARUTI,-1,-1,0.5356419,0.46435812,0.5356419,-0.0007962311724504
2026-02-10,MARUTI,-1,-1,0.6445248,0.35547522,0.6445248,0.0112164507944985
2026-02-11,MARUTI,-1,-1,0.6948426,0.3051574,0.6948426,0.0175623927109467
2026-02-13,MARUTI,-1,-1,0.61348003,0.38651997,0.61348003,-0.0058071251468093
2026-02-16,MARUTI,-1,1,0.45422995,0.54577005,0.54577005,-0.0122071273872809
2026-02-17,MARUTI,-1,-1,0.5963751,0.40362492,0.5963751,0.0085044183110756
2026-02-18,MARUTI,-1,-1,0.60123765,0.39876238,0.60123765,-0.0009882073917912
2026-02-19,MARUTI,-1,-1,0.5030763,0.49692366,0.5030763,-0.0172118174624109
2026-02-20,MARUTI,-1,1,0.34026158,0.6597384,0.6597384,0.0049654431993557
2026-02-23,MARUTI,-1,-1,0.6079937,0.3920063,0.6079937,0.0063430593576818
2026-02-24,MARUTI,-1,-1,0.56978947,0.43021053,0.56978947,-0.0096868365180466
2026-02-25,MARUTI,-1,1,0.31067437,0.68932563,0.68932563,0.0096475948010184
2026-02-26,MARUTI,-1,-1,0.5058907,0.49410927,0.5058907,0.0094890510948906
2026-02-27,MARUTI,-1,-1,0.5649543,0.43504575,0.5649543,-0.0234010385854204
2026-03-02,MARUTI,-1,1,0.39570415,0.60429585,0.60429585,-0.031567611227031
2026-03-04,MARUTI,-1,-1,0.50796247,0.49203753,0.50796247,-0.0159855435084792
2026-03-05,MARUTI,-1,1,0.49897254,0.50102746,0.50102746,0.0181522813956773
2026-03-06,MARUTI,-1,-1,0.55819803,0.44180197,0.55819803,-0.0177592785293096
2026-03-09,MARUTI,-1,1,0.4594202,0.5405798,0.5405798,-0.0459778232926053
2026-03-10,MARUTI,-1,-1,0.5047139,0.49528614,0.5047139,0.0265768433520876
2026-03-11,MARUTI,-1,-1,0.5011232,0.49887684,0.5011232,-0.0266820509122376
2026-03-12,MARUTI,-1,-1,0.5836314,0.41636863,0.5836314,-0.0360080017781729
2026-03-13,MARUTI,-1,1,0.4893552,0.5106448,0.5106448,-0.0322803781415724
2026-03-16,MARUTI,-1,1,0.4487667,0.5512333,0.5512333,0.013184020331983
2026-03-17,MARUTI,-1,-1,0.5773518,0.42264822,0.5773518,0.0168534922003604
2026-03-18,MARUTI,-1,-1,0.59632206,0.4036779,0.59632206,0.0058587727412888
2026-03-19,MARUTI,1,-1,0.52844787,0.4715521,0.52844787,-0.0344114040465971
2026-03-20,MARUTI,1,1,0.47742498,0.522575,0.522575,0.0001587427573617
2026-03-23,MARUTI,1,1,0.47075534,0.52924466,0.52924466,-0.0195222601380842
2026-03-24,MARUTI,1,1,0.4222383,0.5777617,0.5777617,0.0088223391339539
2026-03-25,MARUTI,1,1,0.35034484,0.64965516,0.64965516,0.0198170731707316
2026-03-27,MARUTI,1,1,0.34124726,0.65875274,0.65875274,-0.0253323892691369
2026-03-30,MARUTI,1,1,0.43157238,0.5684276,0.5684276,-0.0066994914843813
2026-04-01,MARUTI,1,1,0.48293817,0.5170618,0.5170618,0.0164960182025029
2026-04-02,MARUTI,1,-1,0.63450503,0.36549494,0.63450503,0.0097529778559437
2026-04-06,MARUTI,1,1,0.4046216,0.5953784,0.5953784,0.0045127068323964
2026-04-07,MARUTI,1,1,0.41240674,0.58759326,0.58759326,0.0086696090794451
2026-04-08,MARUTI,-1,1,0.36223173,0.63776827,0.63776827,0.062822315986873
2026-04-09,MARUTI,-1,1,0.44913018,0.5508698,0.5508698,-0.0009557418026761
2026-04-10,MARUTI,-1,1,0.30179667,0.6982033,0.6982033,0.0088306718669513
2026-04-13,MARUTI,-1,1,0.19881368,0.8011863,0.8011863,-0.046174046246991
2025-01-01,NESTLEIND,1,1,0.3938372,0.6061628,0.6061628,-0.000368551660563
2025-01-02,NESTLEIND,-1,1,0.48838973,0.51161027,0.51161027,0.0142675445638484
2025-01-03,NESTLEIND,-1,1,0.45284545,0.54715455,0.54715455,0.014771410805481
2025-01-06,NESTLEIND,1,1,0.45146304,0.54853696,0.54853696,-0.0213642712409698
2025-01-07,NESTLEIND,-1,-1,0.51250637,0.48749363,0.51250637,0.0126544870119533
2025-01-08,NESTLEIND,-1,1,0.4669739,0.5330261,0.5330261,0.003276423084163
2025-01-09,NESTLEIND,-1,1,0.4964823,0.5035177,0.5035177,0.0162846990073537
2025-01-10,NESTLEIND,-1,1,0.42875725,0.57124275,0.57124275,-0.0036125392740219
2025-01-13,NESTLEIND,-1,1,0.4413631,0.5586369,0.5586369,-0.0046932212704627
2025-01-14,NESTLEIND,-1,1,0.40725982,0.5927402,0.5927402,-0.0081793518875376
2025-01-15,NESTLEIND,-1,1,0.45859367,0.54140633,0.54140633,-0.0087424857036368
2025-01-16,NESTLEIND,1,1,0.40555233,0.5944477,0.5944477,-0.0137975554066401
2025-01-17,NESTLEIND,1,-1,0.5137894,0.48621055,0.5137894,0.0220807173780241
2025-01-20,NESTLEIND,1,-1,0.56777376,0.43222624,0.56777376,-0.0014430805529399
2025-01-21,NESTLEIND,1,-1,0.5846484,0.4153516,0.5846484,-0.0079269004583343
2025-01-22,NESTLEIND,1,-1,0.5248937,0.4751063,0.5248937,0.0051673904491877
2025-01-23,NESTLEIND,1,1,0.46596658,0.5340334,0.5340334,-0.0040085699531187
2025-01-24,NESTLEIND,1,1,0.39745462,0.6025454,0.6025454,0.0040700539334603
2025-01-27,NESTLEIND,1,1,0.42899752,0.5710025,0.5710025,-0.0150141556485408
2025-01-28,NESTLEIND,1,1,0.39296377,0.60703623,0.60703623,-0.008483805143165
2025-01-29,NESTLEIND,1,1,0.31223387,0.68776613,0.68776613,0.0113157257756495
2025-01-31,NESTLEIND,-1,-1,0.5130033,0.4869967,0.5130033,0.0432272830046531
2025-02-01,NESTLEIND,-1,1,0.47739124,0.52260876,0.52260876,0.0060521320910134
2025-02-03,NESTLEIND,-1,-1,0.5100995,0.48990053,0.5100995,-0.0043398277073583
2025-02-04,NESTLEIND,-1,-1,0.5079012,0.49209884,0.5079012,-0.0076173366943114
2025-02-05,NESTLEIND,-1,-1,0.5294928,0.4705072,0.5294928,-0.0219618669415501
2025-02-06,NESTLEIND,-1,-1,0.50314146,0.49685854,0.50314146,-0.0042241114199147
2025-02-11,NESTLEIND,1,1,0.4975074,0.5024926,0.5024926,-0.0115035700409324
2025-02-12,NESTLEIND,1,1,0.4557228,0.5442772,0.5442772,-0.0007971235292228
2025-02-17,NESTLEIND,-1,-1,0.57002854,0.4299715,0.57002854,0.0094041093137904
2025-02-18,NESTLEIND,-1,-1,0.5516644,0.4483356,0.5516644,0.002661855990655
2025-02-20,NESTLEIND,1,-1,0.5908204,0.40917963,0.5908204,0.0008162887502398
2025-02-21,NESTLEIND,1,-1,0.6350452,0.36495486,0.6350452,0.0037158763657663
2025-02-24,NESTLEIND,1,-1,0.68378913,0.31621084,0.68378913,0.0024605124476222
2025-02-25,NESTLEIND,-1,-1,0.6473608,0.3526392,0.6473608,0.0135110367479374
2025-02-27,NESTLEIND,-1,-1,0.5964293,0.4035707,0.5964293,0.0123534584897222
2025-02-28,NESTLEIND,-1,-1,0.558511,0.441489,0.558511,-0.0388684489698983
2025-03-04,NESTLEIND,1,-1,0.503415,0.496585,0.503415,-0.017867494637214
2025-03-05,NESTLEIND,1,-1,0.5578885,0.44211152,0.5578885,0.0235266962823121
2025-03-06,NESTLEIND,1,-1,0.5706829,0.42931715,0.5706829,0.0019116782007988
2025-03-07,NESTLEIND,1,-1,0.57162416,0.42837584,0.57162416,0.0169225600913758
2025-03-12,NESTLEIND,1,-1,0.64336526,0.3566347,0.64336526,-0.0248288556098398
2025-03-13,NESTLEIND,1,-1,0.62306106,0.37693897,0.62306106,-0.0016169257842068
2025-03-17,NESTLEIND,1,1,0.36760783,0.63239217,0.63239217,-0.0080293510666817
2025-03-18,NESTLEIND,1,1,0.30211157,0.69788843,0.69788843,0.0
2025-03-19,NESTLEIND,1,1,0.3637129,0.6362871,0.6362871,0.0044380472456084
2025-03-20,NESTLEIND,1,1,0.4077258,0.5922742,0.5922742,0.0171931852514979
2025-03-21,NESTLEIND,-1,1,0.42356145,0.57643855,0.57643855,0.0212914896065101
2025-03-25,NESTLEIND,1,1,0.3570792,0.6429208,0.6429208,-0.0038434729183529
2025-03-26,NESTLEIND,1,1,0.29607147,0.70392853,0.70392853,-0.005055857109344
2025-03-27,NESTLEIND,1,1,0.29111785,0.70888215,0.70888215,-0.0006239592438919
2025-03-28,NESTLEIND,1,1,0.28003812,0.7199619,0.7199619,0.0038803295163292
2025-04-01,NESTLEIND,1,1,0.36998558,0.6300144,0.6300144,-0.0074419800656476
2025-04-02,NESTLEIND,1,1,0.29805148,0.7019485,0.7019485,-0.0104297391941802
2025-04-03,NESTLEIND,1,1,0.31018412,0.6898159,0.6898159,0.0158094419798831
2025-04-04,NESTLEIND,1,1,0.3695386,0.6304614,0.6304614,0.0073475813187031
2025-04-07,NESTLEIND,1,1,0.33477753,0.66522247,0.66522247,-0.005813071014177
2025-04-08,NESTLEIND,1,1,0.36022455,0.63977545,0.63977545,0.0117386184589511
2025-04-09,NESTLEIND,1,-1,0.6251779,0.37482208,0.6251779,0.0305221133255395
2025-04-11,NESTLEIND,1,1,0.4988706,0.5011294,0.5011294,0.0070579719331507
2025-04-15,NESTLEIND,1,1,0.47091877,0.5290812,0.5290812,0.0027525886285
2025-04-16,NESTLEIND,-1,-1,0.5758214,0.42417857,0.5758214,0.0065036559317532
2025-04-17,NESTLEIND,-1,1,0.4069751,0.5930249,0.5930249,0.013972294734055
2025-04-21,NESTLEIND,-1,1,0.3102556,0.6897444,0.6897444,-0.0071174907183453
2025-04-22,NESTLEIND,-1,-1,0.5062667,0.49373332,0.5062667,0.0032926052653126
2025-04-23,NESTLEIND,-1,-1,0.59057355,0.40942648,0.59057355,0.0108418879312179
2025-04-24,NESTLEIND,-1,-1,0.524637,0.47536305,0.524637,-8.225139490569688e-05
2025-04-25,NESTLEIND,-1,1,0.38319176,0.61680824,0.61680824,-0.0080962493419093
2025-04-28,NESTLEIND,-1,1,0.40198147,0.5980185,0.5980185,-0.0031075102334283
2025-04-29,NESTLEIND,-1,-1,0.50900805,0.49099198,0.50900805,-0.0076891609508152
2025-05-02,NESTLEIND,1,1,0.25317174,0.74682826,0.74682826,-0.0236161365304409
2025-05-05,NESTLEIND,1,1,0.22574747,0.77425253,0.77425253,-0.0015438710433746
2025-05-07,NESTLEIND,1,1,0.20747435,0.79252565,0.79252565,-0.0076809110777459
2025-05-08,NESTLEIND,1,1,0.21757871,0.7824213,0.7824213,0.0009835810170444
2025-05-09,NESTLEIND,1,1,0.19593656,0.80406344,0.80406344,-0.0065365823042611
2025-05-12,NESTLEIND,1,1,0.2757923,0.7242077,0.7242077,0.0251141029774999
2025-05-13,NESTLEIND,1,1,0.19133282,0.8086672,0.8086672,-0.0057052312032666
2025-05-14,NESTLEIND,1,1,0.25288558,0.7471144,0.7471144,8.434058454365179e-05
2025-05-15,NESTLEIND,1,1,0.20967221,0.7903278,0.7903278,0.0116858531380943
2025-05-20,NESTLEIND,1,1,0.23006386,0.76993614,0.76993614,-0.0204751770929605
2025-05-22,NESTLEIND,1,1,0.18697512,0.8130249,0.8130249,-0.012914857340071
2025-05-26,NESTLEIND,-1,1,0.4177966,0.5822034,0.5822034,0.0164016852931738
2025-05-27,NESTLEIND,-1,1,0.30081153,0.6991885,0.6991885,0.0028115419164427
2025-05-29,NESTLEIND,-1,1,0.37760794,0.62239206,0.62239206,0.0066143910489697
2025-05-30,NESTLEIND,-1,1,0.28613293,0.71386707,0.71386707,-0.0159343393059689
2025-06-02,NESTLEIND,-1,1,0.32315975,0.67684025,0.67684025,0.0042149907599378
2025-06-03,NESTLEIND,-1,1,0.36074,0.63926,0.63926,-0.0061921302817081
2025-06-04,NESTLEIND,-1,1,0.3053543,0.6946457,0.6946457,0.0025508718450766
2025-06-05,NESTLEIND,-1,1,0.3236826,0.6763174,0.6763174,0.0015850464230353
2025-06-06,NESTLEIND,-1,1,0.37867737,0.62132263,0.62132263,0.0066213670246171
2025-06-09,NESTLEIND,-1,1,0.1964978,0.8035022,0.8035022,-0.0007861151807111
2025-06-10,NESTLEIND,-1,1,0.17672867,0.82327133,0.82327133,0.0066658556782084
2025-06-11,NESTLEIND,-1,1,0.23496693,0.76503307,0.76503307,-0.0050176098906139
2025-06-12,NESTLEIND,1,1,0.2986024,0.7013976,0.7013976,-0.0138888478501084
2025-06-13,NESTLEIND,1,1,0.24132597,0.758674,0.758674,-0.0036887859501901
2025-06-16,NESTLEIND,1,1,0.2128498,0.7871502,0.7871502,0.0054695069800512
2025-06-17,NESTLEIND,1,1,0.1733023,0.8266977,0.8266977,-0.0116327606876369
2025-06-18,NESTLEIND,1,1,0.17500383,0.8249962,0.8249962,-0.008975520813549
2025-06-19,NESTLEIND,1,1,0.16379988,0.8362001,0.8362001,-0.0093557626493971
2025-06-20,NESTLEIND,1,1,0.32041866,0.67958134,0.67958134,0.0178963871222717
2025-06-23,NESTLEIND,1,1,0.44607413,0.5539259,0.5539259,-0.0005507509594804
2025-06-24,NESTLEIND,1,1,0.30157745,0.69842255,0.69842255,0.0028401141729659
2025-06-25,NESTLEIND,1,1,0.36768168,0.6323183,0.6323183,0.016315715773536
2025-06-26,NESTLEIND,-1,1,0.35555828,0.6444417,0.6444417,0.0112294596526061
2025-06-27,NESTLEIND,-1,1,0.3788482,0.6211518,0.6211518,0.0112281364091597
2025-06-30,NESTLEIND,-1,1,0.31100726,0.68899274,0.68899274,0.0026843608311895
2025-07-01,NESTLEIND,1,1,0.2683512,0.7316488,0.7316488,-0.0223907398723602
2025-07-02,NESTLEIND,1,1,0.2492556,0.7507444,0.7507444,-0.0091697931005281
2025-07-03,NESTLEIND,1,1,0.19984496,0.80015504,0.80015504,0.0001674238242244
2025-07-04,NESTLEIND,1,1,0.18828332,0.8117167,0.8117167,0.006054629649697
2025-07-07,NESTLEIND,1,1,0.23189431,0.7681057,0.7681057,0.0122450357124648
2025-07-08,NESTLEIND,1,1,0.24943262,0.7505674,0.7505674,-0.0017340510324398
2025-07-09,NESTLEIND,1,1,0.28571135,0.71428865,0.71428865,0.0040944988363067
2025-07-10,NESTLEIND,-1,1,0.26864767,0.7313523,0.7313523,-0.0108740720100675
2025-07-11,NESTLEIND,-1,1,0.26192194,0.73807806,0.73807806,0.0008744481547304
2025-07-14,NESTLEIND,-1,1,0.18323272,0.8167673,0.8167673,-0.0044101901700471
2025-07-15,NESTLEIND,-1,1,0.24899381,0.7510062,0.7510062,0.0097789609346246
2025-07-16,NESTLEIND,-1,1,0.23118854,0.76881146,0.76881146,0.0180855049402601
2025-07-17,NESTLEIND,-1,1,0.20259249,0.7974075,0.7974075,-0.0044309297997914
2025-07-18,NESTLEIND,-1,1,0.21954632,0.7804537,0.7804537,0.009431987093545
2025-07-21,NESTLEIND,-1,1,0.31380534,0.68619466,0.68619466,0.0001618387744257
2025-07-22,NESTLEIND,-1,1,0.3561777,0.6438223,0.6438223,-0.0117689371851479
2025-07-23,NESTLEIND,-1,1,0.48052764,0.51947236,0.51947236,0.0036832375523476
2025-07-24,NESTLEIND,-1,1,0.4182027,0.5817973,0.5817973,-0.0531702212731928
2025-07-25,NESTLEIND,-1,1,0.3970753,0.6029247,0.6029247,-0.0204556013084227
2025-07-28,NESTLEIND,-1,1,0.20302153,0.7969785,0.7969785,-0.0199156552527158
2025-07-29,NESTLEIND,-1,1,0.21176177,0.7882382,0.7882382,-0.0025120629117886
2025-07-30,NESTLEIND,-1,1,0.21358496,0.78641504,0.78641504,0.0035077525326838
2025-07-31,NESTLEIND,-1,1,0.27095115,0.72904885,0.72904885,0.0072595956062715
2025-08-04,NESTLEIND,1,1,0.31948417,0.6805158,0.6805158,0.0003952786520415
2025-08-05,NESTLEIND,1,1,0.4159959,0.5840041,0.5840041,-0.0044348347556018
2025-08-06,NESTLEIND,1,1,0.2831266,0.7168734,0.7168734,-0.0149957957078871
2025-08-07,NESTLEIND,1,1,0.25953215,0.74046785,0.74046785,0.0005821856041117
2025-08-08,NESTLEIND,1,1,0.20425022,0.7957498,0.7957498,-0.0186163534447816
2025-08-11,NESTLEIND,1,1,0.31206292,0.6879371,0.6879371,0.007751930175545
2025-08-12,NESTLEIND,1,1,0.20383757,0.7961624,0.7961624,-0.0125792617999858
2025-08-13,NESTLEIND,1,1,0.2237286,0.7762714,0.7762714,0.0053157989991554
2025-08-14,NESTLEIND,1,1,0.15956944,0.84043056,0.84043056,-0.006837444266046
2025-08-18,NESTLEIND,1,1,0.3268143,0.6731857,0.6731857,0.0502111206745046
2025-08-19,NESTLEIND,1,1,0.29083169,0.7091683,0.7091683,0.0151209980201962
2025-08-20,NESTLEIND,1,1,0.348253,0.651747,0.651747,0.0248838223769471
2025-08-21,NESTLEIND,1,1,0.33575267,0.66424733,0.66424733,-0.0091573256027123
2025-08-22,NESTLEIND,1,1,0.3081903,0.6918097,0.6918097,-0.0139902542841595
2025-08-25,NESTLEIND,1,1,0.251648,0.748352,0.748352,-0.0085131707452984
2025-08-26,NESTLEIND,1,1,0.23530877,0.76469123,0.76469123,0.0079791132253634
2025-08-28,NESTLEIND,1,1,0.19445926,0.80554074,0.80554074,0.0001721295081298
2025-08-29,NESTLEIND,1,1,0.16753536,0.83246464,0.83246464,-0.0053338294314875
2025-09-01,NESTLEIND,1,1,0.11792141,0.8820786,0.8820786,0.0157413558148278
2025-09-05,NESTLEIND,-1,1,0.2748199,0.7251801,0.7251801,-0.0033811815340343
2025-09-09,NESTLEIND,-1,1,0.319561,0.680439,0.680439,0.0122085628890771
2025-09-10,NESTLEIND,-1,1,0.40389103,0.596109,0.596109,0.0127267168153653
2025-09-11,NESTLEIND,-1,1,0.37949592,0.6205041,0.6205041,0.0027104292252171
2025-09-12,NESTLEIND,-1,1,0.33679724,0.66320276,0.66320276,-0.0026212696620357
2025-09-15,NESTLEIND,-1,1,0.4144414,0.5855586,0.5855586,-0.0041885839491809
2025-09-16,NESTLEIND,-1,1,0.40924197,0.590758,0.590758,-0.0068453141007012
2025-09-17,NESTLEIND,-1,1,0.4196213,0.5803787,0.5803787,8.306298793780975e-05
2025-09-18,NESTLEIND,-1,-1,0.5027542,0.4972458,0.5027542,0.0039856731813212
2025-09-19,NESTLEIND,-1,-1,0.50016856,0.49983144,0.50016856,-0.0120751062044167
2025-09-22,NESTLEIND,-1,-1,0.5560247,0.4439753,0.5560247,-0.0051903898109433
2025-09-23,NESTLEIND,1,1,0.38978386,0.61021614,0.61021614,-0.0167465755476139
2025-09-24,NESTLEIND,1,-1,0.5498724,0.45012757,0.5498724,0.008729815014139
2025-09-25,NESTLEIND,1,1,0.49811912,0.5018809,0.5018809,-0.0043271845070653
2025-09-26,NESTLEIND,1,1,0.42008466,0.57991534,0.57991534,-0.0092884236850673
2025-09-29,NESTLEIND,1,1,0.3838839,0.6161161,0.6161161,-0.0086874374133975
2025-09-30,NESTLEIND,1,-1,0.52912277,0.47087723,0.52912277,0.0003470499529367
2025-10-01,NESTLEIND,1,1,0.435893,0.564107,0.564107,0.011709697356927
2025-10-03,NESTLEIND,1,-1,0.59612083,0.4038792,0.59612083,0.0030006827768616
2025-10-06,NESTLEIND,1,-1,0.6217922,0.3782078,0.6217922,0.0100861749273919
2025-10-07,NESTLEIND,1,-1,0.60383147,0.39616853,0.60383147,-0.0041464402554914
2025-10-08,NESTLEIND,1,-1,0.68552077,0.31447923,0.68552077,0.0031440539241698
2025-10-09,NESTLEIND,1,-1,0.75427973,0.2457203,0.75427973,0.0061838770073741
2025-10-10,NESTLEIND,1,-1,0.7445247,0.2554753,0.7445247,0.0098500713562144
2025-10-13,NESTLEIND,1,-1,0.79048437,0.20951563,0.79048437,-0.0095039307681407
2025-10-14,NESTLEIND,1,-1,0.74055207,0.25944793,0.74055207,-0.0106051784963154
2025-10-15,NESTLEIND,1,-1,0.7484945,0.25150546,0.7484945,0.039047260785491
2025-10-17,NESTLEIND,-1,-1,0.78449744,0.21550256,0.78449744,0.0101049371802639
2025-10-20,NESTLEIND,-1,-1,0.6648393,0.33516067,0.6648393,-0.0031795429574745
2025-10-21,NESTLEIND,-1,-1,0.64912105,0.35087892,0.64912105,0.0014782141012001
2025-10-23,NESTLEIND,-1,-1,0.5469488,0.45305124,0.5469488,-0.0112638742689793
2025-10-24,NESTLEIND,-1,-1,0.5651398,0.4348602,0.5651398,0.0072280931482042
2025-10-27,NESTLEIND,-1,1,0.40892178,0.5910782,0.5910782,0.0007800304545027
2025-11-04,NESTLEIND,1,1,0.3546672,0.6453328,0.6453328,-0.0013420105897822
2025-11-06,NESTLEIND,1,1,0.38166893,0.6183311,0.6183311,0.0008694867583241
2025-11-07,NESTLEIND,1,1,0.38689917,0.6131008,0.6131008,-0.0026853901129408
2025-11-14,NESTLEIND,-1,1,0.28876144,0.71123856,0.71123856,-0.0028230070260459
2025-11-17,NESTLEIND,-1,1,0.3058896,0.6941104,0.6941104,-0.0010222944545834
2025-11-19,NESTLEIND,-1,1,0.20153522,0.7984648,0.7984648,0.0109873415363768
2025-11-20,NESTLEIND,-1,1,0.2005148,0.7994852,0.7994852,0.0001563144413241
2025-11-21,NESTLEIND,-1,1,0.18691081,0.8130892,0.8130892,0.0011726068223996
2025-11-24,NESTLEIND,-1,1,0.2456482,0.7543518,0.7543518,-0.0089794562667169
2025-11-25,NESTLEIND,-1,1,0.33261782,0.6673822,0.6673822,-0.0047273830335801
2025-11-26,NESTLEIND,-1,1,0.26117843,0.73882157,0.73882157,0.0107664145461146
2025-11-27,NESTLEIND,-1,1,0.27727973,0.72272027,0.72272027,-0.0081454320073184
2025-11-28,NESTLEIND,-1,1,0.32546347,0.6745365,0.6745365,-0.0041851457707059
2025-12-01,NESTLEIND,-1,1,0.35685748,0.6431425,0.6431425,-0.0003964789091516
2025-12-02,NESTLEIND,-1,-1,0.5345149,0.46548513,0.5345149,-0.0013485045531378
2025-12-03,NESTLEIND,-1,-1,0.62622,0.37378004,0.62622,-0.0135038396681773
2025-12-04,NESTLEIND,-1,-1,0.572468,0.42753202,0.572468,0.0004026085157926
2025-12-08,NESTLEIND,1,-1,0.7087293,0.29127067,0.7087293,-0.0257438395881945
2025-12-09,NESTLEIND,1,-1,0.68617666,0.3138233,0.68617666,0.0008231799721161
2025-12-10,NESTLEIND,1,-1,0.61373305,0.38626692,0.61373305,-0.0053462688772896
2025-12-11,NESTLEIND,1,-1,0.62666106,0.37333897,0.62666106,0.0047134051177939
2025-12-12,NESTLEIND,1,-1,0.67298794,0.32701206,0.67298794,0.0191769979057214
2025-12-15,NESTLEIND,1,-1,0.586738,0.41326198,0.586738,0.0041993411484488
2025-12-16,NESTLEIND,1,-1,0.69124895,0.30875105,0.69124895,-0.0023322037163661
2025-12-17,NESTLEIND,1,-1,0.6054379,0.3945621,0.6054379,-0.0048363650968925
2025-12-18,NESTLEIND,1,-1,0.5860041,0.41399592,0.5860041,-0.000890896493176
2025-12-19,NESTLEIND,1,-1,0.53844905,0.46155098,0.53844905,0.0088366150052414
2025-12-22,NESTLEIND,1,1,0.44240135,0.55759865,0.55759865,0.0102860322538427
2025-12-23,NESTLEIND,1,1,0.3960629,0.6039371,0.6039371,-0.0005567337893871
2025-12-24,NESTLEIND,1,1,0.35942465,0.64057535,0.64057535,0.0025466957713891
2025-12-26,NESTLEIND,1,1,0.36471176,0.63528824,0.63528824,0.010240602023861
2025-12-29,NESTLEIND,1,1,0.39377338,0.6062266,0.6062266,0.0058148421930235
2025-12-30,NESTLEIND,1,1,0.46449655,0.53550345,0.53550345,-0.004609351403957
2025-12-31,NESTLEIND,1,-1,0.5828947,0.4171053,0.5828947,0.010909631737678
2026-01-01,NESTLEIND,1,-1,0.6111633,0.38883668,0.6111633,0.0054347774300655
2026-01-02,NESTLEIND,1,-1,0.5907419,0.40925813,0.5907419,-0.01181471748074
2026-01-06,NESTLEIND,-1,-1,0.7350384,0.2649616,0.7350384,0.0040316967827926
2026-01-07,NESTLEIND,-1,-1,0.73898864,0.26101133,0.73898864,-0.00386394380205
2026-01-12,NESTLEIND,-1,-1,0.6713705,0.32862952,0.6713705,0.0102379037960707
2026-01-13,NESTLEIND,-1,-1,0.71319956,0.28680044,0.71319956,0.0048003234878635
2026-01-14,NESTLEIND,-1,-1,0.67978704,0.32021296,0.67978704,-0.0087965521484018
2026-01-15,NESTLEIND,1,-1,0.58361757,0.4163824,0.58361757,0.0
2026-01-16,NESTLEIND,-1,-1,0.6402285,0.35977152,0.6402285,0.006732511062405
2026-01-19,NESTLEIND,-1,-1,0.69622564,0.3037744,0.69622564,-0.0002280365798653
2026-01-20,NESTLEIND,1,-1,0.65049636,0.34950367,0.65049636,-0.0151262384067792
2026-01-21,NESTLEIND,1,-1,0.6733342,0.32666582,0.6733342,-0.0096472863088193
2026-01-23,NESTLEIND,1,-1,0.6262682,0.3737318,0.6262682,-0.0093414356030626
2026-01-27,NESTLEIND,1,-1,0.5867206,0.41327938,0.5867206,0.0073427040096119
2026-01-28,NESTLEIND,1,1,0.4820301,0.5179699,0.5179699,-0.0083634522391732
2026-01-29,NESTLEIND,1,-1,0.5683582,0.43164185,0.5683582,-0.0034818909100577
2026-01-30,NESTLEIND,-1,-1,0.68481916,0.31518084,0.68481916,0.0345524351048935
2026-02-02,NESTLEIND,-1,-1,0.54998446,0.45001557,0.54998446,-0.0180876617915726
2026-02-03,NESTLEIND,-1,-1,0.650714,0.34928602,0.650714,-0.0002293612621867
2026-02-05,NESTLEIND,-1,-1,0.6994287,0.30057132,0.6994287,0.0002302588797289
2026-02-06,NESTLEIND,-1,-1,0.758457,0.24154298,0.758457,0.0052449277501929
2026-02-09,NESTLEIND,1,-1,0.8114744,0.18852562,0.8114744,-0.0059081354666649
2026-02-10,NESTLEIND,1,-1,0.79958653,0.20041344,0.79958653,0.0100339612881827
2026-02-11,NESTLEIND,1,-1,0.8284653,0.1715347,0.8284653,-0.0025217230776234
2026-02-12,NESTLEIND,1,-1,0.7925413,0.20745869,0.7925413,0.000153184068333
2026-02-13,NESTLEIND,1,-1,0.7225971,0.27740288,0.7225971,-0.0175411906656932
2026-02-16,NESTLEIND,-1,-1,0.6669301,0.33306995,0.6669301,0.0056136545916416
2026-02-17,NESTLEIND,-1,-1,0.7484997,0.2515003,0.7484997,-0.0034889128776887
2026-02-18,NESTLEIND,-1,-1,0.7820486,0.21795139,0.7820486,0.0121372247672135
2026-02-19,NESTLEIND,-1,-1,0.6910658,0.3089342,0.6910658,-0.0172188669334153
2026-02-20,NESTLEIND,-1,-1,0.6911571,0.30884287,0.6911571,0.0119671871944662
2026-02-23,NESTLEIND,-1,-1,0.71245146,0.28754854,0.71245146,0.0164630746281893
2026-02-24,NESTLEIND,-1,-1,0.7159187,0.28408128,0.7159187,0.0037259710326429
2026-02-25,NESTLEIND,-1,-1,0.6746799,0.3253201,0.6746799,0.0025757760712594
2026-02-26,NESTLEIND,-1,-1,0.6892376,0.31076238,0.6892376,-0.0040804173450528
2026-02-27,NESTLEIND,-1,-1,0.636003,0.36399695,0.636003,-0.0199545135266502
2026-03-02,NESTLEIND,-1,-1,0.60631186,0.39368814,0.60631186,-0.0092900831877504
2026-03-04,NESTLEIND,-1,-1,0.7081405,0.2918595,0.7081405,-0.0268812250186057
2026-03-05,NESTLEIND,-1,-1,0.7342135,0.26578656,0.7342135,0.0044968885942044
2026-03-06,NESTLEIND,-1,-1,0.6896639,0.31033614,0.6896639,0.0011991365982286
2026-03-09,NESTLEIND,-1,-1,0.6576031,0.34239691,0.6576031,-0.0132545315093743
2026-03-10,NESTLEIND,-1,-1,0.72218704,0.27781296,0.72218704,0.004369559904833
2026-03-11,NESTLEIND,-1,-1,0.7041064,0.2958936,0.7041064,-0.0060425397156347
2026-03-12,NESTLEIND,-1,-1,0.6630959,0.3369041,0.6630959,-0.0104562720712573
2026-03-13,NESTLEIND,-1,-1,0.54952013,0.4504799,0.54952013,-0.0152359902623732
2026-03-16,NESTLEIND,-1,-1,0.5275743,0.4724257,0.5275743,0.0093163148370367
2026-03-17,NESTLEIND,-1,-1,0.5464369,0.45356312,0.5464369,-0.0053568484170245
2026-03-18,NESTLEIND,1,-1,0.564826,0.43517396,0.564826,-0.0017399747646512
2026-03-19,NESTLEIND,1,-1,0.5329263,0.46707368,0.5329263,-0.0153552450616136
2026-03-20,NESTLEIND,1,1,0.42844546,0.57155454,0.57155454,0.006153524789132
2026-03-23,NESTLEIND,1,1,0.33654922,0.6634508,0.6634508,-0.0224530222067543
2026-03-24,NESTLEIND,1,1,0.44705182,0.5529482,0.5529482,0.01405545222613
2026-03-25,NESTLEIND,1,1,0.4227953,0.5772047,0.5772047,0.0176639834994605
2026-03-27,NESTLEIND,1,1,0.38898224,0.61101776,0.61101776,-0.0090524247446798
2026-03-30,NESTLEIND,1,-1,0.58222896,0.41777104,0.58222896,-0.0154206361856442
2026-04-01,NESTLEIND,1,1,0.47474778,0.5252522,0.5252522,0.0051072520859911
2026-04-02,NESTLEIND,1,-1,0.64569384,0.35430616,0.64569384,0.0088922760550531
2026-04-06,NESTLEIND,1,-1,0.5205674,0.47943258,0.5205674,0.020733610475524
2026-04-07,NESTLEIND,1,1,0.49909562,0.5009044,0.5009044,0.005592145417866
2026-04-08,NESTLEIND,1,-1,0.5134926,0.48650742,0.5134926,-0.0074420161047352
2026-04-09,NESTLEIND,1,-1,0.6102682,0.38973182,0.6102682,0.0123589030266639
2026-04-10,NESTLEIND,1,1,0.4156173,0.5843827,0.5843827,0.0167657674573866
2026-04-13,NESTLEIND,1,1,0.36456025,0.63543975,0.63543975,-0.0185704573244431
2026-04-15,NESTLEIND,1,1,0.41743988,0.5825601,0.5825601,0.0248756223858699
2026-04-16,NESTLEIND,1,1,0.37370938,0.6262906,0.6262906,0.0006366774181671
2025-01-01,NTPC,-1,-1,0.56036294,0.4396371,0.56036294,0.0008998123954602
2025-01-02,NTPC,-1,-1,0.63488907,0.36511093,0.63488907,0.0130376316490847
2025-01-03,NTPC,-1,-1,0.5856584,0.41434163,0.5856584,0.0054733778376248
2025-01-06,NTPC,1,-1,0.7130369,0.2869631,0.7130369,-0.0363395045851772
2025-01-07,NTPC,-1,-1,0.6739793,0.32602075,0.6739793,0.0033587606726388
2025-01-08,NTPC,-1,-1,0.63921386,0.36078614,0.63921386,-0.0097383103482527
2025-01-09,NTPC,1,-1,0.6513811,0.34861892,0.6513811,-0.0155192961675414
2025-01-10,NTPC,1,-1,0.66488135,0.33511868,0.66488135,-0.0377711821650427
2025-01-13,NTPC,1,-1,0.7453406,0.2546594,0.7453406,-0.0326034639337083
2025-01-14,NTPC,1,-1,0.6934209,0.3065791,0.6934209,0.0409121531354945
2025-01-20,NTPC,-1,-1,0.51043856,0.48956144,0.51043856,0.0303540667374249
2025-01-21,NTPC,-1,-1,0.60626847,0.39373153,0.60626847,-0.0349649791287575
2025-01-24,NTPC,-1,-1,0.5529463,0.44705367,0.5529463,0.0
2025-01-28,NTPC,-1,1,0.43594825,0.56405175,0.56405175,-0.0122594193419187
2025-01-29,NTPC,-1,-1,0.5601634,0.43983662,0.5601634,0.009426546388557
2025-01-30,NTPC,-1,-1,0.6014246,0.39857543,0.6014246,0.0054474597289682
2025-01-31,NTPC,-1,-1,0.51712275,0.48287722,0.51712275,0.0109204291941042
2025-02-01,NTPC,-1,-1,0.5867368,0.4132632,0.5867368,-0.0194444116820764
2025-02-03,NTPC,-1,1,0.41092163,0.58907837,0.58907837,-0.020302155753942
2025-02-04,NTPC,-1,-1,0.5337188,0.46628118,0.5337188,0.0252208030414629
2025-02-05,NTPC,-1,-1,0.54047513,0.45952487,0.54047513,0.0015669339344412
2025-02-06,NTPC,1,-1,0.5983044,0.4016956,0.5983044,-0.0212765894889278
2025-02-07,NTPC,1,-1,0.5227219,0.47727814,0.5227219,0.0132674015481839
2025-02-10,NTPC,1,-1,0.5447734,0.4552266,0.5447734,-0.0203502934594935
2025-02-11,NTPC,1,1,0.4114111,0.5885889,0.5885889,-0.0157810269152584
2025-02-12,NTPC,1,-1,0.536739,0.463261,0.536739,0.0021270101383519
2025-02-13,NTPC,1,-1,0.65697014,0.3430299,0.65697014,0.0014694436120064
2025-02-14,NTPC,1,-1,0.6869308,0.31306925,0.6869308,-0.0207043082204561
2025-02-17,NTPC,1,-1,0.7198113,0.28018865,0.7198113,0.0066589076225307
2025-02-18,NTPC,1,-1,0.62467825,0.37532178,0.62467825,0.0292707886457423
2025-02-19,NTPC,1,-1,0.7279973,0.27200273,0.7279973,0.0115679580546022
2025-02-20,NTPC,1,-1,0.6903634,0.30963662,0.6903634,0.0328780756312454
2025-02-21,NTPC,1,-1,0.66640544,0.3335946,0.66640544,0.0033829578189463
2025-02-24,NTPC,1,-1,0.654958,0.34504196,0.654958,-0.0188505251410422
2025-02-25,NTPC,1,-1,0.59314716,0.40685287,0.59314716,-0.0043735713970485
2025-02-27,NTPC,1,-1,0.6561651,0.34383485,0.6561651,-0.009413205889701
2025-02-28,NTPC,1,-1,0.69862986,0.30137017,0.69862986,-0.0134622287864527
2025-03-03,NTPC,1,-1,0.62537056,0.37462944,0.62537056,0.0094718169696581
2025-03-04,NTPC,1,-1,0.6848688,0.3151312,0.6848688,-0.0020674754980442
2025-03-05,NTPC,1,-1,0.6490948,0.35090515,0.6490948,0.039681389212518
2025-03-06,NTPC,1,-1,0.5437715,0.45622852,0.5437715,0.0358674882848542
2025-03-07,NTPC,1,-1,0.6298375,0.37016246,0.6298375,-0.0247114050285466
2025-03-10,NTPC,1,-1,0.66950786,0.33049217,0.66950786,-0.0004551834406374
2025-03-11,NTPC,1,-1,0.688481,0.311519,0.688481,0.0027321541797622
2025-03-12,NTPC,1,-1,0.7372847,0.26271528,0.7372847,-0.0004541499193549
2025-03-13,NTPC,1,-1,0.6815009,0.31849912,0.6815009,0.0053006649692268
2025-03-17,NTPC,1,1,0.46833265,0.53166735,0.53166735,-0.0007532047062411
2025-03-18,NTPC,1,1,0.31412405,0.68587595,0.68587595,0.0
2025-03-19,NTPC,1,1,0.41765785,0.58234215,0.58234215,0.0290969766367374
2025-03-20,NTPC,1,1,0.36772954,0.63227046,0.63227046,0.0013184464944842
2025-03-24,NTPC,-1,1,0.41150862,0.5884914,0.5884914,0.0445489732430646
2025-03-25,NTPC,-1,1,0.32261068,0.6773893,0.6773893,0.0
2025-03-26,NTPC,1,1,0.4667881,0.5332119,0.5332119,-0.0335196322335936
2025-04-01,NTPC,1,1,0.48723084,0.51276916,0.51276916,-0.0152406043791544
2025-04-02,NTPC,1,1,0.4942116,0.5057884,0.5057884,-0.001135774660315
2025-04-04,NTPC,1,1,0.39902967,0.6009703,0.6009703,-0.023683448937707
2025-04-07,NTPC,1,1,0.48186368,0.5181363,0.5181363,-0.0017123045822897
2025-04-08,NTPC,1,-1,0.54252297,0.45747703,0.54252297,0.0090053094137347
2025-04-09,NTPC,1,-1,0.7648977,0.2351023,0.7648977,-0.010199865283291
2025-04-15,NTPC,-1,-1,0.569317,0.430683,0.569317,0.0066648081065694
2025-04-16,NTPC,-1,-1,0.7015821,0.2984179,0.7015821,-0.0088276343094464
2025-04-17,NTPC,-1,-1,0.54809546,0.45190454,0.54809546,0.0130811117676565
2025-04-21,NTPC,-1,-1,0.51079553,0.48920447,0.51079553,0.0015109890700908
2025-04-22,NTPC,-1,1,0.46255445,0.53744555,0.53744555,-0.0117954114749556
2025-04-23,NTPC,-1,-1,0.5157055,0.48429447,0.5157055,0.0098541501610622
2025-04-24,NTPC,-1,1,0.45781314,0.54218686,0.54218686,-0.0016491485885117
2025-04-25,NTPC,-1,-1,0.5377226,0.4622774,0.5377226,-0.0185847329492474
2025-04-28,NTPC,-1,-1,0.540473,0.459527,0.540473,0.0141675252033686
2025-04-29,NTPC,-1,-1,0.7784194,0.22158062,0.7784194,-0.0125865475694936
2025-04-30,NTPC,-1,-1,0.53519136,0.46480864,0.53519136,-0.006723623373193
2025-05-02,NTPC,-1,-1,0.5833009,0.4166991,0.5833009,-0.016499797820847
2025-05-05,NTPC,-1,-1,0.5476392,0.4523608,0.5476392,-0.0002867304953422
2025-05-07,NTPC,1,1,0.44634342,0.5536566,0.5536566,0.0007313886514617
2025-05-09,NTPC,1,1,0.35455626,0.64544374,0.64544374,-0.0154412107470215
2025-05-12,NTPC,-1,1,0.38229555,0.61770445,0.61770445,0.0412247726102024
2025-05-13,NTPC,-1,1,0.26960284,0.73039716,0.73039716,-0.0202266145776417
2025-05-15,NTPC,-1,1,0.35457987,0.64542013,0.64542013,0.0100429658113752
2025-05-16,NTPC,-1,1,0.3433603,0.6566397,0.6566397,0.0033630398494666
2025-05-19,NTPC,-1,1,0.33156085,0.66843915,0.66843915,0.0059749180704868
2025-05-20,NTPC,-1,1,0.32035553,0.67964447,0.67964447,-0.0073881008106855
2025-05-21,NTPC,-1,1,0.31855536,0.68144464,0.68144464,0.0103619969902155
2025-05-22,NTPC,-1,1,0.28618932,0.7138107,0.7138107,-0.0137224735218436
2025-05-23,NTPC,-1,1,0.25160235,0.74839765,0.74839765,0.0093732203638952
2025-05-26,NTPC,-1,1,0.4564777,0.5435223,0.5435223,-0.0031921978717287
2025-05-29,NTPC,-1,1,0.35688645,0.64311355,0.64311355,-0.0020584455958548
2025-06-03,NTPC,1,1,0.40873188,0.5912681,0.5912681,-0.0129304388917611
2025-06-04,NTPC,1,1,0.3696134,0.6303866,0.6303866,0.0030465109643762
2025-06-06,NTPC,1,-1,0.52758956,0.47241047,0.52758956,0.0127795621551041
2025-06-09,NTPC,-1,1,0.39717197,0.602828,0.602828,0.0127684978911459
2025-06-10,NTPC,-1,1,0.47588855,0.52411145,0.52411145,0.0062296565623527
2025-06-11,NTPC,-1,-1,0.5972699,0.40273008,0.5972699,-0.0032429245827497
2025-06-12,NTPC,1,-1,0.64557874,0.3544213,0.64557874,-0.01301390143187
2025-06-13,NTPC,1,1,0.455122,0.544878,0.544878,-0.0052442741012269
2025-06-17,NTPC,-1,1,0.44303536,0.55696464,0.55696464,0.0044950384492492
2025-06-19,NTPC,1,1,0.34475756,0.65524244,0.65524244,-0.0070699068537463
2025-06-23,NTPC,1,1,0.4321708,0.5678292,0.5678292,-0.0077566399648943
2025-06-24,NTPC,1,1,0.30997127,0.6900287,0.6900287,-0.007967486642297
2025-06-25,NTPC,1,1,0.35081458,0.6491854,0.6491854,0.0027276948315817
2025-06-26,NTPC,1,1,0.40585268,0.5941473,0.5941473,0.0190419232653975
2025-06-27,NTPC,1,1,0.43880552,0.5611945,0.5611945,0.0034108264404686
2025-06-30,NTPC,1,1,0.3678332,0.6321668,0.6321668,-0.010050294526674
2025-07-01,NTPC,1,1,0.27768475,0.72231525,0.72231525,-0.0068676718014581
2025-07-02,NTPC,1,1,0.32140666,0.67859334,0.67859334,0.0034575814352533
2025-07-03,NTPC,1,1,0.2576263,0.7423737,0.7423737,0.002546850954926
2025-07-04,NTPC,1,1,0.26720035,0.73279965,0.73279965,0.0026897876253855
2025-07-07,NTPC,1,1,0.19330424,0.80669576,0.80669576,0.0058122550587997
2025-07-08,NTPC,-1,1,0.26932305,0.73067695,0.73067695,0.0170396214919108
2025-07-10,NTPC,-1,1,0.3546648,0.6453352,0.6453352,-0.0074128902760026
2025-07-11,NTPC,-1,1,0.32918972,0.6708103,0.6708103,0.0036609670079061
2025-07-14,NTPC,-1,1,0.32147318,0.6785268,0.6785268,-0.0017507775673432
2025-07-15,NTPC,-1,1,0.29188657,0.70811343,0.70811343,-0.0002923538079884
2025-07-16,NTPC,-1,1,0.26369447,0.73630553,0.73630553,0.0013157478977203
2025-07-17,NTPC,-1,1,0.24050367,0.75949633,0.75949633,0.0005839271313088
2025-07-18,NTPC,-1,1,0.21381861,0.7861814,0.7861814,-0.0016049539022539
2025-07-21,NTPC,-1,1,0.27043617,0.72956383,0.72956383,-0.0016078086026549
2025-07-22,NTPC,-1,1,0.23368263,0.76631737,0.76631737,-0.0020494971725413
2025-07-23,NTPC,-1,1,0.30034125,0.69965875,0.69965875,0.0064544528060181
2025-07-24,NTPC,-1,1,0.32675642,0.6732436,0.6732436,-0.0120973051013575
2025-07-28,NTPC,1,1,0.27794915,0.72205085,0.72205085,-0.0007502659679224
2025-07-29,NTPC,1,1,0.38491905,0.61508095,0.61508095,0.0049556050192012
2025-07-31,NTPC,1,1,0.34357858,0.6564214,0.6564214,-0.0134296776646228
2025-08-01,NTPC,1,1,0.251432,0.748568,0.748568,-0.010022600330257
2025-08-04,NTPC,1,1,0.32467514,0.67532486,0.67532486,0.0033243624108787
2025-08-05,NTPC,1,1,0.34264123,0.65735877,0.65735877,0.0048192089062906
2025-08-06,NTPC,1,1,0.2899316,0.7100684,0.7100684,-0.0044962926031399
2025-08-07,NTPC,1,1,0.3073578,0.6926422,0.6926422,-0.0070761993250045
2025-08-08,NTPC,1,1,0.32679242,0.6732076,0.6732076,0.0151629772846484
2025-08-11,NTPC,-1,1,0.33061063,0.66938937,0.66938937,0.0041822599231124
2025-08-12,NTPC,-1,1,0.31527132,0.6847287,0.6847287,0.0117507494823068
2025-08-13,NTPC,-1,1,0.35871685,0.64128315,0.64128315,-0.0004410634999737
2025-08-14,NTPC,-1,1,0.33478808,0.6652119,0.6652119,-0.0017649403513737
2025-08-20,NTPC,-1,1,0.39842516,0.60157484,0.60157484,0.020743277644101
2025-08-21,NTPC,-1,1,0.39519292,0.6048071,0.6048071,-0.0093567754926154
2025-08-22,NTPC,-1,1,0.41790038,0.5820996,0.5820996,-0.005312793797312
2025-08-25,NTPC,-1,1,0.37229776,0.62770224,0.62770224,0.0025221960877332
2025-08-26,NTPC,-1,1,0.47657198,0.523428,0.523428,-0.0137634718441863
2025-08-28,NTPC,1,1,0.328723,0.671277,0.671277,-0.0072029669207067
2025-08-29,NTPC,1,1,0.24404621,0.7559538,0.7559538,-0.0098246945655116
2025-09-01,NTPC,1,1,0.25954556,0.74045444,0.74045444,0.0096169321349606
2025-09-02,NTPC,1,-1,0.5148279,0.4851721,0.5148279,0.0169338212025729
2025-09-03,NTPC,1,1,0.4388535,0.5611465,0.5611465,-0.0060957311161055
2025-09-04,NTPC,1,1,0.4573292,0.5426708,0.5426708,-0.0025688114317918
2025-09-05,NTPC,1,1,0.40623415,0.59376585,0.59376585,-0.0040903180866826
2025-09-08,NTPC,1,-1,0.53578645,0.46421355,0.53578645,-0.0060845451496608
2025-09-09,NTPC,1,1,0.3533228,0.6466772,0.6466772,-0.0079584169463681
2025-09-10,NTPC,1,1,0.46991235,0.53008765,0.53008765,0.004782529616216
2025-09-11,NTPC,1,1,0.4770953,0.5229047,0.5229047,0.0165821460501398
2025-09-12,NTPC,1,-1,0.5081718,0.4918282,0.5081718,0.0019635780301443
2025-09-15,NTPC,1,1,0.48645765,0.51354235,0.51354235,-0.0018089383429675
2025-09-16,NTPC,1,1,0.4417748,0.5582252,0.5582252,0.0119299103950238
2025-09-17,NTPC,1,1,0.49432677,0.5056732,0.5056732,0.0040292777897168
2025-09-18,NTPC,1,-1,0.5829046,0.41709542,0.5829046,0.0016350722914333
2025-09-23,NTPC,-1,1,0.4895057,0.5104943,0.5104943,0.01120283703426
2025-09-24,NTPC,-1,-1,0.68332344,0.31667656,0.68332344,0.0134110915795369
2025-09-26,NTPC,1,-1,0.5714973,0.4285027,0.5714973,-0.0076358735519665
2025-09-29,NTPC,-1,-1,0.6646842,0.33531582,0.6646842,0.0090264849696544
2025-10-06,NTPC,1,-1,0.6065022,0.39349782,0.6065022,-0.0084795216121218
2025-10-07,NTPC,1,-1,0.57702947,0.4229705,0.57702947,-0.0032438326440962
2025-10-08,NTPC,1,-1,0.6314019,0.36859813,0.6314019,-0.0124260003258701
2025-10-09,NTPC,1,-1,0.7134799,0.2865201,0.7134799,0.0061414242456108
2025-10-10,NTPC,1,-1,0.7372687,0.26273134,0.7372687,0.0114634178319177
2025-10-13,NTPC,-1,-1,0.79083294,0.20916706,0.79083294,0.005887517981727
2025-10-14,NTPC,1,-1,0.7129133,0.28708676,0.7129133,-0.0147790689992384
2025-10-15,NTPC,1,-1,0.7628438,0.23715621,0.7628438,0.0077231987584962
2025-10-16,NTPC,-1,-1,0.72611487,0.2738851,0.72611487,0.0066322320867167
2025-10-17,NTPC,-1,-1,0.68822074,0.31177923,0.68822074,-0.0014640987974304
2025-10-20,NTPC,-1,-1,0.5699754,0.43002465,0.5699754,0.0027859028731465
2025-10-21,NTPC,-1,-1,0.58074546,0.41925457,0.58074546,0.0001461809324565
2025-10-23,NTPC,-1,1,0.3931504,0.6068496,0.6068496,0.0019006183855316
2025-10-24,NTPC,-1,1,0.3075921,0.6924079,0.6924079,-0.0089010827507393
2025-10-27,NTPC,-1,1,0.27037704,0.72962296,0.72962296,0.006330828595918
2025-10-28,NTPC,-1,1,0.22741383,0.77258617,0.77258617,-0.0076078533850891
2025-10-29,NTPC,-1,1,0.4379925,0.5620075,0.5620075,0.0246203438670495
2025-10-30,NTPC,-1,1,0.36872423,0.6312758,0.6312758,-0.0067626474490938
2025-10-31,NTPC,-1,1,0.2613498,0.7386502,0.7386502,-0.0237576057049806
2025-11-03,NTPC,-1,1,0.29825276,0.70174724,0.70174724,-0.0051937257113534
2025-11-06,NTPC,1,1,0.38334024,0.61665976,0.61665976,-0.0119479528407504
2025-11-10,NTPC,-1,1,0.45430797,0.545692,0.545692,-0.0019931969742329
2025-11-11,NTPC,-1,-1,0.6704082,0.3295918,0.6704082,0.0036871119065768
2025-11-14,NTPC,-1,1,0.34588993,0.6541101,0.6541101,0.0045877918448034
2025-11-17,NTPC,-1,1,0.30050588,0.6994941,0.6994941,0.005328120578135
2025-11-19,NTPC,-1,1,0.30835694,0.69164306,0.69164306,-0.0056324642485121
2025-11-20,NTPC,-1,1,0.21537352,0.7846265,0.7846265,0.0
2025-11-21,NTPC,-1,1,0.1834873,0.8165127,0.8165127,0.0001529867197171
2025-11-24,NTPC,-1,1,0.20429862,0.7957014,0.7957014,-0.0097963356954634
2025-11-25,NTPC,-1,1,0.22255719,0.7774428,0.7774428,0.000772953491319
2025-11-26,NTPC,-1,1,0.2974062,0.7025938,0.7025938,0.0074141854084941
2025-11-27,NTPC,-1,1,0.2743429,0.7256571,0.7256571,0.0038331726474047
2025-12-01,NTPC,-1,1,0.27395093,0.72604907,0.72604907,0.0019911541516883
2025-12-02,NTPC,-1,-1,0.53919303,0.460807,0.53919303,0.0045857821576751
2025-12-03,NTPC,-1,-1,0.58685195,0.41314808,0.58685195,-0.0171941638356257
2025-12-04,NTPC,-1,-1,0.56952953,0.4304705,0.56952953,0.0
2025-12-05,NTPC,-1,-1,0.71651745,0.28348258,0.71651745,0.0010836769610582
2025-12-09,NTPC,1,-1,0.6039457,0.39605433,0.6039457,0.0010954749273091
2025-12-16,NTPC,1,-1,0.66898537,0.33101466,0.66898537,-0.0091063182420983
2025-12-17,NTPC,1,-1,0.5648924,0.4351076,0.5648924,0.0007787571897344
2025-12-18,NTPC,1,1,0.47067893,0.5293211,0.5293211,-0.008560333182712
2025-12-19,NTPC,1,1,0.48830318,0.5116968,0.5116968,0.0043956578638948
2025-12-22,NTPC,1,1,0.36392623,0.63607377,0.63607377,0.0025007843185502
2025-12-23,NTPC,1,1,0.39486688,0.6051331,0.6051331,0.0079513294114239
2025-12-24,NTPC,1,1,0.38162744,0.61837256,0.61837256,-0.0021655328517782
2025-12-26,NTPC,1,1,0.4245547,0.5754453,0.5754453,0.0048054741032514
2025-12-29,NTPC,1,1,0.46228617,0.5377138,0.5377138,0.0043197068838094
2025-12-30,NTPC,1,1,0.4607926,0.5392074,0.5392074,-0.0018433672502579
2025-12-31,NTPC,1,1,0.24829692,0.7517031,0.7517031,0.0143120534729033
2026-01-01,NTPC,1,1,0.4654323,0.5345677,0.5345677,0.0204825123717353
2026-01-02,NTPC,-1,1,0.44789225,0.55210775,0.55210775,0.0469818704865476
2026-01-05,NTPC,-1,1,0.36487842,0.6351216,0.6351216,-0.0042600927993402
2026-01-06,NTPC,-1,1,0.4286375,0.5713625,0.5713625,0.0005704074308723
2026-01-07,NTPC,-1,1,0.4501965,0.5498035,0.5498035,-0.0055587402093807
2026-01-12,NTPC,1,1,0.27104276,0.72895724,0.72895724,0.0043154237345834
2026-01-13,NTPC,1,1,0.31968158,0.6803184,0.6803184,0.0013335210376952
2026-01-14,NTPC,1,1,0.409374,0.590626,0.590626,0.033145939610568
2026-01-15,NTPC,1,1,0.22933179,0.7706682,0.7706682,0.0
2026-01-16,NTPC,1,1,0.24971735,0.75028265,0.75028265,-0.0078774188820595
2026-01-19,NTPC,1,1,0.2830084,0.7169916,0.7169916,-0.0086617238487929
2026-01-20,NTPC,1,1,0.29499602,0.705004,0.705004,-0.0133974675164876
2026-01-21,NTPC,1,1,0.2777239,0.7222761,0.7222761,-0.0001474995334476
2026-01-22,NTPC,1,1,0.22120494,0.77879506,0.77879506,0.0110717226737684
2026-01-23,NTPC,1,1,0.24898106,0.75101894,0.75101894,-0.0167907569847606
2026-01-27,NTPC,1,1,0.18398374,0.81601626,0.81601626,0.0237599579336262
2026-01-28,NTPC,1,1,0.1924215,0.8075785,0.8075785,0.0097185734828968
2026-01-29,NTPC,1,1,0.3162917,0.6837083,0.6837083,0.0290188306968814
2026-01-30,NTPC,1,1,0.32648647,0.67351353,0.67351353,-0.006003046037404
2026-02-02,NTPC,1,1,0.25215507,0.74784493,0.74784493,-0.0158707935405407
2026-02-03,NTPC,1,1,0.35864657,0.6413534,0.6413534,0.0234051488273245
2026-02-04,NTPC,1,1,0.31933212,0.6806679,0.6806679,0.0242643617845541
2026-02-06,NTPC,1,1,0.37589222,0.6241078,0.6241078,0.0021962602415064
2026-02-09,NTPC,1,1,0.4578064,0.5421936,0.5421936,-0.0086289385065555
2026-02-10,NTPC,1,1,0.4988519,0.5011481,0.5011481,0.0138159714957888
2026-02-11,NTPC,1,-1,0.5505432,0.4494568,0.5505432,0.0042246343317853
2026-02-12,NTPC,1,1,0.46174788,0.5382521,0.5382521,-0.0005428476059293
2026-02-13,NTPC,1,1,0.45623565,0.54376435,0.54376435,-0.0142566191446028
2026-02-16,NTPC,1,1,0.3267827,0.6732173,0.6732173,0.0168044245275913
2026-02-18,NTPC,1,-1,0.51541764,0.48458236,0.51541764,0.0
2026-02-19,NTPC,1,1,0.3776253,0.6223747,0.6223747,-0.0141150428219448
2026-02-20,NTPC,1,1,0.37157243,0.62842757,0.62842757,0.0268447127541457
2026-02-24,NTPC,-1,1,0.4687292,0.5312708,0.5312708,0.0194433015198396
2026-02-25,NTPC,1,1,0.3440227,0.6559773,0.6559773,0.0056172276851322
2026-02-26,NTPC,1,1,0.3972504,0.6027496,0.6027496,-0.0077942323917179
2026-03-02,NTPC,1,-1,0.53013563,0.46986437,0.53013563,-0.0113904325033707
2026-03-04,NTPC,1,-1,0.5784458,0.42155418,0.5784458,-0.0311217067405737
2026-03-05,NTPC,-1,-1,0.61236185,0.38763815,0.61236185,0.0334882460601204
2026-03-09,NTPC,-1,1,0.48631197,0.513688,0.513688,-0.0114293379762387
2026-03-12,NTPC,-1,-1,0.57309645,0.42690355,0.57309645,0.0280336774614065
2026-03-13,NTPC,-1,1,0.46555537,0.53444463,0.53444463,-0.0156189368239619
2026-03-16,NTPC,-1,1,0.37755322,0.6224468,0.6224468,-0.0053323403445306
2026-03-17,NTPC,-1,1,0.48384118,0.5161588,0.5161588,0.0024843415852364
2026-03-18,NTPC,-1,-1,0.5037051,0.49629492,0.5037051,-0.0126516395625306
2026-03-19,NTPC,-1,1,0.38511628,0.6148837,0.6148837,-0.0117569675218791
2026-03-20,NTPC,-1,-1,0.51187044,0.48812956,0.51187044,0.0184467975918811
2026-03-23,NTPC,1,1,0.4022271,0.5977729,0.5977729,-0.0224439376206143
2026-03-24,NTPC,1,1,0.43368328,0.5663167,0.5663167,0.0084586303654987
2026-03-25,NTPC,1,1,0.40863717,0.59136283,0.59136283,0.0075888861567126
2026-03-27,NTPC,1,1,0.2747954,0.7252046,0.7252046,-0.0072674419776874
2026-03-30,NTPC,1,1,0.43788546,0.56211454,0.56211454,-0.0133102624284291
2026-04-01,NTPC,1,1,0.28588712,0.7141129,0.7141129,-0.0161877784940034
2026-04-02,NTPC,1,1,0.3408625,0.6591375,0.6591375,-0.0137117786471686
2026-04-06,NTPC,1,1,0.36330324,0.63669676,0.63669676,0.0179341368455234
2026-04-07,NTPC,1,1,0.43662196,0.56337804,0.56337804,0.0075116087248094
2026-04-08,NTPC,1,1,0.4049043,0.5950957,0.5950957,0.0143689513495124
2026-04-09,NTPC,1,-1,0.59299827,0.40700173,0.59299827,0.0120272619895993
2026-04-10,NTPC,1,1,0.26242352,0.7375765,0.7375765,0.0039614420287303
2026-04-13,NTPC,1,1,0.22969717,0.77030283,0.77030283,0.016046313827317
2026-04-15,NTPC,1,1,0.36340994,0.63659006,0.63659006,0.0164401452518203
2026-04-16,NTPC,1,1,0.2890703,0.7109297,0.7109297,-0.0045848657222696
2025-01-01,ONGC,1,1,0.35120553,0.6487945,0.6487945,-0.0096132979074632
2025-01-02,ONGC,1,1,0.36622185,0.63377815,0.63377815,0.0384890667790649
2025-01-03,ONGC,1,1,0.48186457,0.5181354,0.5181354,0.052099098127915
2025-01-06,ONGC,1,-1,0.5574385,0.4425615,0.5574385,-0.0174978257460186
2025-01-08,ONGC,-1,1,0.4964729,0.5035271,0.5035271,0.0297545536343779
2025-01-10,ONGC,-1,1,0.3971988,0.6028012,0.6028012,-0.0006080616571403
2025-01-13,ONGC,-1,1,0.34010977,0.65989023,0.65989023,-0.0277164772264449
2025-01-14,ONGC,-1,1,0.35143578,0.6485642,0.6485642,0.018144230220878
2025-01-15,ONGC,-1,1,0.35791993,0.64208007,0.64208007,-0.0084111820370247
2025-01-16,ONGC,-1,1,0.44077617,0.55922383,0.55922383,0.0193663829943246
2025-01-17,ONGC,-1,1,0.4244563,0.5755437,0.5755437,0.0128809337981987
2025-01-20,ONGC,-1,1,0.41373312,0.5862669,0.5862669,0.0104662767493277
2025-01-21,ONGC,-1,1,0.46905136,0.53094864,0.53094864,-0.013216542917451
2025-01-22,ONGC,-1,1,0.46841896,0.53158104,0.53158104,-0.0065839267041007
2025-01-27,ONGC,1,1,0.43462896,0.56537104,0.56537104,-0.0223383615810393
2025-01-29,ONGC,-1,1,0.44244105,0.55755895,0.55755895,0.0109377343920382
2025-01-30,ONGC,-1,-1,0.5974937,0.4025063,0.5974937,0.021161455537602
2025-01-31,ONGC,-1,1,0.32669312,0.6733069,0.6733069,0.0229432624906582
2025-02-01,ONGC,-1,1,0.4434744,0.5565256,0.5565256,-0.0192680125491987
2025-02-03,ONGC,-1,1,0.4362718,0.5637282,0.5637282,-0.0331974253342013
2025-02-04,ONGC,-1,1,0.47204,0.52796,0.52796,0.0204819281077293
2025-02-05,ONGC,-1,1,0.47424668,0.5257533,0.5257533,0.0297126633580575
2025-02-06,ONGC,-1,1,0.4725914,0.5274086,0.5274086,-0.0210204497741498
2025-02-07,ONGC,-1,1,0.37118435,0.62881565,0.62881565,-0.0089588036569159
2025-02-10,ONGC,-1,1,0.46013612,0.5398639,0.5398639,-0.0259140197352201
2025-02-11,ONGC,-1,1,0.41050392,0.5894961,0.5894961,-0.0144359964286666
2025-02-12,ONGC,-1,1,0.46890152,0.5310985,0.5310985,-0.0064867082222569
2025-02-13,ONGC,-1,-1,0.5462723,0.45372772,0.5462723,-0.0103201363632853
2025-02-14,ONGC,-1,1,0.49765456,0.50234544,0.50234544,-0.0189401316991576
2025-02-17,ONGC,-1,-1,0.51148343,0.48851657,0.51148343,0.0136658251234664
2025-02-18,ONGC,-1,1,0.46499735,0.53500265,0.53500265,0.0126258273294921
2025-02-19,ONGC,-1,-1,0.565074,0.43492597,0.565074,0.0071850733211953
2025-02-20,ONGC,-1,-1,0.5280026,0.4719974,0.5280026,0.0151070997165643
2025-02-21,ONGC,-1,-1,0.5337181,0.4662819,0.5337181,-0.0082679435279967
2025-02-24,ONGC,-1,-1,0.51796347,0.48203653,0.51796347,-0.023134564224886
2025-02-25,ONGC,-1,1,0.44343942,0.5565606,0.5565606,-0.0057606917552209
2025-02-27,ONGC,-1,-1,0.5683532,0.4316468,0.5683532,-0.0085836201765502
2025-02-28,ONGC,1,1,0.47277218,0.5272278,0.5272278,-0.0248918201817984
2025-03-03,ONGC,1,1,0.43659908,0.5634009,0.5634009,-0.0005327041426173
2025-03-04,ONGC,1,-1,0.5261872,0.4738128,0.5261872,0.0072401356304594
2025-03-05,ONGC,1,-1,0.5808681,0.4191319,0.5808681,0.0096137736278132
2025-03-06,ONGC,1,-1,0.5083072,0.4916928,0.5083072,0.0159867275861507
2025-03-07,ONGC,1,-1,0.6459717,0.35402828,0.6459717,0.0012467344878057
2025-03-10,ONGC,1,-1,0.6200285,0.3799715,0.6200285,-0.0416505082151006
2025-03-11,ONGC,1,-1,0.5889553,0.41104475,0.5889553,0.0158161434580077
2025-03-12,ONGC,1,-1,0.5960088,0.4039912,0.5960088,-0.0102329743725848
2025-03-13,ONGC,1,-1,0.58464766,0.41535237,0.58464766,0.0045900076516851
2025-03-17,ONGC,1,1,0.43748498,0.562515,0.562515,0.0191190129067624
2025-03-18,ONGC,1,1,0.47611636,0.52388364,0.52388364,0.0
2025-03-19,ONGC,1,1,0.45028746,0.54971254,0.54971254,0.0123183456219235
2025-03-20,ONGC,-1,1,0.38282162,0.6171784,0.6171784,0.0129853055301525
2025-03-21,ONGC,-1,1,0.31736356,0.68263644,0.68263644,0.0289910423859187
2025-03-24,ONGC,-1,1,0.3217526,0.6782474,0.6782474,0.0058163432603941
2025-03-25,ONGC,-1,1,0.2834875,0.7165125,0.7165125,-0.0064799113512769
2025-03-26,ONGC,-1,1,0.25709265,0.74290735,0.74290735,-0.0104437123661967
2025-03-27,ONGC,-1,1,0.2157765,0.7842235,0.7842235,0.0102202576606138
2025-03-28,ONGC,-1,1,0.22255927,0.7774407,0.7774407,0.017384416996464
2025-04-01,ONGC,-1,1,0.21804601,0.781954,0.781954,0.0068593875814466
2025-04-03,ONGC,1,1,0.23462832,0.7653717,0.7653717,-0.0292451623589294
2025-04-04,ONGC,1,1,0.24801558,0.7519844,0.7519844,-0.0711027406999841
2025-04-07,ONGC,1,1,0.2271365,0.7728635,0.7728635,-0.0272995964065881
2025-04-08,ONGC,1,1,0.24348289,0.7565171,0.7565171,0.0310225381403539
2025-04-09,ONGC,1,1,0.4438221,0.5561779,0.5561779,-0.0208241287306937
2025-04-11,ONGC,1,1,0.4328283,0.5671717,0.5671717,0.037983191328456
2025-04-15,ONGC,1,1,0.33672708,0.6632729,0.6632729,0.0100707733710478
2025-04-17,ONGC,-1,1,0.41031778,0.5896822,0.5896822,0.0094104831854493
2025-04-21,ONGC,-1,1,0.46399313,0.53600687,0.53600687,0.0258326386145613
2025-04-22,ONGC,-1,1,0.33938092,0.6606191,0.6606191,-0.0080069804544057
2025-04-23,ONGC,-1,1,0.36585003,0.63414997,0.63414997,0.0177172809345491
2025-04-24,ONGC,-1,1,0.3705576,0.6294424,0.6294424,-0.0111035674702557
2025-04-28,ONGC,-1,1,0.37323636,0.62676364,0.62676364,0.0173345201757331
2025-05-02,ONGC,1,1,0.34824622,0.6517538,0.6517538,-0.0069952667195474
2025-05-05,ONGC,1,1,0.33883166,0.66116834,0.66116834,-0.0145835444083922
2025-05-06,ONGC,1,1,0.3205632,0.6794368,0.6794368,-0.0091973086158465
2025-05-07,ONGC,1,1,0.30364347,0.69635653,0.69635653,0.0070463729045735
2025-05-08,ONGC,1,1,0.21734393,0.7826561,0.7826561,-0.0228348746990569
2025-05-09,ONGC,1,1,0.3184095,0.6815905,0.6815905,0.0074608656118642
2025-05-13,ONGC,1,1,0.13425237,0.86574763,0.86574763,-0.0117203440702642
2025-05-14,ONGC,-1,1,0.27707273,0.7229273,0.7229273,0.0201111013140524
2025-05-15,ONGC,-1,1,0.26657313,0.73342687,0.73342687,0.0065038254123603
2025-05-16,ONGC,-1,1,0.24853891,0.7514611,0.7514611,-0.0013731826312112
2025-05-19,ONGC,-1,1,0.26248795,0.73751205,0.73751205,-0.0027904070415284
2025-05-20,ONGC,-1,1,0.29701322,0.7029868,0.7029868,0.0108686626185598
2025-05-21,ONGC,-1,1,0.26240838,0.7375916,0.7375916,-0.0023269399700466
2025-05-22,ONGC,-1,1,0.24713129,0.7528687,0.7528687,-0.0281887861774835
2025-05-23,ONGC,-1,1,0.29976743,0.70023257,0.70023257,0.0106343689252799
2025-05-26,ONGC,-1,1,0.4352197,0.5647803,0.5647803,0.0069603189378957
2025-05-28,ONGC,1,1,0.17540777,0.82459223,0.82459223,-0.0076469587291547
2025-05-29,ONGC,1,1,0.28626192,0.7137381,0.7137381,0.0015246860881923
2025-05-30,ONGC,1,1,0.26085037,0.73914963,0.73914963,-0.014976992454621
2025-06-02,ONGC,1,1,0.33707184,0.66292816,0.66292816,-0.0045529551040263
2025-06-03,ONGC,1,1,0.30261534,0.69738466,0.69738466,-0.0043640732385145
2025-06-04,ONGC,1,1,0.30224943,0.69775057,0.69775057,0.0032873674940345
2025-06-05,ONGC,1,1,0.36968064,0.63031936,0.63031936,-0.001176163748048
2025-06-06,ONGC,1,1,0.45023555,0.54976445,0.54976445,0.0096310457778752
2025-06-09,ONGC,1,1,0.27290648,0.7270935,0.7270935,0.0114138419391705
2025-06-11,ONGC,-1,1,0.45492935,0.54507065,0.54507065,0.0107896376302318
2025-06-12,ONGC,-1,-1,0.51497436,0.48502564,0.51497436,0.0022642881322256
2025-06-13,ONGC,-1,1,0.37364823,0.6263518,0.6263518,0.0146441968441792
2025-06-16,ONGC,-1,1,0.34584188,0.6541581,0.6541581,0.0209932036515281
2025-06-17,ONGC,-1,1,0.38410503,0.615895,0.615895,-0.0174462155873872
2025-06-18,ONGC,-1,1,0.36405367,0.63594633,0.63594633,-0.007728493938176
2025-06-19,ONGC,-1,1,0.29065913,0.7093409,0.7093409,0.0047930194763476
2025-06-20,ONGC,-1,1,0.43276584,0.56723416,0.56723416,0.0013117865130749
2025-06-23,ONGC,-1,1,0.3813635,0.6186365,0.6186365,-0.0020246795454684
2025-06-25,ONGC,1,1,0.37075382,0.6292462,0.6292462,-0.0082403584153332
2025-06-26,ONGC,-1,1,0.3740524,0.6259476,0.6259476,0.0116572106392442
2025-07-02,ONGC,1,1,0.28337103,0.71662897,0.71662897,-0.0094506085696761
2025-07-07,ONGC,1,1,0.23317373,0.7668263,0.7668263,-0.0151688680000157
2025-07-08,ONGC,1,1,0.35383385,0.64616615,0.64616615,0.0071215539791
2025-07-09,ONGC,1,1,0.38037378,0.6196262,0.6196262,0.0004523068542277
2025-07-10,ONGC,1,1,0.43145066,0.56854934,0.56854934,-0.0010684553704571
2025-07-11,ONGC,-1,1,0.3684367,0.6315633,0.6315633,-0.0054713272254524
2025-07-14,ONGC,-1,1,0.2662179,0.7337821,0.7337821,0.0101754683139168
2025-07-15,ONGC,-1,1,0.4411711,0.5588289,0.5588289,-0.0022520640133092
2025-07-17,ONGC,-1,1,0.3948065,0.6051935,0.6051935,0.004200028466911
2025-07-18,ONGC,-1,1,0.3515736,0.6484264,0.6484264,0.0100053793638736
2025-07-21,ONGC,-1,1,0.36633855,0.63366145,0.63366145,-0.0051560266857488
2025-07-22,ONGC,-1,1,0.45021313,0.54978687,0.54978687,0.0055908390400505
2025-07-23,ONGC,-1,-1,0.516312,0.48368797,0.516312,-0.0034900482448613
2025-07-24,ONGC,-1,1,0.4714232,0.5285768,0.5285768,-0.0029321844167987
2025-07-25,ONGC,-1,1,0.40299177,0.5970082,0.5970082,-0.0185435832479816
2025-07-28,ONGC,-1,1,0.26096636,0.73903364,0.73903364,-0.0011235637662098
2025-07-29,ONGC,-1,1,0.31941956,0.68058044,0.68058044,0.005916184295343
2025-07-30,ONGC,-1,1,0.32638168,0.6736183,0.6736183,0.0015323868447367
2025-07-31,ONGC,-1,1,0.35856438,0.6414356,0.6414356,-0.0033497029182418
2025-08-01,ONGC,1,1,0.19021082,0.8097892,0.8097892,-0.0174688821770816
2025-08-04,ONGC,1,1,0.21657085,0.78342915,0.78342915,-0.0082773640737333
2025-08-05,ONGC,1,1,0.22103071,0.7789693,0.7789693,-0.0014904498535202
2025-08-06,ONGC,1,1,0.17970395,0.82029605,0.82029605,-0.0030279480683685
2025-08-07,ONGC,1,1,0.19576538,0.8042346,0.8042346,0.0006844772961742
2025-08-08,ONGC,1,1,0.15255469,0.8474453,0.8474453,-0.0020947263227855
2025-08-12,ONGC,-1,1,0.2774654,0.7225346,0.7225346,0.0073998827654151
2025-08-13,ONGC,-1,1,0.27495575,0.72504425,0.72504425,0.0133746814157702
2025-08-14,ONGC,1,1,0.3496614,0.6503386,0.6503386,-0.00724851189714
2025-08-18,ONGC,1,1,0.383259,0.616741,0.616741,0.0051490075216553
2025-08-21,ONGC,-1,1,0.40972352,0.5902765,0.5902765,0.0015130794980566
2025-08-22,ONGC,-1,1,0.35025483,0.64974517,0.64974517,-0.008393132484147
2025-08-25,ONGC,-1,1,0.23997182,0.7600282,0.7600282,0.0019890555655128
2025-08-26,ONGC,-1,1,0.25898093,0.74101907,0.74101907,-0.0108549078987084
2025-08-28,ONGC,1,1,0.20515877,0.79484123,0.79484123,-0.0034159055027362
2025-09-01,ONGC,-1,1,0.31650454,0.68349546,0.68349546,0.0214368380758469
2025-09-02,ONGC,-1,1,0.4065001,0.5934999,0.5934999,0.0032254902059871
2025-09-05,ONGC,1,1,0.25113577,0.74886423,0.74886423,-0.0067452580539247
2025-09-08,ONGC,1,1,0.32167137,0.67832863,0.67832863,-0.0068338467072992
2025-09-09,ONGC,1,1,0.28951007,0.7104899,0.7104899,-0.0051606693387719
2025-09-10,ONGC,1,1,0.3468603,0.6531397,0.6531397,0.0017723534306803
2025-09-11,ONGC,1,1,0.38159913,0.6184009,0.6184009,0.008716697793456
2025-09-12,ONGC,1,1,0.36343896,0.63656104,0.63656104,-0.0021817336041254
2025-09-15,ONGC,1,1,0.3180189,0.6819811,0.6819811,-0.0042443860306583
2025-09-16,ONGC,1,1,0.4775681,0.5224319,0.5224319,0.0121846387947535
2025-09-17,ONGC,1,-1,0.59179014,0.40820986,0.59179014,0.0076141024685547
2025-09-18,ONGC,1,-1,0.62535465,0.37464532,0.62535465,-0.0054458529974312
2025-09-19,ONGC,1,-1,0.6581125,0.34188744,0.6581125,0.0046692261869227
2025-09-22,ONGC,1,-1,0.67607975,0.32392028,0.67607975,0.0032954310539823
2025-09-23,ONGC,1,-1,0.58184266,0.41815737,0.58184266,-0.0034109430745855
2025-09-24,ONGC,1,-1,0.7073618,0.2926382,0.7073618,0.0078593837882343
2025-09-25,ONGC,1,-1,0.72571063,0.27428934,0.72571063,0.0048213678256476
2025-09-26,ONGC,1,-1,0.6763617,0.3236383,0.6763617,-0.0068844426923437
2025-09-29,ONGC,1,-1,0.6605153,0.3394847,0.6605153,0.0082345571886115
2025-09-30,ONGC,1,-1,0.69025254,0.30974746,0.69025254,-0.002000170820282
2025-10-01,ONGC,1,-1,0.58796215,0.41203785,0.58796215,0.0147807822172576
2025-10-03,ONGC,1,-1,0.6337398,0.3662602,0.6337398,0.0025510449283852
2025-10-06,ONGC,1,-1,0.73103935,0.26896065,0.73103935,0.0090290317096342
2025-10-07,ONGC,1,-1,0.7141899,0.2858101,0.7141899,-0.0021963844553328
2025-10-08,ONGC,1,-1,0.6891475,0.3108525,0.6891475,-0.0143078920513609
2025-10-09,ONGC,1,-1,0.7218492,0.27815077,0.7218492,0.0065340884653126
2025-10-10,ONGC,1,-1,0.7723232,0.22767682,0.7723232,0.012120433595022
2025-10-13,ONGC,1,-1,0.7657553,0.23424472,0.7657553,-0.009133716189028
2025-10-14,ONGC,1,-1,0.73506385,0.26493615,0.73506385,0.0024581311739659
2025-10-15,ONGC,1,-1,0.75793016,0.24206981,0.75793016,0.0123829955748486
2025-10-16,ONGC,1,-1,0.796826,0.20317398,0.796826,0.0025432839476573
2025-10-17,ONGC,1,-1,0.79500514,0.20499487,0.79500514,-0.0026576335902207
2025-10-20,ONGC,1,-1,0.7000749,0.2999251,0.7000749,0.0042391907998906
2025-10-21,ONGC,1,-1,0.67652917,0.32347086,0.67652917,-0.0024925863743672
2025-10-24,ONGC,-1,-1,0.61183584,0.38816416,0.61183584,0.0105029438796835
2025-10-27,ONGC,-1,-1,0.52843237,0.47156763,0.52843237,-0.0066284743306885
2025-10-28,ONGC,1,1,0.4299174,0.5700826,0.5700826,-0.0107790128319776
2025-10-29,ONGC,-1,1,0.4970572,0.5029428,0.5029428,0.0203559848145979
2025-11-03,ONGC,-1,1,0.48669624,0.51330376,0.51330376,0.0085365593863682
2025-11-04,ONGC,1,-1,0.54787457,0.45212543,0.54787457,-0.020190162909448
2025-11-06,ONGC,1,-1,0.5195782,0.4804218,0.5195782,-0.0033683299879141
2025-11-11,ONGC,1,-1,0.6317642,0.36823583,0.6317642,-0.0077565831446445
2025-11-14,ONGC,-1,1,0.46391934,0.53608066,0.53608066,0.0112313316903491
2025-11-17,ONGC,-1,1,0.4295941,0.5704059,0.5704059,0.0018174362485965
2025-11-18,ONGC,-1,1,0.4445107,0.5554893,0.5554893,-0.0044345763982213
2025-11-19,ONGC,-1,1,0.36892265,0.63107735,0.63107735,0.0083012733594265
2025-11-20,ONGC,-1,1,0.3866679,0.6133321,0.6133321,-0.003815272278774
2025-11-21,ONGC,-1,1,0.4048264,0.5951736,0.5951736,-0.0044345763982213
2025-11-24,ONGC,-1,1,0.38216388,0.6178361,0.6178361,-0.0048592742539352
2025-11-25,ONGC,-1,1,0.407161,0.592839,0.592839,-0.0016276249989116
2025-11-26,ONGC,-1,1,0.395222,0.604778,0.604778,0.0095781009123983
2025-11-27,ONGC,-1,1,0.3803801,0.6196199,0.6196199,-0.0149374018524779
2025-11-28,ONGC,-1,1,0.27221823,0.7277818,0.7277818,-0.003073772721576
2025-12-01,ONGC,-1,1,0.37027693,0.6297231,0.6297231,0.0064953575971529
2025-12-02,ONGC,-1,-1,0.6233705,0.37662947,0.6233705,-0.0052689762692575
2025-12-03,ONGC,-1,-1,0.56391793,0.43608207,0.56391793,-0.0144534725964832
2025-12-04,ONGC,-1,-1,0.62129974,0.3787003,0.62129974,0.0092075191876999
2025-12-05,ONGC,-1,-1,0.70841897,0.29158106,0.70841897,-0.0041282896189657
2025-12-08,ONGC,-1,-1,0.72881234,0.27118763,0.72881234,-0.0112340687918464
2025-12-09,ONGC,-1,-1,0.75357854,0.24642147,0.75357854,0.0055341496497081
2025-12-10,ONGC,-1,-1,0.67447835,0.32552165,0.67447835,-0.0022932535874699
2025-12-11,ONGC,-1,-1,0.66453904,0.33546096,0.66453904,-0.0036774959114821
2025-12-12,ONGC,-1,-1,0.7953516,0.20464839,0.7953516,-0.0016358098165882
2025-12-16,ONGC,1,1,0.4976222,0.5023778,0.5023778,-0.0133418336215243
2025-12-17,ONGC,1,-1,0.52100307,0.47899693,0.52100307,0.0030144789824162
2025-12-18,ONGC,1,-1,0.5368072,0.46319285,0.5368072,-0.0039071120275039
2025-12-19,ONGC,1,-1,0.6077382,0.3922618,0.6077382,0.0038362026427294
2025-12-22,ONGC,1,-1,0.576622,0.423378,0.576622,0.0055391106896696
2025-12-23,ONGC,1,-1,0.53580993,0.46419007,0.53580993,0.0055940299757681
2025-12-24,ONGC,-1,1,0.44650918,0.5534908,0.5534908,-0.0073039609286404
2025-12-30,ONGC,1,-1,0.6385765,0.36142346,0.6385765,-0.0005962611995179
2025-12-31,ONGC,1,1,0.48391628,0.5160837,0.5160837,0.0242884652549992
2026-01-01,ONGC,1,-1,0.5117892,0.4882108,0.5117892,-0.0101506299638238
2026-01-02,ONGC,1,-1,0.50096774,0.49903223,0.50096774,0.0147937057043432
2026-01-05,ONGC,1,-1,0.55146563,0.4485344,0.55146563,-0.0139568469659995
2026-01-06,ONGC,-1,-1,0.52597976,0.47402027,0.52597976,0.0159603986478737
2026-01-07,ONGC,1,-1,0.5278276,0.47217238,0.5278276,-0.011699540626305
2026-01-08,ONGC,1,1,0.2510847,0.7489153,0.7489153,-0.0319585210299107
2026-01-09,ONGC,1,1,0.28145874,0.71854126,0.71854126,0.01153745156876
2026-01-12,ONGC,1,1,0.4199928,0.5800072,0.5800072,0.0069204526235413
2026-01-13,ONGC,1,1,0.4069842,0.5930158,0.5930158,0.0342369637371744
2026-01-14,ONGC,1,1,0.38007283,0.61992717,0.61992717,0.0182541433151095
2026-01-15,ONGC,1,1,0.38668537,0.6133146,0.6133146,0.0
2026-01-16,ONGC,1,1,0.3854822,0.6145178,0.6145178,-0.0042702307142655
2026-01-19,ONGC,1,1,0.44673502,0.553265,0.553265,-0.0164258853624116
2026-01-20,ONGC,1,1,0.3819191,0.6180809,0.6180809,-0.0111883727264784
2026-01-21,ONGC,1,1,0.4065078,0.5934922,0.5934922,0.0082366164241163
2026-01-22,ONGC,1,1,0.24081463,0.7591854,0.7591854,0.0067665121570783
2026-01-23,ONGC,1,1,0.35274822,0.6472518,0.6472518,0.0059833768844503
2026-01-27,ONGC,1,1,0.4192629,0.5807371,0.5807371,0.0101030274407087
2026-01-28,ONGC,1,1,0.18078929,0.8192107,0.8192107,0.0832021872427928
2026-02-02,ONGC,1,1,0.3771423,0.6228577,0.6228577,-0.0558075236526639
2026-02-03,ONGC,1,1,0.3645147,0.6354853,0.6354853,0.012010218547245
2026-02-04,ONGC,1,1,0.3978992,0.6021008,0.6021008,0.0387159912117061
2026-02-05,ONGC,1,1,0.4563244,0.5436756,0.5436756,0.0084285508516015
2026-02-06,ONGC,1,-1,0.53688115,0.46311885,0.53688115,-0.0009286008840215
2026-02-09,ONGC,1,-1,0.56008524,0.43991476,0.56008524,-0.0087377512081696
2026-02-10,ONGC,1,-1,0.5874572,0.41254282,0.5874572,0.020817672520452
2026-02-11,ONGC,1,-1,0.69054234,0.3094577,0.69054234,0.0090024027908413
2026-02-12,ONGC,1,-1,0.66494274,0.3350573,0.66494274,0.0063729486495676
2026-02-13,ONGC,1,-1,0.56107223,0.43892774,0.56107223,-0.0323865717776388
2026-02-16,ONGC,1,1,0.47968227,0.52031773,0.52031773,0.015519848517326
2026-02-17,ONGC,1,-1,0.6641786,0.33582142,0.6641786,0.0011048387913097
2026-02-18,ONGC,1,-1,0.6741097,0.32589027,0.6741097,-0.0037650601544423
2026-02-19,ONGC,1,-1,0.61450946,0.3854905,0.61450946,0.0379818124004012
2026-02-20,ONGC,-1,-1,0.57445204,0.425548,0.57445204,0.01456399085706
2026-02-23,ONGC,-1,-1,0.64021623,0.35978374,0.64021623,-0.0107661943861893
2026-02-24,ONGC,-1,-1,0.61454004,0.38545996,0.61454004,0.0030836427438298
2026-02-25,ONGC,-1,1,0.40990216,0.59009784,0.59009784,0.0034358488500225
2026-02-26,ONGC,-1,-1,0.532311,0.46768898,0.532311,0.0095512480803459
2026-02-27,ONGC,-1,-1,0.76606774,0.23393229,0.76606774,-0.001428039585035
2026-03-02,ONGC,-1,-1,0.7827668,0.21723321,0.7827668,0.0089381476256409
2026-03-04,ONGC,-1,-1,0.70502794,0.29497203,0.70502794,-0.0186038262682584
2026-03-05,ONGC,-1,-1,0.74192744,0.25807256,0.74192744,-0.0021664779818355
2026-03-06,ONGC,-1,-1,0.72828615,0.27171382,0.72828615,0.0094083808434646
2026-03-09,ONGC,-1,-1,0.5219027,0.4780973,0.5219027,-0.0292167917455178
2026-03-12,ONGC,1,-1,0.63206536,0.36793464,0.63206536,-0.0007387339133194
2026-03-13,ONGC,1,1,0.49394482,0.5060552,0.5060552,-0.0238402586600329
2026-03-16,ONGC,1,1,0.41005915,0.58994085,0.58994085,-0.0138204990993212
2026-03-17,ONGC,1,-1,0.5272499,0.47275013,0.5272499,0.0165098390916975
2026-03-18,ONGC,1,-1,0.5541284,0.44587162,0.5541284,0.0009442870632672
2026-03-19,ONGC,1,-1,0.5899291,0.41007093,0.5899291,0.0154717211453418
2026-03-20,ONGC,1,-1,0.6187377,0.38126233,0.6187377,-0.0137495805392436
2026-03-23,ONGC,1,-1,0.5084621,0.49153793,0.5084621,0.0001884638722575
2026-03-24,ONGC,1,1,0.47646874,0.52353126,0.52353126,0.0097945958424356
2026-03-25,ONGC,1,1,0.47120446,0.52879554,0.52879554,0.0080209830702291
2026-03-27,ONGC,1,-1,0.5101094,0.48989058,0.5101094,0.0434863044750604
2026-04-01,ONGC,-1,-1,0.6291096,0.37089035,0.6291096,0.0119444720512476
2026-04-02,ONGC,-1,-1,0.60106266,0.3989373,0.60106266,-0.0029507919526398
2026-04-07,ONGC,-1,-1,0.53918636,0.46081367,0.53918636,0.0170302916055493
2026-04-09,ONGC,-1,-1,0.6115494,0.38845062,0.6115494,0.0108581649860441
2026-04-13,ONGC,1,1,0.36112118,0.6388788,0.6388788,0.0036648788585296
2026-04-15,ONGC,1,1,0.31566042,0.6843396,0.6843396,0.0001739464881593
2026-04-16,ONGC,1,1,0.2975328,0.7024672,0.7024672,-0.0168637204471058
2025-01-01,POWERGRID,-1,-1,0.5369848,0.46301523,0.5369848,0.0055069630512205
2025-01-02,POWERGRID,-1,-1,0.6065098,0.39349023,0.6065098,0.0153028758374698
2025-01-03,POWERGRID,-1,-1,0.55625725,0.44374272,0.55625725,0.002855710586525
2025-01-07,POWERGRID,-1,-1,0.68217385,0.31782612,0.68217385,-0.0031044791919664
2025-01-08,POWERGRID,-1,-1,0.6440457,0.35595426,0.6440457,0.0052449781701378
2025-01-09,POWERGRID,-1,-1,0.67290837,0.32709163,0.67290837,-0.0045654884012056
2025-01-10,POWERGRID,-1,-1,0.64478725,0.35521275,0.64478725,-0.0181818276773311
2025-01-14,POWERGRID,-1,-1,0.7062346,0.2937654,0.7062346,0.0092141923061743
2025-01-15,POWERGRID,-1,-1,0.6128165,0.3871835,0.6128165,0.0289403817612223
2025-01-20,POWERGRID,-1,-1,0.56810963,0.43189034,0.56810963,0.0120620146740217
2025-01-21,POWERGRID,-1,-1,0.68606424,0.31393573,0.68606424,-0.0127346838150413
2025-01-22,POWERGRID,-1,-1,0.62472355,0.37527642,0.62472355,-0.0158756605543595
2025-01-23,POWERGRID,-1,-1,0.5864459,0.41355407,0.5864459,-0.010754472913494
2025-01-24,POWERGRID,-1,-1,0.6362896,0.36371043,0.6362896,0.0050960617441599
2025-01-27,POWERGRID,-1,-1,0.5298445,0.47015548,0.5298445,-0.0299138556654012
2025-01-28,POWERGRID,-1,1,0.48723322,0.5127668,0.5127668,-0.0106272228921718
2025-01-29,POWERGRID,-1,-1,0.5375185,0.4624815,0.5375185,0.013734801552778
2025-01-30,POWERGRID,-1,-1,0.54313254,0.4568675,0.54313254,0.0260553530042209
2025-01-31,POWERGRID,-1,-1,0.51914,0.48085997,0.51914,0.0213306221605984
2025-02-01,POWERGRID,-1,1,0.4510914,0.5489086,0.5489086,-0.039118210673513
2025-02-03,POWERGRID,-1,1,0.43493742,0.5650626,0.5650626,-0.0208729769451692
2025-02-04,POWERGRID,-1,1,0.4254548,0.5745452,0.5745452,0.0065186039674247
2025-02-05,POWERGRID,-1,-1,0.5172672,0.4827328,0.5172672,-0.0015751473184657
2025-02-06,POWERGRID,-1,1,0.49125665,0.50874335,0.50874335,-0.0142005913885333
2025-02-07,POWERGRID,-1,1,0.41585648,0.5841435,0.5841435,0.0008995211512781
2025-02-10,POWERGRID,-1,1,0.48647392,0.5135261,0.5135261,-0.0339744460572377
2025-02-11,POWERGRID,-1,1,0.4640718,0.5359282,0.5359282,-0.0269816797832537
2025-02-13,POWERGRID,-1,-1,0.6451999,0.35480013,0.6451999,0.0081696849278933
2025-02-14,POWERGRID,-1,-1,0.71620333,0.28379664,0.71620333,-0.0069457027606477
2025-02-17,POWERGRID,-1,-1,0.73184705,0.26815295,0.73184705,0.0227315727309298
2025-02-19,POWERGRID,1,-1,0.64925677,0.35074323,0.64925677,-0.0146095818097741
2025-02-21,POWERGRID,1,-1,0.6373771,0.36262292,0.6373771,-0.0144873492364951
2025-02-24,POWERGRID,1,-1,0.69266117,0.30733886,0.69266117,-0.010500244244197
2025-02-25,POWERGRID,1,-1,0.54690146,0.4530985,0.54690146,-0.0131197958913155
2025-02-27,POWERGRID,1,-1,0.6284428,0.37155718,0.6284428,0.0019549769968274
2025-02-28,POWERGRID,1,-1,0.6217891,0.37821093,0.6217891,-0.0210731086391056
2025-03-03,POWERGRID,1,-1,0.6442052,0.3557948,0.6442052,0.0065775691267897
2025-03-04,POWERGRID,1,-1,0.6742538,0.32574615,0.6742538,0.005940607776353
2025-03-05,POWERGRID,1,-1,0.6251048,0.37489522,0.6251048,0.0409448642066649
2025-03-06,POWERGRID,1,-1,0.6111233,0.38887668,0.6111233,0.0085098830619654
2025-03-07,POWERGRID,1,-1,0.7508335,0.24916647,0.7508335,-0.0125633904625571
2025-03-10,POWERGRID,1,-1,0.60824454,0.3917555,0.60824454,0.0303837247123717
2025-03-11,POWERGRID,1,-1,0.65935814,0.34064186,0.65935814,-0.0147438590776829
2025-03-12,POWERGRID,1,-1,0.6643462,0.3356538,0.6643462,-0.0007482010927791
2025-03-13,POWERGRID,1,-1,0.6617384,0.3382616,0.6617384,0.0020591526159863
2025-03-17,POWERGRID,1,1,0.46607834,0.53392166,0.53392166,-0.0011208340069445
2025-03-18,POWERGRID,1,1,0.4263659,0.5736341,0.5736341,0.0
2025-03-19,POWERGRID,1,1,0.43313622,0.5668638,0.5668638,0.036843012312242
2025-03-20,POWERGRID,1,1,0.49944752,0.5005525,0.5005525,0.011363702252424
2025-03-21,POWERGRID,1,1,0.457098,0.542902,0.542902,0.0098090484844137
2025-03-24,POWERGRID,-1,1,0.46417075,0.53582925,0.53582925,0.030907962518194
2025-03-26,POWERGRID,1,1,0.4137913,0.5862087,0.5862087,-0.0005153946955175
2025-03-27,POWERGRID,1,1,0.48964286,0.51035714,0.51035714,0.0159875331308325
2025-03-28,POWERGRID,1,1,0.472318,0.527682,0.527682,-0.0174280586262085
2025-04-01,POWERGRID,1,1,0.3861491,0.6138509,0.6138509,-0.0036163821525386
2025-04-02,POWERGRID,1,1,0.43657714,0.56342286,0.56342286,-0.008814394542252
2025-04-03,POWERGRID,1,1,0.43142945,0.56857055,0.56857055,0.0430689923982643
2025-04-04,POWERGRID,1,1,0.40182763,0.59817237,0.59817237,-0.0173856127474403
2025-04-07,POWERGRID,1,1,0.45309132,0.5469087,0.5469087,-0.0153113127255924
2025-04-08,POWERGRID,1,1,0.49103016,0.50896984,0.50896984,-0.0015547325309024
2025-04-09,POWERGRID,1,-1,0.69931555,0.30068445,0.69931555,0.0154004083260648
2025-04-15,POWERGRID,1,-1,0.57578576,0.42421427,0.57578576,0.0014796811731661
2025-04-21,POWERGRID,-1,-1,0.51257336,0.4874266,0.51257336,0.0355987890082221
2025-04-23,POWERGRID,-1,-1,0.5639476,0.43605238,0.5639476,0.0076788497424906
2025-04-24,POWERGRID,-1,-1,0.604704,0.395296,0.604704,-0.0017464079211851
2025-04-28,POWERGRID,-1,-1,0.5619998,0.4380002,0.5619998,0.0066884793618937
2025-04-29,POWERGRID,-1,-1,0.7626965,0.23730348,0.7626965,-0.018149285976783
2025-04-30,POWERGRID,-1,-1,0.5372282,0.46277174,0.5372282,0.0148539158791647
2025-05-05,POWERGRID,-1,-1,0.53613436,0.46386567,0.53613436,0.0169938658855843
2025-05-06,POWERGRID,-1,-1,0.52375877,0.47624126,0.52375877,-0.0019467308664516
2025-05-07,POWERGRID,-1,-1,0.5230955,0.47690454,0.5230955,0.0113782850229815
2025-05-08,POWERGRID,-1,1,0.39567524,0.60432476,0.60432476,-0.0091609261458071
2025-05-12,POWERGRID,-1,1,0.41947067,0.58052933,0.58052933,0.0325759521334323
2025-05-13,POWERGRID,-1,1,0.32873213,0.67126787,0.67126787,-0.0342985728872333
2025-05-14,POWERGRID,-1,1,0.4516089,0.5483911,0.5483911,-0.0083766838266475
2025-05-15,POWERGRID,-1,1,0.3253696,0.6746304,0.6746304,0.0125020658587242
2025-05-16,POWERGRID,-1,1,0.39035356,0.60964644,0.60964644,0.0018355789104362
2025-05-19,POWERGRID,-1,1,0.39583504,0.60416496,0.60416496,0.0128247752772128
2025-05-20,POWERGRID,-1,1,0.45875305,0.54124695,0.54124695,-0.0202270178172429
2025-05-21,POWERGRID,-1,1,0.4554326,0.5445674,0.5445674,-0.005874441677317
2025-05-22,POWERGRID,1,1,0.3928994,0.6071006,0.6071006,-0.0177274639852192
2025-05-26,POWERGRID,1,-1,0.62640965,0.37359032,0.62640965,-0.0046964845083883
2025-05-27,POWERGRID,1,1,0.40333116,0.59666884,0.59666884,-0.0072463244720999
2025-05-28,POWERGRID,1,1,0.42813426,0.57186574,0.57186574,-0.011543121936971
2025-05-29,POWERGRID,-1,-1,0.50794554,0.4920545,0.50794554,0.006697653797024
2025-05-30,POWERGRID,-1,1,0.493079,0.506921,0.506921,-0.0114294807660154
2025-06-02,POWERGRID,-1,1,0.49911678,0.5008832,0.5008832,0.0113890122478297
2025-06-05,POWERGRID,-1,-1,0.61263216,0.3873678,0.61263216,0.0197540203052459
2025-06-06,POWERGRID,-1,-1,0.72017694,0.2798231,0.72017694,0.0052674217126891
2025-06-09,POWERGRID,-1,1,0.46872884,0.53127116,0.53127116,0.0158891848258795
2025-06-10,POWERGRID,-1,1,0.4230284,0.5769716,0.5769716,0.0018302819370406
2025-06-11,POWERGRID,-1,-1,0.5659108,0.43408915,0.5659108,-0.01860143761983
2025-06-12,POWERGRID,1,-1,0.575521,0.42447904,0.575521,-0.0218310525452903
2025-06-13,POWERGRID,1,1,0.3404634,0.6595366,0.6595366,-0.0121108075809147
2025-06-16,POWERGRID,1,1,0.41075826,0.58924174,0.58924174,0.0110332281729692
2025-06-17,POWERGRID,1,1,0.44897097,0.551029,0.551029,-0.0003464302075786
2025-06-18,POWERGRID,1,1,0.44086838,0.5591316,0.5591316,-0.0043320421159597
2025-06-19,POWERGRID,1,1,0.32210195,0.67789805,0.67789805,-0.0029585484015162
2025-06-23,POWERGRID,1,1,0.48041266,0.51958734,0.51958734,-0.0097236282348969
2025-06-24,POWERGRID,1,1,0.3574394,0.6425606,0.6425606,-0.0148148156191021
2025-06-25,POWERGRID,1,1,0.38778025,0.61221975,0.61221975,0.0157369973237329
2025-06-26,POWERGRID,1,1,0.41590506,0.58409494,0.58409494,0.0105010195038155
2025-07-02,POWERGRID,1,1,0.2749737,0.7250263,0.7250263,-0.0090740522438242
2025-07-03,POWERGRID,1,1,0.25319195,0.74680805,0.74680805,-0.0039001208226199
2025-07-11,POWERGRID,-1,1,0.31387103,0.686129,0.686129,-0.0023393233054754
2025-07-14,POWERGRID,-1,1,0.2528336,0.7471664,0.7471664,-0.001172140384923
2025-07-15,POWERGRID,-1,1,0.25781947,0.7421805,0.7421805,-0.0005031618559983
2025-07-16,POWERGRID,-1,1,0.1792661,0.8207339,0.8207339,-0.003355255137166
2025-07-17,POWERGRID,-1,1,0.18418348,0.8158165,0.8158165,-0.0015146932244929
2025-07-18,POWERGRID,-1,1,0.174079,0.825921,0.825921,-0.0082604128570114
2025-07-21,POWERGRID,-1,1,0.28403425,0.71596575,0.71596575,0.0096889191926161
2025-07-22,POWERGRID,-1,1,0.33943027,0.6605697,0.6605697,0.0026936302038871
2025-07-23,POWERGRID,-1,1,0.36751616,0.63248384,0.63248384,0.0048691619741636
2025-07-24,POWERGRID,-1,1,0.38086766,0.61913234,0.61913234,0.0003341589541383
2025-07-25,POWERGRID,-1,1,0.37785423,0.6221458,0.6221458,-0.0242192209548847
2025-07-28,POWERGRID,-1,1,0.24333268,0.7566673,0.7566673,-0.0006846770020598
2025-07-29,POWERGRID,-1,1,0.2562279,0.7437721,0.7437721,0.0041109846000835
2025-07-31,POWERGRID,-1,1,0.40476328,0.5952367,0.5952367,0.0070944990501875
2025-08-05,POWERGRID,1,1,0.30173033,0.69826967,0.69826967,-0.0067720843815985
2025-08-11,POWERGRID,-1,1,0.26693946,0.73306054,0.73306054,0.0
2025-08-12,POWERGRID,-1,1,0.19854236,0.80145764,0.80145764,-0.000702214015404
2025-08-13,POWERGRID,-1,1,0.33890945,0.66109055,0.66109055,0.0124715905568162
2025-08-14,POWERGRID,-1,1,0.27595115,0.72404885,0.72404885,0.001734964822839
2025-08-18,POWERGRID,-1,1,0.30073768,0.6992623,0.6992623,0.0057151621269944
2025-08-19,POWERGRID,-1,1,0.2629549,0.7370451,0.7370451,-0.0038050270946453
2025-08-20,POWERGRID,-1,1,0.38621742,0.6137826,0.6137826,0.0013888618012232
2025-08-26,POWERGRID,1,1,0.30950665,0.69049335,0.69049335,-0.0149569419193806
2025-08-28,POWERGRID,1,1,0.2518478,0.7481522,0.7481522,-0.0194710986809586
2025-08-29,POWERGRID,1,1,0.3130781,0.6869219,0.6869219,0.0029148635517086
2025-09-01,POWERGRID,1,1,0.2933364,0.7066636,0.7066636,0.0167121519531958
2025-09-02,POWERGRID,1,1,0.3575952,0.6424048,0.6424048,0.0244773244213158
2025-09-04,POWERGRID,1,1,0.43404,0.56596,0.56596,-0.0148574859947634
2025-09-08,POWERGRID,1,1,0.4989915,0.5010085,0.5010085,-0.0089364252913239
2025-09-09,POWERGRID,1,-1,0.51041186,0.48958814,0.51041186,0.0037129236083333
2025-09-10,POWERGRID,1,1,0.49553627,0.50446373,0.50446373,-0.0031706542960923
2025-09-11,POWERGRID,-1,1,0.41629744,0.58370256,0.58370256,0.0136066130455005
2025-09-12,POWERGRID,-1,1,0.46953428,0.5304657,0.5304657,0.0029637481348014
2025-09-15,POWERGRID,-1,1,0.48854584,0.51145416,0.51145416,-0.0048670941628251
2025-09-16,POWERGRID,-1,1,0.46756333,0.53243667,0.53243667,0.0073363479404751
2025-09-17,POWERGRID,-1,-1,0.5548816,0.44511846,0.5548816,-0.0041616362907046
2025-09-22,POWERGRID,1,-1,0.6367849,0.36321512,0.6367849,0.0015722551566186
2025-09-23,POWERGRID,-1,-1,0.53913397,0.46086603,0.53913397,0.0068028484300541
2025-09-24,POWERGRID,-1,-1,0.6604482,0.3395518,0.6604482,0.0162853869479657
2025-09-25,POWERGRID,1,-1,0.6159756,0.3840244,0.6159756,-0.0303443273292164
2025-09-26,POWERGRID,1,1,0.48979157,0.5102084,0.5102084,-0.0075597238708133
2025-09-29,POWERGRID,1,-1,0.5610822,0.43891782,0.5610822,-0.0058458363285898
2025-09-30,POWERGRID,1,-1,0.5396143,0.46038565,0.5396143,-0.0012473446119946
2025-10-01,POWERGRID,1,1,0.4153176,0.5846824,0.5846824,0.0014272690689396
2025-10-08,POWERGRID,1,-1,0.6999346,0.3000654,0.6999346,-0.0128028701326227
2025-10-09,POWERGRID,1,-1,0.75330585,0.24669416,0.75330585,0.0029793306734784
2025-10-10,POWERGRID,1,-1,0.7385348,0.26146516,0.7385348,0.0104840815333768
2025-10-13,POWERGRID,1,-1,0.79389083,0.20610914,0.79389083,-0.0103753059795534
2025-10-14,POWERGRID,1,-1,0.73458016,0.2654198,0.73458016,0.0047178092749222
2025-10-16,POWERGRID,-1,-1,0.75409037,0.24590963,0.75409037,0.003093281288641
2025-10-20,POWERGRID,-1,-1,0.6038194,0.39618063,0.6038194,-0.0053493749965479
2025-10-21,POWERGRID,-1,-1,0.6207069,0.3792931,0.6207069,0.0013878977752914
2025-10-23,POWERGRID,-1,1,0.3919776,0.6080224,0.6080224,0.0036381958262898
2025-10-24,POWERGRID,-1,1,0.3376162,0.6623838,0.6623838,-0.003970271928093
2025-10-27,POWERGRID,-1,1,0.2933774,0.7066226,0.7066226,0.0088387433741783
2025-10-28,POWERGRID,-1,1,0.25055653,0.7494435,0.7494435,-0.0096202600974187
2025-10-29,POWERGRID,-1,1,0.3964581,0.6035419,0.6035419,0.0246314304603305
2025-10-30,POWERGRID,-1,1,0.3476438,0.6523562,0.6523562,-0.0130354577241936
2025-10-31,POWERGRID,-1,1,0.31936055,0.68063945,0.68063945,-0.0114922582968963
2025-11-03,POWERGRID,-1,1,0.27008104,0.72991896,0.72991896,-0.0005206472971207
2025-11-06,POWERGRID,1,-1,0.5141071,0.48589286,0.5141071,-0.0317145366717498
2025-11-07,POWERGRID,1,-1,0.5644833,0.43551674,0.5644833,0.0066616589832637
2025-11-10,POWERGRID,1,-1,0.65807813,0.34192187,0.65807813,0.0026168273895292
2025-11-11,POWERGRID,1,-1,0.712766,0.287234,0.712766,-0.0020507862728147
2025-11-12,POWERGRID,1,-1,0.66875756,0.3312424,0.66875756,-0.0020548853394273
2025-11-13,POWERGRID,1,-1,0.61447203,0.38552797,0.61447203,0.0102958140153952
2025-11-17,POWERGRID,-1,1,0.45641422,0.5435858,0.5435858,0.0082934594736934
2025-11-18,POWERGRID,-1,1,0.47760284,0.52239716,0.52239716,0.0023761940620532
2025-11-19,POWERGRID,-1,1,0.42692453,0.5730755,0.5730755,0.0034646230072845
2025-11-20,POWERGRID,-1,1,0.36103576,0.63896424,0.63896424,0.0074505199740422
2025-11-21,POWERGRID,-1,1,0.3290521,0.6709479,0.6709479,0.0014429246538611
2025-11-24,POWERGRID,-1,1,0.3866166,0.6133834,0.6133834,-0.0064841943870942
2025-11-25,POWERGRID,-1,1,0.48434561,0.5156544,0.5156544,-0.008520564425712
2025-11-26,POWERGRID,-1,1,0.4915313,0.5084687,0.5084687,0.0058510755354823
2025-11-27,POWERGRID,-1,1,0.46201283,0.5379872,0.5379872,-0.0049081201479089
2025-11-28,POWERGRID,-1,1,0.32664317,0.67335683,0.67335683,-0.0137011508353331
2025-12-01,POWERGRID,-1,1,0.3605221,0.6394779,0.6394779,-0.0011114007170032
2025-12-02,POWERGRID,-1,-1,0.6323632,0.36763677,0.6323632,-0.0081585772525297
2025-12-03,POWERGRID,-1,-1,0.714574,0.28542605,0.714574,0.0037389906663698
2025-12-04,POWERGRID,-1,-1,0.6243556,0.3756444,0.6243556,0.0024213367323782
2025-12-05,POWERGRID,-1,-1,0.626606,0.37339404,0.626606,0.0026011536498318
2025-12-09,POWERGRID,1,-1,0.6398454,0.36015463,0.6398454,-0.0024510100539936
2025-12-10,POWERGRID,1,-1,0.62533396,0.37466604,0.62533396,0.0035910022902205
2025-12-12,POWERGRID,-1,-1,0.6610207,0.3389793,0.6610207,-0.0045317143084232
2025-12-15,POWERGRID,-1,1,0.4999901,0.5000099,0.5000099,-0.0053109707105789
2025-12-16,POWERGRID,1,-1,0.5746335,0.42536655,0.5746335,-0.0070557041415716
2025-12-17,POWERGRID,1,-1,0.5160118,0.48398823,0.5160118,0.002880717459023
2025-12-18,POWERGRID,1,1,0.46186292,0.5381371,0.5381371,-0.0120643659782598
2025-12-19,POWERGRID,1,-1,0.5970597,0.40294024,0.5970597,0.0213219938890991
2025-12-22,POWERGRID,1,-1,0.57530576,0.42469424,0.57530576,0.0058834051217462
2025-12-23,POWERGRID,-1,-1,0.6037531,0.39624694,0.6037531,0.007547117956558
2025-12-24,POWERGRID,-1,-1,0.61446667,0.3855333,0.61446667,0.0039325343359923
2025-12-26,POWERGRID,-1,-1,0.5884856,0.41151437,0.5884856,-0.0096995711810946
2025-12-29,POWERGRID,-1,-1,0.57651913,0.42348084,0.57651913,-0.0182708048094207
2025-12-30,POWERGRID,-1,-1,0.55299246,0.4470075,0.55299246,-0.0009593179783247
2025-12-31,POWERGRID,-1,1,0.41221464,0.58778536,0.58778536,0.01632418413454
2026-01-01,POWERGRID,-1,1,0.46175432,0.5382457,0.5382457,0.0083142857875957
2026-01-02,POWERGRID,-1,1,0.43002284,0.56997716,0.56997716,0.0155548944496328
2026-01-05,POWERGRID,-1,1,0.3891046,0.6108954,0.6108954,0.0025833933661163
2026-01-06,POWERGRID,-1,1,0.4142114,0.5857886,0.5857886,-0.0114117329104889
2026-01-07,POWERGRID,-1,1,0.40532166,0.59467834,0.59467834,-0.0165704950751274
2026-01-09,POWERGRID,-1,1,0.2547348,0.7452652,0.7452652,-0.0050134990952006
2026-01-12,POWERGRID,-1,1,0.36900187,0.63099813,0.63099813,0.0021317443612449
2026-01-14,POWERGRID,1,1,0.47705203,0.52294797,0.52294797,-0.0017387467822929
2026-01-15,POWERGRID,-1,1,0.3671472,0.6328528,0.6328528,0.0
2026-01-16,POWERGRID,1,1,0.280106,0.719894,0.719894,-0.0040643215163209
2026-01-19,POWERGRID,1,1,0.36867958,0.6313204,0.6313204,0.0013603425251804
2026-01-20,POWERGRID,1,1,0.35704392,0.6429561,0.6429561,-0.0139724190400993
2026-01-21,POWERGRID,1,1,0.41090208,0.5890979,0.5890979,0.0068884210025079
2026-01-22,POWERGRID,1,1,0.307306,0.692694,0.692694,0.0134870905122999
2026-01-23,POWERGRID,1,1,0.37395394,0.62604606,0.62604606,-0.0196721857871784
2026-01-27,POWERGRID,1,1,0.26660585,0.73339415,0.73339415,0.0007869557440909
2026-01-28,POWERGRID,1,1,0.30508196,0.69491804,0.69491804,0.0214271657388593
2026-01-29,POWERGRID,1,1,0.4057498,0.5942502,0.5942502,0.0026943855505008
2026-01-30,POWERGRID,1,1,0.46627778,0.5337222,0.5337222,-0.0153550993330411
2026-02-02,POWERGRID,1,1,0.36392415,0.63607585,0.63607585,0.0541910705689809
2026-02-03,POWERGRID,1,1,0.31852537,0.6814746,0.6814746,0.0473372713533808
2026-02-04,POWERGRID,1,1,0.3562039,0.6437961,0.6437961,0.0218926353586994
2026-02-05,POWERGRID,1,1,0.4002056,0.5997944,0.5997944,-0.000172748737388
2026-02-06,POWERGRID,1,1,0.48443574,0.51556426,0.51556426,0.0117504369058469
2026-02-09,POWERGRID,1,-1,0.51592505,0.48407492,0.51592505,0.0008635578583764
2026-02-10,POWERGRID,1,1,0.48170805,0.51829195,0.51829195,0.0158757760259382
2026-02-11,POWERGRID,1,1,0.43193597,0.56806403,0.56806403,0.0003397523405535
2026-02-12,POWERGRID,1,1,0.46740216,0.53259784,0.53259784,-0.0018679513932576
2026-02-13,POWERGRID,1,1,0.42457837,0.57542163,0.57542163,-0.0227968078550316
2026-02-16,POWERGRID,-1,1,0.29909176,0.70090824,0.70090824,0.0463091477286612
2026-02-17,POWERGRID,-1,1,0.48780483,0.51219517,0.51219517,0.0008319467554076
2026-02-19,POWERGRID,1,1,0.45999515,0.54000485,0.54000485,-0.0196306575814887
2026-02-20,POWERGRID,-1,1,0.42818898,0.571811,0.571811,0.0145936480557251
2026-02-23,POWERGRID,-1,-1,0.5477117,0.45228833,0.5477117,0.0147181592802119
2026-02-24,POWERGRID,-1,-1,0.52597964,0.4740204,0.52597964,0.0047798966879148
2026-02-25,POWERGRID,-1,1,0.4099297,0.5900703,0.5900703,0.0080380981140175
2026-03-04,POWERGRID,1,-1,0.5753244,0.42467555,0.5753244,-0.0163408887648626
2026-03-05,POWERGRID,-1,-1,0.7038518,0.29614815,0.7038518,0.0256893292906645
2026-03-09,POWERGRID,1,1,0.42860883,0.57139117,0.57139117,-0.0132040172824471
2026-03-11,POWERGRID,-1,-1,0.5852406,0.41475943,0.5852406,0.0005022397440139
2026-03-12,POWERGRID,-1,-1,0.65617764,0.34382236,0.65617764,0.0160643189646738
2026-03-13,POWERGRID,-1,-1,0.55376136,0.44623864,0.55376136,-0.0087285699710455
2026-03-16,POWERGRID,-1,1,0.46537745,0.53462255,0.53462255,-0.0106330356445704
2026-03-17,POWERGRID,-1,-1,0.5693591,0.43064088,0.5693591,0.0025188916876575
2026-03-18,POWERGRID,-1,-1,0.6053344,0.3946656,0.6053344,0.0030150549295959
2026-03-20,POWERGRID,-1,-1,0.57843244,0.4215676,0.57843244,0.0030333463412748
2026-03-23,POWERGRID,-1,-1,0.5444625,0.4555375,0.5444625,0.0151209674318175
2026-03-24,POWERGRID,1,-1,0.5234952,0.4765048,0.5234952,-0.0102615228099446
2026-03-25,POWERGRID,1,-1,0.5005356,0.49946436,0.5005356,-0.0133779264214046
2026-03-27,POWERGRID,1,1,0.44584173,0.5541583,0.5541583,0.0016949152542373
2026-03-30,POWERGRID,1,-1,0.6282401,0.37175986,0.6282401,0.0020304775076671
2026-04-01,POWERGRID,1,-1,0.5341357,0.4658643,0.5341357,-0.0111449450946421
2026-04-02,POWERGRID,1,-1,0.5576099,0.44239008,0.5576099,-0.0097335235818132
2026-04-06,POWERGRID,1,-1,0.56450254,0.43549746,0.56450254,0.0179340626678097
2026-04-07,POWERGRID,1,-1,0.58929914,0.41070086,0.58929914,0.0008470269529725
2026-04-08,POWERGRID,1,-1,0.52945435,0.47054568,0.52945435,-0.00186184090837
2026-04-09,POWERGRID,1,-1,0.6745092,0.32549077,0.6745092,0.0110225536127646
2026-04-10,POWERGRID,1,1,0.35258132,0.6474187,0.6474187,0.0155987715574539
2026-04-13,POWERGRID,1,1,0.2969663,0.7030337,0.7030337,-0.0079273126225742
2026-04-15,POWERGRID,1,1,0.4770049,0.5229951,0.5229951,0.0402863521146237
2026-04-16,POWERGRID,1,-1,0.5011293,0.49887067,0.5011293,-0.0006401414601281
2025-01-01,RELIANCE,1,1,0.30967432,0.6903257,0.6903257,0.004771936716607
2025-01-02,RELIANCE,1,1,0.35418463,0.6458154,0.6458154,0.0168270297035069
2025-01-03,RELIANCE,1,1,0.33080602,0.669194,0.669194,0.0075294418140376
2025-01-06,RELIANCE,1,1,0.49951756,0.50048244,0.50048244,-0.0264956704848996
2025-01-07,RELIANCE,1,-1,0.5238508,0.4761492,0.5238508,0.0187602056073938
2025-01-08,RELIANCE,1,-1,0.5013386,0.49866137,0.5013386,0.0198654643943676
2025-01-09,RELIANCE,1,1,0.4076774,0.5923226,0.5923226,-0.0084946971334537
2025-01-13,RELIANCE,-1,1,0.4418357,0.5581643,0.5581643,-0.0016507167448225
2025-01-15,RELIANCE,-1,1,0.45701677,0.54298323,0.54298323,0.0108576110821776
2025-01-16,RELIANCE,-1,1,0.47158307,0.52841693,0.52841693,0.0113800091316469
2025-01-17,RELIANCE,-1,1,0.39440995,0.60559005,0.60559005,0.0283469655499639
2025-01-20,RELIANCE,-1,1,0.45135546,0.54864454,0.54864454,0.0023802958854401
2025-01-21,RELIANCE,-1,1,0.45319152,0.5468085,0.5468085,-0.0243210851521972
2025-01-23,RELIANCE,1,1,0.45740587,0.54259413,0.54259413,-0.0105316646169982
2025-01-24,RELIANCE,1,-1,0.5163548,0.48364517,0.5163548,-0.0137299902110838
2025-01-27,RELIANCE,1,1,0.46975493,0.53024507,0.53024507,-0.01360035071033
2025-01-28,RELIANCE,1,1,0.40781635,0.59218365,0.59218365,0.0041079585790646
2025-01-30,RELIANCE,-1,-1,0.5091877,0.49081227,0.5091877,0.0142048064101869
2025-01-31,RELIANCE,-1,1,0.44148672,0.5585133,0.5585133,0.0096164454519063
2025-02-01,RELIANCE,-1,1,0.45027643,0.54972357,0.54972357,-0.00039525416005
2025-02-03,RELIANCE,-1,1,0.45572668,0.5442733,0.5442733,-0.0147871877711178
2025-02-04,RELIANCE,-1,1,0.4819227,0.5180773,0.5180773,0.0315433730232272
2025-02-05,RELIANCE,-1,-1,0.50095594,0.49904403,0.50095594,-0.0054466343126137
2025-02-06,RELIANCE,-1,-1,0.5153697,0.4846303,0.5153697,0.0026209661954328
2025-02-07,RELIANCE,-1,-1,0.5282977,0.47170228,0.5282977,-0.0115876000973539
2025-02-10,RELIANCE,-1,-1,0.60548407,0.39451593,0.60548407,-0.010302329044276
2025-02-11,RELIANCE,-1,1,0.49336398,0.506636,0.506636,-0.0149962161675472
2025-02-12,RELIANCE,-1,1,0.4656555,0.5343445,0.5343445,-0.0148195898031392
2025-02-13,RELIANCE,-1,-1,0.5234444,0.4765556,0.5234444,-0.0003699251274362
2025-02-14,RELIANCE,-1,-1,0.58612823,0.41387177,0.58612823,0.0009456132785348
2025-02-17,RELIANCE,-1,-1,0.5987599,0.4012401,0.5987599,0.0062847083641595
2025-02-18,RELIANCE,-1,1,0.47858107,0.5214189,0.5214189,0.0004082259939102
2025-02-19,RELIANCE,-1,1,0.49006867,0.5099313,0.5099313,0.0016728435660231
2025-02-20,RELIANCE,1,1,0.47883362,0.5211664,0.5211664,0.0045215955236355
2025-02-21,RELIANCE,1,1,0.45060325,0.54939675,0.54939675,-0.0039334808069734
2025-02-24,RELIANCE,1,1,0.43287474,0.56712526,0.56712526,-0.0110735654449833
2025-02-25,RELIANCE,1,1,0.41682422,0.5831758,0.5831758,-0.0086863651252158
2025-02-27,RELIANCE,1,1,0.44177413,0.55822587,0.55822587,0.0025747328055609
2025-02-28,RELIANCE,1,1,0.42562985,0.57437015,0.57437015,-0.0057990343606695
2025-03-03,RELIANCE,1,1,0.31014138,0.6898586,0.6898586,-0.0240396605021798
2025-03-04,RELIANCE,1,1,0.4544688,0.5455312,0.5455312,-0.0079828719315672
2025-03-05,RELIANCE,1,1,0.39513105,0.60486895,0.60486895,0.0117910375499146
2025-03-06,RELIANCE,1,1,0.4681266,0.5318734,0.5318734,0.0289214002411333
2025-03-07,RELIANCE,1,-1,0.60580367,0.39419633,0.60580367,0.0332341907620603
2025-03-10,RELIANCE,1,-1,0.55895865,0.44104135,0.55895865,-0.0091215276014023
2025-03-11,RELIANCE,1,-1,0.57518613,0.4248139,0.57518613,0.0071867154575691
2025-03-12,RELIANCE,1,-1,0.6440867,0.3559133,0.6440867,0.0078168579186783
2025-03-13,RELIANCE,1,-1,0.58295393,0.41704607,0.58295393,-0.0072788862089294
2025-03-17,RELIANCE,1,1,0.3088985,0.6911015,0.6911015,-0.0072523128999224
2025-03-18,RELIANCE,1,1,0.28327012,0.7167299,0.7167299,0.0
2025-03-20,RELIANCE,-1,1,0.28666878,0.7133312,0.7133312,0.0176402128496127
2025-03-21,RELIANCE,-1,1,0.2064169,0.7935831,0.7935831,0.0056730141360383
2025-03-24,RELIANCE,-1,1,0.1869669,0.8130331,0.8130331,0.0201747314860913
2025-03-25,RELIANCE,-1,1,0.21533847,0.78466153,0.78466153,-0.0127870170184208
2025-03-26,RELIANCE,-1,1,0.24080878,0.7591912,0.7591912,-0.0096463598854213
2025-03-27,RELIANCE,-1,1,0.17192763,0.82807237,0.82807237,0.0040453090011494
2025-03-28,RELIANCE,-1,1,0.26709294,0.73290706,0.73290706,-0.002425268664616
2025-04-01,RELIANCE,1,1,0.31754255,0.68245745,0.68245745,-0.0176456973648572
2025-04-02,RELIANCE,1,1,0.29641908,0.7035809,0.7035809,-0.001157479996779
2025-04-03,RELIANCE,1,1,0.26846838,0.7315316,0.7315316,-0.0019582414871938
2025-04-04,RELIANCE,1,1,0.27819526,0.72180474,0.72180474,-0.0352367308825166
2025-04-07,RELIANCE,1,1,0.24399668,0.7560033,0.7560033,-0.0323732001253758
2025-04-08,RELIANCE,1,1,0.2818672,0.7181328,0.7181328,0.0141546598796016
2025-04-09,RELIANCE,1,-1,0.53680724,0.46319276,0.53680724,0.0026645084100167
2025-04-11,RELIANCE,1,-1,0.62244505,0.37755495,0.62244505,0.0283460330225349
2025-04-15,RELIANCE,1,1,0.4068268,0.5931732,0.5931732,0.0173510431166965
2025-04-16,RELIANCE,1,-1,0.52681065,0.47318935,0.52681065,-0.0006450569141414
2025-04-17,RELIANCE,1,1,0.29071385,0.70928615,0.70928615,0.0284030989046633
2025-04-21,RELIANCE,1,1,0.28189403,0.718106,0.718106,0.0164769864828648
2025-04-22,RELIANCE,1,1,0.26468962,0.7353104,0.7353104,-0.0033191372456865
2025-04-23,RELIANCE,1,1,0.368259,0.631741,0.631741,0.0068153819591467
2025-04-24,RELIANCE,1,1,0.27137345,0.72862655,0.72862655,0.0012307636032609
2025-04-25,RELIANCE,1,1,0.29125136,0.70874864,0.70874864,-0.0009219144748482
2025-04-28,RELIANCE,1,1,0.40090305,0.59909695,0.59909695,0.0525992177559964
2025-04-29,RELIANCE,1,-1,0.65237004,0.34762996,0.65237004,0.0225744417117841
2025-04-30,RELIANCE,1,1,0.41734737,0.5826526,0.5826526,0.0037865358682445
2025-05-02,RELIANCE,1,1,0.3515606,0.6484394,0.6484394,0.0105338689707426
2025-05-07,RELIANCE,1,1,0.25395286,0.74604714,0.74604714,-0.0104863767065397
2025-05-09,RELIANCE,1,1,0.27158517,0.72841483,0.72841483,-0.0211798601307475
2025-05-15,RELIANCE,-1,1,0.3409105,0.6590895,0.6590895,0.0209210475030388
2025-05-16,RELIANCE,-1,1,0.2700249,0.7299751,0.7299751,0.0015128840393894
2025-05-19,RELIANCE,-1,1,0.24095911,0.7590409,0.7590409,-0.0107113572515805
2025-05-20,RELIANCE,-1,1,0.25462317,0.7453768,0.7453768,-0.0112437979969685
2025-05-22,RELIANCE,1,1,0.26645762,0.7335424,0.7335424,-0.0138537886130784
2025-05-23,RELIANCE,1,1,0.28674817,0.7132518,0.7132518,0.0123456983362255
2025-05-26,RELIANCE,1,1,0.39327753,0.6067225,0.6067225,0.0056069267341529
2025-05-27,RELIANCE,1,1,0.26650226,0.73349774,0.73349774,-0.0088514473023906
2025-05-28,RELIANCE,1,1,0.29731226,0.70268774,0.70268774,-0.006469254966174
2025-05-29,RELIANCE,1,1,0.41126615,0.58873385,0.58873385,0.0034680339064265
2025-06-02,RELIANCE,1,1,0.4420972,0.5579028,0.5579028,-0.0050672308577004
2025-06-03,RELIANCE,1,-1,0.52963734,0.4703627,0.52963734,-0.0058003663818195
2025-06-06,RELIANCE,1,-1,0.5661249,0.43387505,0.5661249,0.0007625878399228
2025-06-09,RELIANCE,1,1,0.26495445,0.73504555,0.73504555,0.003671726306536
2025-06-10,RELIANCE,1,1,0.26322657,0.73677343,0.73677343,-0.0071094206866436
2025-06-11,RELIANCE,1,1,0.43444693,0.56555307,0.56555307,0.0072297631297926
2025-06-12,RELIANCE,1,1,0.49398363,0.5060164,0.5060164,-0.0050383296741072
2025-06-13,RELIANCE,1,1,0.39528543,0.6047146,0.6047146,-0.0095032496194721
2025-06-16,RELIANCE,1,1,0.35980237,0.64019763,0.64019763,0.0069332429248571
2025-06-17,RELIANCE,1,1,0.37330568,0.6266943,0.6266943,-0.0045904212749101
2025-06-18,RELIANCE,1,1,0.36084044,0.63915956,0.63915956,-0.0007685555864785
2025-06-19,RELIANCE,1,1,0.374164,0.625836,0.625836,0.0022376813333018
2025-06-20,RELIANCE,1,1,0.4053365,0.5946635,0.5946635,0.0229539646645551
2025-06-23,RELIANCE,1,1,0.44436723,0.55563277,0.55563277,-0.0064110912262722
2025-06-24,RELIANCE,1,1,0.38889349,0.6111065,0.6111065,-0.004118660357282
2025-06-25,RELIANCE,1,1,0.4334002,0.5665998,0.5665998,0.0113730948011328
2025-06-26,RELIANCE,1,1,0.4732101,0.5267899,0.5267899,0.0190826228464258
2025-06-27,RELIANCE,-1,1,0.48893464,0.51106536,0.51106536,0.0134421035264251
2025-06-30,RELIANCE,-1,1,0.39941418,0.6005858,0.6005858,-0.0097663741987014
2025-07-01,RELIANCE,-1,1,0.38885462,0.6111454,0.6111454,0.0185259507217159
2025-07-02,RELIANCE,-1,1,0.36786282,0.6321372,0.6321372,-0.0062810494171766
2025-07-03,RELIANCE,-1,1,0.37981182,0.6201882,0.6201882,-0.0006584619297647
2025-07-04,RELIANCE,-1,1,0.3752237,0.6247763,0.6247763,0.0062591062466228
2025-07-07,RELIANCE,-1,1,0.33666104,0.66333896,0.66333896,0.0092974000453061
2025-07-08,RELIANCE,-1,1,0.3512572,0.6487428,0.6487428,-0.002530026473767
2025-07-09,RELIANCE,-1,1,0.38702393,0.6129761,0.6129761,-0.0120967690511458
2025-07-10,RELIANCE,-1,1,0.41287577,0.5871242,0.5871242,-0.0011849948205391
2025-07-11,RELIANCE,-1,1,0.38188082,0.6181192,0.6181192,-0.0145003901624142
2025-07-14,RELIANCE,-1,1,0.29829538,0.7017046,0.7017046,-0.0076913411059862
2025-07-15,RELIANCE,-1,1,0.3411746,0.6588254,0.6588254,0.0011458668133033
2025-07-16,RELIANCE,-1,1,0.2773738,0.7226262,0.7226262,0.0001345710570246
2025-07-17,RELIANCE,-1,1,0.26603287,0.7339671,0.7339671,-0.0061927355926458
2025-07-18,RELIANCE,-1,1,0.30804825,0.69195175,0.69195175,-0.0002709488089376
2025-07-21,RELIANCE,-1,1,0.24649024,0.75350976,0.75350976,-0.0321138107421127
2025-07-22,RELIANCE,-1,1,0.29710674,0.70289326,0.70289326,-0.0110597179127658
2025-07-23,RELIANCE,-1,1,0.4593591,0.5406409,0.5406409,0.0083521157623369
2025-07-24,RELIANCE,-1,1,0.32213372,0.6778663,0.6778663,-0.0152323256793891
2025-07-25,RELIANCE,-1,1,0.34384865,0.65615135,0.65615135,-0.0079835140513464
2025-07-29,RELIANCE,-1,1,0.24614823,0.7538518,0.7538518,0.0212597597597596
2025-07-30,RELIANCE,-1,1,0.22286385,0.77713615,0.77713615,-0.004939675437482
2025-07-31,RELIANCE,-1,1,0.20505095,0.79494905,0.79494905,-0.0141125350666593
2025-08-04,RELIANCE,1,1,0.25762367,0.7423763,0.7423763,0.012771800208446
2025-08-05,RELIANCE,1,1,0.28785414,0.71214586,0.71214586,-0.0140276860053086
2025-08-06,RELIANCE,1,1,0.20630985,0.79369015,0.79369015,0.0007905453001302
2025-08-07,RELIANCE,1,1,0.20392716,0.79607284,0.79607284,-0.0024412135056487
2025-08-08,RELIANCE,1,1,0.20124757,0.7987524,0.7987524,-0.0155462526221284
2025-08-12,RELIANCE,1,1,0.21770996,0.78229004,0.78229004,-0.004184048258546
2025-08-13,RELIANCE,-1,1,0.23247361,0.7675264,0.7675264,0.0015936781318861
2025-08-14,RELIANCE,-1,1,0.21251386,0.78748614,0.78748614,-0.0023962869917331
2025-08-18,RELIANCE,-1,1,0.1902352,0.8097648,0.8097648,0.0057504018510472
2025-08-19,RELIANCE,-1,1,0.26474166,0.73525834,0.73525834,0.0277918692705272
2025-08-20,RELIANCE,-1,1,0.32822788,0.6717721,0.6717721,-0.0049996308062804
2025-08-21,RELIANCE,-1,1,0.3260824,0.6739176,0.6739176,0.0083510607417727
2025-08-22,RELIANCE,-1,1,0.27563637,0.7243636,0.7243636,-0.0109489732745874
2025-08-25,RELIANCE,-1,1,0.24958783,0.75041217,0.75041217,0.0024127338432242
2025-08-29,RELIANCE,1,1,0.161399,0.838601,0.838601,-0.0207086173148178
2025-09-01,RELIANCE,1,1,0.121901095,0.8780989,0.8780989,-0.0024314226912277
2025-09-02,RELIANCE,1,1,0.23728508,0.7627149,0.7627149,0.0093064298387841
2025-09-03,RELIANCE,1,1,0.16203815,0.83796185,0.83796185,0.0044639411532656
2025-09-04,RELIANCE,1,1,0.17862457,0.8213754,0.8213754,-0.0096895869112448
2025-09-05,RELIANCE,1,1,0.20266157,0.7973384,0.7973384,0.011550026195769
2025-09-08,RELIANCE,1,1,0.2967736,0.7032264,0.7032264,0.0025454545454546
2025-09-09,RELIANCE,1,1,0.29432756,0.70567244,0.70567244,-0.0016685156533369
2025-09-11,RELIANCE,-1,1,0.3313458,0.6686542,0.6686542,0.0045751988584785
2025-09-12,RELIANCE,-1,1,0.329004,0.670996,0.670996,0.0084579995365334
2025-09-15,RELIANCE,-1,1,0.43355942,0.5664406,0.5664406,0.0030824722782258
2025-09-16,RELIANCE,-1,-1,0.5230958,0.4769042,0.5230958,0.0042878580651981
2025-09-17,RELIANCE,-1,-1,0.53394747,0.46605253,0.53394747,0.0060485303527086
2025-09-18,RELIANCE,-1,-1,0.6020856,0.39791444,0.6020856,0.0008487417813216
2025-09-19,RELIANCE,-1,-1,0.56699324,0.43300673,0.56699324,-0.0053710074812278
2025-09-23,RELIANCE,-1,1,0.44676125,0.55323875,0.55323875,-0.0005752385818038
2025-09-25,RELIANCE,1,1,0.41680926,0.58319074,0.58319074,-0.0076644798162961
2025-09-30,RELIANCE,1,1,0.3560745,0.6439255,0.6439255,-0.0064102917505263
2025-10-01,RELIANCE,1,1,0.27240747,0.7275925,0.7275925,0.0034457120028408
2025-10-03,RELIANCE,1,1,0.29245996,0.70754004,0.70754004,-0.0038722341980612
2025-10-06,RELIANCE,1,1,0.3825435,0.6174565,0.6174565,0.0085081233520754
2025-10-07,RELIANCE,1,-1,0.5120522,0.48794785,0.5120522,0.0071273082386362
2025-10-08,RELIANCE,1,-1,0.56638205,0.43361795,0.56638205,-0.0125650085214736
2025-10-09,RELIANCE,1,-1,0.61848485,0.38151512,0.61848485,0.0076056927222294
2025-10-10,RELIANCE,1,-1,0.61474895,0.38525102,0.61474895,0.0028305285277547
2025-10-13,RELIANCE,1,-1,0.6451675,0.35483247,0.6451675,-0.0048490637682895
2025-10-14,RELIANCE,1,-1,0.5441556,0.45584443,0.5441556,0.0006545632102272
2025-10-15,RELIANCE,1,-1,0.54353094,0.4564691,0.54353094,-0.0011628574442528
2025-10-16,RELIANCE,1,-1,0.6702176,0.32978243,0.6702176,0.0174634353105531
2025-10-17,RELIANCE,1,-1,0.7355907,0.26440927,0.7355907,0.0132303506786717
2025-10-21,RELIANCE,1,-1,0.56352013,0.43647987,0.56352013,-0.0010908764678105
2025-10-23,RELIANCE,1,1,0.41382658,0.5861734,0.5861734,-0.0114659618602742
2025-10-24,RELIANCE,1,1,0.41014647,0.5898535,0.5898535,0.0022093006889927
2025-10-27,RELIANCE,1,1,0.38474768,0.6152523,0.6152523,0.0223890882795594
2025-10-28,RELIANCE,1,1,0.30427933,0.6957207,0.6957207,0.0018866982509178
2025-10-30,RELIANCE,1,1,0.28884238,0.7111576,0.7111576,-0.0104374097071626
2025-10-31,RELIANCE,1,1,0.33900762,0.6609924,0.6609924,-0.001410799856189
2025-11-03,RELIANCE,1,1,0.2897234,0.7102766,0.7102766,-0.0011437521624487
2025-11-04,RELIANCE,1,1,0.4126233,0.5873767,0.5873767,-0.0078130100137617
2025-11-06,RELIANCE,1,-1,0.5447985,0.4552015,0.5447985,0.0156133326869762
2025-11-07,RELIANCE,1,-1,0.5257886,0.4742114,0.5257886,-0.0120981056622561
2025-11-10,RELIANCE,1,-1,0.56183565,0.43816438,0.56183565,0.0076454998837109
2025-11-11,RELIANCE,1,-1,0.53949845,0.46050158,0.53949845,0.0027529547112843
2025-11-12,RELIANCE,1,-1,0.56673145,0.43326858,0.56673145,0.0121199780969865
2025-11-13,RELIANCE,1,1,0.46400142,0.5359986,0.5359986,-0.0003969405133559
2025-11-14,RELIANCE,1,1,0.4778108,0.5221892,0.5221892,0.0052948572842219
2025-11-17,RELIANCE,1,1,0.4203174,0.5796826,0.5796826,-0.0003950066339415
2025-11-18,RELIANCE,1,1,0.4541077,0.5458923,0.5458923,0.0007244783972617
2025-11-19,RELIANCE,1,1,0.34217983,0.65782017,0.65782017,-0.0003290772620546
2025-11-20,RELIANCE,-1,1,0.38734156,0.61265844,0.61265844,0.0198827774616205
2025-11-25,RELIANCE,-1,1,0.38011104,0.61988896,0.61988896,0.0024740716826683
2025-11-26,RELIANCE,-1,1,0.38684797,0.613152,0.613152,0.0196142587516496
2025-11-27,RELIANCE,-1,1,0.35375267,0.6462473,0.6462473,-0.0041403910433251
2025-11-28,RELIANCE,-1,1,0.40013707,0.59986293,0.59986293,0.0026224737891213
2025-12-01,RELIANCE,-1,1,0.4553089,0.5446911,0.5446911,-0.0008931575209329
2025-12-04,RELIANCE,1,-1,0.7108283,0.2891717,0.7108283,-0.0020795900316122
2025-12-05,RELIANCE,1,-1,0.7712766,0.22872339,0.7712766,0.0032560563164194
2025-12-08,RELIANCE,1,-1,0.7896755,0.21032451,0.7896755,0.0015578504816928
2025-12-09,RELIANCE,1,-1,0.7826054,0.21739458,0.7826054,-0.0088139828813593
2025-12-10,RELIANCE,1,-1,0.71551204,0.28448796,0.71551204,0.0049038837977484
2025-12-11,RELIANCE,1,-1,0.74149144,0.25850853,0.74149144,0.0052703334356609
2025-12-12,RELIANCE,-1,-1,0.7464861,0.25351387,0.7464861,0.0074433656957928
2025-12-15,RELIANCE,-1,-1,0.6307886,0.36921138,0.6307886,-0.0001927714925312
2025-12-16,RELIANCE,1,-1,0.66430885,0.33569115,0.66430885,-0.0089319514071972
2025-12-17,RELIANCE,1,-1,0.6232419,0.3767581,0.6232419,0.001361586928259
2025-12-18,RELIANCE,1,-1,0.65911543,0.34088454,0.65911543,0.0
2025-12-19,RELIANCE,1,-1,0.6466069,0.35339305,0.6466069,0.0134032315751408
2025-12-22,RELIANCE,-1,-1,0.57087195,0.42912802,0.57087195,0.0065810804349855
2025-12-23,RELIANCE,-1,-1,0.5902332,0.4097668,0.5902332,-0.0029834157479688
2025-12-24,RELIANCE,-1,1,0.48617202,0.513828,0.513828,-0.0079582354291626
2025-12-26,RELIANCE,-1,1,0.4428934,0.5571066,0.5571066,0.0006417661605289
2025-12-29,RELIANCE,-1,1,0.4815414,0.5184586,0.5184586,-0.0087224063698282
2025-12-30,RELIANCE,-1,1,0.48667133,0.5133287,0.5133287,-0.0037525406634493
2025-12-31,RELIANCE,-1,-1,0.5391047,0.4608953,0.5391047,0.0198726942561313
2026-01-01,RELIANCE,-1,-1,0.6015532,0.39844677,0.6015532,0.0033112271338731
2026-01-02,RELIANCE,-1,-1,0.567176,0.43282405,0.567176,0.0105991834862633
2026-01-05,RELIANCE,-1,-1,0.5541009,0.44589916,0.5541009,-0.0089179632021227
2026-01-06,RELIANCE,-1,1,0.4466148,0.5533852,0.5533852,-0.0446739757243984
2026-01-07,RELIANCE,-1,-1,0.6029479,0.3970521,0.6029479,-0.0022552563472555
2026-01-08,RELIANCE,-1,1,0.32592016,0.67407984,0.67407984,-0.0223374396201521
2026-01-09,RELIANCE,-1,1,0.4365968,0.5634032,0.5634032,0.0031960242895521
2026-01-12,RELIANCE,-1,-1,0.59180516,0.40819484,0.59180516,0.0053547767113715
2026-01-13,RELIANCE,-1,-1,0.5102507,0.48974928,0.5102507,-0.0204961592128769
2026-01-14,RELIANCE,-1,-1,0.57332766,0.4266723,0.57332766,0.00412995580833
2026-01-15,RELIANCE,-1,1,0.412457,0.587543,0.587543,0.0
2026-01-16,RELIANCE,-1,1,0.41891557,0.58108443,0.58108443,-0.0006169621496692
2026-01-19,RELIANCE,1,1,0.42687464,0.57312536,0.57312536,-0.0303862048743221
2026-01-20,RELIANCE,1,-1,0.5011589,0.4988411,0.5011589,-0.0138652914009943
2026-01-21,RELIANCE,1,1,0.48388708,0.5161129,0.5161129,0.0076039997029679
2026-01-22,RELIANCE,1,1,0.33468914,0.66531086,0.66531086,-0.0014950702138959
2026-01-23,RELIANCE,1,1,0.35586292,0.6441371,0.6441371,-0.0116934220421123
2026-01-27,RELIANCE,1,1,0.27787,0.72213,0.72213,-0.0040400950036596
2026-01-28,RELIANCE,1,1,0.32941562,0.6705844,0.6705844,0.0117348432972654
2026-01-29,RELIANCE,1,1,0.4971702,0.5028298,0.5028298,-0.0040810133680412
2026-01-30,RELIANCE,1,-1,0.5294356,0.47056442,0.5294356,0.0031632094996854
2026-02-02,RELIANCE,1,1,0.3872267,0.6127733,0.6127733,-0.0035832018865697
2026-02-03,RELIANCE,-1,1,0.41392243,0.5860776,0.5860776,0.0335874211391467
2026-02-04,RELIANCE,-1,-1,0.5376452,0.46235478,0.5376452,0.0137082134693902
2026-02-05,RELIANCE,-1,1,0.4680065,0.5319935,0.5319935,-0.0091982591741686
2026-02-06,RELIANCE,-1,-1,0.66893303,0.33106694,0.66893303,0.0051268008098215
2026-02-09,RELIANCE,-1,-1,0.66259766,0.33740234,0.66259766,0.0074441179999518
2026-02-10,RELIANCE,-1,-1,0.66072965,0.33927032,0.66072965,-0.0021209466596322
2026-02-11,RELIANCE,-1,-1,0.68055534,0.31944466,0.68055534,0.0069934529803736
2026-02-12,RELIANCE,-1,-1,0.6000438,0.39995623,0.6000438,-0.0134812605815191
2026-02-13,RELIANCE,-1,-1,0.6429769,0.35702312,0.6429769,-0.0202222709189159
2026-02-16,RELIANCE,-1,1,0.4461112,0.5538888,0.5538888,0.0123274163855751
2026-02-17,RELIANCE,-1,-1,0.61734706,0.38265294,0.61734706,-0.0098114089663028
2026-02-18,RELIANCE,-1,-1,0.6378829,0.3621171,0.6378829,0.0128601889164616
2026-02-23,RELIANCE,-1,1,0.47970158,0.5202984,0.5202984,0.0060588808214847
2026-02-24,RELIANCE,-1,-1,0.5168737,0.48312625,0.5168737,0.0005602582830006
2026-02-26,RELIANCE,-1,1,0.37684304,0.62315696,0.62315696,0.0059349651970861
2026-03-02,RELIANCE,1,1,0.29742432,0.7025757,0.7025757,-0.025755092750754
2026-03-04,RELIANCE,1,1,0.40766674,0.59233326,0.59233326,-0.0095729013254786
2026-03-09,RELIANCE,-1,1,0.47490406,0.52509594,0.52509594,0.0136673907349957
2026-03-11,RELIANCE,1,1,0.47926056,0.52073944,0.52073944,-0.0132027945851662
2026-03-12,RELIANCE,-1,1,0.47444826,0.52555174,0.52555174,0.0014386419725551
2026-03-13,RELIANCE,-1,1,0.46294278,0.5370572,0.5370572,-0.0082603077168045
2026-03-16,RELIANCE,-1,1,0.43732285,0.56267715,0.56267715,0.0104295103377387
2026-03-17,RELIANCE,-1,1,0.4714542,0.5285458,0.5285458,0.0017919862689053
2026-03-18,RELIANCE,-1,1,0.453407,0.546593,0.546593,0.0075128793527619
2026-03-19,RELIANCE,-1,1,0.40547997,0.59452003,0.59452003,-0.0165470685049312
2026-03-20,RELIANCE,-1,1,0.4662364,0.5337636,0.5337636,0.0213749094036979
2026-03-23,RELIANCE,-1,1,0.41788638,0.5821136,0.5821136,-0.0046662722511416
2026-03-24,RELIANCE,-1,1,0.35655844,0.64344156,0.64344156,0.0028413125879129
2026-03-25,RELIANCE,-1,1,0.38713294,0.61286706,0.61286706,0.0009207584026444
2026-04-02,RELIANCE,1,1,0.4518029,0.5481971,0.5481971,-0.0136575751086391
2026-04-06,RELIANCE,1,1,0.26382053,0.7361795,0.7361795,-0.0339134015758052
2026-04-07,RELIANCE,1,1,0.30608535,0.69391465,0.69391465,-7.662726272639198e-05
2026-04-10,RELIANCE,1,1,0.18986666,0.81013334,0.81013334,0.015187933211936
2026-04-13,RELIANCE,1,1,0.1483894,0.8516106,0.8516106,-0.0259961315770107
2026-04-15,RELIANCE,1,1,0.14424568,0.8557543,0.8557543,0.022051555424202
2026-04-16,RELIANCE,1,1,0.16032279,0.8396772,0.8396772,-0.0005951393291736
2025-01-01,SBIN,-1,-1,0.5453998,0.4546002,0.5453998,-0.0022013214466706
2025-01-02,SBIN,-1,-1,0.56258583,0.43741417,0.56258583,0.0100857388083155
2025-01-03,SBIN,-1,-1,0.51573026,0.48426977,0.51573026,-0.0097354401920158
2025-01-07,SBIN,-1,1,0.4819047,0.5180953,0.5180953,0.0030266917063668
2025-01-08,SBIN,-1,1,0.4793192,0.5206808,0.5206808,-0.0097591463357561
2025-01-09,SBIN,-1,1,0.46060467,0.53939533,0.53939533,-0.0138753750251304
2025-01-13,SBIN,1,-1,0.5553721,0.4446279,0.5553721,-0.018499811023665
2025-01-17,SBIN,1,1,0.33134705,0.66865295,0.66865295,-0.0028708855038686
2025-01-20,SBIN,-1,1,0.39326268,0.6067373,0.6067373,0.019827231018684
2025-01-22,SBIN,1,1,0.3653382,0.6346618,0.6346618,-0.0073776592999741
2025-01-23,SBIN,1,1,0.35478926,0.64521074,0.64521074,-0.0100205581403017
2025-01-24,SBIN,1,1,0.3372696,0.6627304,0.6627304,-0.002346079182403
2025-01-27,SBIN,-1,1,0.3199895,0.6800105,0.6800105,0.0067862319062774
2025-01-28,SBIN,-1,1,0.33675498,0.663245,0.663245,0.0042712439119101
2025-01-29,SBIN,-1,1,0.3316272,0.6683728,0.6683728,0.0080408926282931
2025-01-30,SBIN,-1,1,0.39577663,0.6042234,0.6042234,0.0054716856251484
2025-01-31,SBIN,-1,1,0.37354726,0.62645274,0.62645274,0.0135064903546262
2025-02-01,SBIN,-1,1,0.4498332,0.5501668,0.5501668,-0.0089274936264405
2025-02-03,SBIN,-1,1,0.4223433,0.5776567,0.5776567,-0.0065926564291308
2025-02-04,SBIN,-1,1,0.4502203,0.5497797,0.5497797,0.0239831591797521
2025-02-05,SBIN,-1,1,0.45147818,0.5485218,0.5485218,-0.0168762851787888
2025-02-06,SBIN,-1,1,0.40977412,0.5902259,0.5902259,-0.0180144818151565
2025-02-07,SBIN,-1,1,0.27225763,0.7277424,0.7277424,-0.0200066058156455
2025-02-10,SBIN,-1,1,0.39463663,0.60536337,0.60536337,-0.0005426930108929
2025-02-11,SBIN,-1,1,0.27491903,0.72508097,0.72508097,-0.0077361121135374
2025-02-12,SBIN,-1,1,0.37067658,0.6293234,0.6293234,0.00280398770868
2025-02-13,SBIN,-1,1,0.37762213,0.6223779,0.6223779,-0.0075018671673098
2025-02-14,SBIN,-1,1,0.39065677,0.60934323,0.60934323,-0.0075585705596229
2025-02-17,SBIN,-1,1,0.42294073,0.57705927,0.57705927,0.0076853880553535
2025-02-18,SBIN,1,1,0.3181613,0.6818387,0.6818387,-0.0026110090391064
2025-02-19,SBIN,1,1,0.39553803,0.60446197,0.60446197,0.0020667145517541
2025-02-21,SBIN,1,1,0.38703376,0.61296624,0.61296624,-0.0105523048052925
2025-02-24,SBIN,1,1,0.39319825,0.60680175,0.60680175,-0.0077561620188161
2025-02-25,SBIN,1,1,0.3677327,0.6322673,0.6322673,-0.0076772663856782
2025-02-27,SBIN,1,1,0.48036164,0.51963836,0.51963836,-0.0098466941757124
2025-02-28,SBIN,1,1,0.464679,0.535321,0.535321,-0.0214518796845565
2025-03-03,SBIN,1,1,0.34715366,0.65284634,0.65284634,0.009436590025851
2025-03-04,SBIN,1,-1,0.55389255,0.44610745,0.55389255,0.0298432344806292
2025-03-05,SBIN,1,-1,0.5822345,0.41776553,0.5822345,0.0199707042401133
2025-03-06,SBIN,1,-1,0.56144273,0.4385573,0.56144273,0.0023276438362132
2025-03-07,SBIN,1,-1,0.62273675,0.37726325,0.62273675,0.0009562209427971
2025-03-10,SBIN,1,-1,0.6388815,0.3611185,0.6388815,-0.0052541045177635
2025-03-11,SBIN,1,-1,0.62505424,0.3749458,0.62505424,0.0013033117143705
2025-03-12,SBIN,1,-1,0.5789273,0.42107275,0.5789273,-0.0093169533135393
2025-03-13,SBIN,1,-1,0.5106243,0.48937568,0.5106243,0.0066385340559953
2025-03-17,SBIN,1,1,0.23879105,0.76120895,0.76120895,-0.0064574255168495
2025-03-18,SBIN,1,1,0.21970892,0.7802911,0.7802911,0.0
2025-03-19,SBIN,1,1,0.3407809,0.6592191,0.6592191,0.030353268796033
2025-03-20,SBIN,1,1,0.2546063,0.7453937,0.7453937,0.0059723416814376
2025-03-21,SBIN,-1,1,0.20066917,0.79933083,0.79933083,0.0048696355430375
2025-03-24,SBIN,-1,1,0.22996455,0.77003545,0.77003545,0.0366436377449463
2025-03-25,SBIN,-1,1,0.21082962,0.7891704,0.7891704,-0.0101818639951436
2025-03-26,SBIN,-1,1,0.2571953,0.7428047,0.7428047,-0.0114510891111195
2025-03-27,SBIN,-1,1,0.22869593,0.7713041,0.7713041,0.010863874204384
2025-04-01,SBIN,1,1,0.2764616,0.7235384,0.7235384,0.0002592827709473
2025-04-02,SBIN,1,1,0.24560362,0.7543964,0.7543964,0.0055073450568963
2025-04-03,SBIN,1,1,0.25924718,0.7407528,0.7407528,0.0041883647513103
2025-04-04,SBIN,1,1,0.29046023,0.7095398,0.7095398,-0.0150795666954053
2025-04-07,SBIN,1,1,0.2506104,0.7493896,0.7493896,-0.0267769406734741
2025-04-08,SBIN,1,1,0.32687354,0.67312646,0.67312646,0.0290533975824518
2025-04-09,SBIN,1,-1,0.50572765,0.49427232,0.50572765,-0.0343481095530816
2025-04-11,SBIN,1,1,0.4335311,0.5664689,0.5664689,0.0156964640896906
2025-04-15,SBIN,1,1,0.3869422,0.6130578,0.6130578,0.0128009472006436
2025-04-16,SBIN,1,1,0.4724369,0.5275631,0.5275631,0.010805572255675
2025-04-21,SBIN,-1,1,0.400894,0.599106,0.599106,0.0241394973792776
2025-04-22,SBIN,-1,1,0.3900118,0.6099882,0.6099882,0.0069793440751437
2025-04-23,SBIN,-1,1,0.3508215,0.6491785,0.6491785,-0.0108828490273096
2025-04-24,SBIN,-1,1,0.39713418,0.6028658,0.6028658,-6.14778575691588e-05
2025-04-28,SBIN,-1,1,0.47604835,0.52395165,0.52395165,0.0234144377141403
2025-04-29,SBIN,-1,-1,0.6234454,0.3765546,0.6234454,-0.0058726281014986
2025-04-30,SBIN,1,1,0.36049092,0.6395091,0.6395091,-0.0294135060530719
2025-05-02,SBIN,1,1,0.3960799,0.6039201,0.6039201,0.0102073382151037
2025-05-05,SBIN,1,1,0.33196515,0.66803485,0.66803485,-0.0084097192095577
2025-05-06,SBIN,1,1,0.2690248,0.7309752,0.7309752,-0.0201265798004415
2025-05-07,SBIN,1,1,0.25234997,0.74765,0.74765,0.0025836276903576
2025-05-08,SBIN,1,1,0.22506326,0.77493674,0.77493674,-0.0091483488168757
2025-05-09,SBIN,1,1,0.26311988,0.7368801,0.7368801,0.0133290517544637
2025-05-12,SBIN,1,1,0.33239037,0.66760963,0.66760963,0.0287456508343044
2025-05-13,SBIN,1,1,0.21978062,0.7802194,0.7802194,0.0001246865047612
2025-05-14,SBIN,1,1,0.37507856,0.62492144,0.62492144,-0.0013096379980642
2025-05-16,SBIN,1,1,0.3769465,0.6230535,0.6230535,0.0003157574502554
2025-05-19,SBIN,1,1,0.32562524,0.67437476,0.67437476,0.003661128195731
2025-05-20,SBIN,1,1,0.40162605,0.59837395,0.59837395,-0.0117609267307324
2025-05-21,SBIN,1,1,0.40471554,0.59528446,0.59528446,0.0018455134054582
2025-05-22,SBIN,1,1,0.31569964,0.68430036,0.68430036,-0.0023503429599796
2025-05-23,SBIN,1,1,0.36520994,0.63479006,0.63479006,0.0066857681832352
2025-05-26,SBIN,1,1,0.45909923,0.54090077,0.54090077,0.0049336464754261
2025-05-27,SBIN,1,1,0.31477976,0.68522024,0.68522024,-0.0008811888932342
2025-05-28,SBIN,1,1,0.29465508,0.7053449,0.7053449,0.0035907276603692
2025-05-29,SBIN,1,1,0.36707437,0.6329256,0.6329256,0.0010043214293486
2025-05-30,SBIN,-1,1,0.40377766,0.59622234,0.59622234,0.0187496162081268
2025-06-02,SBIN,-1,1,0.41190594,0.58809406,0.58809406,0.0016619648927413
2025-06-03,SBIN,-1,-1,0.50048876,0.49951124,0.50048876,-0.0047317994072001
2025-06-04,SBIN,-1,-1,0.58421814,0.41578183,0.58421814,-0.0040750887469312
2025-06-05,SBIN,-1,-1,0.5660888,0.43391123,0.5660888,-0.0006199664322884
2025-06-06,SBIN,-1,-1,0.6382674,0.3617326,0.6382674,0.0087468955466705
2025-06-09,SBIN,-1,-1,0.5331749,0.4668251,0.5331749,0.0086096070736674
2025-06-10,SBIN,-1,1,0.4873135,0.5126865,0.5126865,-0.0036583347780176
2025-06-11,SBIN,-1,1,0.49117023,0.5088298,0.5088298,-0.0024478448880971
2025-06-12,SBIN,-1,-1,0.581975,0.41802505,0.581975,-0.0111649177599906
2025-06-13,SBIN,1,1,0.39506215,0.60493785,0.60493785,-0.01687456305985
2025-06-16,SBIN,1,1,0.38292336,0.61707664,0.61707664,0.0001893819686094
2025-06-17,SBIN,1,1,0.37762523,0.6223748,0.6223748,-0.000252383075641
2025-06-18,SBIN,1,1,0.4636374,0.5363626,0.5363626,-0.0005048151538968
2025-06-19,SBIN,1,1,0.37919545,0.62080455,0.62080455,-0.0085870551555874
2025-06-20,SBIN,1,1,0.40701693,0.59298307,0.59298307,0.0140747467912381
2025-06-23,SBIN,1,-1,0.56050503,0.43949494,0.56050503,-0.0074734858618838
2025-06-24,SBIN,1,1,0.48934448,0.5106555,0.5106555,0.006580587785008
2025-06-25,SBIN,1,1,0.49635828,0.5036417,0.5036417,0.0058460633010009
2025-06-26,SBIN,1,1,0.49724495,0.50275505,0.50275505,-0.0037497100209235
2025-06-30,SBIN,-1,-1,0.5010432,0.49895683,0.5010432,0.0185622130851088
2025-07-02,SBIN,1,1,0.41889668,0.5811033,0.5811033,-0.0090210214022584
2025-07-03,SBIN,1,1,0.38630533,0.61369467,0.61369467,-0.0071350513275624
2025-07-04,SBIN,1,1,0.39352363,0.60647637,0.60647637,0.0058852643668976
2025-07-07,SBIN,1,1,0.4064926,0.5935074,0.5935074,-0.0061587328848508
2025-07-09,SBIN,1,1,0.3939405,0.6060595,0.6060595,-0.002091948955528
2025-07-10,SBIN,1,1,0.36740202,0.632598,0.632598,-0.0036377071404014
2025-07-14,SBIN,-1,1,0.2721821,0.7278179,0.7278179,0.0002472657464405
2025-07-15,SBIN,-1,1,0.3521974,0.6478026,0.6478026,0.0093960801858659
2025-07-16,SBIN,-1,1,0.3855635,0.6144365,0.6144365,0.0186784191928839
2025-07-17,SBIN,-1,1,0.46341145,0.53658855,0.53658855,-0.0032463966819724
2025-07-18,SBIN,-1,1,0.39859128,0.6014087,0.6014087,-0.0068154726391725
2025-07-21,SBIN,-1,1,0.47353262,0.5264674,0.5264674,0.0010324568480808
2025-07-22,SBIN,-1,1,0.46816742,0.5318326,0.5318326,-0.0111623435553794
2025-07-23,SBIN,-1,-1,0.53873694,0.4612631,0.53873694,0.0069325478819328
2025-07-24,SBIN,-1,-1,0.52813065,0.47186938,0.52813065,-0.0060318160979415
2025-07-28,SBIN,1,1,0.22604328,0.7739567,0.7739567,-0.0116545228472775
2025-07-29,SBIN,1,1,0.22206593,0.7779341,0.7779341,0.0025716218350273
2025-07-30,SBIN,1,1,0.26209235,0.73790765,0.73790765,0.0030655600691946
2025-07-31,SBIN,1,1,0.2994231,0.7005769,0.7005769,-0.0063618846537815
2025-08-01,SBIN,1,1,0.26149648,0.7385035,0.7385035,-0.0032012696807022
2025-08-04,SBIN,1,1,0.2941826,0.7058174,0.7058174,0.0021410077284125
2025-08-05,SBIN,1,1,0.23279327,0.7672067,0.7672067,0.0061580889027816
2025-08-06,SBIN,1,1,0.23192513,0.76807487,0.76807487,0.0056832941126434
2025-08-07,SBIN,1,1,0.2621079,0.7378921,0.7378921,0.0
2025-08-08,SBIN,1,1,0.27009302,0.729907,0.729907,-0.0010557177418228
2025-08-11,SBIN,-1,1,0.42228556,0.57771444,0.57771444,0.0238094998975999
2025-08-12,SBIN,-1,1,0.359518,0.640482,0.640482,-0.0034610757631355
2025-08-13,SBIN,-1,1,0.31015074,0.68984926,0.68984926,0.0015232467197041
2025-08-14,SBIN,-1,1,0.29575682,0.7042432,0.7042432,0.0057188539368928
2025-08-18,SBIN,-1,1,0.3647567,0.6352433,0.6352433,0.0013308858584957
2025-08-19,SBIN,-1,1,0.41700208,0.5829979,0.5829979,0.0033226422400636
2025-08-20,SBIN,-1,-1,0.554608,0.44539204,0.554608,-0.001746134126686
2025-08-21,SBIN,-1,1,0.4598773,0.5401227,0.5401227,-0.0039206077125598
2025-08-22,SBIN,-1,1,0.32920843,0.67079157,0.67079157,-0.0114448782536853
2025-08-25,SBIN,-1,1,0.2835287,0.7164713,0.7164713,0.0002450396223512
2025-08-26,SBIN,1,1,0.23295051,0.7670495,0.7670495,-0.0105334375454246
2025-08-28,SBIN,1,1,0.22080058,0.7791994,0.7791994,-0.0073033325021447
2025-08-29,SBIN,1,1,0.21770775,0.78229225,0.78229225,0.0006858555389266
2025-09-01,SBIN,1,1,0.16413724,0.83586276,0.83586276,0.0044236475018892
2025-09-02,SBIN,1,1,0.2107938,0.7892062,0.7892062,-0.0026672590996965
2025-09-03,SBIN,1,1,0.2241733,0.7758267,0.7758267,0.0102624136915039
2025-09-04,SBIN,1,1,0.26641148,0.7335885,0.7335885,-0.0033860554619022
2025-09-05,SBIN,1,1,0.22071576,0.77928424,0.77928424,-0.0034594340972584
2025-09-08,SBIN,1,1,0.3693329,0.6306671,0.6306671,0.0027275295994004
2025-09-09,SBIN,1,1,0.37614107,0.6238589,0.6238589,6.184338933734601e-05
2025-09-10,SBIN,1,1,0.44294286,0.55705714,0.55705714,0.011559619947093
2025-09-11,SBIN,1,1,0.35985076,0.64014924,0.64014924,0.0066609791560379
2025-09-12,SBIN,1,1,0.4804322,0.5195678,0.5195678,-0.0001214567629765
2025-09-15,SBIN,1,-1,0.53855014,0.46144983,0.53855014,0.0014571300611372
2025-09-16,SBIN,1,-1,0.59481454,0.40518546,0.59481454,0.0082449557760007
2025-09-17,SBIN,1,-1,0.66669214,0.3333079,0.66669214,0.0307858811939545
2025-09-18,SBIN,1,-1,0.7531079,0.24689211,0.7531079,-0.0032667164048837
2025-09-19,SBIN,1,-1,0.7798187,0.2201813,0.7798187,0.009363898952045
2025-09-22,SBIN,1,-1,0.8204368,0.17956322,0.8204368,-0.0082333351106524
2025-09-23,SBIN,-1,-1,0.6464551,0.3535449,0.6464551,0.0179479353600866
2025-09-25,SBIN,1,-1,0.74425465,0.25574535,0.74425465,-0.005830045919305
2025-09-26,SBIN,1,-1,0.6914288,0.3085712,0.6914288,-0.00487724171291
2025-09-29,SBIN,1,-1,0.6388421,0.36115786,0.6388421,0.0161036300672152
2025-09-30,SBIN,1,-1,0.6880585,0.31194153,0.6880585,0.0019523655627546
2025-10-01,SBIN,1,-1,0.58333194,0.41666806,0.58333194,-0.0095708115779008
2025-10-03,SBIN,1,-1,0.6192192,0.38078085,0.6192192,0.0037033111417021
2025-10-06,SBIN,1,-1,0.6466941,0.35330588,0.6466941,0.0077827835806005
2025-10-07,SBIN,1,-1,0.5938002,0.4061998,0.5938002,-0.0106973266777939
2025-10-08,SBIN,1,-1,0.5532675,0.44673255,0.5532675,-0.0074592561683153
2025-10-09,SBIN,1,-1,0.64850473,0.35149524,0.64850473,0.0044858334006028
2025-10-10,SBIN,1,-1,0.79471564,0.20528433,0.79471564,0.0215173011662499
2025-10-13,SBIN,1,-1,0.79988444,0.20011558,0.79988444,0.0026117082791843
2025-10-14,SBIN,1,-1,0.7961904,0.20380962,0.7961904,-0.0067954411347128
2025-10-15,SBIN,1,-1,0.79909086,0.20090911,0.79909086,0.0104338730911872
2025-10-16,SBIN,1,-1,0.8063374,0.19366257,0.8063374,0.0009592722993996
2025-10-17,SBIN,1,-1,0.82019,0.17980999,0.82019,0.0024804388808286
2025-10-20,SBIN,1,-1,0.73581016,0.26418984,0.73581016,0.020637674750559
2025-10-21,SBIN,1,-1,0.77274644,0.22725359,0.77274644,0.000385615553891
2025-10-23,SBIN,1,-1,0.66454893,0.33545107,0.66454893,0.0040756007931639
2025-10-24,SBIN,1,-1,0.6385101,0.36148986,0.6385101,-0.0077340767804559
2025-10-27,SBIN,1,1,0.49953198,0.500468,0.500468,0.0201769080832796
2025-10-28,SBIN,1,1,0.47406363,0.52593637,0.52593637,0.0081278586286985
2025-10-29,SBIN,1,-1,0.6396551,0.36034486,0.6396551,0.010212301410774
2025-10-30,SBIN,1,1,0.43753606,0.56246394,0.56246394,-0.0057462030508889
2025-10-31,SBIN,1,-1,0.5032251,0.49677494,0.5032251,0.0028362062149152
2025-11-03,SBIN,1,-1,0.5379662,0.4620338,0.5379662,0.013553921454855
2025-11-04,SBIN,1,-1,0.70295596,0.29704407,0.70295596,0.0083183599887546
2025-11-06,SBIN,1,-1,0.6913199,0.30868012,0.6913199,0.0032894864907584
2025-11-07,SBIN,1,-1,0.70792925,0.29207075,0.70792925,-0.0051001731963457
2025-11-10,SBIN,1,-1,0.6755369,0.32446313,0.6755369,-0.0049170662326045
2025-11-11,SBIN,1,-1,0.67521834,0.32478166,0.67521834,0.0022604282192533
2025-11-12,SBIN,1,-1,0.67188704,0.32811293,0.67188704,0.0040386327466359
2025-11-13,SBIN,1,-1,0.60238117,0.39761883,0.60238117,-0.0032910327601745
2025-11-14,SBIN,1,-1,0.6252631,0.37473688,0.6252631,0.0145177801122304
2025-11-18,SBIN,-1,-1,0.5424341,0.45756587,0.5424341,-0.000924608823886
2025-11-19,SBIN,-1,1,0.43133545,0.56866455,0.56866455,0.0105917893202136
2025-11-20,SBIN,-1,1,0.30228317,0.69771683,0.69771683,-0.0012210831291239
2025-11-24,SBIN,-1,1,0.25858408,0.7414159,0.7414159,-0.00205635582801
2025-11-25,SBIN,-1,1,0.28174686,0.71825314,0.71825314,0.0133937913972732
2025-11-26,SBIN,-1,1,0.3707257,0.6292743,0.6292743,0.0003050543507168
2025-11-27,SBIN,-1,1,0.2853731,0.7146269,0.7146269,-0.0112309000527004
2025-11-28,SBIN,-1,1,0.29031247,0.70968753,0.70968753,0.0063216630359055
2025-12-01,SBIN,-1,1,0.37840414,0.62159586,0.62159586,-0.006026554820552
2025-12-02,SBIN,-1,-1,0.6408978,0.3591022,0.6408978,-0.0059603549714002
2025-12-03,SBIN,1,-1,0.68840206,0.31159794,0.68840206,-0.0167993404264681
2025-12-04,SBIN,1,-1,0.721529,0.278471,0.721529,-0.0031018333921443
2025-12-05,SBIN,1,-1,0.65930486,0.34069514,0.65930486,0.0246809805754539
2025-12-08,SBIN,1,-1,0.7006366,0.29936337,0.7006366,-0.0155429757029477
2025-12-09,SBIN,1,-1,0.6433956,0.3566044,0.6433956,0.0030844819445055
2025-12-10,SBIN,1,-1,0.6487626,0.35123742,0.6487626,0.000416977310877
2025-12-15,SBIN,1,-1,0.7579814,0.24201861,0.7579814,0.0042568644317864
2025-12-16,SBIN,1,-1,0.71854615,0.28145388,0.71854615,-0.0063065501257127
2025-12-17,SBIN,1,-1,0.62593293,0.3740671,0.62593293,0.0152941515676408
2025-12-18,SBIN,1,-1,0.6717327,0.32826728,0.6717327,0.0017420939434347
2025-12-19,SBIN,1,-1,0.624445,0.37555498,0.624445,0.0028131399531088
2025-12-22,SBIN,1,1,0.39360094,0.60639906,0.60639906,-0.0061205477187596
2025-12-23,SBIN,1,1,0.48995602,0.510044,0.510044,-0.0024632830521725
2025-12-24,SBIN,1,1,0.42993033,0.5700697,0.5700697,-0.0030352900982171
2025-12-26,SBIN,1,1,0.4278134,0.5721866,0.5721866,-0.0027349927931497
2025-12-29,SBIN,1,1,0.43354034,0.56645966,0.56645966,-0.0012935695568689
2025-12-30,SBIN,1,-1,0.55732906,0.44267097,0.55732906,0.0087042244162545
2025-12-31,SBIN,1,-1,0.6952001,0.3047999,0.6952001,0.0089886690888452
2026-01-01,SBIN,1,-1,0.69661796,0.30338207,0.69661796,0.0025961833782646
2026-01-02,SBIN,1,-1,0.7489206,0.25107938,0.7489206,0.0144199372128823
2026-01-05,SBIN,1,-1,0.7843691,0.21563086,0.7843691,0.0066068885454309
2026-01-06,SBIN,1,-1,0.77884024,0.22115976,0.77884024,0.0132763385201233
2026-01-07,SBIN,1,-1,0.7180382,0.2819618,0.7180382,-0.0115320201186955
2026-01-08,SBIN,1,-1,0.63159055,0.36840945,0.63159055,-0.0090850885231629
2026-01-09,SBIN,1,-1,0.62692535,0.37307462,0.62692535,0.0025050246804234
2026-01-12,SBIN,1,-1,0.7960406,0.20395939,0.7960406,0.0146426958270218
2026-01-13,SBIN,1,-1,0.8239372,0.17606282,0.8239372,0.0131014536965328
2026-01-14,SBIN,1,-1,0.7433311,0.25666893,0.7433311,-9.721010620189484e-05
2026-01-15,SBIN,1,-1,0.6535655,0.34643444,0.6535655,0.0
2026-01-16,SBIN,-1,-1,0.6514071,0.3485929,0.6514071,0.0135654816313646
2026-01-19,SBIN,1,-1,0.7194221,0.2805779,0.7194221,-0.0037417109442153
2026-01-20,SBIN,1,-1,0.73028785,0.26971215,0.73028785,-0.0019260511947375
2026-01-21,SBIN,1,-1,0.6414809,0.35851908,0.6414809,-0.0074778211271469
2026-01-22,SBIN,1,-1,0.6659223,0.33407772,0.6659223,0.0191512568682434
2026-01-23,SBIN,1,1,0.43930328,0.5606967,0.5606967,-0.0179806290238895
2026-01-27,SBIN,1,1,0.3844087,0.6155913,0.6155913,0.0229723847578406
2026-01-28,SBIN,1,1,0.38727784,0.61272216,0.61272216,0.0098276636589904
2026-01-29,SBIN,1,1,0.43452954,0.56547046,0.56547046,0.0025386965430329
2026-01-30,SBIN,1,1,0.4972669,0.5027331,0.5027331,0.0102702193012054
2026-02-02,SBIN,1,1,0.33515263,0.6648474,0.6648474,-0.0449798771911041
2026-02-03,SBIN,1,1,0.36775476,0.63224524,0.63224524,0.0345095353586335
2026-02-04,SBIN,1,1,0.37409246,0.62590754,0.62590754,0.0037587140965908
2026-02-05,SBIN,1,1,0.37515742,0.6248426,0.6248426,0.0049616351326904
2026-02-06,SBIN,1,1,0.39609253,0.60390747,0.60390747,-0.0066138374634944
2026-02-09,SBIN,1,-1,0.5019914,0.49800864,0.5019914,0.0746436046594962
2026-02-10,SBIN,1,-1,0.5192594,0.4807406,0.5192594,-0.0016579178399723
2026-02-11,SBIN,1,-1,0.5003074,0.49969262,0.5003074,0.0339131435019033
2026-02-12,SBIN,1,-1,0.5321583,0.46784168,0.5321583,0.0080311041134537
2026-02-16,SBIN,-1,1,0.3657974,0.6342026,0.6342026,0.0079259079086764
2026-02-17,SBIN,-1,-1,0.5266968,0.4733032,0.5266968,0.0043870693525007
2026-02-18,SBIN,-1,1,0.48885846,0.51114154,0.51114154,0.0045326931425733
2026-02-19,SBIN,-1,1,0.43560946,0.56439054,0.56439054,-0.0108294588604436
2026-02-20,SBIN,-1,1,0.3357166,0.6642834,0.6642834,0.0086256627484189
2026-02-23,SBIN,-1,-1,0.5247515,0.47524852,0.5247515,0.0096209862783174
2026-02-24,SBIN,-1,1,0.44380152,0.5561985,0.5561985,-0.003665062794729
2026-02-25,SBIN,-1,1,0.3709333,0.6290667,0.6290667,-0.0189651637907897
2026-02-26,SBIN,-1,1,0.39957923,0.6004208,0.6004208,0.0078327473080044
2026-02-27,SBIN,-1,-1,0.6027179,0.39728215,0.6027179,-0.0064490243804705
2026-03-02,SBIN,-1,-1,0.5392773,0.46072266,0.5392773,-0.0098193148041116
2026-03-04,SBIN,-1,-1,0.6304904,0.36950958,0.6304904,-0.0129423596903207
2026-03-05,SBIN,-1,-1,0.62276006,0.37723997,0.62276006,-0.0042570498858022
2026-03-06,SBIN,-1,-1,0.53047717,0.46952286,0.53047717,-0.0226593341856772
2026-03-09,SBIN,-1,1,0.2803163,0.7196837,0.7196837,-0.0389325901883597
2026-03-10,SBIN,-1,1,0.43864602,0.561354,0.561354,0.0124715229618428
2026-03-11,SBIN,-1,1,0.47701877,0.5229812,0.5229812,-0.0189714408813316
2026-03-12,SBIN,-1,1,0.4517364,0.5482636,0.5482636,-0.0054073847128085
2026-03-13,SBIN,-1,1,0.42766654,0.57233346,0.57233346,-0.0352008169890294
2026-03-16,SBIN,-1,1,0.3600623,0.6399377,0.6399377,0.0188156664087091
2026-03-17,SBIN,-1,-1,0.5135434,0.48645657,0.5135434,-0.0018749523077792
2026-03-18,SBIN,-1,-1,0.53923404,0.460766,0.53923404,0.0047901446275855
2026-03-19,SBIN,-1,-1,0.5082706,0.49172938,0.5082706,-0.0195364396499281
2026-03-23,SBIN,1,1,0.40343267,0.59656733,0.59656733,-0.0246691323465915
2026-03-24,SBIN,1,1,0.441594,0.558406,0.558406,-0.0010659768817354
2026-03-27,SBIN,1,1,0.3220997,0.6779003,0.6779003,-0.0387516201700419
2026-03-30,SBIN,1,1,0.40505433,0.59494567,0.59494567,-0.0393329683429226
2026-04-01,SBIN,1,1,0.28947335,0.71052665,0.71052665,0.0392076776261847
2026-04-02,SBIN,1,-1,0.50111413,0.49888584,0.50111413,0.0005895468346335
2026-04-06,SBIN,1,1,0.27677715,0.72322285,0.72322285,0.0140906959625162
2026-04-07,SBIN,1,1,0.2998696,0.7001304,0.7001304,-0.0022754973201943
2026-04-08,SBIN,1,1,0.31350172,0.6864983,0.6864983,0.0301338809892757
2026-04-09,SBIN,1,1,0.40048438,0.5995156,0.5995156,-0.0193131999553236
2026-04-10,SBIN,1,1,0.110188425,0.8898116,0.8898116,0.0247370746801562
2026-04-13,SBIN,1,1,0.13470852,0.8652915,0.8652915,-0.0029530440597482
2026-04-15,SBIN,1,1,0.1404323,0.8595677,0.8595677,0.0074749335063575
2025-01-01,SUNPHARMA,-1,-1,0.5448721,0.4551279,0.5448721,0.0019083964447248
2025-01-02,SUNPHARMA,-1,-1,0.5090877,0.49091235,0.5090877,-0.0063228052544355
2025-01-03,SUNPHARMA,-1,-1,0.51060796,0.48939207,0.51060796,-0.0150958790713178
2025-01-06,SUNPHARMA,-1,-1,0.5608695,0.43913049,0.5608695,-0.0012165394658275
2025-01-07,SUNPHARMA,-1,-1,0.57629466,0.42370534,0.57629466,0.003247877625685
2025-01-08,SUNPHARMA,-1,-1,0.55889434,0.44110566,0.55889434,-0.0084439480333106
2025-01-10,SUNPHARMA,1,-1,0.5899004,0.4100996,0.5899004,-0.0227502941801557
2025-01-13,SUNPHARMA,1,1,0.49768627,0.50231373,0.50231373,-0.02123486987989
2025-01-14,SUNPHARMA,-1,-1,0.5697589,0.43024108,0.5697589,0.013709954333517
2025-01-15,SUNPHARMA,-1,-1,0.54896784,0.45103216,0.54896784,-0.0079056980172098
2025-01-16,SUNPHARMA,-1,-1,0.5713843,0.42861572,0.5713843,0.0036713657541309
2025-01-17,SUNPHARMA,-1,-1,0.563449,0.436551,0.563449,0.0131855052276375
2025-01-20,SUNPHARMA,-1,-1,0.6380092,0.36199084,0.6380092,-0.0046458418466031
2025-01-21,SUNPHARMA,-1,-1,0.63823867,0.36176136,0.63823867,-0.0087446557589416
2025-01-22,SUNPHARMA,-1,-1,0.64869887,0.35130113,0.64869887,0.020565062581842
2025-01-23,SUNPHARMA,-1,-1,0.65034497,0.34965506,0.65034497,0.0192612636845435
2025-01-24,SUNPHARMA,-1,-1,0.614114,0.385886,0.614114,-0.0062173027383712
2025-01-27,SUNPHARMA,-1,-1,0.5998987,0.40010133,0.5998987,-0.0193996082048986
2025-01-28,SUNPHARMA,1,1,0.48081553,0.51918447,0.51918447,-0.0455270924138354
2025-01-29,SUNPHARMA,-1,-1,0.63700974,0.3629903,0.63700974,0.0175022555315056
2025-01-30,SUNPHARMA,-1,-1,0.59683526,0.4031647,0.59683526,0.0021609222869773
2025-02-01,SUNPHARMA,-1,-1,0.6406166,0.3593834,0.6406166,-0.001003419633632
2025-02-03,SUNPHARMA,-1,-1,0.618439,0.38156098,0.618439,-0.0009182991371717
2025-02-04,SUNPHARMA,-1,-1,0.56057703,0.439423,0.56057703,0.0141617586562683
2025-02-05,SUNPHARMA,-1,-1,0.59698284,0.40301713,0.59698284,-0.0070812314524164
2025-02-06,SUNPHARMA,-1,-1,0.6085025,0.39149746,0.6085025,-0.0001434850973603
2025-02-07,SUNPHARMA,-1,-1,0.56400174,0.43599826,0.56400174,0.0044776180659791
2025-02-10,SUNPHARMA,-1,-1,0.5686502,0.4313498,0.5686502,-0.0101154474132344
2025-02-11,SUNPHARMA,-1,1,0.45822084,0.54177916,0.54177916,-0.0186767548674945
2025-02-12,SUNPHARMA,-1,-1,0.5096572,0.4903428,0.5096572,-0.0034710764898694
2025-02-13,SUNPHARMA,-1,-1,0.6628307,0.33716926,0.6628307,0.030994457483467
2025-02-14,SUNPHARMA,-1,-1,0.5994867,0.4005133,0.5994867,-0.0262547828131493
2025-02-17,SUNPHARMA,-1,-1,0.6080298,0.39197022,0.6080298,0.0080564382714019
2025-02-18,SUNPHARMA,-1,-1,0.57771045,0.42228955,0.57771045,-0.0073503281026652
2025-02-19,SUNPHARMA,-1,-1,0.5761224,0.42387757,0.5761224,-0.0146920096649532
2025-02-20,SUNPHARMA,-1,-1,0.565773,0.43422702,0.565773,-0.0043540716573101
2025-02-21,SUNPHARMA,-1,-1,0.59099746,0.40900254,0.59099746,-0.0153057829928672
2025-02-24,SUNPHARMA,1,-1,0.58181894,0.41818103,0.58181894,-0.0025855657816814
2025-02-25,SUNPHARMA,1,-1,0.56893003,0.43106994,0.56893003,-0.0157975134585097
2025-02-27,SUNPHARMA,1,-1,0.57378006,0.4262199,0.57378006,0.0210089082611286
2025-02-28,SUNPHARMA,1,1,0.49823624,0.50176376,0.50176376,-0.0329286760711757
2025-03-03,SUNPHARMA,1,1,0.40184057,0.59815943,0.59815943,-0.0051153099456476
2025-03-04,SUNPHARMA,1,-1,0.5149889,0.48501113,0.5149889,-0.0117342671536405
2025-03-05,SUNPHARMA,1,-1,0.5593797,0.44062027,0.5593797,0.0101818413023364
2025-03-06,SUNPHARMA,1,-1,0.53663665,0.46336335,0.53663665,0.0199375174586091
2025-03-07,SUNPHARMA,1,-1,0.6489953,0.35100472,0.6489953,-0.0029119894567163
2025-03-10,SUNPHARMA,1,-1,0.6787004,0.3212996,0.6787004,0.001366951694657
2025-03-11,SUNPHARMA,1,-1,0.67938095,0.32061905,0.67938095,0.0271797081840581
2025-03-12,SUNPHARMA,1,-1,0.68491066,0.31508932,0.68491066,0.0130188061999789
2025-03-13,SUNPHARMA,1,-1,0.65825486,0.34174517,0.65825486,0.0039359509296259
2025-03-19,SUNPHARMA,1,1,0.42310077,0.57689923,0.57689923,0.0164583322182849
2025-03-20,SUNPHARMA,-1,1,0.3401575,0.6598425,0.6598425,0.0103328274353848
2025-03-21,SUNPHARMA,-1,1,0.32181627,0.67818373,0.67818373,0.0195685936783829
2025-03-24,SUNPHARMA,-1,1,0.33112192,0.6688781,0.6688781,0.0001681331459784
2025-03-25,SUNPHARMA,-1,1,0.3238871,0.6761129,0.6761129,-0.0112337434153165
2025-03-26,SUNPHARMA,-1,1,0.31494486,0.68505514,0.68505514,-0.003286649816064
2025-03-27,SUNPHARMA,-1,1,0.36977732,0.6302227,0.6302227,-0.0156343502426073
2025-03-28,SUNPHARMA,-1,1,0.34765536,0.65234464,0.65234464,0.0018770836956778
2025-04-01,SUNPHARMA,1,1,0.43860722,0.5613928,0.5613928,-0.0209545867888309
2025-04-02,SUNPHARMA,1,1,0.3808031,0.6191969,0.6191969,0.0090087363403728
2025-04-03,SUNPHARMA,-1,1,0.36773378,0.6322662,0.6322662,0.0328830169954992
2025-04-04,SUNPHARMA,1,1,0.35471928,0.6452807,0.6452807,-0.034265566830875
2025-04-07,SUNPHARMA,1,1,0.22869873,0.77130127,0.77130127,-0.025155742352711
2025-04-08,SUNPHARMA,1,1,0.30573398,0.694266,0.694266,0.0132025569495919
2025-04-09,SUNPHARMA,1,1,0.45024925,0.54975075,0.54975075,-0.021411497864472
2025-04-11,SUNPHARMA,1,-1,0.51554585,0.48445413,0.51554585,0.0213957736529708
2025-04-15,SUNPHARMA,1,-1,0.5321406,0.46785942,0.5321406,0.0103403745897681
2025-04-16,SUNPHARMA,1,-1,0.62691575,0.37308425,0.62691575,-0.0069794827585708
2025-04-17,SUNPHARMA,1,-1,0.5149337,0.48506626,0.5149337,0.0344929715344852
2025-04-21,SUNPHARMA,1,1,0.4970526,0.5029474,0.5029474,-0.0037681280593475
2025-04-22,SUNPHARMA,1,1,0.43695402,0.563046,0.563046,0.0014327423844984
2025-04-23,SUNPHARMA,-1,-1,0.5894195,0.41058052,0.5894195,0.0236923141171918
2025-04-24,SUNPHARMA,-1,-1,0.59104013,0.4089599,0.59104013,0.0084414395032466
2025-04-25,SUNPHARMA,-1,-1,0.5010917,0.49890828,0.5010917,-0.009146847301668
2025-04-28,SUNPHARMA,-1,-1,0.56254405,0.43745595,0.56254405,0.0303233435739178
2025-04-29,SUNPHARMA,-1,-1,0.63878196,0.36121804,0.63878196,-0.0196025500135811
2025-04-30,SUNPHARMA,-1,-1,0.6100956,0.38990435,0.6100956,0.0148436029453984
2025-05-02,SUNPHARMA,-1,1,0.48125017,0.51874983,0.51874983,-0.0042023904501474
2025-05-05,SUNPHARMA,-1,-1,0.5435102,0.4564898,0.5435102,0.0065767094847286
2025-05-06,SUNPHARMA,-1,1,0.46359658,0.5364034,0.5364034,-0.0095284476517286
2025-05-07,SUNPHARMA,-1,1,0.36757964,0.63242036,0.63242036,-0.0207795294969707
2025-05-08,SUNPHARMA,-1,1,0.28914613,0.7108539,0.7108539,-0.0079156235195314
2025-05-09,SUNPHARMA,-1,1,0.3896706,0.6103294,0.6103294,-0.0126752582051293
2025-05-13,SUNPHARMA,-1,1,0.22062802,0.779372,0.779372,0.0081841216839821
2025-05-14,SUNPHARMA,-1,1,0.32983047,0.67016953,0.67016953,0.0048234650651726
2025-05-15,SUNPHARMA,-1,1,0.3119607,0.6880393,0.6880393,0.0186746751467998
2025-05-16,SUNPHARMA,-1,1,0.34461647,0.6553835,0.6553835,-0.0029882907372267
2025-05-19,SUNPHARMA,-1,1,0.30235845,0.69764155,0.69764155,-0.0027092035545489
2025-05-20,SUNPHARMA,-1,1,0.24916714,0.75083286,0.75083286,-0.0129463868105402
2025-05-21,SUNPHARMA,-1,1,0.26708913,0.7329109,0.7329109,0.0140531527890057
2025-05-22,SUNPHARMA,-1,1,0.26921463,0.73078537,0.73078537,-0.0075644713988043
2025-05-26,SUNPHARMA,1,1,0.47007477,0.5299252,0.5299252,-0.0044547263531515
2025-05-28,SUNPHARMA,1,1,0.2477144,0.7522856,0.7522856,-0.0100985936614887
2025-05-29,SUNPHARMA,-1,1,0.36492646,0.63507354,0.63507354,0.0200432073126213
2025-06-03,SUNPHARMA,-1,1,0.3765188,0.6234812,0.6234812,-0.0042398027363282
2025-06-04,SUNPHARMA,-1,1,0.34726727,0.65273273,0.65273273,-0.001559197922331
2025-06-05,SUNPHARMA,-1,1,0.45784092,0.5421591,0.5421591,0.0109315777970344
2025-06-06,SUNPHARMA,-1,-1,0.52464306,0.4753569,0.52464306,-0.0023171194538869
2025-06-09,SUNPHARMA,-1,1,0.34882557,0.6511744,0.6511744,0.0090519398073054
2025-06-10,SUNPHARMA,-1,1,0.28552604,0.71447396,0.71447396,-0.0033049625071649
2025-06-11,SUNPHARMA,-1,1,0.41075784,0.58924216,0.58924216,0.0010657458863565
2025-06-12,SUNPHARMA,-1,1,0.3595519,0.6404481,0.6404481,-0.0018927638004456
2025-06-16,SUNPHARMA,-1,1,0.17657244,0.82342756,0.82342756,-0.0014812865063139
2025-06-17,SUNPHARMA,1,1,0.17986429,0.8201357,0.8201357,-0.0208272167596678
2025-06-18,SUNPHARMA,1,1,0.2047956,0.7952044,0.7952044,-0.0013331467859075
2025-06-19,SUNPHARMA,1,1,0.16011822,0.8398818,0.8398818,-0.0002427206978149
2025-06-20,SUNPHARMA,1,1,0.23754561,0.7624544,0.7624544,0.0106215525012622
2025-06-23,SUNPHARMA,1,1,0.26859218,0.7314078,0.7314078,-0.0015614451851825
2025-06-24,SUNPHARMA,1,1,0.23884529,0.7611547,0.7611547,-0.0004812815866528
2025-06-27,SUNPHARMA,-1,1,0.21089971,0.7891003,0.7891003,0.0106599473044952
2025-06-30,SUNPHARMA,1,1,0.19867724,0.80132276,0.80132276,-0.0070514446192286
2025-07-01,SUNPHARMA,1,1,0.17156667,0.82843333,0.82843333,-0.0050725357308634
2025-07-02,SUNPHARMA,1,1,0.17563087,0.82436913,0.82436913,0.0061780251347243
2025-07-03,SUNPHARMA,1,1,0.17671609,0.8232839,0.8232839,0.0013114508833831
2025-07-04,SUNPHARMA,1,1,0.15607321,0.8439268,0.8439268,-0.0020240064186982
2025-07-07,SUNPHARMA,1,1,0.14051956,0.85948044,0.85948044,0.0054464128203697
2025-07-09,SUNPHARMA,1,1,0.27207625,0.72792375,0.72792375,-0.0018534904366842
2025-07-10,SUNPHARMA,1,1,0.2697087,0.7302913,0.7302913,-0.0041332952197702
2025-07-11,SUNPHARMA,1,1,0.2584234,0.7415766,0.7415766,0.0057143055624429
2025-07-14,SUNPHARMA,1,1,0.17582834,0.82417166,0.82417166,0.0063397293995535
2025-07-15,SUNPHARMA,-1,1,0.30151534,0.69848466,0.69848466,0.0266848972975342
2025-07-16,SUNPHARMA,1,1,0.24149346,0.75850654,0.75850654,-0.0153400908242165
2025-07-18,SUNPHARMA,-1,1,0.1703279,0.8296721,0.8296721,-0.0057532374402724
2025-07-21,SUNPHARMA,-1,1,0.24179506,0.75820494,0.75820494,-0.0007675326437146
2025-07-22,SUNPHARMA,-1,1,0.24095422,0.7590458,0.7590458,-0.0084500702417987
2025-07-23,SUNPHARMA,-1,1,0.34791023,0.6520898,0.6520898,0.0026817578085529
2025-07-24,SUNPHARMA,-1,1,0.3404451,0.6595549,0.6595549,0.005646379028144
2025-07-25,SUNPHARMA,-1,1,0.38662332,0.6133767,0.6133767,0.0041371223625064
2025-07-28,SUNPHARMA,-1,1,0.22429937,0.7757006,0.7757006,0.0018833729065337
2025-07-29,SUNPHARMA,-1,1,0.14864111,0.8513589,0.8513589,0.0048761312810794
2025-07-30,SUNPHARMA,-1,1,0.16250974,0.83749026,0.83749026,0.0136217673604233
2025-07-31,SUNPHARMA,-1,1,0.14148766,0.85851234,0.85851234,-0.0156304476366433
2025-08-04,SUNPHARMA,-1,1,0.19015062,0.8098494,0.8098494,0.0073019087267063
2025-08-06,SUNPHARMA,1,1,0.15106899,0.848931,0.848931,-0.0226089166458519
2025-08-07,SUNPHARMA,1,1,0.18574345,0.81425655,0.81425655,0.0020060014449063
2025-08-08,SUNPHARMA,1,1,0.18164188,0.8183581,0.8183581,-0.0071946952958146
2025-08-12,SUNPHARMA,-1,1,0.2141996,0.7858004,0.7858004,0.0085798791029882
2025-08-13,SUNPHARMA,-1,1,0.1916607,0.8083393,0.8083393,0.0108495636241132
2025-08-14,SUNPHARMA,-1,1,0.2178815,0.7821185,0.7821185,0.0009756831467857
2025-08-18,SUNPHARMA,-1,1,0.22661448,0.7733855,0.7733855,-0.0053003959409465
2025-08-19,SUNPHARMA,-1,1,0.21362197,0.786378,0.786378,-0.0037361658430505
2025-08-20,SUNPHARMA,-1,1,0.3138368,0.6861632,0.6861632,0.003996115146126
2025-08-21,SUNPHARMA,-1,1,0.2694527,0.7305473,0.7305473,0.0043474980050048
2025-08-22,SUNPHARMA,-1,1,0.29873127,0.70126873,0.70126873,0.0009755951400021
2025-08-25,SUNPHARMA,-1,1,0.1920855,0.8079145,0.8079145,0.0090753271913182
2025-08-28,SUNPHARMA,1,1,0.15634888,0.8436511,0.8436511,-0.0091233430965715
2025-08-29,SUNPHARMA,1,1,0.13920838,0.8607916,0.8607916,0.0055496505637824
2025-09-01,SUNPHARMA,1,1,0.09666133,0.9033387,0.9033387,-0.0195672732363921
2025-09-02,SUNPHARMA,1,1,0.1985051,0.8014949,0.8014949,0.0012153504483136
2025-09-03,SUNPHARMA,1,1,0.17178142,0.8282186,0.8282186,0.0086250760045671
2025-09-04,SUNPHARMA,1,1,0.22212297,0.77787703,0.77787703,0.002280445448775
2025-09-05,SUNPHARMA,1,1,0.17236072,0.8276393,0.8276393,0.0071414117711734
2025-09-08,SUNPHARMA,1,1,0.28094798,0.719052,0.719052,-0.0079066239225468
2025-09-09,SUNPHARMA,1,1,0.26447922,0.7355208,0.7355208,0.0067678927295724
2025-09-10,SUNPHARMA,1,1,0.32518113,0.6748189,0.6748189,0.0010680774520952
2025-09-11,SUNPHARMA,1,1,0.28413814,0.71586186,0.71586186,0.0102296341475638
2025-09-12,SUNPHARMA,-1,1,0.27726895,0.72273105,0.72273105,0.0042865134273735
2025-09-15,SUNPHARMA,-1,1,0.38108492,0.6189151,0.6189151,-0.009031277994503
2025-09-16,SUNPHARMA,-1,1,0.4029187,0.5970813,0.5970813,0.005305898065218
2025-09-17,SUNPHARMA,1,1,0.4265951,0.5734049,0.5734049,0.0060229313715085
2025-09-18,SUNPHARMA,-1,-1,0.544696,0.455304,0.544696,0.0175286785837405
2025-09-24,SUNPHARMA,1,1,0.48655695,0.51344305,0.51344305,-0.0025134545515898
2025-09-25,SUNPHARMA,1,1,0.4383027,0.5616973,0.5616973,0.000184396826804
2025-09-26,SUNPHARMA,1,1,0.32830083,0.67169917,0.67169917,-0.025009248340206
2025-09-29,SUNPHARMA,1,1,0.41298634,0.58701366,0.58701366,0.0016387188305233
2025-09-30,SUNPHARMA,1,1,0.3802349,0.6197651,0.6197651,0.0031459887194329
2025-10-01,SUNPHARMA,1,1,0.46048832,0.5395117,0.5395117,0.0262810842761158
2025-10-03,SUNPHARMA,1,-1,0.55072474,0.44927523,0.55072474,-0.0030558875394939
2025-10-06,SUNPHARMA,1,-1,0.64701366,0.35298634,0.64701366,0.0144066062955521
2025-10-07,SUNPHARMA,1,-1,0.6777497,0.3222503,0.6777497,-0.0009669717841449
2025-10-08,SUNPHARMA,1,-1,0.70784783,0.2921522,0.70784783,-0.013005846614534
2025-10-09,SUNPHARMA,1,-1,0.7316158,0.26838422,0.7316158,0.0164869150177215
2025-10-10,SUNPHARMA,1,-1,0.75746846,0.24253157,0.75746846,0.0074766198670144
2025-10-13,SUNPHARMA,1,-1,0.776986,0.22301401,0.776986,-0.0014962125557145
2025-10-14,SUNPHARMA,1,-1,0.68804085,0.31195915,0.68804085,-0.0083912129941078
2025-10-15,SUNPHARMA,1,-1,0.7169676,0.28303242,0.7169676,0.0004230850721818
2025-10-16,SUNPHARMA,1,-1,0.7004943,0.29950568,0.7004943,0.002356308041957
2025-10-17,SUNPHARMA,1,-1,0.76908356,0.23091643,0.76908356,0.0121157690366215
2025-10-27,SUNPHARMA,1,1,0.24642044,0.75357956,0.75357956,-0.0031783906461363
2025-10-28,SUNPHARMA,1,1,0.2173534,0.7826466,0.7826466,-0.0038970055345052
2025-10-29,SUNPHARMA,1,1,0.396331,0.603669,0.603669,0.0171310125796826
2025-10-30,SUNPHARMA,1,1,0.32877553,0.6712245,0.6712245,-0.0072847979436819
2025-10-31,SUNPHARMA,1,1,0.317591,0.682409,0.682409,-0.0074557525666475
2025-11-03,SUNPHARMA,1,1,0.27082402,0.729176,0.729176,0.0092861431428608
2025-11-04,SUNPHARMA,1,1,0.42537272,0.5746273,0.5746273,-0.0096108242933724
2025-11-06,SUNPHARMA,1,1,0.40337342,0.5966266,0.5966266,-0.0024260766710311
2025-11-07,SUNPHARMA,1,1,0.46087986,0.53912014,0.53912014,0.0032623368476301
2025-11-10,SUNPHARMA,1,-1,0.5260637,0.47393635,0.5260637,0.0037838890921193
2025-11-11,SUNPHARMA,1,-1,0.50761557,0.49238443,0.50761557,0.0107786489456431
2025-11-12,SUNPHARMA,1,-1,0.5780457,0.42195427,0.5780457,0.0093234602662555
2025-11-13,SUNPHARMA,1,-1,0.5625925,0.43740746,0.5625925,0.0030598419454059
2025-11-14,SUNPHARMA,1,1,0.45931786,0.54068214,0.54068214,0.011338792288255
2025-11-17,SUNPHARMA,1,1,0.40948486,0.59051514,0.59051514,0.0038700073035498
2025-11-18,SUNPHARMA,1,1,0.45527244,0.54472756,0.54472756,-0.0028912812362192
2025-11-19,SUNPHARMA,1,1,0.34688103,0.65311897,0.65311897,0.0143847385788797
2025-11-20,SUNPHARMA,1,1,0.36757654,0.63242346,0.63242346,-0.0037553144506849
2025-11-21,SUNPHARMA,1,1,0.31500965,0.68499035,0.68499035,0.0012939558939313
2025-11-24,SUNPHARMA,1,1,0.33982652,0.6601735,0.6601735,0.0006181477947608
2025-11-26,SUNPHARMA,-1,1,0.420124,0.579876,0.579876,0.0158149793321709
2025-11-28,SUNPHARMA,-1,1,0.3645646,0.6354354,0.6354354,0.0117659738350064
2025-12-01,SUNPHARMA,-1,1,0.4741307,0.5258693,0.5258693,-0.013212428803237
2025-12-02,SUNPHARMA,-1,-1,0.5738698,0.42613018,0.5738698,-0.0043709787675118
2025-12-03,SUNPHARMA,-1,-1,0.600611,0.39938903,0.600611,0.0040011295636241
2025-12-04,SUNPHARMA,-1,-1,0.61907965,0.38092035,0.61907965,0.0064205520774409
2025-12-05,SUNPHARMA,-1,-1,0.66331995,0.33668005,0.66331995,-0.0071494886947967
2025-12-08,SUNPHARMA,-1,-1,0.6218597,0.37814027,0.6218597,-0.0050407756534626
2025-12-09,SUNPHARMA,-1,-1,0.7150292,0.28497082,0.7150292,-0.011245934797382
2025-12-10,SUNPHARMA,-1,-1,0.67885935,0.32114068,0.67885935,0.0053490482075697
2025-12-11,SUNPHARMA,-1,-1,0.6866535,0.3133465,0.6866535,0.0121534506031206
2025-12-12,SUNPHARMA,-1,-1,0.5994164,0.4005836,0.5994164,-0.0075807828317765
2025-12-15,SUNPHARMA,-1,-1,0.628297,0.37170303,0.628297,0.0020072575296818
2025-12-16,SUNPHARMA,-1,-1,0.69754404,0.30245596,0.69754404,-0.0087919255231653
2025-12-17,SUNPHARMA,-1,-1,0.60491914,0.39508086,0.60491914,0.0065121043724503
2025-12-18,SUNPHARMA,-1,-1,0.58821404,0.41178596,0.58821404,-0.0262145055804136
2025-12-19,SUNPHARMA,-1,-1,0.5351448,0.46485522,0.5351448,-0.0005727613451468
2025-12-22,SUNPHARMA,-1,1,0.44023353,0.5597665,0.5597665,0.0142701349559442
2025-12-23,SUNPHARMA,1,1,0.46669227,0.53330773,0.53330773,-0.007854001407325
2025-12-24,SUNPHARMA,1,1,0.4901876,0.5098124,0.5098124,-0.0107636722196651
2025-12-26,SUNPHARMA,1,1,0.49909693,0.50090307,0.50090307,-0.0100748574605898
2025-12-29,SUNPHARMA,1,-1,0.5441389,0.4558611,0.5441389,-0.0013376696666879
2025-12-31,SUNPHARMA,-1,1,0.36393148,0.6360685,0.6360685,-0.0002906949544998
2026-01-01,SUNPHARMA,-1,1,0.49210566,0.50789434,0.50789434,0.0008141111067687
2026-01-02,SUNPHARMA,-1,1,0.49615407,0.50384593,0.50384593,0.0040090643688979
2026-01-05,SUNPHARMA,-1,-1,0.6114609,0.38853905,0.6114609,0.0005208890294485
2026-01-06,SUNPHARMA,-1,-1,0.67261946,0.3273805,0.67261946,0.0181039419284407
2026-01-07,SUNPHARMA,-1,-1,0.62212765,0.37787238,0.62212765,0.0127258612294312
2026-01-08,SUNPHARMA,-1,1,0.35701013,0.6429899,0.6429899,-0.0122854295523693
2026-01-09,SUNPHARMA,-1,1,0.34435666,0.65564334,0.65564334,-0.0174930285377423
2026-01-12,SUNPHARMA,-1,1,0.44460917,0.55539083,0.55539083,0.003526166165751
2026-01-13,SUNPHARMA,-1,1,0.49970955,0.50029045,0.50029045,-0.0042050941683902
2026-01-14,SUNPHARMA,-1,-1,0.5231629,0.4768371,0.5231629,-0.0161970980616857
2026-01-15,SUNPHARMA,-1,1,0.42071378,0.5792862,0.5792862,0.0
2026-01-16,SUNPHARMA,-1,1,0.41306704,0.58693296,0.58693296,-0.018698159500161
2026-01-19,SUNPHARMA,1,1,0.46232808,0.5376719,0.5376719,0.0038947556111528
2026-01-20,SUNPHARMA,1,-1,0.5188653,0.4811347,0.5188653,-0.0367673103066535
2026-01-21,SUNPHARMA,1,-1,0.5366129,0.46338707,0.5366129,-0.0005576734033105
2026-01-22,SUNPHARMA,1,1,0.38545287,0.61454713,0.61454713,0.0132059904614727
2026-01-23,SUNPHARMA,1,1,0.4731555,0.5268445,0.5268445,-0.0014074165741044
2026-01-27,SUNPHARMA,1,1,0.35074633,0.64925367,0.64925367,0.0042894853776989
2026-01-28,SUNPHARMA,1,1,0.28981054,0.71018946,0.71018946,-0.0172677262988391
2026-01-29,SUNPHARMA,1,1,0.42258513,0.5774149,0.5774149,-0.0132247738594336
2026-01-30,SUNPHARMA,1,-1,0.5561979,0.44380215,0.5561979,0.0037751864633195
2026-02-02,SUNPHARMA,1,-1,0.5336018,0.46639818,0.5336018,0.0204350559142179
2026-02-03,SUNPHARMA,1,1,0.4842366,0.5157634,0.5157634,0.0455801607433834
2026-02-04,SUNPHARMA,1,-1,0.5303862,0.4696138,0.5303862,0.0013512720472268
2026-02-06,SUNPHARMA,1,-1,0.6056031,0.39439693,0.6056031,-0.0044050276680045
2026-02-09,SUNPHARMA,1,-1,0.69464684,0.30535316,0.69464684,0.0056043892023043
2026-02-10,SUNPHARMA,1,-1,0.7022236,0.2977764,0.7022236,0.0018773162548517
2026-02-11,SUNPHARMA,1,-1,0.6951978,0.30480215,0.6951978,0.0019322676328981
2026-02-12,SUNPHARMA,1,-1,0.66767347,0.3323265,0.66767347,0.0022208222093065
2026-02-13,SUNPHARMA,1,-1,0.6929772,0.3070228,0.6929772,-0.0101463783114748
2026-02-16,SUNPHARMA,1,1,0.46538466,0.53461534,0.53461534,0.0017673048600883
2026-02-17,SUNPHARMA,1,-1,0.6094138,0.3905862,0.6094138,0.0097618203974934
2026-02-18,SUNPHARMA,1,-1,0.5691676,0.4308324,0.5691676,0.0042513825239756
2026-02-19,SUNPHARMA,1,-1,0.5262405,0.47375947,0.5262405,-0.0063790302970667
2026-02-20,SUNPHARMA,1,1,0.477794,0.522206,0.522206,0.0064199835667457
2026-02-23,SUNPHARMA,1,1,0.49359393,0.50640607,0.50640607,0.0045813177349882
2026-02-24,SUNPHARMA,1,1,0.4963662,0.5036338,0.5036338,-0.0002886336003616
2026-02-25,SUNPHARMA,1,1,0.48430228,0.5156977,0.5156977,0.0187088009182552
2026-02-26,SUNPHARMA,1,1,0.45086676,0.54913324,0.54913324,0.0121868272276726
2026-02-27,SUNPHARMA,1,-1,0.5353743,0.46462575,0.5353743,-0.0272721915795066
2026-03-02,SUNPHARMA,1,1,0.48824972,0.5117503,0.5117503,0.008923431203224
2026-03-04,SUNPHARMA,1,-1,0.6159669,0.38403308,0.6159669,-0.0011412268188302
2026-03-05,SUNPHARMA,-1,-1,0.5706252,0.4293748,0.5706252,0.0194230219937161
2026-03-06,SUNPHARMA,-1,-1,0.5607147,0.4392853,0.5607147,0.008349691462069
2026-03-09,SUNPHARMA,-1,-1,0.6042714,0.39572862,0.6042714,0.0044459263595959
2026-03-10,SUNPHARMA,-1,-1,0.6300137,0.36998633,0.6300137,0.0029877306302532
2026-03-11,SUNPHARMA,-1,-1,0.6374043,0.3625957,0.6374043,0.0072263764524973
2026-03-12,SUNPHARMA,-1,-1,0.5999027,0.4000973,0.5999027,-0.0003285916961034
2026-03-13,SUNPHARMA,-1,-1,0.531779,0.468221,0.531779,-0.0129842067650211
2026-03-16,SUNPHARMA,-1,1,0.411709,0.588291,0.588291,-0.0102131575618379
2026-03-17,SUNPHARMA,-1,-1,0.5431249,0.45687512,0.5431249,0.0062808846729875
2026-03-18,SUNPHARMA,-1,-1,0.55928123,0.4407188,0.55928123,-0.0089723447207346
2026-03-19,SUNPHARMA,-1,1,0.49492466,0.50507534,0.50507534,-0.0190631634050745
2026-03-20,SUNPHARMA,-1,-1,0.5787955,0.4212045,0.5787955,0.0187456722736854
2026-03-23,SUNPHARMA,-1,1,0.473341,0.526659,0.526659,-0.0105227344712045
2026-03-24,SUNPHARMA,-1,1,0.42650414,0.57349586,0.57349586,-0.0029003500427252
2026-03-25,SUNPHARMA,-1,-1,0.51989853,0.4801015,0.51989853,0.0240118487500622
2026-03-27,SUNPHARMA,-1,1,0.41295046,0.58704954,0.58704954,-0.0010025892857568
2026-03-30,SUNPHARMA,-1,-1,0.57626426,0.42373577,0.57626426,-0.0202943939058491
2026-04-01,SUNPHARMA,-1,1,0.45323557,0.54676443,0.54676443,-0.0163327748516809
2026-04-02,SUNPHARMA,-1,-1,0.5183851,0.4816149,0.5183851,-0.0201909311044619
2026-04-06,SUNPHARMA,-1,1,0.4596969,0.5403031,0.5403031,0.0005904582040714
2026-04-07,SUNPHARMA,-1,-1,0.53949463,0.46050537,0.53949463,0.0138085829996377
2026-04-08,SUNPHARMA,-1,-1,0.55124086,0.44875914,0.55124086,-0.0019790596123763
2026-04-09,SUNPHARMA,-1,-1,0.7161554,0.28384462,0.7161554,0.0014580660419907
2026-04-10,SUNPHARMA,1,1,0.29142743,0.70857257,0.70857257,-0.0362238378989261
2026-04-13,SUNPHARMA,1,1,0.29649276,0.70350724,0.70350724,-0.001631562754459
2026-04-15,SUNPHARMA,1,1,0.33464998,0.66535,0.66535,0.0268732754667921
2026-04-16,SUNPHARMA,1,1,0.3312096,0.6687904,0.6687904,-0.0020629494579541
2025-01-01,TATASTEEL,-1,-1,0.6265661,0.3734339,0.6265661,-0.0094892403246396
2025-01-02,TATASTEEL,-1,1,0.44945878,0.5505412,0.5505412,0.0105307981310402
2025-01-03,TATASTEEL,-1,1,0.44230074,0.55769926,0.55769926,0.0013026885126896
2025-01-07,TATASTEEL,-1,-1,0.66428256,0.33571744,0.66428256,0.0090786491794108
2025-01-08,TATASTEEL,-1,-1,0.5967259,0.40327412,0.5967259,-0.0055481229896365
2025-01-10,TATASTEEL,1,-1,0.59005046,0.40994957,0.59005046,-0.0192410432325139
2025-01-13,TATASTEEL,1,-1,0.60536265,0.39463735,0.60536265,-0.0353135394412527
2025-01-14,TATASTEEL,1,-1,0.56508815,0.43491188,0.56508815,0.032538847480551
2025-01-15,TATASTEEL,1,-1,0.51415277,0.48584726,0.51415277,-0.0031513436574273
2025-01-16,TATASTEEL,1,1,0.43643934,0.56356066,0.56356066,0.0101161916017757
2025-01-17,TATASTEEL,1,1,0.38002986,0.61997014,0.61997014,0.0193255666183806
2025-01-20,TATASTEEL,1,1,0.4561742,0.5438258,0.5438258,0.0105926129412079
2025-01-21,TATASTEEL,1,-1,0.5394399,0.46056008,0.5394399,-0.0148869137026519
2025-01-22,TATASTEEL,1,1,0.42706257,0.5729374,0.5729374,-0.0060138610268746
2025-01-23,TATASTEEL,1,1,0.4935159,0.5064841,0.5064841,0.011247271496706
2025-01-24,TATASTEEL,1,1,0.43767655,0.56232345,0.56232345,-0.0048323079780091
2025-01-27,TATASTEEL,1,1,0.3701234,0.6298766,0.6298766,-0.0259750614809576
2025-01-28,TATASTEEL,1,1,0.39849603,0.60150397,0.60150397,0.0178047831163776
2025-01-31,TATASTEEL,1,1,0.46442926,0.53557074,0.53557074,0.0266931404098793
2025-02-01,TATASTEEL,1,1,0.47913045,0.52086955,0.52086955,-0.0122567100470921
2025-02-03,TATASTEEL,1,-1,0.5104792,0.48952076,0.5104792,-0.0086484658391
2025-02-05,TATASTEEL,1,-1,0.5258521,0.47414792,0.5258521,0.0073452677256575
2025-02-06,TATASTEEL,1,-1,0.53057563,0.46942437,0.53057563,-0.013839397693426
2025-02-07,TATASTEEL,1,-1,0.5358515,0.46414852,0.5358515,0.0435341287678374
2025-02-10,TATASTEEL,1,-1,0.52108574,0.47891423,0.52108574,-0.030872740684761
2025-02-11,TATASTEEL,1,1,0.2963615,0.7036385,0.7036385,-0.02931955073562
2025-02-12,TATASTEEL,1,1,0.39351153,0.60648847,0.60648847,0.0166782307280162
2025-02-14,TATASTEEL,1,1,0.432325,0.567675,0.567675,-0.0130642612302153
2025-02-17,TATASTEEL,1,1,0.4565702,0.5434298,0.5434298,-0.0013386293262472
2025-02-18,TATASTEEL,1,1,0.40223616,0.59776384,0.59776384,0.0018615703281734
2025-02-19,TATASTEEL,1,1,0.4210974,0.5789026,0.5789026,0.0090679546476923
2025-02-20,TATASTEEL,1,1,0.4418382,0.5581618,0.5581618,0.0167943579367335
2025-02-21,TATASTEEL,1,-1,0.5296639,0.4703361,0.5296639,0.0197044825333623
2025-02-24,TATASTEEL,1,1,0.45455503,0.54544497,0.54544497,-0.0220943287576926
2025-02-25,TATASTEEL,1,1,0.39940482,0.6005952,0.6005952,-0.0042135119833374
2025-02-27,TATASTEEL,1,-1,0.5842596,0.41574034,0.5842596,0.0118186825360933
2025-02-28,TATASTEEL,1,-1,0.5486755,0.45132452,0.5486755,-0.0107433495386708
2025-03-03,TATASTEEL,1,-1,0.5368549,0.46314508,0.5368549,0.0099855120791474
2025-03-04,TATASTEEL,1,-1,0.52727914,0.4727209,0.52727914,0.0055566767620323
2025-03-05,TATASTEEL,1,-1,0.530172,0.469828,0.530172,0.048514396693472
2025-03-06,TATASTEEL,1,-1,0.52316755,0.47683245,0.52316755,0.0297057437909122
2025-03-07,TATASTEEL,1,-1,0.6334635,0.36653653,0.6334635,0.0074447667681105
2025-03-10,TATASTEEL,1,-1,0.6890483,0.31095174,0.6890483,-0.0033649348669109
2025-03-11,TATASTEEL,1,-1,0.715323,0.28467706,0.715323,-0.0019861232905699
2025-03-12,TATASTEEL,1,-1,0.65327823,0.34672174,0.65327823,-0.0029850619499531
2025-03-13,TATASTEEL,1,-1,0.6342423,0.3657577,0.6342423,0.003858985431226
2025-03-17,TATASTEEL,1,1,0.49864656,0.50135344,0.50135344,0.0061637847350004
2025-03-18,TATASTEEL,1,1,0.49564624,0.50435376,0.50435376,0.0
2025-03-19,TATASTEEL,-1,-1,0.6053909,0.3946091,0.6053909,0.0447270093026428
2025-03-20,TATASTEEL,-1,-1,0.6978489,0.3021511,0.6978489,0.0027742061249524
2025-03-21,TATASTEEL,-1,-1,0.601264,0.39873603,0.601264,-0.0110664193302555
2025-03-24,TATASTEEL,-1,-1,0.64443547,0.35556453,0.64443547,0.0072481760672986
2025-03-25,TATASTEEL,-1,-1,0.56582737,0.43417266,0.56582737,-0.0106677655983459
2025-03-26,TATASTEEL,-1,1,0.46710485,0.53289515,0.53289515,-0.0058699580966348
2025-03-27,TATASTEEL,-1,1,0.4546057,0.5453943,0.5453943,-0.0025030914085849
2025-03-28,TATASTEEL,-1,-1,0.52973104,0.47026896,0.52973104,-0.0075923164190548
2025-04-01,TATASTEEL,-1,1,0.36195308,0.6380469,0.6380469,-0.0072614521649003
2025-04-02,TATASTEEL,-1,-1,0.50234735,0.49765265,0.50234735,0.0102534257457487
2025-04-03,TATASTEEL,-1,1,0.44164014,0.55835986,0.55835986,-0.0069171138457047
2025-04-07,TATASTEEL,1,1,0.3492139,0.6507861,0.6507861,-0.0777120819048096
2025-04-08,TATASTEEL,1,1,0.43986285,0.56013715,0.56013715,0.0061786217360451
2025-04-09,TATASTEEL,1,-1,0.62843853,0.37156147,0.62843853,-0.0237949358155661
2025-04-11,TATASTEEL,1,-1,0.5892867,0.41071334,0.5892867,0.0490643006613689
2025-04-15,TATASTEEL,1,-1,0.5489886,0.4510114,0.5489886,0.0224105450153073
2025-04-16,TATASTEEL,1,-1,0.6912997,0.30870035,0.6912997,0.0041051794995832
2025-04-17,TATASTEEL,1,1,0.43787527,0.5621247,0.5621247,0.0012411222198156
2025-04-21,TATASTEEL,1,-1,0.5293131,0.47068694,0.5293131,0.014875346515861
2025-04-22,TATASTEEL,1,1,0.28479677,0.7152032,0.7152032,-0.0073286008512544
2025-04-23,TATASTEEL,1,-1,0.5314978,0.46850222,0.5314978,0.0217139002889994
2025-04-25,TATASTEEL,1,-1,0.55279285,0.44720715,0.55279285,-0.0188666504694651
2025-04-28,TATASTEEL,1,-1,0.5727689,0.42723104,0.5727689,0.0231905131405822
2025-04-29,TATASTEEL,1,-1,0.76369977,0.2363002,0.76369977,-0.0040120824085947
2025-04-30,TATASTEEL,1,-1,0.5307548,0.4692452,0.5307548,-0.0100354082475935
2025-05-02,TATASTEEL,1,-1,0.5378876,0.4621124,0.5378876,0.0094231770740442
2025-05-05,TATASTEEL,1,-1,0.56918013,0.4308199,0.56918013,0.0048090641732725
2025-05-06,TATASTEEL,1,-1,0.5616597,0.4383403,0.5616597,0.0166104398462407
2025-05-07,TATASTEEL,1,1,0.49118584,0.50881416,0.50881416,0.0108003007038259
2025-05-08,TATASTEEL,1,1,0.4376486,0.5623514,0.5623514,-0.015958903142648
2025-05-09,TATASTEEL,1,1,0.48077685,0.51922315,0.51922315,-0.0061947715380472
2025-05-12,TATASTEEL,1,1,0.46682078,0.5331792,0.5331792,0.0619834651995896
2025-05-13,TATASTEEL,1,1,0.3164872,0.6835128,0.6835128,-0.0145090555706075
2025-05-14,TATASTEEL,1,-1,0.5143205,0.4856795,0.5143205,0.0393495459551223
2025-05-15,TATASTEEL,1,1,0.4869548,0.5130452,0.5130452,0.0131351531940224
2025-05-16,TATASTEEL,1,1,0.4496051,0.5503949,0.5503949,0.0012710022251469
2025-05-21,TATASTEEL,-1,1,0.49167746,0.50832254,0.50832254,0.0185896687196562
2025-05-22,TATASTEEL,-1,-1,0.50312924,0.4968708,0.50312924,-0.0021653180481746
2025-05-23,TATASTEEL,-1,-1,0.534239,0.465761,0.534239,0.0104160807588968
2025-05-26,TATASTEEL,-1,-1,0.6364983,0.36350173,0.6364983,-0.0028226488346033
2025-05-27,TATASTEEL,-1,1,0.49248147,0.50751853,0.50751853,-0.0052303401042225
2025-05-29,TATASTEEL,-1,-1,0.63933253,0.36066744,0.63933253,0.0116595514405475
2025-05-30,TATASTEEL,-1,-1,0.5977578,0.40224215,0.5977578,-0.0128739358630277
2025-06-04,TATASTEEL,-1,-1,0.7642428,0.23575717,0.7642428,0.0052747386223817
2025-06-05,TATASTEEL,-1,-1,0.71107805,0.28892192,0.71107805,-0.0013275103721619
2025-06-06,TATASTEEL,-1,-1,0.8483634,0.1516366,0.8483634,0.0202111479398658
2025-06-09,TATASTEEL,-1,-1,0.58522415,0.41477588,0.58522415,-0.0010794219507007
2025-06-12,TATASTEEL,1,-1,0.7671275,0.23287246,0.7671275,-0.0225049817150133
2025-06-13,TATASTEEL,1,-1,0.6175006,0.3824994,0.6175006,-0.004970858197854
2025-06-16,TATASTEEL,1,1,0.46753615,0.53246385,0.53246385,0.0134095393456685
2025-06-17,TATASTEEL,1,-1,0.5953355,0.4046645,0.5953355,-0.0101835122532026
2025-06-18,TATASTEEL,1,-1,0.6397982,0.36020178,0.6397982,-0.0032110450430236
2025-06-19,TATASTEEL,1,-1,0.5661211,0.43387887,0.5661211,-0.0072973545848241
2025-06-20,TATASTEEL,1,-1,0.6236074,0.3763926,0.6236074,0.0064238491437293
2025-06-23,TATASTEEL,1,-1,0.66994345,0.33005658,0.66994345,0.0030268569545517
2025-06-24,TATASTEEL,1,-1,0.68273675,0.31726322,0.68273675,0.0154825213130547
2025-06-25,TATASTEEL,1,-1,0.67182386,0.32817614,0.67182386,0.0103366249299976
2025-06-27,TATASTEEL,-1,-1,0.73085856,0.26914147,0.73085856,0.0056683923020195
2025-07-01,TATASTEEL,-1,-1,0.5855957,0.41440424,0.5855957,0.0018778358917943
2025-07-02,TATASTEEL,-1,-1,0.53121,0.46879,0.53121,0.0363614108021475
2025-07-03,TATASTEEL,-1,1,0.48066288,0.5193371,0.5193371,0.0001808462648531
2025-07-09,TATASTEEL,1,1,0.4830634,0.5169366,0.5169366,-0.0183367364222968
2025-07-10,TATASTEEL,1,-1,0.5448127,0.45518732,0.5448127,0.0104402746044613
2025-07-11,TATASTEEL,1,-1,0.56281865,0.43718135,0.56281865,-0.0051039916938091
2025-07-15,TATASTEEL,1,-1,0.5434503,0.4565497,0.5434503,-0.0089753329562067
2025-07-16,TATASTEEL,1,1,0.45489156,0.54510844,0.54510844,-0.0105031331380208
2025-07-17,TATASTEEL,-1,-1,0.5774226,0.4225774,0.5774226,0.0163350412223945
2025-07-18,TATASTEEL,-1,-1,0.53370905,0.46629092,0.53370905,0.0154471626953416
2025-07-21,TATASTEEL,-1,-1,0.5762273,0.42377272,0.5762273,0.0040032590676886
2025-07-22,TATASTEEL,-1,-1,0.5235715,0.47642854,0.5235715,0.0001226169374799
2025-07-23,TATASTEEL,-1,-1,0.67505664,0.32494336,0.67505664,-0.0016559680126951
2025-07-24,TATASTEEL,-1,-1,0.59239304,0.40760696,0.59239304,0.0043619305550282
2025-07-25,TATASTEEL,-1,-1,0.5626585,0.4373415,0.5626585,-0.012539779210506
2025-07-28,TATASTEEL,-1,1,0.40757006,0.59242994,0.59242994,-0.0108406125218299
2025-07-29,TATASTEEL,-1,1,0.41882646,0.58117354,0.58117354,0.0125877370855482
2025-07-30,TATASTEEL,-1,-1,0.54506636,0.4549336,0.54506636,-0.002040953838035
2025-07-31,TATASTEEL,-1,1,0.34841472,0.6515853,0.6515853,-0.0211948323996592
2025-08-01,TATASTEEL,1,1,0.25921243,0.74078757,0.74078757,-0.0312144349649435
2025-08-05,TATASTEEL,1,1,0.41291195,0.58708805,0.58708805,0.0003760187986447
2025-08-06,TATASTEEL,1,1,0.4819225,0.5180775,0.5180775,-0.0060142305753946
2025-08-08,TATASTEEL,1,1,0.49229223,0.5077078,0.5077078,-0.0107722254676999
2025-08-11,TATASTEEL,-1,1,0.4839893,0.5160107,0.5160107,0.0036087833822848
2025-08-12,TATASTEEL,-1,1,0.4713469,0.5286531,0.5286531,0.010345693574608
2025-08-13,TATASTEEL,-1,1,0.49718946,0.50281054,0.50281054,0.0001248065260666
2025-08-19,TATASTEEL,1,1,0.3706255,0.6293745,0.6293745,0.00803994023609
2025-08-20,TATASTEEL,1,1,0.41671532,0.5832847,0.5832847,0.0168938172052026
2025-08-21,TATASTEEL,1,1,0.38828444,0.61171556,0.61171556,-0.0025321372699225
2025-08-22,TATASTEEL,1,1,0.42251706,0.57748294,0.57748294,-0.0183269862903304
2025-08-25,TATASTEEL,1,1,0.3114512,0.6885488,0.6885488,0.006811742732683
2025-08-26,TATASTEEL,1,1,0.33540326,0.66459674,0.66459674,-0.0288166758304153
2025-08-28,TATASTEEL,1,1,0.1949724,0.8050276,0.8050276,-0.0090304709250331
2025-08-29,TATASTEEL,1,1,0.22791702,0.772083,0.772083,0.0055327137779819
2025-09-01,TATASTEEL,1,1,0.27690995,0.72309005,0.72309005,0.0109399436052999
2025-09-02,TATASTEEL,1,1,0.41261584,0.58738416,0.58738416,0.0142152862056226
2025-09-03,TATASTEEL,1,1,0.38364208,0.6163579,0.6163579,0.0597260354209296
2025-09-04,TATASTEEL,1,1,0.42396325,0.57603675,0.57603675,-0.0061960590235575
2025-09-05,TATASTEEL,1,1,0.4053563,0.5946437,0.5946437,0.0052154854620263
2025-09-08,TATASTEEL,1,-1,0.5410156,0.45898438,0.5410156,0.0067987517785845
2025-09-09,TATASTEEL,1,-1,0.5598624,0.44013765,0.5598624,0.0019546650749273
2025-09-10,TATASTEEL,1,1,0.4710458,0.5289542,0.5289542,0.0016553283440745
2025-09-11,TATASTEEL,1,1,0.44077665,0.55922335,0.55922335,-0.0001179780117804
2025-09-12,TATASTEEL,-1,1,0.47467852,0.5253215,0.5253215,0.002184021658635
2025-09-16,TATASTEEL,-1,1,0.47666848,0.5233315,0.5233315,0.0164864894838963
2025-09-17,TATASTEEL,-1,-1,0.6788954,0.3211046,0.6788954,-0.0038367843606375
2025-09-24,TATASTEEL,1,-1,0.7973002,0.2026998,0.7973002,-0.0036354645301601
2025-09-25,TATASTEEL,1,-1,0.7668281,0.23317187,0.7668281,-0.0016216771305346
2025-09-26,TATASTEEL,1,-1,0.6129595,0.38704047,0.6129595,-0.0288897252886937
2025-09-29,TATASTEEL,1,-1,0.63011813,0.36988184,0.63011813,0.0094384820111266
2025-09-30,TATASTEEL,1,-1,0.69633746,0.30366254,0.69633746,-0.0012427000851432
2025-10-01,TATASTEEL,1,-1,0.5288644,0.47113565,0.5288644,-0.0074658395077767
2025-10-06,TATASTEEL,1,-1,0.6380518,0.3619482,0.6380518,-0.0181860691251924
2025-10-07,TATASTEEL,1,-1,0.63253725,0.36746272,0.63253725,0.0080559516456271
2025-10-08,TATASTEEL,1,-1,0.7199892,0.28001085,0.7199892,0.0029750323013171
2025-10-09,TATASTEEL,-1,-1,0.79224056,0.20775944,0.79224056,0.0260555755724485
2025-10-10,TATASTEEL,1,-1,0.71149457,0.28850543,0.71149457,-0.0145108127489164
2025-10-13,TATASTEEL,1,-1,0.6850604,0.31493965,0.6850604,-0.0047739665716144
2025-10-14,TATASTEEL,1,-1,0.63496655,0.36503345,0.63496655,-0.0145639732430169
2025-10-15,TATASTEEL,1,-1,0.64823794,0.35176206,0.64823794,0.016010856103914
2025-10-16,TATASTEEL,1,-1,0.7030186,0.2969814,0.7030186,0.0043869457558169
2025-10-17,TATASTEEL,1,-1,0.72336257,0.2766374,0.72336257,-0.010229878041936
2025-10-20,TATASTEEL,1,-1,0.6013945,0.39860553,0.6013945,-0.0015677869617183
2025-10-21,TATASTEEL,1,-1,0.6749567,0.3250433,0.6749567,0.0048269953229747
2025-10-23,TATASTEEL,1,-1,0.5333103,0.46668974,0.5333103,0.0079870638532373
2025-10-24,TATASTEEL,1,-1,0.501922,0.49807802,0.501922,0.0016077099989049
2025-10-27,TATASTEEL,1,-1,0.5485353,0.4514647,0.5485353,0.012726445709887
2025-10-28,TATASTEEL,-1,1,0.4840967,0.5159033,0.5159033,0.0291520083195206
2025-10-29,TATASTEEL,-1,-1,0.5056416,0.49435842,0.5056416,0.0185908636939682
2025-10-30,TATASTEEL,-1,1,0.414719,0.585281,0.585281,-0.0045358622323923
2025-10-31,TATASTEEL,-1,1,0.3047191,0.6952809,0.6952809,-0.0081909938466565
2025-11-03,TATASTEEL,-1,1,0.23494631,0.7650537,0.7650537,-0.0009297646704781
2025-11-04,TATASTEEL,-1,1,0.38376343,0.61623657,0.61623657,-0.01850333889907
2025-11-06,TATASTEEL,-1,-1,0.56995815,0.43004185,0.56995815,-0.0112666020933367
2025-11-07,TATASTEEL,-1,-1,0.61479473,0.3852053,0.61479473,0.0231285087488628
2025-11-10,TATASTEEL,-1,-1,0.6164882,0.38351175,0.6164882,0.000606498391757
2025-11-11,TATASTEEL,-1,-1,0.59229606,0.40770394,0.59229606,-0.0024245230976688
2025-11-12,TATASTEEL,-1,-1,0.75160766,0.24839231,0.75160766,-0.0134224081191864
2025-11-13,TATASTEEL,-1,1,0.47972715,0.52027285,0.52027285,-0.010973667248023
2025-11-14,TATASTEEL,-1,1,0.3718847,0.6281153,0.6281153,-0.0135295752744206
2025-11-17,TATASTEEL,-1,1,0.32543927,0.6745607,0.6745607,-0.0062550004146124
2025-11-18,TATASTEEL,-1,1,0.33433998,0.66566,0.66566,-0.004157771140014
2025-11-19,TATASTEEL,-1,1,0.33544093,0.66455907,0.66455907,0.0044071312210756
2025-11-20,TATASTEEL,-1,1,0.3479445,0.6520555,0.6520555,-0.0043300038735
2025-11-24,TATASTEEL,-1,1,0.2197972,0.7802028,0.7802028,-0.0157142820812407
2025-11-25,TATASTEEL,-1,1,0.29343194,0.70656806,0.70656806,0.005865996716998
2025-11-26,TATASTEEL,-1,1,0.44842744,0.55157256,0.55157256,0.0200805404985393
2025-11-27,TATASTEEL,-1,1,0.36837137,0.63162863,0.63162863,-0.0090764030338433
2025-11-28,TATASTEEL,1,1,0.44116795,0.55883205,0.55883205,-0.0010111114257315
2025-12-01,TATASTEEL,1,-1,0.57831365,0.42168635,0.57831365,0.0039890339495325
2025-12-02,TATASTEEL,1,-1,0.803975,0.19602501,0.803975,-0.0050406575277414
2025-12-03,TATASTEEL,1,-1,0.67862606,0.32137394,0.67862606,-0.0051257635988115
2025-12-04,TATASTEEL,1,-1,0.67923677,0.3207632,0.67923677,-0.0008985975205473
2025-12-05,TATASTEEL,1,-1,0.7792091,0.22079091,0.7792091,0.0020387139724189
2025-12-08,TATASTEEL,1,-1,0.76901346,0.23098652,0.76901346,-0.0217820559891911
2025-12-09,TATASTEEL,1,-1,0.5556932,0.4443068,0.5556932,-0.0171285436523456
2025-12-10,TATASTEEL,1,-1,0.59094715,0.40905288,0.59094715,0.009709327045323
2025-12-11,TATASTEEL,1,-1,0.71589,0.28411,0.71589,0.0255810224037931
2025-12-15,TATASTEEL,1,-1,0.73610437,0.26389566,0.73610437,0.0057012957764783
2025-12-16,TATASTEEL,1,-1,0.7861825,0.21381746,0.7861825,-0.0175854305084698
2025-12-17,TATASTEEL,1,-1,0.66419935,0.33580065,0.66419935,0.0030029706255509
2025-12-18,TATASTEEL,1,-1,0.70132136,0.29867867,0.70132136,-0.0130327654598482
2025-12-19,TATASTEEL,1,-1,0.64385855,0.35614148,0.64385855,0.0033904790671772
2025-12-22,TATASTEEL,1,-1,0.5227564,0.4772436,0.5227564,0.0031418505639122
2025-12-23,TATASTEEL,1,-1,0.59306157,0.4069384,0.59306157,0.0099278611491684
2025-12-24,TATASTEEL,1,-1,0.67550695,0.32449305,0.67550695,-0.0048565629134449
2025-12-26,TATASTEEL,1,1,0.4147027,0.5852973,0.5852973,-0.0055860067390963
2025-12-29,TATASTEEL,1,-1,0.6951976,0.30480245,0.6951976,0.0188032641105908
2025-12-30,TATASTEEL,1,-1,0.61415887,0.38584113,0.61415887,0.0203134064887313
2025-12-31,TATASTEEL,1,-1,0.6230265,0.37697354,0.6230265,0.0243458401877092
2026-01-01,TATASTEEL,1,-1,0.5328153,0.46718472,0.5328153,0.0100510747456112
2026-01-02,TATASTEEL,1,1,0.49201542,0.5079846,0.5079846,0.005442880292958
2026-01-05,TATASTEEL,1,-1,0.5790676,0.42093244,0.5790676,0.0155292883971129
2026-01-06,TATASTEEL,-1,-1,0.6078235,0.39217648,0.6078235,0.0025845128385963
2026-01-08,TATASTEEL,1,-1,0.55162156,0.44837847,0.55162156,-0.0200218056227889
2026-01-09,TATASTEEL,1,-1,0.51639503,0.48360497,0.51639503,-0.0095491964653012
2026-01-12,TATASTEEL,1,-1,0.5989648,0.40103516,0.5989648,0.027130110775049
2026-01-13,TATASTEEL,1,-1,0.624387,0.37561297,0.624387,-0.0036563967957876
2026-01-14,TATASTEEL,1,-1,0.62624145,0.37375852,0.62624145,0.0365886641167654
2026-01-15,TATASTEEL,1,-1,0.60778046,0.39221954,0.60778046,0.0
2026-01-19,TATASTEEL,1,-1,0.65913814,0.34086186,0.65913814,0.0003187798547021
2026-01-20,TATASTEEL,1,-1,0.64519656,0.35480347,0.64519656,-0.0250172975353575
2026-01-21,TATASTEEL,1,-1,0.5930966,0.40690342,0.5930966,0.0046306717957125
2026-01-22,TATASTEEL,1,-1,0.59961534,0.4003847,0.59961534,0.0254324730126878
2026-01-23,TATASTEEL,1,-1,0.5569716,0.4430284,0.5569716,-0.0078794576682795
2026-01-27,TATASTEEL,1,-1,0.52316904,0.476831,0.52316904,0.0248920534819701
2026-01-28,TATASTEEL,1,1,0.47680134,0.52319866,0.52319866,0.0081652139285732
2026-01-29,TATASTEEL,1,-1,0.64244354,0.35755646,0.64244354,0.0436935824298099
2026-01-30,TATASTEEL,1,1,0.40940446,0.59059554,0.59059554,-0.0454231025539616
2026-02-02,TATASTEEL,1,1,0.38303143,0.6169686,0.6169686,-0.0239217638853159
2026-02-03,TATASTEEL,1,1,0.40168762,0.5983124,0.5983124,0.0234470229576344
2026-02-04,TATASTEEL,1,1,0.39548504,0.60451496,0.60451496,0.0128025776938371
2026-02-05,TATASTEEL,1,-1,0.5440523,0.4559477,0.5440523,0.0120777926513231
2026-02-06,TATASTEEL,1,-1,0.7145245,0.28547552,0.7145245,-0.0035396286796417
2026-02-09,TATASTEEL,1,-1,0.7492968,0.2507032,0.7492968,0.0250685197534186
2026-02-11,TATASTEEL,1,-1,0.76139385,0.23860615,0.76139385,-0.0020191249460924
2026-02-12,TATASTEEL,1,-1,0.6632695,0.33673045,0.6632695,0.0025049582428555
2026-02-13,TATASTEEL,1,-1,0.6557224,0.34427762,0.6557224,-0.0236894330888061
2026-02-16,TATASTEEL,1,-1,0.50156087,0.49843913,0.50156087,0.012944211918588
2026-02-17,TATASTEEL,-1,-1,0.7489524,0.25104764,0.7489524,-0.0132646409791722
2026-02-18,TATASTEEL,-1,-1,0.7739962,0.22600384,0.7739962,0.0292987832115152
2026-02-19,TATASTEEL,-1,-1,0.54606813,0.45393187,0.54606813,-0.017318065054431
2026-02-20,TATASTEEL,-1,1,0.4659229,0.5340771,0.5340771,0.0143615057477668
2026-02-23,TATASTEEL,-1,-1,0.6402396,0.3597604,0.6402396,-0.0010558707048313
2026-02-24,TATASTEEL,-1,-1,0.6077635,0.3922365,0.6077635,0.0047564403577744
2026-02-25,TATASTEEL,-1,-1,0.5141355,0.4858645,0.5141355,0.0263472212412729
2026-02-26,TATASTEEL,-1,-1,0.66142845,0.33857152,0.66142845,0.0040999109453732
2026-02-27,TATASTEEL,-1,-1,0.7247956,0.27520445,0.7247956,-0.0148014215765022
2026-03-02,TATASTEEL,-1,-1,0.5724633,0.4275367,0.5724633,-0.0062167725372557
2026-03-05,TATASTEEL,-1,1,0.4494081,0.5505919,0.5505919,0.0195191972758332
2026-03-09,TATASTEEL,-1,1,0.32759118,0.6724088,0.6724088,-0.0375391109291476
2026-03-10,TATASTEEL,-1,1,0.42903024,0.57096976,0.57096976,0.020888988052514
2026-03-13,TATASTEEL,1,1,0.3005383,0.6994617,0.6994617,-0.0514808841216949
2026-03-16,TATASTEEL,1,1,0.31608182,0.6839182,0.6839182,0.0186911233025106
2026-03-19,TATASTEEL,1,-1,0.59255904,0.40744096,0.59255904,-0.0250755287009063
2026-03-20,TATASTEEL,1,-1,0.6625511,0.3374489,0.6625511,0.0328592197056643
2026-03-23,TATASTEEL,1,1,0.37618494,0.62381506,0.62381506,-0.0487879549477613
2026-03-24,TATASTEEL,1,-1,0.5509887,0.44901136,0.5509887,0.0193406804113978
2026-03-25,TATASTEEL,1,-1,0.5763775,0.4236225,0.5763775,0.0307144023091565
2026-03-27,TATASTEEL,1,1,0.4552974,0.5447026,0.5447026,-0.0174421194113374
2026-03-30,TATASTEEL,1,-1,0.50510156,0.49489847,0.50510156,-0.0070386119540394
2026-04-01,TATASTEEL,1,1,0.42808247,0.57191753,0.57191753,0.0142812753280905
2026-04-02,TATASTEEL,1,-1,0.5469506,0.4530494,0.5469506,-0.0023638576538507
2026-04-06,TATASTEEL,1,1,0.36912787,0.63087213,0.63087213,0.0100958417638261
2026-04-07,TATASTEEL,1,1,0.40696013,0.5930399,0.5930399,0.01035185474816
2026-04-08,TATASTEEL,1,1,0.47122556,0.52877444,0.52877444,0.0305354446266081
2026-04-09,TATASTEEL,1,-1,0.63278925,0.36721075,0.63278925,0.0049956132287682
2026-04-10,TATASTEEL,1,1,0.37789726,0.62210274,0.62210274,0.0068713629779684
2026-04-13,TATASTEEL,1,1,0.37379014,0.62620986,0.62620986,-0.0010648139976439
2026-04-15,TATASTEEL,1,1,0.37552124,0.62447876,0.62447876,0.0112893155576585
2025-01-01,TCS,1,1,0.45673567,0.5432643,0.5432643,0.0043104145345396
2025-01-02,TCS,1,1,0.459172,0.540828,0.540828,0.0153921244064383
2025-01-03,TCS,1,1,0.47778934,0.52221066,0.52221066,-0.0181643602006638
2025-01-06,TCS,1,-1,0.50364876,0.49635124,0.50364876,-0.0011951767891897
2025-01-07,TCS,1,1,0.49334836,0.50665164,0.50665164,-0.0162881157034558
2025-01-08,TCS,1,1,0.48158562,0.5184144,0.5184144,0.0198842462492578
2025-01-09,TCS,1,-1,0.5051778,0.4948222,0.5051778,-0.0169287199533909
2025-01-13,TCS,-1,1,0.39959246,0.60040754,0.60040754,0.0059662757541913
2025-01-14,TCS,-1,1,0.4453904,0.5546096,0.5546096,-0.0135279736169944
2025-01-15,TCS,-1,1,0.41024166,0.58975834,0.58975834,0.0039096667972784
2025-01-22,TCS,-1,1,0.46994507,0.5300549,0.5300549,0.0299192946446711
2025-01-23,TCS,-1,1,0.4323508,0.5676492,0.5676492,-0.0026824046560134
2025-01-24,TCS,-1,1,0.34711182,0.6528882,0.6528882,0.0016645466145306
2025-01-29,TCS,-1,1,0.39212996,0.60787004,0.60787004,0.0147265347295
2025-01-30,TCS,-1,1,0.39097553,0.60902447,0.60902447,6.094409141410573e-05
2025-01-31,TCS,-1,1,0.41984785,0.58015215,0.58015215,0.0030123028382107
2025-02-01,TCS,-1,1,0.46399343,0.53600657,0.53600657,-0.0095443833121948
2025-02-03,TCS,-1,1,0.49818432,0.5018157,0.5018157,-0.0011048624380585
2025-02-04,TCS,-1,1,0.42093956,0.57906044,0.57906044,0.0094381180040343
2025-02-05,TCS,-1,1,0.3976828,0.6023172,0.6023172,-0.0038835631667121
2025-02-06,TCS,-1,1,0.42197222,0.5780278,0.5780278,-0.0020410876998778
2025-02-07,TCS,-1,1,0.33592933,0.66407067,0.66407067,-0.0130671553692649
2025-02-10,TCS,-1,1,0.47113615,0.52886385,0.52886385,0.0018737355604601
2025-02-11,TCS,-1,1,0.42755353,0.57244647,0.57244647,-0.0181820568523155
2025-02-12,TCS,-1,1,0.41794914,0.58205086,0.58205086,-0.0033808587357936
2025-02-13,TCS,-1,1,0.49384165,0.50615835,0.50615835,-0.0101261734116917
2025-02-14,TCS,-1,1,0.49909753,0.5009025,0.5009025,0.0063169996592218
2025-02-17,TCS,-1,1,0.42129642,0.5787036,0.5787036,-0.0077131620294917
2025-02-18,TCS,-1,1,0.44879586,0.55120414,0.55120414,-0.0080163673838805
2025-02-19,TCS,-1,-1,0.5129019,0.48709807,0.5129019,-0.0230042145388238
2025-02-20,TCS,-1,1,0.47265387,0.52734613,0.52734613,-0.0012420264291371
2025-02-21,TCS,-1,1,0.43723363,0.5627664,0.5627664,0.0017462421586749
2025-02-24,TCS,-1,-1,0.5005716,0.4994284,0.5005716,-0.0291600259924497
2025-02-25,TCS,-1,1,0.43124932,0.5687507,0.5687507,-0.0125285692346214
2025-02-27,TCS,-1,1,0.41889673,0.58110327,0.58110327,-0.0046838067218403
2025-03-04,TCS,-1,-1,0.5475246,0.45247546,0.5475246,0.0111649403532698
2025-03-06,TCS,-1,-1,0.6117208,0.38827923,0.6117208,0.0153790680263845
2025-03-10,TCS,1,-1,0.6549439,0.34505612,0.6549439,-0.0059675584413669
2025-03-11,TCS,1,-1,0.6029266,0.39707342,0.6029266,-0.0039975253041218
2025-03-12,TCS,1,-1,0.6480318,0.35196823,0.6480318,-0.0193271139818551
2025-03-13,TCS,1,-1,0.54453623,0.45546374,0.54453623,0.0013832554319699
2025-03-17,TCS,1,1,0.2846536,0.7153464,0.7153464,-0.003802288854229
2025-03-18,TCS,1,1,0.23616743,0.76383257,0.76383257,0.0
2025-03-19,TCS,-1,1,0.2471003,0.7528997,0.7528997,-0.0001714881829417
2025-03-20,TCS,-1,1,0.27959484,0.72040516,0.72040516,0.0188869935490936
2025-03-21,TCS,-1,1,0.38362122,0.6163788,0.6163788,0.0041958815698057
2025-03-24,TCS,-1,1,0.327851,0.672149,0.672149,0.0142113973073969
2025-03-25,TCS,-1,1,0.23895228,0.7610477,0.7610477,0.0079361910459216
2025-03-26,TCS,-1,1,0.21489751,0.7851025,0.7851025,-0.0060009354743185
2025-03-27,TCS,-1,1,0.22565305,0.77434695,0.77434695,0.0042356823922606
2025-03-28,TCS,-1,1,0.29467744,0.70532256,0.70532256,-0.0123385662703365
2025-04-01,TCS,-1,1,0.41210848,0.5878915,0.5878915,-0.0153487301951381
2025-04-02,TCS,-1,1,0.31586808,0.6841319,0.6841319,-0.0019291041082484
2025-04-03,TCS,-1,1,0.16816884,0.83183116,0.83183116,-0.039729728480233
2025-04-04,TCS,1,1,0.2787705,0.7212295,0.7212295,-0.0304864430266499
2025-04-07,TCS,1,1,0.23429316,0.76570684,0.76570684,-0.0076831054391988
2025-04-08,TCS,1,1,0.25299978,0.7470002,0.7470002,0.0057726379603548
2025-04-09,TCS,1,-1,0.53126633,0.46873364,0.53126633,-0.0140755381695371
2025-04-11,TCS,1,1,0.46153128,0.5384687,0.5384687,-0.0046510377269148
2025-04-15,TCS,1,1,0.4858737,0.5141263,0.5141263,0.0051678229366476
2025-04-16,TCS,1,-1,0.70648855,0.29351145,0.70648855,0.0078813696244133
2025-04-17,TCS,1,1,0.38829046,0.61170954,0.61170954,0.0076668634634406
2025-04-21,TCS,1,1,0.4111665,0.5888335,0.5888335,0.0068811623601847
2025-04-22,TCS,1,1,0.303172,0.696828,0.696828,-0.0021677293493643
2025-04-23,TCS,1,1,0.37943435,0.62056565,0.62056565,0.0297491082891052
2025-04-24,TCS,1,1,0.31850594,0.68149406,0.68149406,-0.0033403353386746
2025-04-25,TCS,1,1,0.36731666,0.63268334,0.63268334,0.0136407061085563
2025-04-28,TCS,1,1,0.4043606,0.5956394,0.5956394,-0.0013051085965731
2025-04-29,TCS,1,-1,0.56478286,0.43521717,0.56478286,0.0084216580243317
2025-04-30,TCS,1,1,0.34894478,0.6510552,0.6510552,-0.0054139122268853
2025-05-02,TCS,1,1,0.3076722,0.6923278,0.6923278,-0.0065727380065803
2025-05-05,TCS,1,1,0.24154574,0.75845426,0.75845426,0.0067910466971665
2025-05-06,TCS,1,1,0.26546907,0.7345309,0.7345309,0.0016502361926953
2025-05-07,TCS,1,1,0.24079311,0.7592069,0.7592069,-0.0043065410813535
2025-05-08,TCS,1,1,0.21043015,0.78956985,0.78956985,0.0011031202288842
2025-05-09,TCS,1,1,0.17324668,0.8267533,0.8267533,-0.0024935186552205
2025-05-12,TCS,-1,1,0.24110144,0.75889856,0.75889856,0.0523499810321572
2025-05-14,TCS,-1,1,0.28878647,0.7112135,0.7112135,0.009587462149484
2025-05-15,TCS,-1,1,0.27275014,0.72724986,0.72724986,0.0087918980040855
2025-05-16,TCS,-1,1,0.20021039,0.7997896,0.7997896,-0.0051956401102987
2025-05-19,TCS,-1,1,0.22420007,0.77579993,0.77579993,-0.0119339222359561
2025-05-20,TCS,-1,1,0.18847299,0.811527,0.811527,-0.005825755519939
2025-05-21,TCS,-1,1,0.18931502,0.810685,0.810685,0.0078609045792148
2025-05-22,TCS,-1,1,0.13122267,0.86877733,0.86877733,-0.0138408281886661
2025-05-23,TCS,-1,1,0.23377848,0.7662215,0.7662215,0.010813958085807
2025-05-26,TCS,-1,1,0.31417155,0.68582845,0.68582845,0.0064587746967772
2025-05-29,TCS,-1,1,0.2996657,0.7003343,0.7003343,0.00011447183872
2025-06-02,TCS,1,1,0.29098582,0.7090142,0.7090142,-0.0039267436566835
2025-06-03,TCS,1,1,0.3224123,0.6775877,0.6775877,-0.0129282884683128
2025-06-04,TCS,1,1,0.3164981,0.6835019,0.6835019,0.0016886911222901
2025-06-05,TCS,1,1,0.2823578,0.7176422,0.7176422,-0.0028985533351826
2025-06-06,TCS,1,1,0.33058268,0.6694173,0.6694173,0.0038859584917669
2025-06-09,TCS,-1,1,0.20885003,0.79115,0.79115,0.0111400000629831
2025-06-10,TCS,-1,1,0.1784203,0.8215797,0.8215797,0.0119815650433166
2025-06-11,TCS,-1,1,0.30033612,0.6996639,0.6996639,0.0025990243748024
2025-06-16,TCS,-1,1,0.20277429,0.7972257,0.7972257,0.0146851153892038
2025-06-17,TCS,-1,1,0.20086068,0.7991393,0.7991393,0.0054341952958749
2025-06-18,TCS,-1,1,0.29553223,0.7044678,0.7044678,-0.0181777247115522
2025-06-19,TCS,-1,1,0.2940395,0.7059605,0.7059605,-0.0079387001190952
2025-06-23,TCS,1,1,0.3987381,0.6012619,0.6012619,-0.0122536798964774
2025-06-25,TCS,-1,1,0.33131605,0.66868395,0.66868395,0.016045337412968
2025-06-26,TCS,-1,1,0.32109934,0.67890066,0.67890066,-0.0008708934204123
2025-06-27,TCS,-1,1,0.2532881,0.7467119,0.7467119,-0.0002032602591689
2025-06-30,TCS,-1,1,0.2012611,0.7987389,0.7987389,0.0060735333785508
2025-07-01,TCS,-1,1,0.24369907,0.7563009,0.7563009,-0.009329938700471
2025-07-02,TCS,-1,1,0.23054922,0.7694508,0.7694508,-0.0018659823522948
2025-07-03,TCS,-1,1,0.23639792,0.7636021,0.7636021,-0.0065725376295754
2025-07-04,TCS,-1,1,0.23818707,0.7618129,0.7618129,0.0055868710433137
2025-07-07,TCS,-1,1,0.16214067,0.83785933,0.83785933,-0.0023685944645289
2025-07-08,TCS,-1,1,0.21193635,0.78806365,0.78806365,-0.0016120912121579
2025-07-09,TCS,-1,1,0.18473828,0.8152617,0.8152617,-0.0065762567014466
2025-07-10,TCS,-1,1,0.18553889,0.8144611,0.8144611,-0.0005319708560358
2025-07-11,TCS,-1,1,0.19392979,0.8060702,0.8060702,-0.0342991710147706
2025-07-14,TCS,-1,1,0.13371539,0.8662846,0.8662846,-0.013257788237751
2025-07-15,TCS,-1,1,0.20984381,0.7901562,0.7901562,0.0091848042358237
2025-07-16,TCS,-1,1,0.17106158,0.8289384,0.8289384,-0.0025298263996844
2025-07-17,TCS,-1,1,0.16429156,0.83570844,0.83570844,-0.007392296705583
2025-07-18,TCS,-1,1,0.16966623,0.83033377,0.83033377,-0.0060140335592513
2025-07-21,TCS,-1,1,0.2856868,0.7143132,0.7143132,-0.0099375820180908
2025-07-22,TCS,-1,1,0.21418238,0.7858176,0.7858176,0.0004432884637219
2025-07-23,TCS,-1,1,0.37715226,0.62284774,0.62284774,0.006171753554381
2025-07-24,TCS,-1,1,0.3628878,0.6371122,0.6371122,-0.009782733896274
2025-07-25,TCS,-1,1,0.27925825,0.72074175,0.72074175,-0.0038754359283003
2025-07-28,TCS,-1,1,0.16685534,0.83314466,0.83314466,-0.0180176365853096
2025-07-29,TCS,-1,1,0.09140271,0.9085973,0.9085973,-0.0075667953217056
2025-07-30,TCS,-1,1,0.112035215,0.8879648,0.8879648,-0.0007852303540976
2025-08-04,TCS,-1,1,0.16247237,0.83752763,0.83752763,0.0237761136526797
2025-08-05,TCS,1,1,0.23396939,0.7660306,0.7660306,-0.0034152850952828
2025-08-06,TCS,1,1,0.1765719,0.8234281,0.8234281,-0.0103135703408938
2025-08-08,TCS,1,1,0.20451838,0.7954816,0.7954816,-0.0034789460562095
2025-08-11,TCS,1,1,0.1525467,0.8474533,0.8474533,0.0014491731259671
2025-08-12,TCS,1,1,0.16462994,0.83537006,0.83537006,-0.0017759116225739
2025-08-13,TCS,1,1,0.1891653,0.8108347,0.8108347,0.0002636031163487
2025-08-14,TCS,1,1,0.119995356,0.88000464,0.88000464,-0.0045781058677298
2025-08-18,TCS,1,1,0.16438746,0.83561254,0.83561254,-0.0036727187774975
2025-08-19,TCS,1,1,0.08665389,0.9133461,0.9133461,0.0016604240846231
2025-08-21,TCS,-1,1,0.21519601,0.784804,0.784804,0.0012909695950462
2025-08-22,TCS,-1,1,0.26209402,0.737906,0.737906,-0.0156643483409386
2025-08-25,TCS,-1,1,0.22930592,0.7706941,0.7706941,0.0283563605312955
2025-08-26,TCS,-1,1,0.23819458,0.7618054,0.7618054,0.005285497381086
2025-08-28,TCS,1,1,0.23344916,0.76655084,0.76655084,-0.02011273473855
2025-08-29,TCS,1,1,0.20693159,0.7930684,0.7930684,-0.0029091595733984
2025-09-02,TCS,1,1,0.26538497,0.734615,0.734615,-0.0003533426507247
2025-09-03,TCS,1,1,0.19465059,0.8053494,0.8053494,-0.0044994980013113
2025-09-04,TCS,1,1,0.30768865,0.69231135,0.69231135,-0.0005811344711529
2025-09-05,TCS,1,1,0.29850674,0.70149326,0.70149326,-0.0153114798398671
2025-09-08,TCS,1,1,0.2628131,0.7371869,0.7371869,-0.0096119888119244
2025-09-10,TCS,-1,1,0.40182692,0.5981731,0.5981731,0.0198727776011353
2025-09-11,TCS,-1,1,0.38565284,0.61434716,0.61434716,0.0045659070645074
2025-09-12,TCS,-1,1,0.36348122,0.6365188,0.6365188,0.0029447056816087
2025-09-15,TCS,-1,1,0.37123162,0.6287684,0.6287684,-0.0068615135166981
2025-09-16,TCS,-1,1,0.348302,0.651698,0.651698,0.0108614934681512
2025-09-17,TCS,-1,1,0.4666596,0.5333404,0.5333404,0.0086150448912791
2025-09-18,TCS,-1,-1,0.5326669,0.46733308,0.5326669,0.0012291355417441
2025-09-19,TCS,-1,-1,0.5671294,0.4328706,0.5671294,-0.0023609980132366
2025-09-22,TCS,-1,-1,0.54291254,0.45708746,0.54291254,-0.0301021091720629
2025-09-23,TCS,-1,1,0.27798975,0.72201025,0.72201025,-0.0037088411599096
2025-09-24,TCS,1,1,0.41859967,0.58140033,0.58140033,-0.0088166802370999
2025-09-25,TCS,1,1,0.40605712,0.5939429,0.5939429,-0.0256967216153638
2025-09-26,TCS,1,1,0.34516174,0.65483826,0.65483826,-0.0197132693109847
2025-09-29,TCS,1,1,0.3735696,0.6264304,0.6264304,-0.0010347244163035
2025-09-30,TCS,1,1,0.43445063,0.5655494,0.5655494,-0.002658910274658
2025-10-01,TCS,1,1,0.45901394,0.54098606,0.54098606,0.0089324534807264
2025-10-03,TCS,1,-1,0.50007474,0.49992526,0.50007474,-0.0042208043244695
2025-10-06,TCS,1,1,0.40796202,0.592038,0.592038,0.0298079458690785
2025-10-07,TCS,1,-1,0.52090895,0.47909102,0.52090895,-0.0049189137042778
2025-10-08,TCS,1,-1,0.6363876,0.36361244,0.6363876,0.0179910336950361
2025-10-10,TCS,1,-1,0.65725327,0.3427467,0.65725327,-0.0109089929934123
2025-10-13,TCS,1,-1,0.68920505,0.31079498,0.68920505,-0.0069676215538306
2025-10-14,TCS,1,-1,0.6125876,0.3874124,0.6125876,-0.0155958323431204
2025-10-15,TCS,1,-1,0.59905523,0.40094477,0.59905523,0.0069507529775945
2025-10-16,TCS,1,-1,0.5456562,0.45434383,0.5456562,0.0003030382468711
2025-10-17,TCS,1,-1,0.55449915,0.44550085,0.55449915,-0.0028613681627883
2025-10-20,TCS,-1,1,0.40620404,0.59379596,0.59379596,0.0178921292407794
2025-10-23,TCS,-1,1,0.3090105,0.6909895,0.6909895,0.0221172742949429
2025-10-24,TCS,-1,1,0.3095491,0.6904509,0.6904509,-0.0032539765108002
2025-10-27,TCS,-1,1,0.17998576,0.82001424,0.82001424,0.0070840598782695
2025-10-28,TCS,1,1,0.18574017,0.8142598,0.8142598,-0.008752277009845
2025-10-29,TCS,1,1,0.20701945,0.79298055,0.79298055,-9.804758422282678e-05
2025-10-30,TCS,1,1,0.14675331,0.8532467,0.8532467,-0.0072933955427977
2025-10-31,TCS,1,1,0.12985289,0.8701471,0.8701471,0.0074787111396172
2025-11-03,TCS,1,1,0.123557985,0.876442,0.876442,-0.0134728628406125
2025-11-04,TCS,1,1,0.34304553,0.65695447,0.65695447,-0.0088172244884596
2025-11-06,TCS,1,1,0.31606865,0.68393135,0.68393135,0.0069225817432378
2025-11-07,TCS,1,1,0.3994478,0.6005522,0.6005522,-0.0063435432682318
2025-11-10,TCS,1,1,0.4676715,0.5323285,0.5323285,0.0111637341214798
2025-11-11,TCS,1,-1,0.54599994,0.45400006,0.54599994,0.0072061906979625
2025-11-12,TCS,1,-1,0.5591841,0.44081593,0.5591841,0.0278306014155136
2025-11-13,TCS,1,1,0.43000883,0.5699912,0.5699912,-0.0083338448531757
2025-11-14,TCS,1,1,0.23232621,0.7676738,0.7676738,9.661965078211487e-05
2025-11-17,TCS,1,1,0.24376655,0.75623345,0.75623345,-0.0012234873225525
2025-11-18,TCS,1,1,0.4112414,0.5887586,0.5887586,-0.0048674577733907
2025-11-19,TCS,1,1,0.4225213,0.5774787,0.5774787,0.0196300276319139
2025-11-20,TCS,1,1,0.28415644,0.71584356,0.71584356,-0.0009212075030106
2025-11-21,TCS,1,1,0.27640396,0.72359604,0.72359604,0.0018441939336684
2025-11-24,TCS,1,1,0.3000316,0.6999684,0.6999684,-0.0029835516411773
2025-11-25,TCS,1,1,0.26524025,0.73475975,0.73475975,-0.0070036813862763
2025-11-26,TCS,1,1,0.26096994,0.73903006,0.73903006,0.0140099563280824
2025-11-27,TCS,1,1,0.26274395,0.73725605,0.73725605,-0.0083150691500538
2025-11-28,TCS,1,1,0.18887758,0.8111224,0.8111224,0.0002868427687949
2025-12-01,TCS,1,1,0.21152902,0.788471,0.788471,-0.0013067638863236
2025-12-02,TCS,1,1,0.48102272,0.5189773,0.5189773,0.0007340414728205
2025-12-03,TCS,1,-1,0.5010052,0.49899483,0.5010052,0.0141276271204418
2025-12-04,TCS,1,-1,0.63511086,0.36488917,0.63511086,0.0154716701587003
2025-12-05,TCS,1,-1,0.63184434,0.36815566,0.63184434,0.0027871096684977
2025-12-08,TCS,1,-1,0.60388327,0.3961167,0.60388327,-0.000524952803265
2025-12-09,TCS,1,-1,0.5114347,0.48856533,0.5114347,-0.0087130951451431
2025-12-10,TCS,1,-1,0.51256573,0.4874343,0.51256573,-0.0059533167738738
2025-12-11,TCS,1,-1,0.5526792,0.44732085,0.5526792,0.0008465724835029
2025-12-12,TCS,1,-1,0.6790062,0.32099375,0.6790062,0.0089601894162651
2025-12-15,TCS,1,-1,0.5597898,0.44021025,0.5597898,0.003011969959785
2025-12-18,TCS,-1,-1,0.538388,0.46161196,0.538388,0.0195786500314447
2025-12-19,TCS,-1,1,0.38094193,0.6190581,0.6190581,0.0003656981859543
2025-12-22,TCS,-1,1,0.30732852,0.6926715,0.6926715,0.0130712722573469
2025-12-24,TCS,-1,1,0.25928134,0.74071866,0.74071866,0.0027190737520401
2025-12-26,TCS,-1,1,0.26420677,0.73579323,0.73579323,-0.0117505247742324
2025-12-30,TCS,1,1,0.20585209,0.7941479,0.7941479,-0.0014454445792031
2026-01-01,TCS,-1,1,0.34162384,0.65837616,0.65837616,0.0066121968250705
2026-01-06,TCS,-1,1,0.44587612,0.5541239,0.5541239,0.0123441934534693
2026-01-07,TCS,-1,-1,0.5831536,0.41684636,0.5831536,0.0122243167698978
2026-01-12,TCS,-1,1,0.3987435,0.6012565,0.6012565,0.0099134262886406
2026-01-16,TCS,-1,1,0.30595368,0.6940463,0.6940463,0.0227076380064743
2026-01-19,TCS,1,1,0.32387507,0.67612493,0.67612493,-0.013440536612122
2026-01-20,TCS,-1,1,0.33346862,0.6665314,0.6665314,-0.0193766686375032
2026-01-21,TCS,-1,1,0.39405423,0.60594577,0.60594577,0.0065434950268528
2026-01-22,TCS,-1,1,0.23807639,0.7619236,0.7619236,0.0089027976474014
2026-01-23,TCS,-1,1,0.36057156,0.63942844,0.63942844,0.0038408151428921
2026-01-27,TCS,-1,1,0.3178032,0.6821968,0.6821968,-0.0014228918216465
2026-01-28,TCS,-1,1,0.24917066,0.75082934,0.75082934,0.01333124277256
2026-01-29,TCS,-1,1,0.37414998,0.62585,0.62585,-0.0174057730508222
2026-01-30,TCS,-1,1,0.3612967,0.6387033,0.6387033,-0.0065195501907782
2026-02-02,TCS,-1,1,0.2879709,0.7120291,0.7120291,0.0146292235938252
2026-02-03,TCS,-1,1,0.3435737,0.6564263,0.6564263,0.0175731852375093
2026-02-04,TCS,-1,1,0.27786136,0.72213864,0.72213864,-0.0701329643115339
2026-02-05,TCS,-1,1,0.34876192,0.6512381,0.6512381,-0.0025341628067176
2026-02-06,TCS,-1,1,0.37109876,0.62890124,0.62890124,-0.0166805839726401
2026-02-09,TCS,-1,1,0.472655,0.527345,0.527345,0.00224368079401
2026-02-10,TCS,-1,-1,0.5075402,0.49245977,0.5075402,0.0123465276670913
2026-02-11,TCS,-1,-1,0.51968825,0.48031175,0.51968825,-0.0250619725883793
2026-02-12,TCS,-1,-1,0.52139556,0.47860444,0.52139556,-0.054883541672708
2026-02-13,TCS,-1,-1,0.5479088,0.45209125,0.5479088,-0.0210538003573601
2026-02-16,TCS,-1,1,0.42773902,0.572261,0.572261,0.0053488449899317
2026-02-17,TCS,-1,-1,0.5533266,0.44667342,0.5533266,0.0039901531606632
2026-02-18,TCS,-1,-1,0.5338837,0.46611628,0.5338837,-0.0082799636117604
2026-02-19,TCS,-1,1,0.43050313,0.56949687,0.56949687,-0.0063081674791837
2026-02-20,TCS,-1,1,0.36722702,0.632773,0.632773,0.0030994434178779
2026-02-23,TCS,-1,1,0.48769367,0.51230633,0.51230633,-0.0036855101361201
2026-02-24,TCS,-1,1,0.41701895,0.58298105,0.58298105,-0.0383365430854321
2026-02-25,TCS,-1,1,0.25268763,0.74731237,0.74731237,0.0216032364281031
2026-02-26,TCS,-1,1,0.45011997,0.54988,0.54988,0.0069979495632268
2026-02-27,TCS,-1,1,0.44521844,0.55478156,0.55478156,-0.0038901305414312
2026-03-02,TCS,-1,1,0.33493614,0.66506386,0.66506386,-0.0090619738242796
2026-03-04,TCS,-1,1,0.4015854,0.5984146,0.5984146,-0.0098334650830942
2026-03-05,TCS,-1,1,0.38759428,0.6124057,0.6124057,-0.0034778722279983
2026-03-06,TCS,-1,1,0.36394197,0.63605803,0.63605803,-0.0082208251051196
2026-03-09,TCS,-1,1,0.31750834,0.68249166,0.68249166,-0.0118080993735648
2026-03-10,TCS,-1,1,0.32447916,0.67552084,0.67552084,-0.005657868160158
2026-03-11,TCS,-1,1,0.29896986,0.70103014,0.70103014,-0.0191795885624913
2026-03-12,TCS,-1,1,0.30401534,0.69598466,0.69598466,-0.0091281482509175
2026-03-13,TCS,-1,1,0.24500358,0.7549964,0.7549964,-0.0130608792755676
2026-03-17,TCS,1,1,0.21554965,0.78445035,0.78445035,-0.0072638130925709
2026-03-18,TCS,1,1,0.31508613,0.6849139,0.6849139,0.0205294169378242
2026-03-19,TCS,1,1,0.2964887,0.7035113,0.7035113,-0.0347427870914317
2026-03-20,TCS,1,1,0.3322953,0.6677047,0.6677047,0.0146859405325803
2026-03-23,TCS,1,1,0.28101808,0.7189819,0.7189819,-0.0028444540133661
2026-03-24,TCS,1,1,0.26085502,0.739145,0.739145,0.0062924660751497
2026-03-25,TCS,1,1,0.26481026,0.73518974,0.73518974,-0.0089211487920983
2026-03-27,TCS,1,1,0.25413454,0.74586546,0.74586546,0.0052157878570846
2026-03-30,TCS,1,1,0.45560998,0.54439,0.54439,-0.0129300311710731
2026-04-01,TCS,1,1,0.39519322,0.6048068,0.6048068,0.0208996351333574
2026-04-02,TCS,1,-1,0.6166986,0.38330135,0.6166986,0.0176480138265089
2026-04-06,TCS,1,1,0.31787843,0.6821216,0.6821216,0.009466687520655
2026-04-08,TCS,-1,1,0.457016,0.542984,0.542984,0.0076383595906917
2026-04-09,TCS,-1,-1,0.56839526,0.43160477,0.56839526,0.0116442724466585
2026-04-10,TCS,-1,1,0.3534947,0.6465053,0.6465053,-0.024990346641587
2026-04-13,TCS,-1,1,0.24178171,0.7582183,0.7582183,-0.0204808957051582
2026-04-15,TCS,-1,1,0.17502856,0.82497144,0.82497144,0.0332846824609869
2026-04-16,TCS,-1,1,0.31580514,0.68419486,0.68419486,0.0086109525404378
2025-01-01,TECHM,-1,-1,0.6944226,0.3055774,0.6944226,-0.0013774135102688
2025-01-02,TECHM,-1,-1,0.7318052,0.26819476,0.7318052,0.0135575353407131
2025-01-03,TECHM,-1,-1,0.68898726,0.31101274,0.68898726,-0.0217145395650808
2025-01-07,TECHM,-1,-1,0.7691823,0.2308177,0.7691823,-0.0089841743298813
2025-01-08,TECHM,1,-1,0.7773331,0.22266693,0.7773331,-0.0044280764518869
2025-01-09,TECHM,1,-1,0.6725655,0.32743448,0.6725655,-0.0125920038556009
2025-01-10,TECHM,1,-1,0.8001642,0.19983578,0.8001642,0.0382274002422742
2025-01-16,TECHM,-1,-1,0.73077774,0.26922223,0.73077774,0.0069810982517388
2025-01-20,TECHM,-1,-1,0.72517437,0.27482563,0.72517437,0.0086127874588737
2025-01-21,TECHM,1,-1,0.6754271,0.32457295,0.6754271,-0.0203629953631584
2025-01-22,TECHM,-1,-1,0.6733109,0.32668912,0.6733109,0.0264857198595276
2025-01-23,TECHM,-1,-1,0.6318353,0.36816472,0.6318353,0.017488764085171
2025-01-24,TECHM,-1,-1,0.6563038,0.34369618,0.6563038,0.0056320135351881
2025-01-27,TECHM,1,-1,0.5560883,0.44391167,0.5560883,-0.040132278694116
2025-01-28,TECHM,1,-1,0.5516015,0.4483985,0.5516015,-0.0033557714667078
2025-02-04,TECHM,1,-1,0.69707406,0.3029259,0.69707406,0.0026290161096027
2025-02-05,TECHM,1,-1,0.7175039,0.28249612,0.7175039,0.001175355909504
2025-02-07,TECHM,-1,-1,0.672781,0.32721898,0.672781,0.0134762833301738
2025-02-10,TECHM,-1,-1,0.75661474,0.24338524,0.75661474,0.0041073651320227
2025-02-11,TECHM,-1,-1,0.75448406,0.24551594,0.75448406,-0.0176275543753189
2025-02-12,TECHM,-1,-1,0.814512,0.18548797,0.814512,0.0066502723839414
2025-02-13,TECHM,-1,-1,0.857268,0.14273205,0.857268,-0.0029162408473611
2025-02-14,TECHM,-1,-1,0.8471774,0.15282263,0.8471774,-0.0096700125099882
2025-02-17,TECHM,-1,-1,0.8468702,0.15312979,0.8468702,0.0035259617529106
2025-02-18,TECHM,-1,-1,0.8389025,0.1610975,0.8389025,0.0240548677150127
2025-02-19,TECHM,-1,-1,0.8743531,0.12564689,0.8743531,-0.0112610299734754
2025-02-20,TECHM,-1,-1,0.8889624,0.1110376,0.8889624,-0.0165796709785275
2025-02-21,TECHM,-1,-1,0.83271384,0.16728614,0.83271384,-0.0050365893110269
2025-02-24,TECHM,-1,-1,0.7609322,0.23906778,0.7609322,-0.0217035588408839
2025-02-25,TECHM,-1,-1,0.6200248,0.37997517,0.6200248,-0.0122389961661631
2025-02-27,TECHM,-1,-1,0.64478874,0.35521126,0.64478874,-0.0035759930234212
2025-02-28,TECHM,-1,1,0.43088812,0.5691119,0.5691119,-0.063214309438928
2025-03-03,TECHM,-1,1,0.33804512,0.6619549,0.6619549,0.0034950990778954
2025-03-04,TECHM,-1,1,0.45967335,0.54032665,0.54032665,-0.0032149049913805
2025-03-05,TECHM,-1,-1,0.508862,0.491138,0.508862,0.0334956379132065
2025-03-06,TECHM,-1,1,0.49562246,0.50437754,0.50437754,-0.0225277999327606
2025-03-07,TECHM,-1,-1,0.5524536,0.44754642,0.5524536,-0.0073829993353345
2025-03-10,TECHM,-1,-1,0.6829234,0.31707662,0.6829234,-0.0036854594321721
2025-03-11,TECHM,-1,-1,0.72275543,0.27724454,0.72275543,-0.0051450573161209
2025-03-12,TECHM,-1,-1,0.6485886,0.3514114,0.6485886,-0.0276500626694902
2025-03-13,TECHM,-1,-1,0.65758044,0.34241956,0.65758044,0.0016338853321633
2025-03-17,TECHM,-1,-1,0.5278471,0.4721529,0.5278471,-0.000381780483284
2025-03-18,TECHM,-1,-1,0.5720527,0.4279473,0.5720527,0.0
2025-03-19,TECHM,-1,-1,0.6305007,0.3694993,0.6305007,-0.0305187804558746
2025-03-20,TECHM,-1,-1,0.6771604,0.3228396,0.6771604,0.0103141085431996
2025-03-21,TECHM,-1,-1,0.52143824,0.47856173,0.52143824,-0.0009217032213576
2025-03-24,TECHM,-1,-1,0.5754376,0.4245624,0.5754376,0.0350541825294152
2025-03-25,TECHM,-1,-1,0.5101775,0.4898225,0.5101775,-0.0021595158840534
2025-03-26,TECHM,-1,1,0.31883657,0.68116343,0.68116343,-0.0269322892342295
2025-03-27,TECHM,-1,1,0.35925913,0.6407409,0.6407409,0.0053660510979174
2025-03-28,TECHM,-1,1,0.3877641,0.6122359,0.6122359,-0.0039680383438256
2025-04-01,TECHM,-1,1,0.42883182,0.5711682,0.5711682,-0.0162876828793084
2025-04-02,TECHM,-1,1,0.40182495,0.59817505,0.59817505,0.0199979545694755
2025-04-04,TECHM,1,1,0.3723458,0.6276542,0.6276542,-0.0353452801965388
2025-04-07,TECHM,1,1,0.34021908,0.6597809,0.6597809,-0.0249440616331835
2025-04-08,TECHM,1,1,0.37924713,0.6207529,0.6207529,0.0204968561904479
2025-04-09,TECHM,1,-1,0.7429911,0.25700894,0.7429911,-0.0316875150026986
2025-04-11,TECHM,1,-1,0.71440107,0.28559893,0.71440107,0.0074641911557684
2025-04-15,TECHM,1,-1,0.5663036,0.43369642,0.5663036,0.0151686527439958
2025-04-16,TECHM,1,-1,0.6540336,0.3459664,0.6540336,0.0053775346592921
2025-04-17,TECHM,1,1,0.3702984,0.6297016,0.6297016,-0.0014517147913095
2025-04-21,TECHM,1,1,0.46081758,0.5391824,0.5391824,0.0510406490562149
2025-04-22,TECHM,1,1,0.3693143,0.6306857,0.6306857,0.0021842073714004
2025-04-23,TECHM,1,1,0.38880944,0.61119056,0.61119056,0.0458408376814296
2025-04-24,TECHM,1,1,0.44245523,0.55754477,0.55754477,0.0038900392537468
2025-04-25,TECHM,1,1,0.41084796,0.58915204,0.58915204,0.0116247226378689
2025-04-28,TECHM,1,1,0.46048856,0.53951144,0.53951144,-0.0003420984829538
2025-04-29,TECHM,1,-1,0.72675705,0.27324295,0.72675705,0.0231269649785952
2025-04-30,TECHM,1,1,0.4739431,0.5260569,0.5260569,0.0051494135469458
2025-05-02,TECHM,1,1,0.4119873,0.5880127,0.5880127,-0.0059214385273236
2025-05-05,TECHM,1,1,0.4053641,0.5946359,0.5946359,0.0003346646220825
2025-05-06,TECHM,1,1,0.3967358,0.6032642,0.6032642,0.0010705517017897
2025-05-07,TECHM,1,1,0.28230482,0.7176952,0.7176952,-0.0006683897724779
2025-05-08,TECHM,1,1,0.24247557,0.75752443,0.75752443,0.0050828909912754
2025-05-09,TECHM,1,1,0.22433943,0.7756606,0.7756606,-0.0060553674428991
2025-05-12,TECHM,1,1,0.38526702,0.614733,0.614733,0.0531566375772705
2025-05-13,TECHM,1,1,0.41526687,0.5847331,0.5847331,-0.0003814136193166
2025-05-14,TECHM,-1,-1,0.55153865,0.44846135,0.55153865,0.0195230167151183
2025-05-15,TECHM,-1,-1,0.5111742,0.48882577,0.5111742,0.0161551463142033
2025-05-16,TECHM,-1,-1,0.5644983,0.43550172,0.5644983,-0.0074272692900525
2025-05-19,TECHM,-1,1,0.4959526,0.5040474,0.5040474,-0.011873874570859
2025-05-20,TECHM,-1,1,0.37953496,0.62046504,0.62046504,-0.0136437736506409
2025-05-21,TECHM,-1,1,0.48630655,0.51369345,0.51369345,0.0140862558826224
2025-05-26,TECHM,-1,-1,0.64759696,0.35240304,0.64759696,0.0133519210509478
2025-05-27,TECHM,1,1,0.42112672,0.5788733,0.5788733,-0.0056200987374209
2025-05-28,TECHM,1,1,0.27992898,0.720071,0.720071,-0.0075986023480923
2025-05-29,TECHM,1,-1,0.52115685,0.47884315,0.52115685,0.0124660372117311
2025-05-30,TECHM,1,1,0.34460336,0.65539664,0.65539664,-0.0163125862043249
2025-06-02,TECHM,1,-1,0.5085353,0.49146467,0.5085353,-0.0157570567951205
2025-06-03,TECHM,1,-1,0.67181194,0.32818806,0.67181194,-0.0034212840744967
2025-06-04,TECHM,1,-1,0.6183344,0.38166562,0.6183344,0.0083559884583952
2025-06-05,TECHM,1,-1,0.6234203,0.3765797,0.6234203,0.0039185437340496
2025-06-06,TECHM,1,-1,0.70738995,0.29261002,0.70738995,0.0053110093377062
2025-06-09,TECHM,1,1,0.36106026,0.63893974,0.63893974,0.0050919619862848
2025-06-10,TECHM,1,1,0.46710813,0.53289187,0.53289187,0.0201380327803395
2025-06-11,TECHM,1,-1,0.62200665,0.37799338,0.62200665,0.0165124532851228
2025-06-12,TECHM,1,-1,0.72395796,0.27604204,0.72395796,0.0042138681725125
2025-06-13,TECHM,1,-1,0.6863632,0.31363675,0.6863632,0.0088785420428627
2025-06-17,TECHM,-1,-1,0.55034834,0.44965166,0.55034834,0.0145816902991704
2025-06-18,TECHM,-1,-1,0.5665027,0.4334973,0.5665027,-0.0045967661778806
2025-06-19,TECHM,-1,1,0.48711997,0.51288,0.51288,-0.0156076553105829
2025-06-20,TECHM,-1,1,0.4997235,0.5002765,0.5002765,0.0071852819862932
2025-06-23,TECHM,-1,-1,0.5406663,0.45933372,0.5406663,-0.0084310698152356
2025-06-24,TECHM,-1,-1,0.55865943,0.44134054,0.55865943,-0.0027946453937044
2025-06-25,TECHM,-1,-1,0.56142455,0.43857545,0.56142455,0.0166358708709517
2025-06-26,TECHM,-1,-1,0.58668077,0.41331923,0.58668077,-0.0086804018268823
2025-06-27,TECHM,-1,-1,0.5902017,0.40979832,0.5902017,-0.0093479348571711
2025-06-30,TECHM,-1,-1,0.54504675,0.45495325,0.54504675,0.0075251054386415
2025-07-01,TECHM,-1,-1,0.53377795,0.46622202,0.53377795,-0.0093658145943208
2025-07-02,TECHM,-1,-1,0.5091676,0.4908324,0.5091676,0.0035304202819015
2025-07-03,TECHM,-1,-1,0.5154476,0.4845524,0.5154476,-0.0031006243637882
2025-07-04,TECHM,-1,-1,0.5511076,0.4488924,0.5511076,0.0081004000354292
2025-07-07,TECHM,-1,1,0.46045417,0.53954583,0.53954583,-0.0189100504244164
2025-07-08,TECHM,-1,-1,0.5695523,0.4304477,0.5695523,0.0070817303631467
2025-07-09,TECHM,-1,-1,0.51149714,0.48850286,0.51149714,-0.0125963390991475
2025-07-10,TECHM,-1,-1,0.5102744,0.48972556,0.5102744,-0.0091033260157894
2025-07-11,TECHM,-1,-1,0.5044471,0.49555287,0.5044471,0.0014999004794409
2025-07-14,TECHM,-1,1,0.42985308,0.5701469,0.5701469,-0.0160998782987628
2025-07-15,TECHM,-1,-1,0.5677609,0.43223912,0.5677609,0.0014587927998674
2025-07-16,TECHM,-1,1,0.38697577,0.61302423,0.61302423,0.0183027534904329
2025-07-17,TECHM,-1,1,0.4265362,0.5734638,0.5734638,-0.0274893118217043
2025-07-18,TECHM,-1,1,0.35594767,0.6440523,0.6440523,-0.009464707805692
2025-07-21,TECHM,-1,1,0.35187638,0.6481236,0.6481236,-0.0032926366018932
2025-07-22,TECHM,-1,1,0.4171595,0.5828405,0.5828405,0.0022023425817232
2025-07-23,TECHM,-1,-1,0.5737753,0.42622468,0.5737753,-0.0003878555994071
2025-07-24,TECHM,-1,1,0.4992512,0.5007488,0.5007488,-0.0310357816584058
2025-07-25,TECHM,1,1,0.46508193,0.53491807,0.53491807,-0.0244895147235376
2025-07-28,TECHM,1,1,0.26927292,0.7307271,0.7307271,-0.0077297178122699
2025-07-29,TECHM,1,1,0.23824346,0.76175654,0.76175654,0.002206088682316
2025-07-30,TECHM,1,1,0.29586834,0.70413166,0.70413166,0.0064657388637689
2025-07-31,TECHM,1,1,0.35031706,0.64968294,0.64968294,0.0003416698068592
2025-08-01,TECHM,1,1,0.30877483,0.6912252,0.6912252,-0.017011586428653
2025-08-04,TECHM,1,1,0.39560318,0.6043968,0.6043968,0.0251598073027798
2025-08-05,TECHM,1,1,0.43360317,0.56639683,0.56639683,0.007050848160653
2025-08-06,TECHM,1,1,0.39766252,0.6023375,0.6023375,-0.0177730049754581
2025-08-07,TECHM,1,1,0.44861406,0.55138594,0.55138594,0.0157642531289419
2025-08-08,TECHM,1,1,0.4100741,0.5899259,0.5899259,-0.0010795902101617
2025-08-11,TECHM,1,1,0.37847674,0.62152326,0.62152326,0.0004727634825287
2025-08-12,TECHM,-1,1,0.36148,0.63852,0.63852,0.0190400174158587
2025-08-13,TECHM,-1,1,0.35969454,0.64030546,0.64030546,-0.001987729882857
2025-08-14,TECHM,1,1,0.27033722,0.7296628,0.7296628,-0.0130120612554452
2025-08-18,TECHM,1,1,0.31509203,0.684908,0.684908,-0.0104257525213752
2025-08-19,TECHM,1,1,0.28106844,0.71893156,0.71893156,0.0173327541523411
2025-08-20,TECHM,-1,1,0.38700193,0.61299807,0.61299807,0.0183069475168695
2025-08-21,TECHM,-1,1,0.4012167,0.5987833,0.5987833,-0.0018370753184694
2025-08-22,TECHM,-1,1,0.4198662,0.5801338,0.5801338,-0.0107145225864756
2025-08-25,TECHM,-1,1,0.303361,0.696639,0.696639,0.0146843656792015
2025-08-26,TECHM,1,1,0.31360924,0.68639076,0.68639076,-0.0163054834768736
2025-08-28,TECHM,1,1,0.2871493,0.7128507,0.7128507,-0.0043934777883692
2025-08-29,TECHM,1,1,0.24576932,0.7542307,0.7542307,-0.0094945146808648
2025-09-01,TECHM,1,1,0.24280483,0.7571952,0.7571952,0.0162683557204568
2025-09-02,TECHM,1,1,0.37450296,0.62549704,0.62549704,0.0048489745528588
2025-09-03,TECHM,1,1,0.26410562,0.7358944,0.7358944,-0.0030408227229868
2025-09-04,TECHM,1,1,0.33362347,0.66637653,0.66637653,-0.0051716875968643
2025-09-05,TECHM,1,1,0.34888858,0.6511114,0.6511114,-0.0149959942995326
2025-09-08,TECHM,1,1,0.37924755,0.62075245,0.62075245,-0.0116381873562628
2025-09-09,TECHM,-1,-1,0.52133083,0.47866917,0.52133083,0.0256726404573797
2025-09-10,TECHM,-1,1,0.48159778,0.5184022,0.5184022,0.0185556178253081
2025-09-11,TECHM,-1,1,0.45010948,0.5498905,0.5498905,-0.0031454662130742
2025-09-12,TECHM,-1,1,0.33679897,0.66320103,0.66320103,0.0028267487086808
2025-09-15,TECHM,-1,1,0.38432884,0.61567116,0.61567116,-0.0037365157635345
2025-09-16,TECHM,-1,1,0.37719804,0.62280196,0.62280196,0.0076983616765031
2025-09-17,TECHM,-1,-1,0.51592433,0.4840757,0.51592433,0.0102514117618444
2025-09-18,TECHM,-1,-1,0.5401913,0.45980868,0.5401913,0.0022620790909717
2025-09-19,TECHM,-1,1,0.49342173,0.50657827,0.50657827,0.0019991724270906
2025-09-22,TECHM,-1,-1,0.5995655,0.4004345,0.5995655,-0.0311494117371545
2025-09-23,TECHM,-1,1,0.38435167,0.6156483,0.6156483,-0.0222532746454551
2025-09-24,TECHM,1,1,0.48088545,0.51911455,0.51911455,-0.0132481210291378
2025-09-25,TECHM,1,1,0.45488667,0.5451133,0.5451133,-0.0055770072529629
2025-09-26,TECHM,1,1,0.39154047,0.60845953,0.60845953,-0.0253410465325021
2025-09-29,TECHM,1,1,0.42687726,0.57312274,0.57312274,0.0021311058118
2025-09-30,TECHM,1,1,0.49851543,0.5014846,0.5014846,-0.0073721401949127
2025-10-01,TECHM,1,1,0.47075427,0.52924573,0.52924573,0.0112118211552401
2025-10-03,TECHM,1,-1,0.5232328,0.47676718,0.5232328,-0.0108756572704068
2025-10-06,TECHM,1,-1,0.5844414,0.41555855,0.5844414,0.0276310731341082
2025-10-07,TECHM,1,-1,0.66141504,0.33858496,0.66141504,-0.0002779260630971
2025-10-08,TECHM,1,-1,0.71451634,0.28548366,0.71451634,0.0134129104642406
2025-10-10,TECHM,1,-1,0.7656857,0.23431431,0.7656857,-0.0064093927162007
2025-10-13,TECHM,1,-1,0.7572516,0.24274835,0.7572516,-0.0043232904342226
2025-10-16,TECHM,-1,-1,0.67659086,0.32340914,0.67659086,0.0032899965168224
2025-10-17,TECHM,-1,-1,0.701741,0.29825902,0.701741,-0.011067147712665
2025-10-20,TECHM,-1,-1,0.5638727,0.4361273,0.5638727,0.0082368065260498
2025-10-21,TECHM,-1,-1,0.6269883,0.3730117,0.6269883,0.0029769639193664
2025-10-23,TECHM,-1,1,0.3956867,0.6043133,0.6043133,0.0101470792694486
2025-10-24,TECHM,-1,1,0.34167498,0.658325,0.658325,-0.006628449556075
2025-10-27,TECHM,-1,1,0.22549307,0.7745069,0.7745069,0.0062599559482092
2025-10-28,TECHM,1,1,0.2415297,0.7584703,0.7584703,-0.0105277713289657
2025-10-31,TECHM,1,1,0.27520794,0.72479206,0.72479206,-0.0065560218258782
2025-11-04,TECHM,1,1,0.285703,0.714297,0.714297,-0.0074659087841271
2025-11-06,TECHM,1,1,0.33478093,0.66521907,0.66521907,0.0031223563486526
2025-11-07,TECHM,1,1,0.3743611,0.6256389,0.6256389,-0.0190294460092307
2025-11-10,TECHM,1,1,0.42184412,0.5781559,0.5781559,0.0080046859790177
2025-11-11,TECHM,1,-1,0.53393424,0.46606573,0.53393424,0.0072971460978459
2025-11-12,TECHM,1,-1,0.61184424,0.38815576,0.61184424,0.0341619144786486
2025-11-13,TECHM,1,-1,0.6070464,0.39295357,0.6070464,-0.0032277668090638
2025-11-14,TECHM,1,1,0.35959744,0.64040256,0.64040256,-0.008405727598849
2025-11-17,TECHM,1,1,0.30588347,0.69411653,0.69411653,0.0094497624497389
2025-11-18,TECHM,1,-1,0.50898373,0.49101624,0.50898373,-0.021200473425761
2025-11-19,TECHM,1,1,0.36998916,0.63001084,0.63001084,0.008368512246176
2025-11-20,TECHM,1,1,0.28033787,0.71966213,0.71966213,0.015412494043975
2025-11-21,TECHM,1,1,0.34700882,0.6529912,0.6529912,0.0037774725274726
2025-11-24,TECHM,1,1,0.44511056,0.55488944,0.55488944,0.0227163538637529
2025-11-25,TECHM,1,1,0.46786416,0.53213584,0.53213584,0.0
2025-11-26,TECHM,1,-1,0.53290796,0.467092,0.53290796,0.0171941353326721
2025-11-27,TECHM,1,1,0.43965906,0.56034094,0.56034094,-0.0069718333436771
2025-11-28,TECHM,1,1,0.35783774,0.64216226,0.64216226,0.0049675452095934
2025-12-01,TECHM,1,1,0.39453006,0.60546994,0.60546994,0.0080405659917413
2025-12-02,TECHM,1,-1,0.7303904,0.2696096,0.7303904,0.0047073888014874
2025-12-03,TECHM,1,-1,0.6333053,0.36669466,0.6333053,0.0032537256191014
2025-12-04,TECHM,1,-1,0.74131525,0.25868478,0.74131525,0.0133619370232136
2025-12-05,TECHM,1,-1,0.74478364,0.25521636,0.74478364,0.0054406962390969
2025-12-08,TECHM,1,-1,0.7127096,0.2872904,0.7127096,0.0133689835416459
2025-12-09,TECHM,1,-1,0.7254096,0.27459034,0.7254096,-0.0189722781227583
2025-12-10,TECHM,1,-1,0.7332887,0.2667113,0.7332887,-0.0069159368126655
2025-12-11,TECHM,1,-1,0.7272798,0.27272022,0.7272798,0.0112199521510838
2025-12-12,TECHM,1,-1,0.8075371,0.19246289,0.8075371,0.0065043193213756
2025-12-15,TECHM,1,-1,0.7271179,0.27288213,0.7271179,-0.001900658865685
2025-12-16,TECHM,1,-1,0.76064867,0.23935132,0.76064867,0.0017772798745854
2025-12-17,TECHM,1,-1,0.74424607,0.25575393,0.74424607,0.0007604063358996
2025-12-19,TECHM,-1,-1,0.7659886,0.23401138,0.7659886,0.0042974741647865
2025-12-22,TECHM,-1,-1,0.74780804,0.25219196,0.74780804,0.0212092720445735
2025-12-24,TECHM,-1,-1,0.6042335,0.39576653,0.6042335,-0.0009185548071034
2025-12-26,TECHM,-1,-1,0.6272304,0.3727696,0.6272304,-0.0117682814415415
2025-12-29,TECHM,-1,-1,0.59803,0.40197,0.59803,6.200805241562968e-05
2025-12-30,TECHM,1,1,0.4898798,0.5101202,0.5101202,-0.0048375395125409
2026-01-01,TECHM,-1,-1,0.57966363,0.42033637,0.57966363,0.0105600141429378
2026-01-02,TECHM,1,-1,0.5510752,0.4489248,0.5510752,0.0026746588037094
2026-01-05,TECHM,1,-1,0.62079763,0.37920234,0.62079763,-0.0093672305123682
2026-01-06,TECHM,1,-1,0.5775274,0.42247263,0.5775274,0.0030684603539037
2026-01-07,TECHM,1,-1,0.7454305,0.25456947,0.7454305,0.0146085039520815
2026-01-08,TECHM,1,1,0.35003823,0.64996177,0.64996177,-0.029104066071197
2026-01-09,TECHM,1,1,0.4889549,0.5110451,0.5110451,0.0027250945505303
2026-01-12,TECHM,1,-1,0.5881126,0.41188744,0.5881126,0.0024649377666672
2026-01-13,TECHM,1,-1,0.6845131,0.3154869,0.6845131,0.0180947441422065
2026-01-14,TECHM,1,-1,0.64597654,0.35402343,0.64597654,-0.0162868764137152
2026-01-15,TECHM,1,-1,0.50014377,0.49985626,0.50014377,0.0
2026-01-16,TECHM,1,-1,0.5299031,0.4700969,0.5299031,0.0516210261252754
2026-01-20,TECHM,-1,-1,0.529907,0.47009304,0.529907,-0.0231624557394783
2026-01-21,TECHM,-1,1,0.44717145,0.55282855,0.55282855,0.0048852851783587
2026-01-22,TECHM,-1,1,0.41382235,0.58617765,0.58617765,0.0004150549964154
2026-01-23,TECHM,-1,1,0.41874033,0.58125967,0.58125967,0.0081189705900543
2026-01-27,TECHM,-1,1,0.34882402,0.651176,0.651176,0.0258656167371023
2026-01-28,TECHM,-1,1,0.40286505,0.59713495,0.59713495,0.0102000166621676
2026-01-29,TECHM,-1,1,0.47756356,0.52243644,0.52243644,0.0031198592795005
2026-01-30,TECHM,-1,-1,0.5732304,0.42676964,0.5732304,-0.014306745351074
2026-02-02,TECHM,-1,1,0.43702596,0.56297404,0.56297404,-0.0109574756775021
2026-02-03,TECHM,-1,1,0.4088602,0.5911398,0.5911398,-0.0043503480278421
2026-02-04,TECHM,-1,-1,0.59257007,0.40742996,0.59257007,-0.0414797268697203
2026-02-05,TECHM,-1,-1,0.662994,0.337006,0.662994,0.0005469533319415
2026-02-06,TECHM,-1,-1,0.6231358,0.37686417,0.6231358,-0.0159761435657257
2026-02-09,TECHM,-1,-1,0.6649098,0.33509022,0.6649098,0.0011111344716865
2026-02-10,TECHM,-1,-1,0.6645384,0.33546162,0.6645384,0.0141209996322158
2026-02-11,TECHM,-1,-1,0.6974347,0.30256528,0.6974347,-0.0062020864181522
2026-02-12,TECHM,-1,-1,0.5895078,0.41049218,0.5895078,-0.0598385018154822
2026-02-13,TECHM,-1,-1,0.5975801,0.40241995,0.5975801,-0.0014317006422156
2026-02-16,TECHM,-1,1,0.43382692,0.5661731,0.5661731,-0.0141423832748399
2026-02-17,TECHM,-1,-1,0.6143148,0.38568518,0.6143148,0.0073379374724318
2026-02-18,TECHM,-1,-1,0.6078086,0.3921914,0.6078086,-0.0124688275306277
2026-02-19,TECHM,-1,-1,0.5237547,0.4762453,0.5237547,-0.0169457729748602
2026-02-20,TECHM,-1,1,0.38159972,0.6184003,0.6184003,-0.0151423130363629
2026-02-23,TECHM,-1,-1,0.6415518,0.3584482,0.6415518,-0.0109822223432488
2026-02-26,TECHM,-1,-1,0.5401834,0.45981655,0.5401834,0.0
2026-02-27,TECHM,-1,-1,0.6396239,0.3603761,0.6396239,-0.0029372887770433
2026-03-04,TECHM,1,-1,0.55968916,0.4403108,0.55968916,0.0043109310633009
2026-03-06,TECHM,1,-1,0.67119443,0.3288056,0.67119443,-0.0012001032008184
2026-03-09,TECHM,1,-1,0.60590273,0.39409727,0.60590273,0.0034543048921809
2026-03-10,TECHM,1,-1,0.65265226,0.34734774,0.65265226,0.0002244456685274
2026-03-11,TECHM,1,-1,0.6131941,0.3868059,0.6131941,-0.001645930878392
2026-03-12,TECHM,1,1,0.49623704,0.50376296,0.50376296,0.011540785470852
2026-03-13,TECHM,1,-1,0.6152134,0.3847866,0.6152134,-0.0125944579826909
2026-03-16,TECHM,1,1,0.47067654,0.52932346,0.52932346,0.0050269739844066
2026-03-17,TECHM,1,-1,0.6023394,0.39766064,0.6023394,0.0017170950564575
2026-03-18,TECHM,1,-1,0.6685848,0.33141515,0.6685848,0.0323445377585533
2026-03-19,TECHM,1,1,0.49068713,0.50931287,0.50931287,-0.0321975001141214
2026-03-20,TECHM,1,1,0.45534396,0.54465604,0.54465604,0.0329703670350052
2026-03-23,TECHM,1,1,0.38462228,0.6153777,0.6153777,-0.0005777359906955
2026-03-25,TECHM,1,1,0.38507062,0.6149294,0.6149294,-0.0168911509713396
2026-03-27,TECHM,1,1,0.44186145,0.55813855,0.55813855,-0.0119985973830759
2026-03-30,TECHM,1,-1,0.5525819,0.4474181,0.5525819,-0.0054613220172969
2026-04-01,TECHM,1,1,0.3573966,0.6426034,0.6426034,0.0148121387283237
2026-04-02,TECHM,1,1,0.48388362,0.5161164,0.5161164,0.0263438946244214
2026-04-06,TECHM,1,1,0.31879324,0.68120676,0.68120676,0.0055497745404093
2026-04-08,TECHM,-1,1,0.41372353,0.5862765,0.5862765,-0.0149314508181502
2026-04-09,TECHM,-1,-1,0.50411505,0.49588495,0.50411505,0.0070276636353183
2026-04-10,TECHM,-1,1,0.2227915,0.7772085,0.7772085,-0.0146415057276416
2026-04-13,TECHM,-1,1,0.27026254,0.72973746,0.72973746,-0.0033328196920898
2026-04-15,TECHM,-1,1,0.363939,0.636061,0.636061,0.0337188404562134
2026-04-16,TECHM,-1,1,0.4087069,0.5912931,0.5912931,0.0048523729174705
2025-01-01,TITAN,1,1,0.48607534,0.51392466,0.51392466,0.0002152816716034
2025-01-02,TITAN,-1,-1,0.6060635,0.39393654,0.6060635,0.0415200250515868
2025-01-03,TITAN,-1,-1,0.5481154,0.45188463,0.5481154,0.0185012598007585
2025-01-06,TITAN,-1,-1,0.56471515,0.43528482,0.56471515,0.0054321445552485
2025-01-07,TITAN,-1,-1,0.6104708,0.38952923,0.6104708,0.0099989366436479
2025-01-08,TITAN,-1,-1,0.58701515,0.41298485,0.58701515,-0.0060055276675753
2025-01-09,TITAN,-1,-1,0.6162614,0.38373858,0.6162614,0.0008610576537524
2025-01-10,TITAN,-1,-1,0.5274728,0.4725272,0.5274728,-0.0134211117308008
2025-01-13,TITAN,-1,-1,0.54290783,0.4570922,0.54290783,-0.0167138776725775
2025-01-15,TITAN,1,-1,0.55832916,0.44167084,0.55832916,0.0003009995410567
2025-01-16,TITAN,1,-1,0.5127316,0.4872684,0.5127316,-0.0019858960341834
2025-01-17,TITAN,1,1,0.49421006,0.50578994,0.50578994,0.0122101771704901
2025-01-20,TITAN,1,-1,0.5173121,0.4826879,0.5173121,0.0074016195295802
2025-01-21,TITAN,1,1,0.47991598,0.520084,0.520084,-0.008544591496358
2025-01-22,TITAN,1,1,0.4896093,0.5103907,0.5103907,0.000924412028237
2025-01-23,TITAN,1,-1,0.56997603,0.43002397,0.56997603,0.0125430726964173
2025-01-27,TITAN,1,-1,0.50717616,0.49282384,0.50717616,-0.0243374657049242
2025-01-29,TITAN,-1,-1,0.60636306,0.39363694,0.60636306,0.0134851164529317
2025-01-30,TITAN,-1,-1,0.5677554,0.4322446,0.5677554,-0.0006971946433482
2025-01-31,TITAN,-1,-1,0.6082585,0.39174154,0.6082585,0.0361745123011632
2025-02-01,TITAN,-1,-1,0.5353805,0.4646195,0.5353805,0.0176921344514939
2025-02-03,TITAN,-1,-1,0.52319276,0.47680724,0.52319276,0.0079673422317121
2025-02-04,TITAN,-1,-1,0.50898135,0.49101865,0.50898135,0.0048598896867417
2025-02-05,TITAN,-1,1,0.40864688,0.5913531,0.5913531,-0.0296856158917895
2025-02-06,TITAN,-1,1,0.4833845,0.5166155,0.5166155,-0.0229596689745888
2025-02-07,TITAN,-1,1,0.44986665,0.55013335,0.55013335,0.0041193192526267
2025-02-10,TITAN,-1,-1,0.5741401,0.42585996,0.5741401,-0.0284250749558966
2025-02-11,TITAN,-1,1,0.43149185,0.56850815,0.56850815,-0.0137191876477047
2025-02-12,TITAN,-1,1,0.49265444,0.50734556,0.50734556,-0.0080291480623672
2025-02-13,TITAN,-1,-1,0.5732249,0.42677507,0.5732249,-0.0073568293933782
2025-02-14,TITAN,-1,-1,0.58917224,0.41082776,0.58917224,-0.0056475537850537
2025-02-17,TITAN,-1,-1,0.6057044,0.39429554,0.6057044,0.0062086657335758
2025-02-18,TITAN,-1,-1,0.6056851,0.39431491,0.6056851,-0.0035104456016502
2025-02-19,TITAN,-1,-1,0.70328176,0.2967182,0.70328176,-0.0035849079835361
2025-02-20,TITAN,-1,-1,0.69909745,0.30090255,0.69909745,-0.005871730103925
2025-02-21,TITAN,-1,-1,0.7265978,0.2734022,0.7265978,-0.0036190559057318
2025-02-24,TITAN,-1,-1,0.71434754,0.28565246,0.71434754,-0.0021699103404567
2025-02-25,TITAN,-1,-1,0.639167,0.360833,0.639167,0.0081311278652269
2025-02-27,TITAN,-1,-1,0.65715426,0.34284574,0.65715426,0.0075966633014294
2025-02-28,TITAN,-1,-1,0.65483344,0.34516656,0.65483344,-0.0452515296256926
2025-03-03,TITAN,-1,-1,0.5240091,0.47599086,0.5240091,0.0015436159845023
2025-03-04,TITAN,1,-1,0.6000432,0.39995682,0.6000432,-0.0108695418995479
2025-03-05,TITAN,1,-1,0.64915764,0.3508424,0.64915764,0.0124815339406392
2025-03-06,TITAN,1,-1,0.64910567,0.3508943,0.64910567,0.0111937125056804
2025-03-10,TITAN,1,-1,0.71643686,0.28356317,0.71643686,-0.017065292063974
2025-03-12,TITAN,1,-1,0.750414,0.24958602,0.750414,-0.0090105681279074
2025-03-13,TITAN,1,-1,0.6321281,0.36787185,0.6321281,-0.0029149491378402
2025-03-17,TITAN,-1,1,0.36070734,0.63929266,0.63929266,0.0023919307419597
2025-03-18,TITAN,1,1,0.30958945,0.69041055,0.69041055,0.0
2025-03-19,TITAN,1,1,0.428743,0.571257,0.571257,0.0195370339335803
2025-03-20,TITAN,-1,1,0.42288035,0.57711965,0.57711965,0.0379676595462861
2025-03-21,TITAN,-1,1,0.36154228,0.6384577,0.6384577,-0.009520544767343
2025-03-24,TITAN,1,1,0.35619318,0.6438068,0.6438068,-0.0264330980871895
2025-03-25,TITAN,1,1,0.36024445,0.63975555,0.63975555,-0.0082491447534592
2025-03-26,TITAN,1,1,0.28208524,0.71791476,0.71791476,0.0012443841132612
2025-03-27,TITAN,1,1,0.33019704,0.66980296,0.66980296,0.009860928416786
2025-03-28,TITAN,1,1,0.32122952,0.6787705,0.6787705,-0.0078699716640414
2025-04-01,TITAN,1,1,0.35303217,0.6469678,0.6469678,-0.0249400591566603
2025-04-02,TITAN,1,1,0.3367452,0.6632548,0.6632548,0.0373290742179064
2025-04-03,TITAN,1,1,0.3229103,0.6770897,0.6770897,0.0093917951957027
2025-04-04,TITAN,1,1,0.337835,0.662165,0.662165,-0.0164186398881053
2025-04-07,TITAN,1,1,0.25728172,0.7427183,0.7427183,-0.0175540977379238
2025-04-08,TITAN,1,1,0.32248396,0.67751604,0.67751604,0.0331216163232088
2025-04-09,TITAN,1,-1,0.5668812,0.43311885,0.5668812,0.0166062392980266
2025-04-11,TITAN,1,1,0.42302614,0.57697386,0.57697386,0.0191390298702978
2025-04-15,TITAN,1,1,0.41637266,0.58362734,0.58362734,0.0119014618337651
2025-04-16,TITAN,1,-1,0.5316146,0.4683854,0.5316146,-0.0003970790006925
2025-04-21,TITAN,-1,1,0.46325397,0.536746,0.536746,0.0025845296472484
2025-04-24,TITAN,1,1,0.40883946,0.59116054,0.59116054,0.0075359001738846
2025-04-25,TITAN,1,1,0.40561438,0.5943856,0.5943856,-0.0051440761935428
2025-04-28,TITAN,1,1,0.4456392,0.5543608,0.5543608,0.0011589593480836
2025-04-29,TITAN,1,-1,0.5842202,0.41577986,0.5842202,0.002819798889815
2025-04-30,TITAN,1,1,0.4714995,0.5285005,0.5285005,0.0003255002600524
2025-05-02,TITAN,1,1,0.37713355,0.62286645,0.62286645,-0.0111547731568142
2025-05-05,TITAN,1,1,0.35060525,0.64939475,0.64939475,-0.0060442885865519
2025-05-06,TITAN,1,1,0.29959154,0.70040846,0.70040846,-0.006773474230404
2025-05-07,TITAN,1,1,0.41052026,0.58947974,0.58947974,0.0120025516972905
2025-05-08,TITAN,1,1,0.47484672,0.5251533,0.5251533,0.0091048103790951
2025-05-09,TITAN,1,1,0.47422302,0.525777,0.525777,0.0418484444458979
2025-05-12,TITAN,1,1,0.3654564,0.6345436,0.6345436,0.0149844632539772
2025-05-13,TITAN,1,1,0.39267892,0.6073211,0.6073211,8.419330204834097e-05
2025-05-15,TITAN,-1,1,0.45945412,0.5405459,0.5405459,0.0137138661931881
2025-05-16,TITAN,-1,1,0.47067004,0.52932996,0.52932996,-0.0008523639515294
2025-05-19,TITAN,-1,1,0.44456524,0.55543476,0.55543476,-0.004403268203511
2025-05-20,TITAN,-1,1,0.39403743,0.6059626,0.6059626,-0.0102550908584602
2025-05-21,TITAN,-1,1,0.3625911,0.6374089,0.6374089,-2.7971295295969867e-05
2025-05-22,TITAN,-1,1,0.33204436,0.66795564,0.66795564,-0.0110319412403079
2025-05-26,TITAN,-1,1,0.47620118,0.5237988,0.5237988,0.0085482346050611
2025-05-27,TITAN,-1,1,0.42158848,0.5784115,0.5784115,-0.0057890235636659
2025-05-28,TITAN,-1,1,0.40274322,0.5972568,0.5972568,-0.0040953552613239
2025-05-29,TITAN,-1,1,0.41674632,0.5832537,0.5832537,0.0038045521045668
2025-05-30,TITAN,-1,1,0.3912326,0.6087674,0.6087674,-0.00928019081756
2025-06-02,TITAN,-1,1,0.47172683,0.52827317,0.52827317,-0.0082982092757819
2025-06-03,TITAN,-1,1,0.38314027,0.61685973,0.61685973,-0.0016167816896712
2025-06-04,TITAN,-1,1,0.40463543,0.5953646,0.5953646,-0.0056821269023182
2025-06-06,TITAN,-1,-1,0.54593474,0.45406526,0.54593474,0.0159531678686919
2025-06-09,TITAN,-1,1,0.42913228,0.5708677,0.5708677,-0.0073036127008584
2025-06-11,TITAN,1,1,0.4760399,0.5239601,0.5239601,0.0049373216477064
2025-06-12,TITAN,1,-1,0.591731,0.408269,0.591731,-0.0251016603345892
2025-06-13,TITAN,1,1,0.47524536,0.52475464,0.52475464,-0.0089205356151204
2025-06-16,TITAN,1,1,0.37617886,0.62382114,0.62382114,0.004734204433819
2025-06-17,TITAN,1,1,0.40723813,0.5927619,0.5927619,-0.0094237946970001
2025-06-18,TITAN,1,1,0.48066092,0.5193391,0.5193391,0.0182341076562861
2025-06-19,TITAN,1,1,0.3689636,0.6310364,0.6310364,0.0108425737687205
2025-06-20,TITAN,1,1,0.40361178,0.5963882,0.5963882,0.003879766430223
2025-06-23,TITAN,1,1,0.49540335,0.50459665,0.50459665,-0.0037794588052698
2025-06-24,TITAN,-1,1,0.42288238,0.5771176,0.5771176,0.0057905474354584
2025-06-25,TITAN,-1,1,0.49220443,0.5077956,0.5077956,0.0357912495185483
2025-06-26,TITAN,-1,1,0.47768605,0.52231395,0.52231395,0.0116368431688678
2025-06-27,TITAN,-1,1,0.48134863,0.51865137,0.51865137,-0.007713769356003
2025-06-30,TITAN,-1,1,0.4384275,0.5615725,0.5615725,0.0065462848636139
2025-07-01,TITAN,-1,-1,0.50455594,0.49544406,0.50455594,0.0027912287876599
2025-07-02,TITAN,-1,1,0.4034562,0.5965438,0.5965438,0.002026698394695
2025-07-03,TITAN,-1,1,0.3581736,0.6418264,0.6418264,-0.0079017872797814
2025-07-04,TITAN,-1,1,0.3475448,0.6524552,0.6524552,0.0022290200625785
2025-07-07,TITAN,-1,1,0.31022805,0.68977195,0.68977195,-0.0056415845373254
2025-07-09,TITAN,1,1,0.418512,0.581488,0.581488,-0.0026733940782083
2025-07-10,TITAN,1,1,0.36554492,0.6344551,0.6344551,-0.0035838257854206
2025-07-11,TITAN,1,1,0.3739801,0.6260199,0.6260199,-0.0170185245747974
2025-07-15,TITAN,-1,1,0.45457035,0.54542965,0.54542965,0.003025244214128
2025-07-16,TITAN,-1,1,0.34099352,0.6590065,0.6590065,0.0006735135660687
2025-07-17,TITAN,-1,1,0.3810646,0.6189354,0.6189354,0.0046820588685172
2025-07-18,TITAN,-1,1,0.28625834,0.71374166,0.71374166,-0.0088544974374585
2025-07-21,TITAN,-1,1,0.38177663,0.61822337,0.61822337,0.0088454255253052
2025-07-22,TITAN,-1,-1,0.58287686,0.41712314,0.58287686,0.011476813965555
2025-07-23,TITAN,-1,-1,0.62049377,0.37950626,0.62049377,-0.0002879852632541
2025-07-24,TITAN,-1,-1,0.5575762,0.4424238,0.5575762,0.0037448868945415
2025-07-28,TITAN,1,1,0.3235839,0.6764161,0.6764161,-0.0201571121184853
2025-07-29,TITAN,1,1,0.27222073,0.72777927,0.72777927,-0.0040672115614869
2025-07-30,TITAN,1,1,0.2831782,0.7168218,0.7168218,-0.0007989912437524
2025-07-31,TITAN,1,1,0.29137444,0.70862556,0.70862556,-0.0086479938314453
2025-08-01,TITAN,1,1,0.26265466,0.73734534,0.73734534,-0.0093508345148451
2025-08-04,TITAN,1,1,0.33447444,0.66552556,0.66552556,0.0121532113474442
2025-08-05,TITAN,1,1,0.31071132,0.6892887,0.6892887,0.018442898859821
2025-08-06,TITAN,1,1,0.34363532,0.6563647,0.6563647,-0.0001462758197713
2025-08-07,TITAN,1,1,0.30740017,0.69259983,0.69259983,-0.0005851888780682
2025-08-08,TITAN,1,1,0.31864303,0.68135697,0.68135697,0.0130280764224424
2025-08-11,TITAN,1,1,0.32893038,0.6710696,0.6710696,0.0022252908157134
2025-08-12,TITAN,1,1,0.30047315,0.69952685,0.69952685,0.0054500265338113
2025-08-13,TITAN,1,1,0.25326312,0.7467369,0.7467369,-0.005735918240199
2025-08-14,TITAN,1,1,0.22536373,0.77463627,0.77463627,0.0065189376939303
2025-08-18,TITAN,1,1,0.26798677,0.7320132,0.7320132,0.0187425197210693
2025-08-19,TITAN,1,1,0.2381596,0.7618404,0.7618404,0.0037414337361982
2025-08-20,TITAN,1,1,0.33640498,0.663595,0.663595,0.0075389987969842
2025-08-21,TITAN,1,1,0.28789043,0.71210957,0.71210957,0.0059249092706885
2025-08-22,TITAN,1,1,0.2921334,0.7078666,0.7078666,0.0012996574145991
2025-08-25,TITAN,-1,1,0.24207151,0.7579285,0.7579285,0.0083954438949875
2025-08-26,TITAN,1,1,0.21234894,0.78765106,0.78765106,-0.0157199714846095
2025-08-28,TITAN,-1,1,0.22493589,0.7750641,0.7750641,0.0121591405597871
2025-08-29,TITAN,-1,1,0.17571664,0.82428336,0.82428336,-0.0024465740614155
2025-09-01,TITAN,-1,1,0.1338833,0.8661167,0.8661167,-0.0028108330673024
2025-09-02,TITAN,-1,1,0.14393646,0.85606354,0.85606354,0.000552699924287
2025-09-03,TITAN,-1,1,0.20618606,0.79381394,0.79381394,0.0193338115538674
2025-09-04,TITAN,-1,1,0.24058867,0.75941133,0.75941133,0.00013547932227
2025-09-05,TITAN,-1,1,0.2407167,0.7592833,0.7592833,-0.0069897992862635
2025-09-08,TITAN,-1,1,0.3367623,0.6632377,0.6632377,-0.0019916647289105
2025-09-09,TITAN,-1,1,0.3217247,0.6782753,0.6782753,-0.0076270919474439
2025-09-10,TITAN,-1,1,0.40551925,0.59448075,0.59448075,-0.0026170077255261
2025-09-11,TITAN,-1,1,0.37507045,0.62492955,0.62492955,-0.0100536224666011
2025-09-12,TITAN,-1,1,0.32706934,0.67293066,0.67293066,-0.0034317418100805
2025-09-15,TITAN,-1,1,0.4909584,0.5090416,0.5090416,-0.0105825487054374
2025-09-16,TITAN,-1,1,0.465208,0.534792,0.534792,0.0064231206090989
2025-09-17,TITAN,-1,-1,0.59221303,0.40778694,0.59221303,-0.0095029375742561
2025-09-18,TITAN,-1,-1,0.6537999,0.34620014,0.6537999,-0.0033210193505179
2025-09-19,TITAN,-1,-1,0.72049165,0.27950832,0.72049165,-0.0125594785529559
2025-09-22,TITAN,-1,-1,0.6111183,0.3888817,0.6111183,-0.0027976324724499
2025-09-23,TITAN,1,1,0.410995,0.589005,0.589005,-0.0052928557709689
2025-09-24,TITAN,1,-1,0.534165,0.46583498,0.534165,-0.0060769663411481
2025-09-25,TITAN,1,-1,0.56417066,0.43582934,0.56417066,-0.0116432285813439
2025-09-26,TITAN,1,-1,0.5203746,0.4796254,0.5203746,-0.0151546399798356
2025-09-29,TITAN,1,-1,0.5674211,0.4325789,0.5674211,0.0222101707869049
2025-09-30,TITAN,1,-1,0.55450237,0.44549763,0.55450237,-0.0100552603971699
2025-10-01,TITAN,1,-1,0.5463104,0.45368955,0.5463104,0.0122661267680799
2025-10-03,TITAN,1,-1,0.6187154,0.38128462,0.6187154,0.0132030629214914
2025-10-06,TITAN,1,-1,0.69453067,0.30546933,0.69453067,-0.0080792708684097
2025-10-07,TITAN,1,-1,0.7358345,0.26416552,0.7358345,-0.0021019301036788
2025-10-08,TITAN,1,-1,0.8882075,0.11179249,0.8882075,0.0431221545228333
2025-10-09,TITAN,1,-1,0.8771372,0.122862816,0.8771372,-0.0042068654894472
2025-10-10,TITAN,1,-1,0.8668014,0.13319862,0.8668014,-0.0052667703481571
2025-10-13,TITAN,1,-1,0.9059311,0.0940689,0.9059311,0.0004813826437639
2025-10-14,TITAN,1,-1,0.89365625,0.106343724,0.89365625,0.0010753352338936
2025-10-15,TITAN,1,-1,0.9206376,0.079362385,0.9206376,0.0032792723402756
2025-10-16,TITAN,1,-1,0.8910537,0.108946346,0.8910537,0.0257255702530643
2025-10-17,TITAN,1,-1,0.8851539,0.11484613,0.8851539,0.0094772407596197
2025-10-20,TITAN,1,-1,0.8096758,0.1903242,0.8096758,0.0169804891462459
2025-10-21,TITAN,1,-1,0.77058375,0.22941625,0.77058375,-0.0021941430158971
2025-10-24,TITAN,1,-1,0.6623496,0.3376504,0.6623496,-0.0152162197442927
2025-10-27,TITAN,1,1,0.44636023,0.55363977,0.55363977,0.0067027772319425
2025-10-28,TITAN,1,1,0.38454765,0.61545235,0.61545235,-0.0060965956817048
2025-10-29,TITAN,1,1,0.4337219,0.5662781,0.5662781,0.0084207825741524
2025-10-30,TITAN,1,1,0.37131536,0.62868464,0.62868464,0.000640264203102
2025-10-31,TITAN,1,1,0.3724916,0.6275084,0.6275084,-0.0010664676065997
2025-11-03,TITAN,1,1,0.38676387,0.6132361,0.6132361,-0.0059252012334031
2025-11-04,TITAN,1,-1,0.6395503,0.36044967,0.6395503,0.0238958249429452
2025-11-06,TITAN,1,-1,0.6117022,0.38829777,0.6117022,-0.0102530739887898
2025-11-07,TITAN,1,1,0.49453062,0.5054694,0.5054694,-0.0013511693640247
2025-11-10,TITAN,1,-1,0.54923916,0.4507608,0.54923916,0.0089406390404904
2025-11-11,TITAN,1,-1,0.52011406,0.4798859,0.52011406,0.0024717071637523
2025-11-12,TITAN,1,-1,0.51530594,0.48469406,0.51530594,0.0101511374210003
2025-11-13,TITAN,1,1,0.41762823,0.5823718,0.5823718,-0.0030900641849369
2025-11-14,TITAN,1,1,0.35476172,0.6452383,0.6452383,-0.0026047093475679
2025-11-17,TITAN,1,1,0.2928993,0.7071007,0.7071007,0.0102893938647201
2025-11-19,TITAN,-1,1,0.21780026,0.78219974,0.78219974,0.0138946553832812
2025-11-20,TITAN,-1,1,0.21056128,0.7894387,0.7894387,-0.0078055972515915
2025-11-21,TITAN,-1,1,0.19407225,0.80592775,0.80592775,0.0004612671364212
2025-11-24,TITAN,-1,1,0.23492014,0.76507986,0.76507986,-0.0076583942210171
2025-11-26,TITAN,-1,1,0.2823186,0.7176814,0.7176814,0.0110502587316796
2025-11-27,TITAN,-1,1,0.20772743,0.79227257,0.79227257,0.001436769819741
2025-11-28,TITAN,-1,1,0.25669885,0.74330115,0.74330115,0.0011272262671866
2025-12-01,TITAN,-1,1,0.27066308,0.7293369,0.7293369,-0.0032755966394724
2025-12-02,TITAN,1,1,0.44131678,0.5586832,0.5586832,-0.0023363510600488
2025-12-03,TITAN,1,-1,0.5224029,0.47759715,0.5224029,-0.017499613759207
2025-12-04,TITAN,1,-1,0.6697459,0.33025405,0.6697459,-0.0045576369275064
2025-12-05,TITAN,1,-1,0.6526761,0.34732392,0.6526761,0.0033944181706824
2025-12-08,TITAN,1,-1,0.7474714,0.2525286,0.7474714,-0.0121417271746957
2025-12-09,TITAN,1,-1,0.6988474,0.3011526,0.6988474,0.0217679851340588
2025-12-10,TITAN,1,-1,0.68999845,0.31000155,0.68999845,-0.0008573782354183
2025-12-11,TITAN,1,-1,0.6302606,0.36973944,0.6302606,-0.0002340022246082
2025-12-12,TITAN,1,-1,0.6148788,0.38512126,0.6148788,0.0092072154323186
2025-12-15,TITAN,1,-1,0.658846,0.341154,0.658846,-0.0036080614855354
2025-12-16,TITAN,1,-1,0.7213855,0.27861455,0.7213855,0.0163726785028122
2025-12-17,TITAN,1,-1,0.6368028,0.36319724,0.6368028,-0.0054969074071128
2025-12-18,TITAN,1,-1,0.71016264,0.2898374,0.71016264,0.0029172053453923
2025-12-19,TITAN,1,-1,0.597178,0.40282205,0.597178,0.0027556065352418
2025-12-22,TITAN,1,1,0.4967535,0.5032465,0.5032465,0.0009414394239173
2025-12-23,TITAN,1,1,0.46767616,0.53232384,0.53232384,-0.0020336569985002
2025-12-24,TITAN,1,1,0.3668574,0.6331426,0.6331426,-0.0042029649484887
2025-12-26,TITAN,1,1,0.4187956,0.5812044,0.5812044,0.0211546696694886
2025-12-29,TITAN,1,-1,0.5409306,0.4590694,0.5409306,-0.0020791705481274
2025-12-30,TITAN,1,-1,0.54607975,0.45392025,0.54607975,-0.0024097832751688
2025-12-31,TITAN,1,-1,0.5873412,0.41265884,0.5873412,0.019476082746229
2026-01-01,TITAN,1,-1,0.54413474,0.45586523,0.54413474,-0.0005429967103233
2026-01-02,TITAN,1,-1,0.51074576,0.4892542,0.51074576,0.0005926709097401
2026-01-05,TITAN,1,-1,0.5665375,0.43346253,0.5665375,0.0069106795511602
2026-01-06,TITAN,-1,-1,0.6387663,0.3612337,0.6387663,0.0078681897933214
2026-01-07,TITAN,-1,-1,0.59203345,0.40796655,0.59203345,0.0392529788150195
2026-01-08,TITAN,-1,1,0.46978503,0.53021497,0.53021497,-0.0056632486676019
2026-01-09,TITAN,-1,1,0.4879077,0.5120923,0.5120923,-0.0111085420834313
2026-01-12,TITAN,-1,-1,0.5570643,0.44293568,0.5570643,0.007092268635813
2026-01-13,TITAN,-1,-1,0.5086683,0.4913317,0.5086683,0.0017960340015257
2026-01-14,TITAN,-1,1,0.42576545,0.57423455,0.57423455,-0.0041753619779674
2026-01-15,TITAN,-1,1,0.37962598,0.620374,0.620374,0.0
2026-01-16,TITAN,-1,1,0.44091207,0.55908793,0.55908793,-0.005827335699692
2026-01-19,TITAN,-1,-1,0.5204222,0.4795778,0.5204222,-0.0125806680921825
2026-01-20,TITAN,1,-1,0.52051306,0.4794869,0.52051306,-0.0165536777683164
2026-01-22,TITAN,1,1,0.3850519,0.6149481,0.6149481,-0.0148558183567872
2026-01-23,TITAN,1,1,0.46239835,0.53760165,0.53760165,0.0007962850480547
2026-01-27,TITAN,1,1,0.40478206,0.59521794,0.59521794,-0.0061664052232908
2026-01-28,TITAN,1,1,0.39935553,0.60064447,0.60064447,-0.0054541027841192
2026-01-29,TITAN,1,1,0.45232832,0.5476717,0.5476717,-0.0089303683930501
2026-01-30,TITAN,1,-1,0.66448534,0.33551466,0.66448534,0.0095692442671073
2026-02-02,TITAN,1,-1,0.58134043,0.41865957,0.58134043,-0.0060843646015112
2026-02-03,TITAN,1,-1,0.54579175,0.45420823,0.54579175,0.0291915784452456
2026-02-04,TITAN,1,-1,0.64125526,0.35874477,0.64125526,0.0185321487818832
2026-02-05,TITAN,1,-1,0.6053142,0.3946858,0.6053142,-0.0111968876312138
2026-02-06,TITAN,1,-1,0.73628175,0.26371822,0.73628175,0.0105915417096398
2026-02-11,TITAN,1,-1,0.6705467,0.3294533,0.6705467,-0.0046848280767602
2026-02-12,TITAN,1,-1,0.6767272,0.32327285,0.6767272,0.0062836145107472
2026-02-13,TITAN,1,-1,0.65708745,0.34291255,0.65708745,-0.0225921731108877
2026-02-16,TITAN,1,-1,0.5112127,0.48878726,0.5112127,0.0004546090770862
2026-02-17,TITAN,-1,-1,0.640056,0.359944,0.640056,0.0132261374747997
2026-02-19,TITAN,1,-1,0.596228,0.40377197,0.596228,-0.0118627079944646
2026-02-20,TITAN,-1,-1,0.5741106,0.42588934,0.5741106,0.0090990675180049
2026-02-23,TITAN,-1,-1,0.5925844,0.4074156,0.5925844,0.0085686653303591
2026-02-24,TITAN,-1,-1,0.63664395,0.36335605,0.63664395,0.0051021142816001
2026-02-25,TITAN,-1,-1,0.6630819,0.3369181,0.6630819,0.0071021073466062
2026-02-26,TITAN,-1,-1,0.62362385,0.37637615,0.62362385,0.0040693867413295
2026-02-27,TITAN,-1,-1,0.62065804,0.379342,0.62065804,-0.0034772019796157
2026-03-02,TITAN,-1,-1,0.61121464,0.38878533,0.61121464,-0.0132178383160023
2026-03-04,TITAN,-1,-1,0.628706,0.37129405,0.628706,-0.0154321488789643
2026-03-05,TITAN,-1,-1,0.6901159,0.3098841,0.6901159,0.0168395715472455
2026-03-06,TITAN,-1,-1,0.69364405,0.30635598,0.69364405,-0.0071575823957439
2026-03-09,TITAN,-1,1,0.46731156,0.53268844,0.53268844,-0.0201196580075718
2026-03-10,TITAN,-1,-1,0.61134285,0.38865715,0.61134285,0.0146422147249332
2026-03-11,TITAN,-1,-1,0.5931486,0.40685138,0.5931486,-0.0189095734987587
2026-03-12,TITAN,-1,-1,0.62219954,0.37780043,0.62219954,-0.0025842831524268
2026-03-13,TITAN,-1,-1,0.53874755,0.46125242,0.53874755,-0.0136575322429851
2026-03-16,TITAN,-1,1,0.4974116,0.5025884,0.5025884,0.0043209510623671
2026-03-18,TITAN,1,-1,0.56065184,0.43934816,0.56065184,0.0134457890233468
2026-03-19,TITAN,1,1,0.48007905,0.51992095,0.51992095,-0.0259558793043661
2026-03-20,TITAN,1,1,0.47096556,0.52903444,0.52903444,0.0170138430803159
2026-03-23,TITAN,1,1,0.29527748,0.7047225,0.7047225,-0.0617298967446767
2026-03-24,TITAN,1,1,0.43660915,0.56339085,0.56339085,0.012042226043381
2026-03-25,TITAN,1,1,0.4056459,0.5943541,0.5943541,0.0358507626178035
2026-03-27,TITAN,1,1,0.35239202,0.647608,0.647608,-0.0143094219615831
2026-03-30,TITAN,1,1,0.49771857,0.5022814,0.5022814,-0.007559989364875
2026-04-01,TITAN,1,-1,0.5151082,0.48489174,0.5151082,0.0288758669018978
2026-04-02,TITAN,1,-1,0.5893537,0.41064635,0.5893537,0.0077973669444102
2026-04-06,TITAN,1,-1,0.5498408,0.45015922,0.5498408,0.0363418664565384
2026-04-07,TITAN,1,-1,0.5028765,0.49712345,0.5028765,-0.0036504085262981
2026-04-10,TITAN,-1,-1,0.6974112,0.30258882,0.6974112,0.0146853908240778
2026-04-15,TITAN,-1,-1,0.6703706,0.32962945,0.6703706,0.0186742041025174
2026-04-16,TITAN,-1,-1,0.65141296,0.34858707,0.65141296,-0.0134448477163334
2025-01-01,ULTRACEMCO,-1,-1,0.7026975,0.2973025,0.7026975,0.0018071911448664
2025-01-02,ULTRACEMCO,-1,-1,0.68577987,0.31422013,0.68577987,0.0306368661462006
2025-01-03,ULTRACEMCO,-1,-1,0.6481925,0.3518075,0.6481925,-0.0009916907890626
2025-01-06,ULTRACEMCO,-1,-1,0.65570116,0.3442988,0.65570116,-0.0239607032359711
2025-01-07,ULTRACEMCO,-1,-1,0.66107285,0.33892718,0.66107285,0.0099925778404112
2025-01-08,ULTRACEMCO,-1,-1,0.6702748,0.3297252,0.6702748,-0.0185048690390557
2025-01-09,ULTRACEMCO,1,-1,0.6564082,0.34359184,0.6564082,-0.0126057390571596
2025-01-10,ULTRACEMCO,1,-1,0.527006,0.47299403,0.527006,-0.035045005808468
2025-01-13,ULTRACEMCO,1,-1,0.5521738,0.4478262,0.5521738,-0.0230138066740021
2025-01-14,ULTRACEMCO,1,-1,0.5584614,0.4415386,0.5584614,-0.0123786192720289
2025-01-15,ULTRACEMCO,1,-1,0.56194437,0.43805566,0.56194437,0.0036151987206287
2025-01-16,ULTRACEMCO,1,-1,0.5870477,0.41295233,0.5870477,0.010887041711679
2025-01-17,ULTRACEMCO,1,-1,0.56946886,0.4305311,0.56946886,-0.0052838129937116
2025-01-20,ULTRACEMCO,1,-1,0.5793071,0.4206929,0.5793071,0.0042013138046086
2025-01-21,ULTRACEMCO,1,-1,0.6621443,0.3378557,0.6621443,0.0040801375647379
2025-01-22,ULTRACEMCO,1,-1,0.5206994,0.47930065,0.5206994,0.0024326072176743
2025-01-23,ULTRACEMCO,1,1,0.48880476,0.51119524,0.51119524,0.0679977054477969
2025-01-24,ULTRACEMCO,1,-1,0.50556,0.49444002,0.50556,-0.0118248862566426
2025-01-27,ULTRACEMCO,1,-1,0.51059103,0.48940897,0.51059103,-0.0041068739873337
2025-01-28,ULTRACEMCO,1,-1,0.5140621,0.4859379,0.5140621,0.0050579911048187
2025-01-29,ULTRACEMCO,-1,-1,0.5400132,0.4599868,0.5400132,0.0219982407392826
2025-02-03,ULTRACEMCO,1,-1,0.5538674,0.4461326,0.5538674,-0.00750500861981
2025-02-04,ULTRACEMCO,-1,-1,0.5049816,0.49501842,0.5049816,0.0308287058233367
2025-02-05,ULTRACEMCO,-1,-1,0.5534388,0.4465612,0.5534388,0.0057773396015736
2025-02-06,ULTRACEMCO,-1,-1,0.50380296,0.49619704,0.50380296,-0.009352084098522
2025-02-07,ULTRACEMCO,-1,-1,0.5101663,0.4898337,0.5101663,0.0142236627838974
2025-02-10,ULTRACEMCO,-1,-1,0.5898665,0.41013348,0.5898665,-0.0093036720551211
2025-02-11,ULTRACEMCO,-1,-1,0.53476125,0.46523875,0.53476125,-0.0201260501766897
2025-02-12,ULTRACEMCO,-1,-1,0.55399334,0.44600666,0.55399334,0.0157784667747211
2025-02-13,ULTRACEMCO,-1,-1,0.68870306,0.31129694,0.68870306,0.0059198037525509
2025-02-14,ULTRACEMCO,-1,-1,0.6584978,0.3415022,0.6584978,-0.024475084923591
2025-02-17,ULTRACEMCO,-1,-1,0.66677105,0.33322898,0.66677105,0.0200863218011624
2025-02-18,ULTRACEMCO,-1,1,0.48941332,0.5105867,0.5105867,-0.0157700074180505
2025-02-19,ULTRACEMCO,-1,-1,0.6970462,0.30295378,0.6970462,-0.0015342338806809
2025-02-20,ULTRACEMCO,-1,-1,0.70232636,0.29767364,0.70232636,-0.0003497910348879
2025-02-21,ULTRACEMCO,-1,-1,0.6749613,0.32503864,0.6749613,-0.0115481009512874
2025-02-24,ULTRACEMCO,-1,-1,0.69158274,0.30841726,0.69158274,-0.010271327730145
2025-02-25,ULTRACEMCO,-1,-1,0.63735175,0.36264825,0.63735175,-0.0071087404926591
2025-02-28,ULTRACEMCO,1,1,0.39065987,0.60934013,0.60934013,-0.0305523267927487
2025-03-03,ULTRACEMCO,1,1,0.35318625,0.64681375,0.64681375,0.0209656221664522
2025-03-04,ULTRACEMCO,1,1,0.4643594,0.5356406,0.5356406,0.0028334160625438
2025-03-05,ULTRACEMCO,1,-1,0.54768145,0.45231852,0.54768145,0.0090742170156732
2025-03-06,ULTRACEMCO,1,-1,0.6154699,0.38453013,0.6154699,0.0028000026672059
2025-03-07,ULTRACEMCO,1,-1,0.7378829,0.2621171,0.7378829,0.0084719865146496
2025-03-10,ULTRACEMCO,1,-1,0.7703295,0.2296705,0.7703295,-0.0058871918427373
2025-03-11,ULTRACEMCO,1,-1,0.7497139,0.2502861,0.7497139,-0.0076852956936411
2025-03-12,ULTRACEMCO,1,-1,0.7563936,0.2436064,0.7563936,0.0077736237908756
2025-03-13,ULTRACEMCO,1,-1,0.705559,0.29444098,0.705559,-0.006492272700862
2025-03-17,ULTRACEMCO,1,1,0.30793333,0.69206667,0.69206667,0.0090891533984094
2025-03-18,ULTRACEMCO,1,1,0.2501579,0.7498421,0.7498421,0.0
2025-03-19,ULTRACEMCO,1,1,0.36357003,0.63642997,0.63642997,0.0366119646275759
2025-03-20,ULTRACEMCO,1,1,0.29857254,0.70142746,0.70142746,0.0013628606014366
2025-03-21,ULTRACEMCO,1,1,0.2549584,0.7450416,0.7450416,0.0026122297882524
2025-03-24,ULTRACEMCO,1,1,0.2507072,0.7492928,0.7492928,0.0067825536072152
2025-03-27,ULTRACEMCO,1,1,0.2865486,0.7134514,0.7134514,0.0173213596344212
2025-03-28,ULTRACEMCO,1,1,0.30400038,0.6959996,0.6959996,-0.007763166734911
2025-04-01,ULTRACEMCO,1,1,0.43943906,0.56056094,0.56056094,-0.0113731384498182
2025-04-02,ULTRACEMCO,1,1,0.33307552,0.6669245,0.6669245,-0.011222760142079
2025-04-03,ULTRACEMCO,1,1,0.34075385,0.65924615,0.65924615,0.0316106042719488
2025-04-04,ULTRACEMCO,1,1,0.38567334,0.61432666,0.61432666,-0.0093006983059527
2025-04-07,ULTRACEMCO,1,1,0.30455488,0.6954451,0.6954451,-0.026703156425068
2025-04-08,ULTRACEMCO,1,1,0.34733355,0.65266645,0.65266645,0.0070454784342097
2025-04-09,ULTRACEMCO,1,-1,0.5375007,0.46249932,0.5375007,0.0112329286245753
2025-04-11,ULTRACEMCO,1,1,0.48957837,0.51042163,0.51042163,0.0092655307992044
2025-04-16,ULTRACEMCO,-1,1,0.4838813,0.5161187,0.5161187,0.0007679877739164
2025-04-17,ULTRACEMCO,-1,1,0.47796762,0.5220324,0.5220324,0.0147510098814067
2025-04-21,ULTRACEMCO,-1,-1,0.5033936,0.4966064,0.5033936,0.0027728637392512
2025-04-22,ULTRACEMCO,-1,-1,0.5131096,0.48689038,0.5131096,0.0020948755715224
2025-04-23,ULTRACEMCO,-1,-1,0.53276956,0.4672304,0.53276956,-0.0008361491907102
2025-04-24,ULTRACEMCO,-1,-1,0.69689894,0.3031011,0.69689894,0.0175746498023721
2025-04-25,ULTRACEMCO,-1,-1,0.6723223,0.32767776,0.6723223,0.0064150090309949
2025-04-28,ULTRACEMCO,-1,-1,0.52270365,0.47729638,0.52270365,-0.0100515107904425
2025-04-29,ULTRACEMCO,-1,-1,0.5833403,0.41665968,0.5833403,-0.0202244722612502
2025-04-30,ULTRACEMCO,1,-1,0.53079486,0.46920514,0.53079486,-0.0192097539665729
2025-05-02,ULTRACEMCO,1,-1,0.51967067,0.48032933,0.51967067,-0.0024052577815674
2025-05-05,ULTRACEMCO,1,1,0.4883061,0.5116939,0.5116939,0.0049082624590106
2025-05-09,ULTRACEMCO,1,1,0.30181545,0.69818455,0.69818455,-0.0229559045637456
2025-05-13,ULTRACEMCO,-1,1,0.25828338,0.7417166,0.7417166,-0.0063905720054325
2025-05-14,ULTRACEMCO,-1,1,0.37956166,0.62043834,0.62043834,0.0009433110749674
2025-05-15,ULTRACEMCO,-1,1,0.3857326,0.6142674,0.6142674,0.0190198675675119
2025-05-16,ULTRACEMCO,-1,1,0.40324348,0.5967565,0.5967565,0.0009248318975703
2025-05-19,ULTRACEMCO,-1,1,0.30690962,0.6930904,0.6930904,0.0020160256788608
2025-05-20,ULTRACEMCO,-1,1,0.30448812,0.6955119,0.6955119,-0.0194484343224431
2025-05-21,ULTRACEMCO,-1,1,0.31269968,0.6873003,0.6873003,-0.0026502478558104
2025-05-22,ULTRACEMCO,-1,1,0.32668203,0.67331797,0.67331797,0.001200093776807
2025-05-23,ULTRACEMCO,-1,1,0.31759667,0.6824033,0.6824033,0.0056506592141261
2025-05-26,ULTRACEMCO,-1,1,0.3604083,0.6395917,0.6395917,-0.0048526862504908
2025-05-28,ULTRACEMCO,1,1,0.2376262,0.7623738,0.7623738,-0.016023144810208
2025-06-02,ULTRACEMCO,1,1,0.32729787,0.67270213,0.67270213,-0.0013380690146593
2025-06-03,ULTRACEMCO,1,1,0.30049223,0.6995078,0.6995078,-0.014292093744154
2025-06-04,ULTRACEMCO,1,1,0.2183137,0.7816863,0.7816863,-0.0001812325864205
2025-06-05,ULTRACEMCO,1,1,0.28109396,0.71890604,0.71890604,0.0114202570139034
2025-06-06,ULTRACEMCO,1,1,0.3256058,0.6743942,0.6743942,0.0084237198918064
2025-06-09,ULTRACEMCO,1,1,0.18859392,0.8114061,0.8114061,0.0006220693942293
2025-06-10,ULTRACEMCO,1,1,0.28152156,0.71847844,0.71847844,0.0116340976402242
2025-06-11,ULTRACEMCO,1,1,0.33440095,0.66559905,0.66559905,0.0064085547014285
2025-06-12,ULTRACEMCO,1,1,0.4135602,0.5864398,0.5864398,-0.0122994096797703
2025-06-13,ULTRACEMCO,1,1,0.26409137,0.7359086,0.7359086,-0.0087432265966562
2025-06-16,ULTRACEMCO,1,1,0.32580155,0.67419845,0.67419845,0.0241446838809482
2025-06-17,ULTRACEMCO,1,1,0.2991048,0.7008952,0.7008952,-0.0097434002539853
2025-06-18,ULTRACEMCO,1,1,0.3552214,0.6447786,0.6447786,0.0020205871271574
2025-06-19,ULTRACEMCO,1,1,0.33539104,0.66460896,0.66460896,0.001227449936999
2025-06-20,ULTRACEMCO,1,1,0.3079468,0.6920532,0.6920532,0.0033274178855122
2025-06-23,ULTRACEMCO,1,1,0.3617065,0.6382935,0.6382935,-0.0007853959074671
2025-06-24,ULTRACEMCO,1,1,0.32178205,0.67821795,0.67821795,0.0113546595254512
2025-06-25,ULTRACEMCO,1,1,0.4154616,0.5845384,0.5845384,0.0132999643869928
2025-06-26,ULTRACEMCO,1,1,0.42734718,0.5726528,0.5726528,0.018580080350685
2025-06-27,ULTRACEMCO,1,-1,0.5302781,0.46972194,0.5302781,0.0219228417084123
2025-06-30,ULTRACEMCO,1,1,0.4347666,0.5652334,0.5652334,-0.0098255950046908
2025-07-01,ULTRACEMCO,1,1,0.44446355,0.55553645,0.55553645,0.0096749894943071
2025-07-03,ULTRACEMCO,1,1,0.40415365,0.59584635,0.59584635,-0.0030555737312644
2025-07-07,ULTRACEMCO,1,1,0.33466667,0.66533333,0.66533333,-0.0128738552200895
2025-07-09,ULTRACEMCO,-1,1,0.3953228,0.6046772,0.6046772,0.0094014171538314
2025-07-10,ULTRACEMCO,-1,1,0.42075044,0.57924956,0.57924956,-0.0036618917917546
2025-07-11,ULTRACEMCO,-1,1,0.45000255,0.54999745,0.54999745,-0.0016778091368045
2025-07-14,ULTRACEMCO,-1,1,0.37078267,0.6292173,0.6292173,0.0016806289113475
2025-07-15,ULTRACEMCO,-1,1,0.38695753,0.6130425,0.6130425,-0.0011185132513
2025-07-16,ULTRACEMCO,-1,1,0.35726404,0.64273596,0.64273596,-0.0039193765534342
2025-07-17,ULTRACEMCO,-1,1,0.405277,0.594723,0.594723,0.0033726731636876
2025-07-18,ULTRACEMCO,-1,1,0.334193,0.665807,0.665807,0.0002401235523372
2025-07-21,ULTRACEMCO,-1,-1,0.61046803,0.38953194,0.61046803,0.0063209754303199
2025-07-22,ULTRACEMCO,-1,-1,0.557168,0.442832,0.557168,-0.0099387961627873
2025-07-23,ULTRACEMCO,-1,-1,0.54560995,0.45439008,0.54560995,-0.0064246705328023
2025-07-25,ULTRACEMCO,-1,-1,0.6130087,0.38699132,0.6130087,0.0019220545536335
2025-07-28,ULTRACEMCO,1,1,0.3475027,0.6524973,0.6524973,-0.0008163265306122
2025-07-29,ULTRACEMCO,1,1,0.37948912,0.6205109,0.6205109,-0.0015522875816993
2025-07-30,ULTRACEMCO,1,1,0.38829595,0.61170405,0.61170405,0.0038458391293674
2025-07-31,ULTRACEMCO,1,1,0.4200164,0.5799836,0.5799836,-0.0015487447016628
2025-08-01,ULTRACEMCO,1,1,0.24346256,0.75653744,0.75653744,-0.0111029471793615
2025-08-04,ULTRACEMCO,1,1,0.46980762,0.5301924,0.5301924,0.0118880541566912
2025-08-05,ULTRACEMCO,1,1,0.43119997,0.56880003,0.56880003,0.0033450273313209
2025-08-06,ULTRACEMCO,1,1,0.42678607,0.57321393,0.57321393,-0.0058546105057732
2025-08-07,ULTRACEMCO,1,1,0.45790774,0.54209226,0.54209226,0.0038442663176836
2025-08-08,ULTRACEMCO,1,1,0.35940528,0.6405947,0.6405947,-0.009451641815367
2025-08-11,ULTRACEMCO,1,1,0.40208256,0.59791744,0.59791744,0.0203997696800197
2025-08-12,ULTRACEMCO,1,1,0.3062219,0.6937781,0.6937781,0.0035469568722288
2025-08-13,ULTRACEMCO,1,1,0.33638698,0.663613,0.663613,-0.0038557313840469
2025-08-14,ULTRACEMCO,1,1,0.32307297,0.67692703,0.67692703,-0.0067736472865091
2025-08-19,ULTRACEMCO,-1,1,0.46683723,0.5331628,0.5331628,0.0076772424598512
2025-08-20,ULTRACEMCO,-1,-1,0.569746,0.43025395,0.569746,0.0008551659799425
2025-08-21,ULTRACEMCO,-1,1,0.39798665,0.60201335,0.60201335,-0.0003107037439801
2025-08-26,ULTRACEMCO,-1,1,0.27459013,0.72540987,0.72540987,0.0003173092178327
2025-08-28,ULTRACEMCO,-1,1,0.23568797,0.764312,0.764312,-0.0070578905630451
2025-08-29,ULTRACEMCO,-1,1,0.25789607,0.74210393,0.74210393,0.0095040332241833
2025-09-01,ULTRACEMCO,-1,1,0.22170871,0.7782913,0.7782913,0.0147151898734176
2025-09-02,ULTRACEMCO,-1,1,0.24503458,0.7549654,0.7549654,-0.0074847965070949
2025-09-05,ULTRACEMCO,-1,1,0.3813793,0.6186207,0.6186207,-0.0039522567385977
2025-09-09,ULTRACEMCO,-1,1,0.42963946,0.57036054,0.57036054,-0.00726468730259
2025-09-10,ULTRACEMCO,-1,1,0.39593232,0.6040677,0.6040677,-0.0074769328666878
2025-09-11,ULTRACEMCO,-1,1,0.38279486,0.61720514,0.61720514,-0.0068921301490623
2025-09-12,ULTRACEMCO,-1,1,0.3430223,0.6569777,0.6569777,-0.0017753389283409
2025-09-15,ULTRACEMCO,-1,1,0.47999096,0.52000904,0.52000904,0.0052546483427646
2025-09-16,ULTRACEMCO,-1,-1,0.699119,0.300881,0.699119,0.0114997989545637
2025-09-17,ULTRACEMCO,-1,-1,0.7059913,0.29400867,0.7059913,0.0113690570837972
2025-09-18,ULTRACEMCO,-1,-1,0.69340074,0.30659923,0.69340074,-0.0074679663548463
2025-09-19,ULTRACEMCO,-1,-1,0.6603292,0.33967075,0.6603292,-0.0093457943925233
2025-09-22,ULTRACEMCO,-1,-1,0.7538359,0.24616407,0.7538359,0.0113527342500798
2025-09-23,ULTRACEMCO,-1,-1,0.553833,0.446167,0.553833,-0.0196837944664031
2025-09-25,ULTRACEMCO,1,-1,0.59647894,0.4035211,0.59647894,-0.005976747994105
2025-09-26,ULTRACEMCO,1,-1,0.52951896,0.47048107,0.52951896,-0.0058479532163743
2025-09-30,ULTRACEMCO,1,-1,0.58439153,0.41560847,0.58439153,0.0150319740885309
2025-10-01,ULTRACEMCO,1,1,0.44443434,0.55556566,0.55556566,-0.0103910980199639
2025-10-03,ULTRACEMCO,1,1,0.4220615,0.5779385,0.5779385,-0.0062835882596113
2025-10-06,ULTRACEMCO,1,1,0.47474927,0.52525073,0.52525073,0.0029952575089442
2025-10-07,ULTRACEMCO,1,-1,0.5288396,0.4711604,0.5288396,0.0107009539610121
2025-10-08,ULTRACEMCO,1,-1,0.6144645,0.3855355,0.6144645,-0.0158404464871962
2025-10-09,ULTRACEMCO,-1,-1,0.6640723,0.33592775,0.6640723,0.0167625719289468
2025-10-10,ULTRACEMCO,-1,-1,0.70278835,0.29721162,0.70278835,0.007299868766404
2025-10-13,ULTRACEMCO,-1,-1,0.7147817,0.2852183,0.7147817,-0.0088754987378878
2025-10-14,ULTRACEMCO,-1,-1,0.68753505,0.31246492,0.68753505,-0.0083798882681563
2025-10-15,ULTRACEMCO,-1,-1,0.68572617,0.31427383,0.68572617,0.0199668599834299
2025-10-16,ULTRACEMCO,-1,-1,0.677979,0.32202098,0.677979,0.0038177239866785
2025-10-17,ULTRACEMCO,-1,-1,0.6512747,0.34872535,0.6512747,0.0009710309111505
2025-10-20,ULTRACEMCO,-1,-1,0.5604288,0.4395712,0.5604288,-0.0019401778496361
2025-10-21,ULTRACEMCO,-1,-1,0.57005286,0.42994717,0.57005286,-0.0003239915762189
2025-10-23,ULTRACEMCO,-1,1,0.48377573,0.51622427,0.51622427,-0.0159617566034678
2025-10-24,ULTRACEMCO,-1,1,0.26046854,0.73953146,0.73953146,-0.0186908192671881
2025-10-27,ULTRACEMCO,-1,1,0.28407466,0.71592534,0.71592534,0.0081389494881691
2025-10-30,ULTRACEMCO,-1,1,0.26011294,0.73988706,0.73988706,0.0045003750312526
2025-10-31,ULTRACEMCO,-1,1,0.24246901,0.757531,0.757531,-0.0087944909980917
2025-11-03,ULTRACEMCO,-1,1,0.19511926,0.80488074,0.80488074,0.0002511090650372
2025-11-04,ULTRACEMCO,-1,1,0.23037314,0.76962686,0.76962686,-0.0109623430962343
2025-11-06,ULTRACEMCO,-1,1,0.33308703,0.666913,0.666913,0.0076994669599796
2025-11-07,ULTRACEMCO,-1,1,0.3246706,0.6753294,0.6753294,-0.0051217464315701
2025-11-10,ULTRACEMCO,-1,1,0.39742488,0.6025751,0.6025751,-0.0102118322221284
2025-11-11,ULTRACEMCO,-1,1,0.38356996,0.61643004,0.61643004,0.0082708049113233
2025-11-12,ULTRACEMCO,-1,1,0.4756971,0.5243029,0.5243029,0.0081183932346722
2025-11-13,ULTRACEMCO,-1,1,0.40431,0.59569,0.59569,0.0010905125408942
2025-11-14,ULTRACEMCO,-1,1,0.3218661,0.6781339,0.6781339,-0.0050276520864755
2025-11-17,ULTRACEMCO,-1,1,0.15164846,0.84835154,0.84835154,-0.0080848913592723
2025-11-19,ULTRACEMCO,-1,1,0.08909547,0.9109045,0.9109045,-0.0035021781839924
2025-11-20,ULTRACEMCO,-1,1,0.1287551,0.8712449,0.8712449,0.0074575690039431
2025-11-21,ULTRACEMCO,-1,1,0.110376,0.889624,0.889624,-0.0020420318216625
2025-11-25,ULTRACEMCO,-1,1,0.118225455,0.88177454,0.88177454,-0.0003453038674032
2025-11-26,ULTRACEMCO,-1,1,0.16243249,0.8375675,0.8375675,0.0154576856649395
2025-11-27,ULTRACEMCO,-1,1,0.11367816,0.88632184,0.88632184,-0.0120758567905434
2025-11-28,ULTRACEMCO,1,1,0.080631375,0.9193686,0.9193686,-0.0014633726435396
2025-12-01,ULTRACEMCO,1,1,0.19415373,0.8058463,0.8058463,0.0053448275862069
2025-12-02,ULTRACEMCO,-1,1,0.4912809,0.5087191,0.5087191,0.0003429943405934
2025-12-04,ULTRACEMCO,-1,-1,0.53001523,0.46998474,0.53001523,0.0014666551634889
2025-12-05,ULTRACEMCO,-1,-1,0.56463045,0.43536955,0.56463045,-0.000947622329428
2025-12-09,ULTRACEMCO,1,1,0.44281524,0.55718476,0.55718476,-0.0109185441941074
2025-12-10,ULTRACEMCO,1,1,0.28736824,0.71263176,0.71263176,-0.0084983353776064
2025-12-11,ULTRACEMCO,1,1,0.44837922,0.5516208,0.5516208,0.0136962092427321
2025-12-12,ULTRACEMCO,1,-1,0.7495785,0.25042155,0.7495785,0.0218793584379357
2025-12-16,ULTRACEMCO,1,-1,0.5116956,0.48830438,0.5116956,-0.0170532060027285
2025-12-17,ULTRACEMCO,1,1,0.43965197,0.56034803,0.56034803,0.0010409437890352
2025-12-18,ULTRACEMCO,1,1,0.49205613,0.50794387,0.50794387,-0.00684575389948
2025-12-19,ULTRACEMCO,1,1,0.43262947,0.56737053,0.56737053,0.0030538347439141
2025-12-22,ULTRACEMCO,1,1,0.3810444,0.6189556,0.6189556,0.0031315240083507
2025-12-23,ULTRACEMCO,1,1,0.39621156,0.60378844,0.60378844,0.0126604231703086
2025-12-24,ULTRACEMCO,1,1,0.400783,0.599217,0.599217,0.0073642747045727
2025-12-26,ULTRACEMCO,1,1,0.48378342,0.5162166,0.5162166,0.0025501530091804
2025-12-29,ULTRACEMCO,1,1,0.47889102,0.521109,0.521109,0.0004239443784974
2025-12-30,ULTRACEMCO,1,1,0.41075742,0.5892426,0.5892426,-0.0079667768454954
2025-12-31,ULTRACEMCO,1,1,0.35773027,0.64226973,0.64226973,0.0067492524562153
2026-01-01,ULTRACEMCO,1,-1,0.5113286,0.48867142,0.5113286,0.0099287169042769
2026-01-02,ULTRACEMCO,1,1,0.49638027,0.50361973,0.50361973,-0.000168053104781
2026-01-05,ULTRACEMCO,1,-1,0.5524286,0.44757137,0.5524286,0.0157996470291621
2026-01-06,ULTRACEMCO,-1,-1,0.5787121,0.42128786,0.5787121,0.0096798212956068
2026-01-08,ULTRACEMCO,1,1,0.44406456,0.55593544,0.55593544,-0.0098489822718319
2026-01-09,ULTRACEMCO,1,1,0.3816114,0.6183886,0.6183886,-0.0105271883289124
2026-01-12,ULTRACEMCO,1,-1,0.55932426,0.44067574,0.55932426,0.0134874759152214
2026-01-13,ULTRACEMCO,1,-1,0.6140899,0.3859101,0.6140899,-0.0044635476938337
2026-01-14,ULTRACEMCO,1,-1,0.680691,0.31930897,0.680691,0.0175190966456326
2026-01-15,ULTRACEMCO,1,-1,0.52964973,0.47035024,0.52964973,0.0
2026-01-16,ULTRACEMCO,1,-1,0.5802175,0.41978255,0.5802175,0.0100367197062423
2026-01-19,ULTRACEMCO,1,-1,0.57408917,0.42591086,0.57408917,-0.0065438681531749
2026-01-20,ULTRACEMCO,1,-1,0.5196269,0.48037308,0.5196269,-0.0193543140603399
2026-01-21,ULTRACEMCO,1,-1,0.5720873,0.42791274,0.5720873,0.0142632059043037
2026-01-22,ULTRACEMCO,1,1,0.37714142,0.6228586,0.6228586,0.0108740086665031
2026-01-23,ULTRACEMCO,1,-1,0.51167595,0.48832405,0.51167595,0.000404399870592
2026-01-27,ULTRACEMCO,1,1,0.43993622,0.5600638,0.5600638,0.0177864014875899
2026-01-28,ULTRACEMCO,1,1,0.3566659,0.6433341,0.6433341,0.0141393279847485
2026-01-29,ULTRACEMCO,1,-1,0.5886092,0.41139078,0.5886092,-0.0039163468316754
2026-01-30,ULTRACEMCO,1,-1,0.5999484,0.4000516,0.5999484,-0.0018086026578595
2026-02-02,ULTRACEMCO,1,-1,0.5247967,0.4752033,0.5247967,-0.0125256026469198
2026-02-03,ULTRACEMCO,1,-1,0.55947095,0.44052905,0.55947095,0.0043877143996808
2026-02-04,ULTRACEMCO,1,-1,0.6171125,0.38288745,0.6171125,0.0171564733915805
2026-02-05,ULTRACEMCO,-1,-1,0.5934593,0.4065407,0.5934593,-0.0025769170701234
2026-02-12,ULTRACEMCO,-1,-1,0.71526134,0.28473866,0.71526134,0.0046264168401572
2026-02-13,ULTRACEMCO,-1,-1,0.7386451,0.26135492,0.7386451,-0.0050656228413539
2026-02-16,ULTRACEMCO,-1,-1,0.6024854,0.39751455,0.6024854,0.0013885674612357
2026-02-17,ULTRACEMCO,-1,-1,0.7870356,0.2129644,0.7870356,0.0002311070025422
2026-02-18,ULTRACEMCO,-1,-1,0.89481103,0.10518899,0.89481103,0.0052372150338879
2026-02-19,ULTRACEMCO,-1,-1,0.64528006,0.35471994,0.64528006,-0.0278884462151394
2026-02-20,ULTRACEMCO,-1,-1,0.6592356,0.3407644,0.6592356,0.0061475409836064
2026-02-23,ULTRACEMCO,-1,-1,0.6999771,0.3000229,0.6999771,0.0164499451668493
2026-02-24,ULTRACEMCO,-1,-1,0.709248,0.290752,0.709248,-0.001233045622688
2026-02-25,ULTRACEMCO,-1,-1,0.62208045,0.37791952,0.62208045,0.00625
2026-02-26,ULTRACEMCO,-1,-1,0.71033555,0.28966445,0.71033555,-0.0079748485545586
2026-02-27,ULTRACEMCO,-1,-1,0.68239385,0.31760615,0.68239385,-0.0200973950684084
2026-03-02,ULTRACEMCO,-1,-1,0.6520159,0.34798405,0.6520159,-0.0123057505719018
2026-03-04,ULTRACEMCO,-1,-1,0.67343724,0.32656276,0.67343724,-0.0330644517211085
2026-03-05,ULTRACEMCO,-1,-1,0.59507275,0.40492725,0.59507275,0.0149500289088957
2026-03-06,ULTRACEMCO,-1,-1,0.59429544,0.40570456,0.59429544,-0.0244954427083333
2026-03-09,ULTRACEMCO,-1,1,0.4312241,0.5687759,0.5687759,-0.0508050387920246
2026-03-10,ULTRACEMCO,-1,-1,0.539563,0.460437,0.539563,0.0242573387238529
2026-03-11,ULTRACEMCO,-1,-1,0.51811767,0.48188236,0.51811767,-0.0164750300326068
2026-03-13,ULTRACEMCO,1,-1,0.5323352,0.46766478,0.5323352,-0.042654883217603
2026-03-16,ULTRACEMCO,-1,1,0.39464593,0.6053541,0.6053541,0.0454973624717407
2026-03-17,ULTRACEMCO,-1,1,0.41806453,0.58193547,0.58193547,0.0015316695197764
2026-03-18,ULTRACEMCO,-1,-1,0.53851944,0.46148056,0.53851944,0.01178481468154
2026-03-20,ULTRACEMCO,1,1,0.4239998,0.5760002,0.5760002,0.0110967264656927
2026-03-23,ULTRACEMCO,1,1,0.41581023,0.5841898,0.5841898,-0.0523138832997988
2026-03-24,ULTRACEMCO,1,1,0.4176746,0.5823254,0.5823254,0.0387955993051534
2026-03-25,ULTRACEMCO,1,1,0.4021749,0.5978251,0.5978251,0.0408769973987366
2026-03-27,ULTRACEMCO,1,1,0.31931025,0.68068975,0.68068975,-0.0138343448768296
2026-03-30,ULTRACEMCO,1,1,0.44681287,0.55318713,0.55318713,-0.027513802154041
2026-04-01,ULTRACEMCO,1,1,0.36704648,0.6329535,0.6329535,-0.0028850628199162
2026-04-02,ULTRACEMCO,1,-1,0.5194136,0.4805864,0.5194136,-0.0087735672951279
2026-04-06,ULTRACEMCO,1,1,0.31277317,0.68722683,0.68722683,0.0315442561205272
2026-04-07,ULTRACEMCO,1,1,0.4043721,0.5956279,0.5956279,-0.0017343678685531
2026-04-08,ULTRACEMCO,1,1,0.39066523,0.60933477,0.60933477,0.0609912216532553
2026-04-09,ULTRACEMCO,1,-1,0.54607385,0.45392615,0.54607385,-0.0133586141515125
2026-04-10,ULTRACEMCO,1,1,0.19499773,0.8050023,0.8050023,0.0123165618448637
2026-04-13,ULTRACEMCO,1,1,0.19788945,0.80211055,0.80211055,-0.0075071188195703
2026-04-16,ULTRACEMCO,-1,1,0.3718559,0.6281441,0.6281441,0.0034789987271954
2025-01-01,WIPRO,-1,-1,0.57442105,0.42557892,0.57442105,-0.0051352211263124
2025-01-02,WIPRO,-1,-1,0.5488872,0.4511128,0.5488872,0.0116550561309298
2025-01-03,WIPRO,-1,-1,0.56020963,0.4397904,0.56020963,-0.030776662802438
2025-01-06,WIPRO,1,-1,0.6872313,0.31276873,0.6872313,-0.0005094783088062
2025-01-07,WIPRO,1,-1,0.5910094,0.4089906,0.5910094,-0.0008495633487751
2025-01-08,WIPRO,1,-1,0.6959635,0.3040365,0.6959635,0.0119027822278769
2025-01-09,WIPRO,1,-1,0.6194962,0.3805038,0.6194962,-0.0176441040564819
2025-01-10,WIPRO,1,-1,0.6842105,0.31578952,0.6842105,0.0282244124410926
2025-01-13,WIPRO,1,1,0.4835208,0.5164792,0.5164792,-0.0289469673525011
2025-01-14,WIPRO,1,1,0.49125654,0.50874346,0.50874346,0.0034264465182864
2025-01-15,WIPRO,1,-1,0.63642395,0.36357605,0.63642395,-0.0006830159154714
2025-01-16,WIPRO,1,-1,0.5731466,0.4268534,0.5731466,-0.0157184344774327
2025-01-17,WIPRO,1,-1,0.61724234,0.3827577,0.61724234,-0.0211766399859312
2025-01-20,WIPRO,1,-1,0.5993816,0.40061837,0.5993816,0.0649049539020854
2025-01-21,WIPRO,1,-1,0.64242756,0.35757244,0.64242756,-0.0063279719977941
2025-01-22,WIPRO,1,-1,0.5099993,0.4900007,0.5099993,0.0360313960381875
2025-01-23,WIPRO,1,1,0.41426837,0.5857316,0.5857316,0.0278228182603801
2025-01-24,WIPRO,1,-1,0.5026151,0.49738494,0.5026151,0.0075541746808749
2025-01-27,WIPRO,1,1,0.45452905,0.54547095,0.54547095,-0.0379568466754247
2025-01-28,WIPRO,1,1,0.44026566,0.55973434,0.55973434,0.0054645091810414
2025-02-03,WIPRO,-1,1,0.46548808,0.5345119,0.5345119,0.0288714367058375
2025-02-06,WIPRO,-1,-1,0.6971693,0.3028307,0.6971693,0.0026805379236019
2025-02-07,WIPRO,-1,-1,0.7110195,0.28898045,0.7110195,0.0001572217333445
2025-02-10,WIPRO,-1,-1,0.7417151,0.2582849,0.7417151,0.0033018400583575
2025-02-11,WIPRO,-1,-1,0.6797416,0.3202584,0.6797416,-0.0189624442991706
2025-02-12,WIPRO,-1,-1,0.7512195,0.2487805,0.7512195,-0.008945593778766
2025-02-13,WIPRO,-1,-1,0.77432704,0.22567296,0.77432704,-0.0053192786625519
2025-02-14,WIPRO,-1,-1,0.78751814,0.21248186,0.78751814,-0.0014583104868828
2025-02-17,WIPRO,-1,-1,0.7633762,0.23662382,0.7633762,-0.0089257185436543
2025-02-18,WIPRO,-1,-1,0.791457,0.20854302,0.791457,0.0224333020341147
2025-02-19,WIPRO,-1,-1,0.8041278,0.19587219,0.8041278,0.0060857895826569
2025-02-20,WIPRO,-1,-1,0.80901325,0.19098672,0.80901325,-0.0025470927085647
2025-02-21,WIPRO,-1,-1,0.76392144,0.23607856,0.76392144,-0.0221830681330397
2025-02-24,WIPRO,-1,-1,0.7013821,0.2986179,0.7013821,-0.036885979989082
2025-02-25,WIPRO,-1,-1,0.64714396,0.35285604,0.64714396,-0.0127096382757925
2025-02-27,WIPRO,-1,-1,0.70987254,0.29012746,0.70987254,0.0109852647303385
2025-02-28,WIPRO,-1,1,0.46634573,0.5336543,0.5336543,-0.0572156341404328
2025-03-03,WIPRO,-1,1,0.35537,0.64463,0.64463,0.0212496635710413
2025-03-04,WIPRO,-1,-1,0.52915597,0.47084403,0.52915597,-0.0125198107534086
2025-03-05,WIPRO,-1,-1,0.59833163,0.40166837,0.59833163,0.0182143695482381
2025-03-06,WIPRO,-1,-1,0.63769317,0.3623068,0.63769317,0.0028059556439332
2025-03-07,WIPRO,-1,-1,0.72054064,0.27945933,0.72054064,-0.0038475190034055
2025-03-10,WIPRO,-1,-1,0.7703551,0.22964488,0.7703551,-0.0136937384057159
2025-03-11,WIPRO,-1,-1,0.75433135,0.24566866,0.75433135,-0.011214022704643
2025-03-12,WIPRO,1,-1,0.70698553,0.29301447,0.70698553,-0.0331232642290835
2025-03-17,WIPRO,1,-1,0.5397482,0.46025178,0.5397482,-0.0157196953094228
2025-03-18,WIPRO,1,-1,0.5608558,0.4391442,0.5608558,0.0
2025-03-19,WIPRO,-1,-1,0.68613005,0.31386995,0.68613005,0.0225130369087325
2025-03-20,WIPRO,-1,-1,0.77332956,0.22667044,0.77332956,0.008656336057871
2025-03-21,WIPRO,-1,-1,0.66815734,0.33184266,0.66815734,-0.0138059922822084
2025-03-24,WIPRO,-1,-1,0.60199904,0.39800093,0.60199904,0.0192962823600286
2025-03-25,WIPRO,-1,-1,0.5918617,0.40813828,0.5918617,0.0059390790286277
2025-03-26,WIPRO,-1,-1,0.5513295,0.44867048,0.5513295,-0.0132841212361362
2025-03-27,WIPRO,-1,-1,0.542734,0.457266,0.542734,0.0179506795468162
2025-03-28,WIPRO,-1,-1,0.5224352,0.47756478,0.5224352,-0.0365540315506541
2025-04-01,WIPRO,-1,-1,0.52001715,0.47998288,0.52001715,0.00133460571953
2025-04-02,WIPRO,-1,1,0.49498343,0.50501657,0.50501657,0.0038081203311324
2025-04-03,WIPRO,-1,1,0.41264975,0.58735025,0.58735025,-0.0275037851967594
2025-04-04,WIPRO,-1,-1,0.5632087,0.43679133,0.5632087,-0.0392042766354712
2025-04-08,WIPRO,-1,-1,0.5727744,0.42722556,0.5727744,0.0179086795135723
2025-04-09,WIPRO,1,-1,0.7500477,0.2499523,0.7500477,-0.0428716017041096
2025-04-16,WIPRO,-1,-1,0.72840667,0.2715933,0.72840667,0.0149589560344569
2025-04-17,WIPRO,1,-1,0.5401476,0.4598524,0.5401476,-0.0434080430679495
2025-04-21,WIPRO,1,1,0.45780146,0.54219854,0.54219854,0.0065428421957201
2025-04-22,WIPRO,1,1,0.41486317,0.58513683,0.58513683,-0.0180331205719663
2025-04-25,WIPRO,1,-1,0.568545,0.43145505,0.568545,-0.0076209890361904
2025-04-28,WIPRO,1,-1,0.5589949,0.4410051,0.5589949,-0.0016603943895484
2025-04-29,WIPRO,1,-1,0.7573091,0.24269095,0.7573091,0.003742150512787
2025-04-30,WIPRO,1,1,0.45162505,0.54837495,0.54837495,0.0004142884146882
2025-05-02,WIPRO,1,1,0.36214823,0.6378518,0.6378518,0.0007452913704617
2025-05-05,WIPRO,1,1,0.34441197,0.65558803,0.65558803,0.0078203587942418
2025-05-06,WIPRO,1,1,0.40646005,0.59353995,0.59353995,-0.0097713144032151
2025-05-07,WIPRO,1,1,0.3660925,0.6339075,0.6339075,0.0118163079382933
2025-05-08,WIPRO,1,1,0.26635927,0.73364073,0.73364073,-0.0101212310995795
2025-05-09,WIPRO,1,1,0.25431168,0.7456883,0.7456883,0.0018213614840616
2025-05-12,WIPRO,-1,1,0.22973007,0.77026993,0.77026993,0.0630966352980963
2025-05-13,WIPRO,-1,1,0.22827995,0.77172005,0.77172005,-0.0221936801595118
2025-05-14,WIPRO,-1,1,0.30135876,0.69864124,0.69864124,0.0054457184287908
2025-05-15,WIPRO,-1,1,0.26247448,0.7375255,0.7375255,0.0143513035502369
2025-05-16,WIPRO,-1,1,0.2709762,0.7290238,0.7290238,-0.0088086023217758
2025-05-19,WIPRO,-1,1,0.27644318,0.7235568,0.7235568,-0.0100664037211941
2025-05-20,WIPRO,-1,1,0.23685741,0.7631426,0.7631426,-0.0081032378906475
2025-05-21,WIPRO,-1,1,0.2578773,0.7421227,0.7421227,0.0048455816401344
2025-05-27,WIPRO,1,1,0.16594088,0.8340591,0.8340591,-0.0079524350206402
2025-05-28,WIPRO,1,1,0.18222797,0.81777203,0.81777203,-0.003303156357266
2025-05-29,WIPRO,1,1,0.34011668,0.6598833,0.6598833,0.0109525965238972
2025-05-30,WIPRO,1,1,0.33735996,0.66264004,0.66264004,-0.001878916896004
2025-06-02,WIPRO,1,1,0.42577773,0.57422227,0.57422227,-0.007970527166353
2025-06-03,WIPRO,1,-1,0.5133981,0.4866019,0.5133981,-0.0058946921543339
2025-06-04,WIPRO,1,1,0.472605,0.527395,0.527395,0.0025992558497356
2025-06-05,WIPRO,1,1,0.4220994,0.5779006,0.5779006,0.0043749778962334
2025-06-06,WIPRO,1,-1,0.5741906,0.42580935,0.5741906,0.0026215862408853
2025-06-09,WIPRO,1,1,0.4385236,0.5614764,0.5614764,0.0108612960862879
2025-06-10,WIPRO,1,1,0.36963373,0.63036627,0.63036627,0.0142464803313944
2025-06-11,WIPRO,1,-1,0.5502596,0.44974038,0.5502596,0.0158905412481755
2025-06-12,WIPRO,1,-1,0.5933876,0.40661237,0.5933876,0.0026647667461472
2025-06-13,WIPRO,1,-1,0.5727336,0.42726642,0.5727336,0.0023111878262316
2025-06-16,WIPRO,1,1,0.4456017,0.5543983,0.5543983,0.0102994156688343
2025-06-17,WIPRO,1,1,0.41040212,0.5895979,0.5895979,7.607231763584466e-05
2025-06-18,WIPRO,1,1,0.41979277,0.5802072,0.5802072,-0.0050207552963371
2025-06-19,WIPRO,1,1,0.40372372,0.5962763,0.5962763,0.0152528554792705
2025-06-20,WIPRO,1,1,0.40304434,0.59695566,0.59695566,0.0036147869902525
2025-06-23,WIPRO,1,1,0.4335389,0.5664611,0.5664611,-0.0123808844590704
2025-06-24,WIPRO,1,1,0.47556937,0.52443063,0.52443063,0.0065719611924939
2025-06-25,WIPRO,-1,1,0.43421,0.56579,0.56579,0.0167565682357426
2025-06-26,WIPRO,-1,1,0.46405977,0.53594023,0.53594023,-0.0033036183044767
2025-06-27,WIPRO,-1,-1,0.5092597,0.49074027,0.5092597,-0.0129226202470175
2025-06-30,WIPRO,-1,1,0.42666876,0.57333124,0.57333124,0.0035088667986109
2025-07-01,WIPRO,-1,1,0.3913617,0.6086383,0.6086383,-0.0053764915221456
2025-07-02,WIPRO,-1,1,0.42002326,0.57997674,0.57997674,0.0092611401401361
2025-07-03,WIPRO,-1,1,0.36493617,0.6350638,0.6350638,0.000187223401634
2025-07-04,WIPRO,-1,1,0.4056973,0.5943027,0.5943027,0.0112339310570703
2025-07-07,WIPRO,-1,1,0.3208189,0.6791811,0.6791811,-0.0085170168348583
2025-07-08,WIPRO,-1,1,0.45699674,0.54300326,0.54300326,0.0070961108672393
2025-07-09,WIPRO,-1,1,0.41982222,0.5801778,0.5801778,-0.0068607274111245
2025-07-10,WIPRO,-1,-1,0.52399504,0.47600493,0.52399504,-0.0102688511693327
2025-07-16,WIPRO,-1,1,0.38104624,0.61895376,0.61895376,0.0209790331202626
2025-07-17,WIPRO,-1,1,0.37362963,0.6263704,0.6263704,-0.0083713673352755
2025-07-18,WIPRO,-1,1,0.29072285,0.70927715,0.70927715,0.0243668869039719
2025-07-21,WIPRO,-1,1,0.38159078,0.6184092,0.6184092,-0.0247237967597589
2025-07-22,WIPRO,-1,1,0.41328692,0.5867131,0.5867131,-0.0024966241166717
2025-07-23,WIPRO,-1,-1,0.5445174,0.45548263,0.5445174,0.0065459420518407
2025-07-24,WIPRO,-1,-1,0.54407173,0.45592827,0.54407173,0.001721597382996
2025-07-25,WIPRO,-1,-1,0.5062921,0.49370787,0.5062921,-0.0101202553283982
2025-07-28,WIPRO,-1,1,0.2806555,0.7193445,0.7193445,-0.0163257630429995
2025-07-29,WIPRO,-1,1,0.28377432,0.7162257,0.7162257,0.0069985651191879
2025-07-30,WIPRO,-1,1,0.2439174,0.7560826,0.7560826,-0.006354276313765
2025-08-01,WIPRO,1,1,0.19726008,0.8027399,0.8027399,-0.022352015161781
2025-08-05,WIPRO,1,1,0.33550495,0.66449505,0.66449505,-0.0005689821155511
2025-08-06,WIPRO,1,1,0.23168719,0.7683128,0.7683128,-0.0241958249829491
2025-08-07,WIPRO,1,1,0.27082086,0.72917914,0.72917914,0.00983501226009
2025-08-08,WIPRO,1,1,0.2861411,0.7138589,0.7138589,-0.0134946036765188
2025-08-11,WIPRO,1,1,0.315719,0.684281,0.684281,0.0107508512421972
2025-08-12,WIPRO,1,1,0.24454767,0.75545233,0.75545233,0.0004138950308043
2025-08-13,WIPRO,1,1,0.33366507,0.6663349,0.6663349,-0.0002895872281153
2025-08-14,WIPRO,1,1,0.31952405,0.68047595,0.68047595,0.0213532045644186
2025-08-18,WIPRO,1,1,0.3957249,0.6042751,0.6042751,-0.0064826834699689
2025-08-19,WIPRO,1,1,0.33408636,0.66591364,0.66591364,0.0071367678360947
2025-08-20,WIPRO,-1,1,0.45523,0.54477,0.54477,0.015710980180114
2025-08-21,WIPRO,-1,1,0.43527567,0.5647243,0.5647243,-0.0037075087942103
2025-08-22,WIPRO,-1,1,0.43515867,0.56484133,0.56484133,-0.0050818300149907
2025-08-25,WIPRO,-1,1,0.34784818,0.6521518,0.6521518,0.0209137484304144
2025-08-26,WIPRO,1,1,0.4184667,0.5815333,0.5815333,-0.0071304909127324
2025-08-28,WIPRO,1,1,0.3229339,0.6770661,0.6770661,-0.0054755687740543
2025-08-29,WIPRO,1,1,0.34090996,0.65909004,0.65909004,-0.0049470507944801
2025-09-02,WIPRO,1,1,0.32224154,0.67775846,0.67775846,0.0022766361079087
2025-09-03,WIPRO,1,1,0.29861403,0.701386,0.701386,-0.0054596497487846
2025-09-04,WIPRO,1,1,0.4419195,0.5580805,0.5580805,-0.0183923383143054
2025-09-05,WIPRO,1,1,0.35413772,0.6458623,0.6458623,-0.0053067985525135
2025-09-08,WIPRO,1,1,0.42873615,0.57126385,0.57126385,-0.0047194594240768
2025-09-10,WIPRO,-1,-1,0.5495756,0.45042437,0.5495756,0.0264900928527851
2025-09-11,WIPRO,-1,1,0.4593441,0.5406559,0.5406559,-0.0071945043879371
2025-09-12,WIPRO,-1,1,0.45994514,0.54005486,0.54005486,-0.0077586168633034
2025-09-15,WIPRO,-1,1,0.4841357,0.5158643,0.5158643,-0.0026197234621752
2025-09-16,WIPRO,-1,1,0.4935761,0.5064239,0.5064239,0.0108643475853689
2025-09-17,WIPRO,-1,-1,0.58131087,0.41868916,0.58131087,0.0005511517370522
2025-09-18,WIPRO,-1,-1,0.6017678,0.3982322,0.6017678,0.0109384373009919
2025-09-19,WIPRO,-1,-1,0.66964114,0.3303589,0.66964114,-0.0040866593539752
2025-09-22,WIPRO,-1,-1,0.64517355,0.35482648,0.64517355,-0.0216898748753999
2025-09-23,WIPRO,-1,-1,0.55412084,0.44587916,0.55412084,-0.0027962698560484
2025-09-24,WIPRO,1,-1,0.66556203,0.33443794,0.66556203,-0.0201899120479829
2025-09-25,WIPRO,1,-1,0.5959991,0.40400085,0.5959991,-0.0105891293531144
2025-09-26,WIPRO,1,-1,0.51114094,0.48885903,0.51114094,-0.0258264917846761
2025-09-29,WIPRO,1,-1,0.6349288,0.36507115,0.6349288,0.016500537438185
2025-09-30,WIPRO,1,-1,0.64585435,0.35414565,0.64585435,-0.0011267303148456
2025-10-01,WIPRO,1,-1,0.57573223,0.42426774,0.57573223,0.0071020267665218
2025-10-07,WIPRO,-1,-1,0.59178686,0.4082131,0.59178686,0.0057820018328431
2025-10-09,WIPRO,-1,-1,0.7088698,0.2911302,0.7088698,0.0087198291431764
2025-10-10,WIPRO,-1,-1,0.68594646,0.31405357,0.68594646,0.0093344672248332
2025-10-13,WIPRO,-1,-1,0.7751447,0.22485527,0.7751447,-0.0143546325261276
2025-10-14,WIPRO,-1,-1,0.7327423,0.26725766,0.7327423,0.0134213899866952
2025-10-15,WIPRO,-1,-1,0.74445975,0.25554025,0.74445975,0.0072056007576219
2025-10-16,WIPRO,-1,-1,0.70914674,0.29085326,0.70914674,0.014387864974988
2025-10-20,WIPRO,-1,-1,0.62061477,0.37938526,0.62061477,0.0014114100435969
2025-10-23,WIPRO,-1,-1,0.51315194,0.48684806,0.51315194,0.012180999192525
2025-10-24,WIPRO,-1,1,0.400598,0.599402,0.599402,-0.0054032363162884
2025-10-27,WIPRO,-1,1,0.28319472,0.7168053,0.7168053,0.0038275050445568
2025-10-28,WIPRO,1,1,0.27156937,0.7284306,0.7284306,-0.00627277302311
2025-10-29,WIPRO,1,1,0.3221717,0.6778283,0.6778283,-0.000412597201546
2025-10-30,WIPRO,1,1,0.30859923,0.69140077,0.69140077,-0.0014859371873676
2025-10-31,WIPRO,1,1,0.32805222,0.6719478,0.6719478,-0.0051669809355886
2025-11-04,WIPRO,1,1,0.34987772,0.6501223,0.6501223,-0.0107276867688327
2025-11-06,WIPRO,1,-1,0.50164974,0.4983503,0.50164974,0.008952624099328
2025-11-07,WIPRO,1,1,0.49971092,0.5002891,0.5002891,-0.0148302227832848
2025-11-10,WIPRO,1,-1,0.57132244,0.4286776,0.57132244,0.01416542851515
2025-11-11,WIPRO,1,-1,0.664178,0.33582196,0.664178,0.0077135267774719
2025-11-12,WIPRO,1,-1,0.6099644,0.3900356,0.6099644,0.0146054396048276
2025-11-13,WIPRO,1,-1,0.5334362,0.46656385,0.5334362,0.0004486070171252
2025-11-14,WIPRO,1,1,0.3602047,0.6397953,0.6397953,-0.0039131514159014
2025-11-17,WIPRO,1,1,0.38846153,0.61153847,0.61153847,-0.0013094440553911
2025-11-18,WIPRO,1,-1,0.61777735,0.38222262,0.61777735,-0.0129072035668605
2025-11-19,WIPRO,1,1,0.44806808,0.5519319,0.5519319,0.021461203799826
2025-11-20,WIPRO,1,1,0.36058533,0.63941467,0.63941467,0.0007721090644445
2025-11-21,WIPRO,1,1,0.37637466,0.62362534,0.62362534,-0.0071874434895693
2025-11-24,WIPRO,1,1,0.49117607,0.50882393,0.50882393,0.0113705587396173
2025-11-25,WIPRO,1,-1,0.5815326,0.41846743,0.5815326,-0.0065919738769574
2025-11-26,WIPRO,1,-1,0.5202346,0.47976542,0.5202346,0.0185230380779941
2025-11-27,WIPRO,1,1,0.4868617,0.5131383,0.5131383,-0.0025181136639057
2025-11-28,WIPRO,1,1,0.4803548,0.5196452,0.5196452,-0.0001201740566916
2025-12-01,WIPRO,1,1,0.47286284,0.52713716,0.52713716,0.0030056534387177
2025-12-02,WIPRO,1,-1,0.77176243,0.22823757,0.77176243,-0.0004395373475409
2025-12-03,WIPRO,1,-1,0.834266,0.165734,0.834266,0.0180677480486171
2025-12-04,WIPRO,1,-1,0.83332425,0.16667576,0.83332425,0.0087949442207373
2025-12-05,WIPRO,1,-1,0.8587136,0.14128636,0.8587136,0.0115985460314229
2025-12-08,WIPRO,1,-1,0.8215065,0.1784935,0.8215065,0.005655785133523
2025-12-09,WIPRO,1,-1,0.77618825,0.22381176,0.77618825,-0.0151886247782084
2025-12-10,WIPRO,1,-1,0.7706585,0.22934149,0.7706585,0.0022144048078658
2025-12-11,WIPRO,1,-1,0.7660511,0.23394889,0.7660511,0.0049228020782372
2025-12-12,WIPRO,1,-1,0.80390406,0.19609594,0.80390406,0.0052073943454054
2025-12-15,WIPRO,1,-1,0.75716454,0.24283548,0.75716454,0.0043744162509722
2025-12-16,WIPRO,1,-1,0.81303304,0.18696697,0.81303304,-0.0096278011316925
2025-12-17,WIPRO,1,-1,0.755038,0.24496195,0.755038,0.0074068791594743
2025-12-18,WIPRO,1,-1,0.7680348,0.23196515,0.7680348,0.0103775926524105
2025-12-22,WIPRO,-1,-1,0.5535814,0.44641858,0.5535814,0.0310833845226115
2025-12-24,WIPRO,-1,1,0.4489106,0.5510894,0.5510894,-0.0123064862991861
2025-12-26,WIPRO,-1,1,0.43355805,0.56644195,0.56644195,-0.0065657859731986
2025-12-31,WIPRO,-1,1,0.4373355,0.5626645,0.5626645,-0.0014033730348146
2026-01-01,WIPRO,-1,-1,0.66885626,0.33114374,0.66885626,0.0154587978430049
2026-01-02,WIPRO,-1,-1,0.5999385,0.4000615,0.5999385,0.0061716324111755
2026-01-05,WIPRO,-1,-1,0.62716794,0.3728321,0.62716794,-0.0211896124499403
2026-01-06,WIPRO,-1,-1,0.6040422,0.39595786,0.6040422,0.00873533158056
2026-01-07,WIPRO,-1,-1,0.6664674,0.33353257,0.6664674,0.0195782931943258
2026-01-08,WIPRO,-1,1,0.41595435,0.58404565,0.58404565,-0.0317576517477075
2026-01-09,WIPRO,-1,1,0.45717883,0.54282117,0.54282117,-0.0009534913861318
2026-01-12,WIPRO,-1,-1,0.5982769,0.4017231,0.5982769,0.0043901149781204
2026-01-13,WIPRO,-1,-1,0.57691145,0.42308858,0.57691145,0.0041809634444722
2026-01-14,WIPRO,-1,-1,0.54174155,0.45825845,0.54174155,-0.0151400196767053
2026-01-15,WIPRO,-1,-1,0.51745605,0.48254392,0.51745605,0.0
2026-01-16,WIPRO,-1,-1,0.5555972,0.4444028,0.5555972,0.0278631866989556
2026-01-19,WIPRO,1,-1,0.5538688,0.44613126,0.5538688,-0.0803889673199982
2026-01-22,WIPRO,-1,1,0.4221123,0.5778877,0.5778877,0.0045918603045718
2026-01-27,WIPRO,-1,1,0.36783051,0.6321695,0.6321695,0.0103270620408986
2026-01-28,WIPRO,-1,1,0.44163877,0.55836123,0.55836123,0.0108603195000627
2026-01-29,WIPRO,-1,-1,0.60353136,0.3964686,0.60353136,0.0103222957035598
2026-01-30,WIPRO,-1,-1,0.6512779,0.3487221,0.6512779,-0.0120934492008638
2026-02-02,WIPRO,-1,-1,0.5552192,0.44478086,0.5552192,0.0227944672621351
2026-02-03,WIPRO,-1,1,0.49037576,0.50962424,0.50962424,0.0016095723678761
2026-02-04,WIPRO,-1,-1,0.59935117,0.40064883,0.59935117,-0.0385265400694576
2026-02-05,WIPRO,-1,-1,0.5336057,0.4663943,0.5336057,0.0002142926739632
2026-02-06,WIPRO,-1,-1,0.57422125,0.42577875,0.57422125,-0.0114400710224421
2026-02-09,WIPRO,-1,-1,0.68280864,0.31719136,0.68280864,-0.0027739224439247
2026-02-10,WIPRO,-1,-1,0.688686,0.311314,0.688686,0.0060413742115192
2026-02-11,WIPRO,-1,-1,0.6730196,0.3269804,0.6730196,-0.0071715714924397
2026-02-12,WIPRO,-1,-1,0.6923294,0.30767056,0.6923294,-0.0466907264328362
2026-02-13,WIPRO,-1,-1,0.696382,0.303618,0.696382,-0.0227770926212249
2026-02-16,WIPRO,-1,-1,0.59166455,0.40833548,0.59166455,-0.0038768828308293
2026-02-17,WIPRO,-1,-1,0.76826894,0.23173109,0.76826894,0.0113945793733594
2026-02-18,WIPRO,-1,-1,0.7521312,0.24786875,0.7521312,-0.0173397257676792
2026-02-19,WIPRO,-1,-1,0.6707183,0.32928172,0.6707183,-0.0034913434537849
2026-02-20,WIPRO,-1,-1,0.52332616,0.47667387,0.52332616,-0.0063917715098816
2026-02-23,WIPRO,-1,-1,0.7411954,0.25880462,0.7411954,-0.0189173792488176
2026-02-24,WIPRO,1,-1,0.65625817,0.34374183,0.65625817,-0.0279275342029511
2026-02-26,WIPRO,-1,-1,0.7082583,0.29174176,0.7082583,-0.0041600452927292
2026-02-27,WIPRO,-1,-1,0.747347,0.25265303,0.747347,-0.0005967531136602
2026-03-02,WIPRO,-1,-1,0.6067605,0.39323947,0.6067605,-0.0118929105782296
2026-03-05,WIPRO,-1,-1,0.6559676,0.3440324,0.6559676,0.0006647385425457
2026-03-06,WIPRO,-1,-1,0.69371355,0.30628645,0.69371355,-0.0014309014195478
2026-03-09,WIPRO,-1,-1,0.6554087,0.34459132,0.6554087,0.0171443511164608
2026-03-10,WIPRO,-1,-1,0.7393644,0.2606356,0.7393644,0.0109685166077044
2026-03-11,WIPRO,-1,-1,0.6478209,0.3521791,0.6478209,0.0064699303197381
2026-03-12,WIPRO,-1,-1,0.66324556,0.33675444,0.66324556,0.001384556125265
2026-03-13,WIPRO,-1,-1,0.65102834,0.34897166,0.65102834,-0.0243444413091168
2026-03-16,WIPRO,-1,-1,0.55192775,0.44807225,0.55192775,-0.0125012713726724
2026-03-17,WIPRO,1,-1,0.6486781,0.35132188,0.6486781,-0.0194249053061185
2026-03-18,WIPRO,1,-1,0.7227654,0.2772346,0.7227654,0.01557597539963
2026-03-19,WIPRO,1,-1,0.546051,0.453949,0.546051,-0.030313943886452
2026-03-20,WIPRO,1,-1,0.59326863,0.40673137,0.59326863,0.0132158069421859
2026-03-23,WIPRO,1,1,0.43999362,0.5600064,0.5600064,-0.0176008418951209
2026-03-24,WIPRO,1,1,0.44771296,0.55228704,0.55228704,0.0063987002772276
2026-03-25,WIPRO,1,1,0.45121723,0.54878277,0.54878277,0.0016424581412073
2026-03-27,WIPRO,1,1,0.46050775,0.53949225,0.53949225,0.0134885110319711
2026-03-30,WIPRO,1,-1,0.6257786,0.37422138,0.6257786,-0.0206680928377827
2026-04-01,WIPRO,1,-1,0.52671397,0.473286,0.52671397,0.0188658777320807
2026-04-02,WIPRO,1,-1,0.66169804,0.33830196,0.66169804,0.0195104672519461
2026-04-06,WIPRO,1,-1,0.5342911,0.4657089,0.5342911,0.0122107104782027
2026-04-09,WIPRO,-1,-1,0.57389665,0.42610335,0.57389665,-0.0027037806346896
2026-04-15,WIPRO,-1,1,0.44193703,0.558063,0.558063,0.0334039451077528
2026-04-16,WIPRO,-1,-1,0.56255263,0.43744737,0.56255263,0.0024314398418876
