Date,Stock,event_category,event_name,event_score_max,event_count,is_event,is_estimated
2020-01-02,HDFCBANK,MACRO,PMI,0.8,1,1,0
2020-01-02,ICICIBANK,MACRO,PMI,0.8,1,1,0
2020-01-02,SBIN,MACRO,PMI,0.8,1,1,0
2020-01-02,AXISBANK,MACRO,PMI,0.8,1,1,0
2020-01-02,KOTAKBANK,MACRO,PMI,0.8,1,1,0
2020-01-02,BAJFINANCE,MACRO,PMI,0.8,1,1,0
2020-01-02,BAJAJFINSV,MACRO,PMI,0.8,1,1,0
2020-01-02,INDUSINDBK,MACRO,PMI,0.8,1,1,0
2020-01-02,TCS,MACRO,PMI,0.8,1,1,0
2020-01-02,INFY,MACRO,PMI,0.8,1,1,0
2020-01-02,HCLTECH,MACRO,PMI,0.8,1,1,0
2020-01-02,WIPRO,MACRO,PMI,0.8,1,1,0
2020-01-02,TECHM,MACRO,PMI,0.8,1,1,0
2020-01-02,RELIANCE,MACRO,PMI,0.8,1,1,0
2020-01-02,ONGC,MACRO,PMI,0.8,1,1,0
2020-01-02,NTPC,MACRO,PMI,0.8,1,1,0
2020-01-02,POWERGRID,MACRO,PMI,0.8,1,1,0
2020-01-02,BPCL,MACRO,PMI,0.8,1,1,0
2020-01-02,HINDUNILVR,MACRO,PMI,0.8,1,1,0
2020-01-02,ITC,MACRO,PMI,0.8,1,1,0
2020-01-02,NESTLEIND,MACRO,PMI,0.8,1,1,0
2020-01-02,BRITANNIA,MACRO,PMI,0.8,1,1,0
2020-01-02,MARUTI,MACRO,PMI,0.8,1,1,0
2020-01-02,M&M,MACRO,PMI,0.8,1,1,0
2020-01-02,BHARTIARTL,MACRO,PMI,0.8,1,1,0
2020-01-02,EICHERMOT,MACRO,PMI,0.8,1,1,0
2020-01-02,HEROMOTOCO,MACRO,PMI,0.8,1,1,0
2020-01-02,BAJAJ-AUTO,MACRO,PMI,0.8,1,1,0
2020-01-02,SUNPHARMA,MACRO,PMI,0.8,1,1,0
2020-01-02,CIPLA,MACRO,PMI,0.8,1,1,0
2020-01-02,DRREDDY,MACRO,PMI,0.8,1,1,0
2020-01-02,TATASTEEL,MACRO,PMI,0.8,1,1,0
2020-01-02,JSWSTEEL,MACRO,PMI,0.8,1,1,0
2020-01-02,HINDALCO,MACRO,PMI,0.8,1,1,0
2020-01-02,COALINDIA,MACRO,PMI,0.8,1,1,0
2020-01-02,LT,MACRO,PMI,0.8,1,1,0
2020-01-02,ULTRACEMCO,MACRO,PMI,0.8,1,1,0
2020-01-02,GRASIM,MACRO,PMI,0.8,1,1,0
2020-01-02,ASIANPAINT,MACRO,PMI,0.8,1,1,0
2020-01-02,TITAN,MACRO,PMI,0.8,1,1,0
2020-01-10,INFY,STOCK,EARNINGS,1.0,1,1,0
2020-01-13,HDFCBANK,MACRO,CPI,0.8,1,1,0
2020-01-13,ICICIBANK,MACRO,CPI,0.8,1,1,0
2020-01-13,SBIN,MACRO,CPI,0.8,1,1,0
2020-01-13,AXISBANK,MACRO,CPI,0.8,1,1,0
2020-01-13,KOTAKBANK,MACRO,CPI,0.8,1,1,0
2020-01-13,BAJFINANCE,MACRO,CPI,0.8,1,1,0
2020-01-13,BAJAJFINSV,MACRO,CPI,0.8,1,1,0
2020-01-13,INDUSINDBK,MACRO,CPI,0.8,1,1,0
2020-01-13,TCS,MACRO,CPI,0.8,1,1,0
2020-01-13,INFY,MACRO,CPI,0.8,1,1,0
2020-01-13,HCLTECH,MACRO,CPI,0.8,1,1,0
2020-01-13,WIPRO,MACRO|STOCK,CPI|EARNINGS,1.0,2,1,0
2020-01-13,TECHM,MACRO,CPI,0.8,1,1,0
2020-01-13,RELIANCE,MACRO,CPI,0.8,1,1,0
2020-01-13,ONGC,MACRO,CPI,0.8,1,1,0
2020-01-13,NTPC,MACRO,CPI,0.8,1,1,0
2020-01-13,POWERGRID,MACRO,CPI,0.8,1,1,0
2020-01-13,BPCL,MACRO,CPI,0.8,1,1,0
2020-01-13,HINDUNILVR,MACRO,CPI,0.8,1,1,0
2020-01-13,ITC,MACRO,CPI,0.8,1,1,0
2020-01-13,NESTLEIND,MACRO,CPI,0.8,1,1,0
2020-01-13,BRITANNIA,MACRO,CPI,0.8,1,1,0
2020-01-13,MARUTI,MACRO,CPI,0.8,1,1,0
2020-01-13,M&M,MACRO,CPI,0.8,1,1,0
2020-01-13,BHARTIARTL,MACRO,CPI,0.8,1,1,0
2020-01-13,EICHERMOT,MACRO,CPI,0.8,1,1,0
2020-01-13,HEROMOTOCO,MACRO,CPI,0.8,1,1,0
2020-01-13,BAJAJ-AUTO,MACRO,CPI,0.8,1,1,0
2020-01-13,SUNPHARMA,MACRO,CPI,0.8,1,1,0
2020-01-13,CIPLA,MACRO,CPI,0.8,1,1,0
2020-01-13,DRREDDY,MACRO,CPI,0.8,1,1,0
2020-01-13,TATASTEEL,MACRO,CPI,0.8,1,1,0
2020-01-13,JSWSTEEL,MACRO,CPI,0.8,1,1,0
2020-01-13,HINDALCO,MACRO,CPI,0.8,1,1,0
2020-01-13,COALINDIA,MACRO,CPI,0.8,1,1,0
2020-01-13,LT,MACRO,CPI,0.8,1,1,0
2020-01-13,ULTRACEMCO,MACRO,CPI,0.8,1,1,0
2020-01-13,GRASIM,MACRO,CPI,0.8,1,1,0
2020-01-13,ASIANPAINT,MACRO,CPI,0.8,1,1,0
2020-01-13,TITAN,MACRO,CPI,0.8,1,1,0
2020-01-14,INDUSINDBK,STOCK,EARNINGS,1.0,1,1,0
2020-01-17,TCS,STOCK,EARNINGS,1.0,1,1,0
2020-01-17,HCLTECH,STOCK,EARNINGS,1.0,1,1,0
2020-01-17,RELIANCE,STOCK,EARNINGS,1.0,1,1,0
2020-01-20,KOTAKBANK,STOCK,EARNINGS,1.0,1,1,0
2020-01-22,AXISBANK,STOCK,EARNINGS,1.0,1,1,0
2020-01-22,LT,STOCK,EARNINGS,1.0,1,1,0
2020-01-22,ASIANPAINT,STOCK,EARNINGS,1.0,1,1,0
2020-01-24,JSWSTEEL,STOCK,EARNINGS,1.0,1,1,0
2020-01-24,ULTRACEMCO,STOCK,EARNINGS,1.0,1,1,0
2020-01-27,DRREDDY,STOCK,EARNINGS,1.0,1,1,0
2020-01-28,MARUTI,STOCK,EARNINGS,1.0,1,1,0
2020-01-29,BAJFINANCE,STOCK,EARNINGS,1.0,1,1,0
2020-01-29,BAJAJFINSV,STOCK,EARNINGS,1.0,1,1,0
2020-01-30,BAJAJ-AUTO,STOCK,EARNINGS,1.0,1,1,0
2020-01-31,SBIN,STOCK,EARNINGS,1.0,1,1,0
2020-01-31,TECHM,STOCK,EARNINGS,1.0,1,1,0
2020-01-31,POWERGRID,STOCK,EARNINGS,1.0,1,1,0
2020-01-31,HINDUNILVR,STOCK,EARNINGS,1.0,1,1,0
2020-01-31,ITC,STOCK,EARNINGS,1.0,1,1,0
2020-02-03,HDFCBANK,MACRO,PMI,0.8,1,1,0
2020-02-03,ICICIBANK,MACRO,PMI,0.8,1,1,0
2020-02-03,SBIN,MACRO,PMI,0.8,1,1,0
2020-02-03,AXISBANK,MACRO,PMI,0.8,1,1,0
2020-02-03,KOTAKBANK,MACRO,PMI,0.8,1,1,0
2020-02-03,BAJFINANCE,MACRO,PMI,0.8,1,1,0
2020-02-03,BAJAJFINSV,MACRO,PMI,0.8,1,1,0
2020-02-03,INDUSINDBK,MACRO,PMI,0.8,1,1,0
2020-02-03,TCS,MACRO,PMI,0.8,1,1,0
2020-02-03,INFY,MACRO,PMI,0.8,1,1,0
2020-02-03,HCLTECH,MACRO,PMI,0.8,1,1,0
2020-02-03,WIPRO,MACRO,PMI,0.8,1,1,0
2020-02-03,TECHM,MACRO,PMI,0.8,1,1,0
2020-02-03,RELIANCE,MACRO,PMI,0.8,1,1,0
2020-02-03,ONGC,MACRO,PMI,0.8,1,1,0
2020-02-03,NTPC,MACRO,PMI,0.8,1,1,0
2020-02-03,POWERGRID,MACRO,PMI,0.8,1,1,0
2020-02-03,BPCL,MACRO,PMI,0.8,1,1,0
2020-02-03,HINDUNILVR,MACRO,PMI,0.8,1,1,0
2020-02-03,ITC,MACRO,PMI,0.8,1,1,0
2020-02-03,NESTLEIND,MACRO,PMI,0.8,1,1,0
2020-02-03,BRITANNIA,MACRO,PMI,0.8,1,1,0
2020-02-03,MARUTI,MACRO,PMI,0.8,1,1,0
2020-02-03,M&M,MACRO,PMI,0.8,1,1,0
2020-02-03,BHARTIARTL,MACRO,PMI,0.8,1,1,0
2020-02-03,EICHERMOT,MACRO,PMI,0.8,1,1,0
2020-02-03,HEROMOTOCO,MACRO,PMI,0.8,1,1,0
2020-02-03,BAJAJ-AUTO,MACRO,PMI,0.8,1,1,0
2020-02-03,SUNPHARMA,MACRO,PMI,0.8,1,1,0
2020-02-03,CIPLA,MACRO,PMI,0.8,1,1,0
2020-02-03,DRREDDY,MACRO,PMI,0.8,1,1,0
2020-02-03,TATASTEEL,MACRO,PMI,0.8,1,1,0
2020-02-03,JSWSTEEL,MACRO,PMI,0.8,1,1,0
2020-02-03,HINDALCO,MACRO,PMI,0.8,1,1,0
2020-02-03,COALINDIA,MACRO,PMI,0.8,1,1,0
2020-02-03,LT,MACRO,PMI,0.8,1,1,0
2020-02-03,ULTRACEMCO,MACRO,PMI,0.8,1,1,0
2020-02-03,GRASIM,MACRO,PMI,0.8,1,1,0
2020-02-03,ASIANPAINT,MACRO,PMI,0.8,1,1,0
2020-02-03,TITAN,MACRO,PMI,0.8,1,1,0
2020-02-04,BHARTIARTL,STOCK,EARNINGS,1.0,1,1,0
2020-02-04,TITAN,STOCK,EARNINGS,1.0,1,1,0
2020-02-05,CIPLA,STOCK,EARNINGS,1.0,1,1,0
2020-02-06,HDFCBANK,GOVT,RBI_POLICY,1.0,1,1,0
2020-02-06,ICICIBANK,GOVT,RBI_POLICY,1.0,1,1,0
2020-02-06,SBIN,GOVT,RBI_POLICY,1.0,1,1,0
2020-02-06,AXISBANK,GOVT,RBI_POLICY,1.0,1,1,0
2020-02-06,KOTAKBANK,GOVT,RBI_POLICY,1.0,1,1,0
2020-02-06,BAJFINANCE,GOVT,RBI_POLICY,1.0,1,1,0
2020-02-06,BAJAJFINSV,GOVT,RBI_POLICY,1.0,1,1,0
2020-02-06,INDUSINDBK,GOVT,RBI_POLICY,1.0,1,1,0
2020-02-06,TCS,GOVT,RBI_POLICY,1.0,1,1,0
2020-02-06,INFY,GOVT,RBI_POLICY,1.0,1,1,0
2020-02-06,HCLTECH,GOVT,RBI_POLICY,1.0,1,1,0
2020-02-06,WIPRO,GOVT,RBI_POLICY,1.0,1,1,0
2020-02-06,TECHM,GOVT,RBI_POLICY,1.0,1,1,0
2020-02-06,RELIANCE,GOVT,RBI_POLICY,1.0,1,1,0
2020-02-06,ONGC,GOVT,RBI_POLICY,1.0,1,1,0
2020-02-06,NTPC,GOVT,RBI_POLICY,1.0,1,1,0
2020-02-06,POWERGRID,GOVT,RBI_POLICY,1.0,1,1,0
2020-02-06,BPCL,GOVT,RBI_POLICY,1.0,1,1,0
2020-02-06,HINDUNILVR,GOVT,RBI_POLICY,1.0,1,1,0
2020-02-06,ITC,GOVT,RBI_POLICY,1.0,1,1,0
2020-02-06,NESTLEIND,GOVT,RBI_POLICY,1.0,1,1,0
2020-02-06,BRITANNIA,GOVT,RBI_POLICY,1.0,1,1,0
2020-02-06,MARUTI,GOVT,RBI_POLICY,1.0,1,1,0
2020-02-06,M&M,GOVT,RBI_POLICY,1.0,1,1,0
2020-02-06,BHARTIARTL,GOVT,RBI_POLICY,1.0,1,1,0
2020-02-06,EICHERMOT,GOVT|STOCK,EARNINGS|RBI_POLICY,1.0,2,1,0
2020-02-06,HEROMOTOCO,GOVT|STOCK,DIVIDEND|EARNINGS|RBI_POLICY,1.0,3,1,0
2020-02-06,BAJAJ-AUTO,GOVT,RBI_POLICY,1.0,1,1,0
2020-02-06,SUNPHARMA,GOVT|STOCK,DIVIDEND|EARNINGS|RBI_POLICY,1.0,3,1,0
2020-02-06,CIPLA,GOVT,RBI_POLICY,1.0,1,1,0
2020-02-06,DRREDDY,GOVT,RBI_POLICY,1.0,1,1,0
2020-02-06,TATASTEEL,GOVT,RBI_POLICY,1.0,1,1,0
2020-02-06,JSWSTEEL,GOVT,RBI_POLICY,1.0,1,1,0
2020-02-06,HINDALCO,GOVT,RBI_POLICY,1.0,1,1,0
2020-02-06,COALINDIA,GOVT,RBI_POLICY,1.0,1,1,0
2020-02-06,LT,GOVT,RBI_POLICY,1.0,1,1,0
2020-02-06,ULTRACEMCO,GOVT,RBI_POLICY,1.0,1,1,0
2020-02-06,GRASIM,GOVT,RBI_POLICY,1.0,1,1,0
2020-02-06,ASIANPAINT,GOVT,RBI_POLICY,1.0,1,1,0
2020-02-06,TITAN,GOVT,RBI_POLICY,1.0,1,1,0
2020-02-07,NTPC,STOCK,EARNINGS,1.0,1,1,0
2020-02-07,BRITANNIA,STOCK,EARNINGS,1.0,1,1,0
2020-02-07,TATASTEEL,STOCK,EARNINGS,1.0,1,1,0
2020-02-10,GRASIM,STOCK,EARNINGS,1.0,1,1,0
2020-02-11,COALINDIA,STOCK,EARNINGS,1.0,1,1,0
2020-02-12,HDFCBANK,MACRO,CPI,0.8,1,1,0
2020-02-12,ICICIBANK,MACRO,CPI,0.8,1,1,0
2020-02-12,SBIN,MACRO,CPI,0.8,1,1,0
2020-02-12,AXISBANK,MACRO,CPI,0.8,1,1,0
2020-02-12,KOTAKBANK,MACRO,CPI,0.8,1,1,0
2020-02-12,BAJFINANCE,MACRO,CPI,0.8,1,1,0
2020-02-12,BAJAJFINSV,MACRO,CPI,0.8,1,1,0
2020-02-12,INDUSINDBK,MACRO,CPI,0.8,1,1,0
2020-02-12,TCS,MACRO,CPI,0.8,1,1,0
2020-02-12,INFY,MACRO,CPI,0.8,1,1,0
2020-02-12,HCLTECH,MACRO,CPI,0.8,1,1,0
2020-02-12,WIPRO,MACRO,CPI,0.8,1,1,0
2020-02-12,TECHM,MACRO,CPI,0.8,1,1,0
2020-02-12,RELIANCE,MACRO,CPI,0.8,1,1,0
2020-02-12,ONGC,MACRO,CPI,0.8,1,1,0
2020-02-12,NTPC,MACRO,CPI,0.8,1,1,0
2020-02-12,POWERGRID,MACRO,CPI,0.8,1,1,0
2020-02-12,BPCL,MACRO,CPI,0.8,1,1,0
2020-02-12,HINDUNILVR,MACRO,CPI,0.8,1,1,0
2020-02-12,ITC,MACRO,CPI,0.8,1,1,0
2020-02-12,NESTLEIND,MACRO,CPI,0.8,1,1,0
2020-02-12,BRITANNIA,MACRO,CPI,0.8,1,1,0
2020-02-12,MARUTI,MACRO,CPI,0.8,1,1,0
2020-02-12,M&M,MACRO,CPI,0.8,1,1,0
2020-02-12,BHARTIARTL,MACRO,CPI,0.8,1,1,0
2020-02-12,EICHERMOT,MACRO,CPI,0.8,1,1,0
2020-02-12,HEROMOTOCO,MACRO,CPI,0.8,1,1,0
2020-02-12,BAJAJ-AUTO,MACRO,CPI,0.8,1,1,0
2020-02-12,SUNPHARMA,MACRO,CPI,0.8,1,1,0
2020-02-12,CIPLA,MACRO,CPI,0.8,1,1,0
2020-02-12,DRREDDY,MACRO,CPI,0.8,1,1,0
2020-02-12,TATASTEEL,MACRO,CPI,0.8,1,1,0
2020-02-12,JSWSTEEL,MACRO,CPI,0.8,1,1,0
2020-02-12,HINDALCO,MACRO|STOCK,CPI|EARNINGS,1.0,2,1,0
2020-02-12,COALINDIA,MACRO,CPI,0.8,1,1,0
2020-02-12,LT,MACRO,CPI,0.8,1,1,0
2020-02-12,ULTRACEMCO,MACRO,CPI,0.8,1,1,0
2020-02-12,GRASIM,MACRO,CPI,0.8,1,1,0
2020-02-12,ASIANPAINT,MACRO,CPI,0.8,1,1,0
2020-02-12,TITAN,MACRO,CPI,0.8,1,1,0
2020-02-13,BPCL,STOCK,EARNINGS,1.0,1,1,0
2020-02-14,ONGC,STOCK,EARNINGS,1.0,1,1,0
2020-02-21,BAJFINANCE,STOCK,DIVIDEND,0.7,1,1,0
2020-02-21,BAJAJFINSV,STOCK,DIVIDEND,0.7,1,1,0
2020-02-21,BAJAJ-AUTO,STOCK,DIVIDEND,0.7,1,1,0
2020-02-24,TECHM,STOCK,DIVIDEND,0.7,1,1,0
2020-02-25,ASIANPAINT,STOCK,DIVIDEND,0.7,1,1,0
2020-02-28,HDFCBANK,MACRO,GDP,0.9,1,1,0
2020-02-28,ICICIBANK,MACRO,GDP,0.9,1,1,0
2020-02-28,SBIN,MACRO,GDP,0.9,1,1,0
2020-02-28,AXISBANK,MACRO,GDP,0.9,1,1,0
2020-02-28,KOTAKBANK,MACRO,GDP,0.9,1,1,0
2020-02-28,BAJFINANCE,MACRO,GDP,0.9,1,1,0
2020-02-28,BAJAJFINSV,MACRO,GDP,0.9,1,1,0
2020-02-28,INDUSINDBK,MACRO,GDP,0.9,1,1,0
2020-02-28,TCS,MACRO,GDP,0.9,1,1,0
2020-02-28,INFY,MACRO,GDP,0.9,1,1,0
2020-02-28,HCLTECH,MACRO,GDP,0.9,1,1,0
2020-02-28,WIPRO,MACRO,GDP,0.9,1,1,0
2020-02-28,TECHM,MACRO,GDP,0.9,1,1,0
2020-02-28,RELIANCE,MACRO,GDP,0.9,1,1,0
2020-02-28,ONGC,MACRO,GDP,0.9,1,1,0
2020-02-28,NTPC,MACRO,GDP,0.9,1,1,0
2020-02-28,POWERGRID,MACRO,GDP,0.9,1,1,0
2020-02-28,BPCL,MACRO,GDP,0.9,1,1,0
2020-02-28,HINDUNILVR,MACRO,GDP,0.9,1,1,0
2020-02-28,ITC,MACRO,GDP,0.9,1,1,0
2020-02-28,NESTLEIND,MACRO,GDP,0.9,1,1,0
2020-02-28,BRITANNIA,MACRO,GDP,0.9,1,1,0
2020-02-28,MARUTI,MACRO,GDP,0.9,1,1,0
2020-02-28,M&M,MACRO,GDP,0.9,1,1,0
2020-02-28,BHARTIARTL,MACRO,GDP,0.9,1,1,0
2020-02-28,EICHERMOT,MACRO,GDP,0.9,1,1,0
2020-02-28,HEROMOTOCO,MACRO,GDP,0.9,1,1,0
2020-02-28,BAJAJ-AUTO,MACRO,GDP,0.9,1,1,0
2020-02-28,SUNPHARMA,MACRO,GDP,0.9,1,1,0
2020-02-28,CIPLA,MACRO,GDP,0.9,1,1,0
2020-02-28,DRREDDY,MACRO,GDP,0.9,1,1,0
2020-02-28,TATASTEEL,MACRO,GDP,0.9,1,1,0
2020-02-28,JSWSTEEL,MACRO,GDP,0.9,1,1,0
2020-02-28,HINDALCO,MACRO,GDP,0.9,1,1,0
2020-02-28,COALINDIA,MACRO,GDP,0.9,1,1,0
2020-02-28,LT,MACRO,GDP,0.9,1,1,0
2020-02-28,ULTRACEMCO,MACRO,GDP,0.9,1,1,0
2020-02-28,GRASIM,MACRO,GDP,0.9,1,1,0
2020-02-28,ASIANPAINT,MACRO,GDP,0.9,1,1,0
2020-02-28,TITAN,MACRO,GDP,0.9,1,1,0
2020-03-02,HDFCBANK,MACRO,PMI,0.8,1,1,0
2020-03-02,ICICIBANK,MACRO,PMI,0.8,1,1,0
2020-03-02,SBIN,MACRO,PMI,0.8,1,1,0
2020-03-02,AXISBANK,MACRO,PMI,0.8,1,1,0
2020-03-02,KOTAKBANK,MACRO,PMI,0.8,1,1,0
2020-03-02,BAJFINANCE,MACRO,PMI,0.8,1,1,0
2020-03-02,BAJAJFINSV,MACRO,PMI,0.8,1,1,0
2020-03-02,INDUSINDBK,MACRO,PMI,0.8,1,1,0
2020-03-02,TCS,MACRO,PMI,0.8,1,1,0
2020-03-02,INFY,MACRO,PMI,0.8,1,1,0
2020-03-02,HCLTECH,MACRO,PMI,0.8,1,1,0
2020-03-02,WIPRO,MACRO,PMI,0.8,1,1,0
2020-03-02,TECHM,MACRO,PMI,0.8,1,1,0
2020-03-02,RELIANCE,MACRO,PMI,0.8,1,1,0
2020-03-02,ONGC,MACRO,PMI,0.8,1,1,0
2020-03-02,NTPC,MACRO,PMI,0.8,1,1,0
2020-03-02,POWERGRID,MACRO,PMI,0.8,1,1,0
2020-03-02,BPCL,MACRO,PMI,0.8,1,1,0
2020-03-02,HINDUNILVR,MACRO,PMI,0.8,1,1,0
2020-03-02,ITC,MACRO,PMI,0.8,1,1,0
2020-03-02,NESTLEIND,MACRO,PMI,0.8,1,1,0
2020-03-02,BRITANNIA,MACRO,PMI,0.8,1,1,0
2020-03-02,MARUTI,MACRO,PMI,0.8,1,1,0
2020-03-02,M&M,MACRO,PMI,0.8,1,1,0
2020-03-02,BHARTIARTL,MACRO,PMI,0.8,1,1,0
2020-03-02,EICHERMOT,MACRO,PMI,0.8,1,1,0
2020-03-02,HEROMOTOCO,MACRO,PMI,0.8,1,1,0
2020-03-02,BAJAJ-AUTO,MACRO,PMI,0.8,1,1,0
2020-03-02,SUNPHARMA,MACRO,PMI,0.8,1,1,0
2020-03-02,CIPLA,MACRO,PMI,0.8,1,1,0
2020-03-02,DRREDDY,MACRO,PMI,0.8,1,1,0
2020-03-02,TATASTEEL,MACRO,PMI,0.8,1,1,0
2020-03-02,JSWSTEEL,MACRO,PMI,0.8,1,1,0
2020-03-02,HINDALCO,MACRO,PMI,0.8,1,1,0
2020-03-02,COALINDIA,MACRO,PMI,0.8,1,1,0
2020-03-02,LT,MACRO,PMI,0.8,1,1,0
2020-03-02,ULTRACEMCO,MACRO,PMI,0.8,1,1,0
2020-03-02,GRASIM,MACRO,PMI,0.8,1,1,0
2020-03-02,ASIANPAINT,MACRO,PMI,0.8,1,1,0
2020-03-02,TITAN,MACRO,PMI,0.8,1,1,0
2020-03-04,ONGC,STOCK,DIVIDEND,0.7,1,1,0
2020-03-06,POWERGRID,STOCK,DIVIDEND,0.7,1,1,0
2020-03-06,BPCL,STOCK,DIVIDEND,0.7,1,1,0
2020-03-06,COALINDIA,STOCK,DIVIDEND,0.7,1,1,0
2020-03-10,TCS,STOCK,DIVIDEND,0.7,1,1,0
2020-03-11,ONGC,STOCK,DIVIDEND,0.7,1,1,0
2020-03-11,EICHERMOT,STOCK,DIVIDEND,0.7,1,1,0
2020-03-12,HDFCBANK,MACRO,CPI,0.8,1,1,0
2020-03-12,ICICIBANK,MACRO,CPI,0.8,1,1,0
2020-03-12,SBIN,MACRO,CPI,0.8,1,1,0
2020-03-12,AXISBANK,MACRO,CPI,0.8,1,1,0
2020-03-12,KOTAKBANK,MACRO,CPI,0.8,1,1,0
2020-03-12,BAJFINANCE,MACRO,CPI,0.8,1,1,0
2020-03-12,BAJAJFINSV,MACRO,CPI,0.8,1,1,0
2020-03-12,INDUSINDBK,MACRO,CPI,0.8,1,1,0
2020-03-12,TCS,MACRO,CPI,0.8,1,1,0
2020-03-12,INFY,MACRO,CPI,0.8,1,1,0
2020-03-12,HCLTECH,MACRO,CPI,0.8,1,1,0
2020-03-12,WIPRO,MACRO,CPI,0.8,1,1,0
2020-03-12,TECHM,MACRO,CPI,0.8,1,1,0
2020-03-12,RELIANCE,MACRO,CPI,0.8,1,1,0
2020-03-12,ONGC,MACRO,CPI,0.8,1,1,0
2020-03-12,NTPC,MACRO,CPI,0.8,1,1,0
2020-03-12,POWERGRID,MACRO,CPI,0.8,1,1,0
2020-03-12,BPCL,MACRO,CPI,0.8,1,1,0
2020-03-12,HINDUNILVR,MACRO,CPI,0.8,1,1,0
2020-03-12,ITC,MACRO,CPI,0.8,1,1,0
2020-03-12,NESTLEIND,MACRO,CPI,0.8,1,1,0
2020-03-12,BRITANNIA,MACRO,CPI,0.8,1,1,0
2020-03-12,MARUTI,MACRO,CPI,0.8,1,1,0
2020-03-12,M&M,MACRO,CPI,0.8,1,1,0
2020-03-12,BHARTIARTL,MACRO,CPI,0.8,1,1,0
2020-03-12,EICHERMOT,MACRO,CPI,0.8,1,1,0
2020-03-12,HEROMOTOCO,MACRO,CPI,0.8,1,1,0
2020-03-12,BAJAJ-AUTO,MACRO,CPI,0.8,1,1,0
2020-03-12,SUNPHARMA,MACRO,CPI,0.8,1,1,0
2020-03-12,CIPLA,MACRO|STOCK,CPI|DIVIDEND,0.8,2,1,0
2020-03-12,DRREDDY,MACRO,CPI,0.8,1,1,0
2020-03-12,TATASTEEL,MACRO,CPI,0.8,1,1,0
2020-03-12,JSWSTEEL,MACRO,CPI,0.8,1,1,0
2020-03-12,HINDALCO,MACRO,CPI,0.8,1,1,0
2020-03-12,COALINDIA,MACRO|STOCK,CPI|DIVIDEND,0.8,2,1,0
2020-03-12,LT,MACRO,CPI,0.8,1,1,0
2020-03-12,ULTRACEMCO,MACRO,CPI,0.8,1,1,0
2020-03-12,GRASIM,MACRO,CPI,0.8,1,1,0
2020-03-12,ASIANPAINT,MACRO,CPI,0.8,1,1,0
2020-03-12,TITAN,MACRO,CPI,0.8,1,1,0
2020-03-16,ONGC,STOCK,DIVIDEND,0.7,1,1,0
2020-03-17,KOTAKBANK,STOCK,DIVIDEND,0.7,1,1,0
2020-03-18,LT,STOCK,DIVIDEND,0.7,1,1,0
2020-03-19,NTPC,STOCK,DIVIDEND,0.7,1,1,0
2020-03-27,HDFCBANK,GOVT,RBI_POLICY|REPO_RATE,1.0,2,1,0
2020-03-27,ICICIBANK,GOVT,RBI_POLICY|REPO_RATE,1.0,2,1,0
2020-03-27,SBIN,GOVT,RBI_POLICY|REPO_RATE,1.0,2,1,0
2020-03-27,AXISBANK,GOVT,RBI_POLICY|REPO_RATE,1.0,2,1,0
2020-03-27,KOTAKBANK,GOVT,RBI_POLICY|REPO_RATE,1.0,2,1,0
2020-03-27,BAJFINANCE,GOVT,RBI_POLICY|REPO_RATE,1.0,2,1,0
2020-03-27,BAJAJFINSV,GOVT,RBI_POLICY|REPO_RATE,1.0,2,1,0
2020-03-27,INDUSINDBK,GOVT,RBI_POLICY|REPO_RATE,1.0,2,1,0
2020-03-27,TCS,GOVT,RBI_POLICY|REPO_RATE,1.0,2,1,0
2020-03-27,INFY,GOVT,RBI_POLICY|REPO_RATE,1.0,2,1,0
2020-03-27,HCLTECH,GOVT,RBI_POLICY|REPO_RATE,1.0,2,1,0
2020-03-27,WIPRO,GOVT,RBI_POLICY|REPO_RATE,1.0,2,1,0
2020-03-27,TECHM,GOVT,RBI_POLICY|REPO_RATE,1.0,2,1,0
2020-03-27,RELIANCE,GOVT,RBI_POLICY|REPO_RATE,1.0,2,1,0
2020-03-27,ONGC,GOVT,RBI_POLICY|REPO_RATE,1.0,2,1,0
2020-03-27,NTPC,GOVT,RBI_POLICY|REPO_RATE,1.0,2,1,0
2020-03-27,POWERGRID,GOVT,RBI_POLICY|REPO_RATE,1.0,2,1,0
2020-03-27,BPCL,GOVT,RBI_POLICY|REPO_RATE,1.0,2,1,0
2020-03-27,HINDUNILVR,GOVT,RBI_POLICY|REPO_RATE,1.0,2,1,0
2020-03-27,ITC,GOVT,RBI_POLICY|REPO_RATE,1.0,2,1,0
2020-03-27,NESTLEIND,GOVT,RBI_POLICY|REPO_RATE,1.0,2,1,0
2020-03-27,BRITANNIA,GOVT,RBI_POLICY|REPO_RATE,1.0,2,1,0
2020-03-27,MARUTI,GOVT,RBI_POLICY|REPO_RATE,1.0,2,1,0
2020-03-27,M&M,GOVT,RBI_POLICY|REPO_RATE,1.0,2,1,0
2020-03-27,BHARTIARTL,GOVT,RBI_POLICY|REPO_RATE,1.0,2,1,0
2020-03-27,EICHERMOT,GOVT,RBI_POLICY|REPO_RATE,1.0,2,1,0
2020-03-27,HEROMOTOCO,GOVT,RBI_POLICY|REPO_RATE,1.0,2,1,0
2020-03-27,BAJAJ-AUTO,GOVT,RBI_POLICY|REPO_RATE,1.0,2,1,0
2020-03-27,SUNPHARMA,GOVT,RBI_POLICY|REPO_RATE,1.0,2,1,0
2020-03-27,CIPLA,GOVT,RBI_POLICY|REPO_RATE,1.0,2,1,0
2020-03-27,DRREDDY,GOVT,RBI_POLICY|REPO_RATE,1.0,2,1,0
2020-03-27,TATASTEEL,GOVT,RBI_POLICY|REPO_RATE,1.0,2,1,0
2020-03-27,JSWSTEEL,GOVT,RBI_POLICY|REPO_RATE,1.0,2,1,0
2020-03-27,HINDALCO,GOVT,RBI_POLICY|REPO_RATE,1.0,2,1,0
2020-03-27,COALINDIA,GOVT,RBI_POLICY|REPO_RATE,1.0,2,1,0
2020-03-27,LT,GOVT,RBI_POLICY|REPO_RATE,1.0,2,1,0
2020-03-27,ULTRACEMCO,GOVT,RBI_POLICY|REPO_RATE,1.0,2,1,0
2020-03-27,GRASIM,GOVT,RBI_POLICY|REPO_RATE,1.0,2,1,0
2020-03-27,ASIANPAINT,GOVT,RBI_POLICY|REPO_RATE,1.0,2,1,0
2020-03-27,TITAN,GOVT,RBI_POLICY|REPO_RATE,1.0,2,1,0
2020-04-01,HDFCBANK,MACRO,PMI,0.8,1,1,0
2020-04-01,ICICIBANK,MACRO,PMI,0.8,1,1,0
2020-04-01,SBIN,MACRO,PMI,0.8,1,1,0
2020-04-01,AXISBANK,MACRO,PMI,0.8,1,1,0
2020-04-01,KOTAKBANK,MACRO,PMI,0.8,1,1,0
2020-04-01,BAJFINANCE,MACRO,PMI,0.8,1,1,0
2020-04-01,BAJAJFINSV,MACRO,PMI,0.8,1,1,0
2020-04-01,INDUSINDBK,MACRO,PMI,0.8,1,1,0
2020-04-01,TCS,MACRO,PMI,0.8,1,1,0
2020-04-01,INFY,MACRO,PMI,0.8,1,1,0
2020-04-01,HCLTECH,MACRO,PMI,0.8,1,1,0
2020-04-01,WIPRO,MACRO,PMI,0.8,1,1,0
2020-04-01,TECHM,MACRO,PMI,0.8,1,1,0
2020-04-01,RELIANCE,MACRO,PMI,0.8,1,1,0
2020-04-01,ONGC,MACRO,PMI,0.8,1,1,0
2020-04-01,NTPC,MACRO,PMI,0.8,1,1,0
2020-04-01,POWERGRID,MACRO,PMI,0.8,1,1,0
2020-04-01,BPCL,MACRO,PMI,0.8,1,1,0
2020-04-01,HINDUNILVR,MACRO,PMI,0.8,1,1,0
2020-04-01,ITC,MACRO,PMI,0.8,1,1,0
2020-04-01,NESTLEIND,MACRO,PMI,0.8,1,1,0
2020-04-01,BRITANNIA,MACRO,PMI,0.8,1,1,0
2020-04-01,MARUTI,MACRO,PMI,0.8,1,1,0
2020-04-01,M&M,MACRO,PMI,0.8,1,1,0
2020-04-01,BHARTIARTL,MACRO,PMI,0.8,1,1,0
2020-04-01,EICHERMOT,MACRO,PMI,0.8,1,1,0
2020-04-01,HEROMOTOCO,MACRO,PMI,0.8,1,1,0
2020-04-01,BAJAJ-AUTO,MACRO,PMI,0.8,1,1,0
2020-04-01,SUNPHARMA,MACRO,PMI,0.8,1,1,0
2020-04-01,CIPLA,MACRO,PMI,0.8,1,1,0
2020-04-01,DRREDDY,MACRO,PMI,0.8,1,1,0
2020-04-01,TATASTEEL,MACRO,PMI,0.8,1,1,0
2020-04-01,JSWSTEEL,MACRO,PMI,0.8,1,1,0
2020-04-01,HINDALCO,MACRO,PMI,0.8,1,1,0
2020-04-01,COALINDIA,MACRO,PMI,0.8,1,1,0
2020-04-01,LT,MACRO,PMI,0.8,1,1,0
2020-04-01,ULTRACEMCO,MACRO,PMI,0.8,1,1,0
2020-04-01,GRASIM,MACRO,PMI,0.8,1,1,0
2020-04-01,ASIANPAINT,MACRO,PMI,0.8,1,1,0
2020-04-01,TITAN,MACRO,PMI,0.8,1,1,0
2020-04-13,HDFCBANK,MACRO,CPI,0.8,1,1,0
2020-04-13,ICICIBANK,MACRO,CPI,0.8,1,1,0
2020-04-13,SBIN,MACRO,CPI,0.8,1,1,0
2020-04-13,AXISBANK,MACRO,CPI,0.8,1,1,0
2020-04-13,KOTAKBANK,MACRO,CPI,0.8,1,1,0
2020-04-13,BAJFINANCE,MACRO,CPI,0.8,1,1,0
2020-04-13,BAJAJFINSV,MACRO,CPI,0.8,1,1,0
2020-04-13,INDUSINDBK,MACRO,CPI,0.8,1,1,0
2020-04-13,TCS,MACRO,CPI,0.8,1,1,0
2020-04-13,INFY,MACRO,CPI,0.8,1,1,0
2020-04-13,HCLTECH,MACRO,CPI,0.8,1,1,0
2020-04-13,WIPRO,MACRO,CPI,0.8,1,1,0
2020-04-13,TECHM,MACRO,CPI,0.8,1,1,0
2020-04-13,RELIANCE,MACRO,CPI,0.8,1,1,0
2020-04-13,ONGC,MACRO,CPI,0.8,1,1,0
2020-04-13,NTPC,MACRO,CPI,0.8,1,1,0
2020-04-13,POWERGRID,MACRO,CPI,0.8,1,1,0
2020-04-13,BPCL,MACRO,CPI,0.8,1,1,0
2020-04-13,HINDUNILVR,MACRO,CPI,0.8,1,1,0
2020-04-13,ITC,MACRO,CPI,0.8,1,1,0
2020-04-13,NESTLEIND,MACRO,CPI,0.8,1,1,0
2020-04-13,BRITANNIA,MACRO,CPI,0.8,1,1,0
2020-04-13,MARUTI,MACRO,CPI,0.8,1,1,0
2020-04-13,M&M,MACRO,CPI,0.8,1,1,0
2020-04-13,BHARTIARTL,MACRO,CPI,0.8,1,1,0
2020-04-13,EICHERMOT,MACRO,CPI,0.8,1,1,0
2020-04-13,HEROMOTOCO,MACRO,CPI,0.8,1,1,0
2020-04-13,BAJAJ-AUTO,MACRO,CPI,0.8,1,1,0
2020-04-13,SUNPHARMA,MACRO,CPI,0.8,1,1,0
2020-04-13,CIPLA,MACRO,CPI,0.8,1,1,0
2020-04-13,DRREDDY,MACRO,CPI,0.8,1,1,0
2020-04-13,TATASTEEL,MACRO,CPI,0.8,1,1,0
2020-04-13,JSWSTEEL,MACRO,CPI,0.8,1,1,0
2020-04-13,HINDALCO,MACRO,CPI,0.8,1,1,0
2020-04-13,COALINDIA,MACRO,CPI,0.8,1,1,0
2020-04-13,LT,MACRO,CPI,0.8,1,1,0
2020-04-13,ULTRACEMCO,MACRO,CPI,0.8,1,1,0
2020-04-13,GRASIM,MACRO,CPI,0.8,1,1,0
2020-04-13,ASIANPAINT,MACRO,CPI,0.8,1,1,0
2020-04-13,TITAN,MACRO,CPI,0.8,1,1,0
2020-04-15,WIPRO,STOCK,EARNINGS,1.0,1,1,0
2020-04-16,TCS,STOCK,EARNINGS,1.0,1,1,0
2020-04-20,INFY,STOCK,EARNINGS,1.0,1,1,0
2020-04-23,BRITANNIA,STOCK,DIVIDEND,0.7,1,1,0
2020-04-27,INDUSINDBK,STOCK,EARNINGS,1.0,1,1,0
2020-04-28,AXISBANK,STOCK,EARNINGS,1.0,1,1,0
2020-04-30,TECHM,STOCK,EARNINGS,1.0,1,1,0
2020-04-30,RELIANCE,STOCK,EARNINGS,1.0,1,1,0
2020-04-30,HINDUNILVR,STOCK,EARNINGS,1.0,1,1,0
2020-05-04,HDFCBANK,MACRO,PMI,0.8,1,1,0
2020-05-04,ICICIBANK,MACRO,PMI,0.8,1,1,0
2020-05-04,SBIN,MACRO,PMI,0.8,1,1,0
2020-05-04,AXISBANK,MACRO,PMI,0.8,1,1,0
2020-05-04,KOTAKBANK,MACRO,PMI,0.8,1,1,0
2020-05-04,BAJFINANCE,MACRO,PMI,0.8,1,1,0
2020-05-04,BAJAJFINSV,MACRO,PMI,0.8,1,1,0
2020-05-04,INDUSINDBK,MACRO,PMI,0.8,1,1,0
2020-05-04,TCS,MACRO,PMI,0.8,1,1,0
2020-05-04,INFY,MACRO,PMI,0.8,1,1,0
2020-05-04,HCLTECH,MACRO,PMI,0.8,1,1,0
2020-05-04,WIPRO,MACRO,PMI,0.8,1,1,0
2020-05-04,TECHM,MACRO,PMI,0.8,1,1,0
2020-05-04,RELIANCE,MACRO,PMI,0.8,1,1,0
2020-05-04,ONGC,MACRO,PMI,0.8,1,1,0
2020-05-04,NTPC,MACRO,PMI,0.8,1,1,0
2020-05-04,POWERGRID,MACRO,PMI,0.8,1,1,0
2020-05-04,BPCL,MACRO,PMI,0.8,1,1,0
2020-05-04,HINDUNILVR,MACRO,PMI,0.8,1,1,0
2020-05-04,ITC,MACRO,PMI,0.8,1,1,0
2020-05-04,NESTLEIND,MACRO,PMI,0.8,1,1,0
2020-05-04,BRITANNIA,MACRO,PMI,0.8,1,1,0
2020-05-04,MARUTI,MACRO,PMI,0.8,1,1,0
2020-05-04,M&M,MACRO,PMI,0.8,1,1,0
2020-05-04,BHARTIARTL,MACRO,PMI,0.8,1,1,0
2020-05-04,EICHERMOT,MACRO,PMI,0.8,1,1,0
2020-05-04,HEROMOTOCO,MACRO,PMI,0.8,1,1,0
2020-05-04,BAJAJ-AUTO,MACRO,PMI,0.8,1,1,0
2020-05-04,SUNPHARMA,MACRO,PMI,0.8,1,1,0
2020-05-04,CIPLA,MACRO,PMI,0.8,1,1,0
2020-05-04,DRREDDY,MACRO,PMI,0.8,1,1,0
2020-05-04,TATASTEEL,MACRO,PMI,0.8,1,1,0
2020-05-04,JSWSTEEL,MACRO,PMI,0.8,1,1,0
2020-05-04,HINDALCO,MACRO,PMI,0.8,1,1,0
2020-05-04,COALINDIA,MACRO,PMI,0.8,1,1,0
2020-05-04,LT,MACRO,PMI,0.8,1,1,0
2020-05-04,ULTRACEMCO,MACRO,PMI,0.8,1,1,0
2020-05-04,GRASIM,MACRO,PMI,0.8,1,1,0
2020-05-04,ASIANPAINT,MACRO,PMI,0.8,1,1,0
2020-05-04,TITAN,MACRO,PMI,0.8,1,1,0
2020-05-07,HCLTECH,STOCK,EARNINGS,1.0,1,1,0
2020-05-12,HDFCBANK,MACRO,CPI,0.8,1,1,0
2020-05-12,ICICIBANK,MACRO,CPI,0.8,1,1,0
2020-05-12,SBIN,MACRO,CPI,0.8,1,1,0
2020-05-12,AXISBANK,MACRO,CPI,0.8,1,1,0
2020-05-12,KOTAKBANK,MACRO,CPI,0.8,1,1,0
2020-05-12,BAJFINANCE,MACRO,CPI,0.8,1,1,0
2020-05-12,BAJAJFINSV,MACRO,CPI,0.8,1,1,0
2020-05-12,INDUSINDBK,MACRO,CPI,0.8,1,1,0
2020-05-12,TCS,MACRO,CPI,0.8,1,1,0
2020-05-12,INFY,MACRO,CPI,0.8,1,1,0
2020-05-12,HCLTECH,MACRO,CPI,0.8,1,1,0
2020-05-12,WIPRO,MACRO,CPI,0.8,1,1,0
2020-05-12,TECHM,MACRO,CPI,0.8,1,1,0
2020-05-12,RELIANCE,MACRO,CPI,0.8,1,1,0
2020-05-12,ONGC,MACRO,CPI,0.8,1,1,0
2020-05-12,NTPC,MACRO,CPI,0.8,1,1,0
2020-05-12,POWERGRID,MACRO,CPI,0.8,1,1,0
2020-05-12,BPCL,MACRO,CPI,0.8,1,1,0
2020-05-12,HINDUNILVR,MACRO,CPI,0.8,1,1,0
2020-05-12,ITC,MACRO,CPI,0.8,1,1,0
2020-05-12,NESTLEIND,MACRO,CPI,0.8,1,1,0
2020-05-12,BRITANNIA,MACRO,CPI,0.8,1,1,0
2020-05-12,MARUTI,MACRO,CPI,0.8,1,1,0
2020-05-12,M&M,MACRO,CPI,0.8,1,1,0
2020-05-12,BHARTIARTL,MACRO,CPI,0.8,1,1,0
2020-05-12,EICHERMOT,MACRO,CPI,0.8,1,1,0
2020-05-12,HEROMOTOCO,MACRO,CPI,0.8,1,1,0
2020-05-12,BAJAJ-AUTO,MACRO,CPI,0.8,1,1,0
2020-05-12,SUNPHARMA,MACRO,CPI,0.8,1,1,0
2020-05-12,CIPLA,MACRO,CPI,0.8,1,1,0
2020-05-12,DRREDDY,MACRO,CPI,0.8,1,1,0
2020-05-12,TATASTEEL,MACRO,CPI,0.8,1,1,0
2020-05-12,JSWSTEEL,MACRO,CPI,0.8,1,1,0
2020-05-12,HINDALCO,MACRO,CPI,0.8,1,1,0
2020-05-12,COALINDIA,MACRO,CPI,0.8,1,1,0
2020-05-12,LT,MACRO,CPI,0.8,1,1,0
2020-05-12,ULTRACEMCO,MACRO,CPI,0.8,1,1,0
2020-05-12,GRASIM,MACRO,CPI,0.8,1,1,0
2020-05-12,ASIANPAINT,MACRO,CPI,0.8,1,1,0
2020-05-12,TITAN,MACRO,CPI,0.8,1,1,0
2020-05-13,KOTAKBANK,STOCK,EARNINGS,1.0,1,1,0
2020-05-13,MARUTI,STOCK,EARNINGS,1.0,1,1,0
2020-05-13,DRREDDY,STOCK,EARNINGS,1.0,1,1,0
2020-05-15,CIPLA,STOCK,EARNINGS,1.0,1,1,0
2020-05-18,BHARTIARTL,STOCK,DIVIDEND|EARNINGS,1.0,2,1,0
2020-05-19,BAJFINANCE,STOCK,EARNINGS,1.0,1,1,0
2020-05-20,BAJAJ-AUTO,STOCK,EARNINGS,1.0,1,1,0
2020-05-20,ULTRACEMCO,STOCK,EARNINGS,1.0,1,1,0
2020-05-21,BAJAJFINSV,STOCK,EARNINGS,1.0,1,1,0
2020-05-22,HDFCBANK,GOVT,RBI_POLICY|REPO_RATE,1.0,2,1,0
2020-05-22,ICICIBANK,GOVT,RBI_POLICY|REPO_RATE,1.0,2,1,0
2020-05-22,SBIN,GOVT,RBI_POLICY|REPO_RATE,1.0,2,1,0
2020-05-22,AXISBANK,GOVT,RBI_POLICY|REPO_RATE,1.0,2,1,0
2020-05-22,KOTAKBANK,GOVT,RBI_POLICY|REPO_RATE,1.0,2,1,0
2020-05-22,BAJFINANCE,GOVT,RBI_POLICY|REPO_RATE,1.0,2,1,0
2020-05-22,BAJAJFINSV,GOVT,RBI_POLICY|REPO_RATE,1.0,2,1,0
2020-05-22,INDUSINDBK,GOVT,RBI_POLICY|REPO_RATE,1.0,2,1,0
2020-05-22,TCS,GOVT,RBI_POLICY|REPO_RATE,1.0,2,1,0
2020-05-22,INFY,GOVT,RBI_POLICY|REPO_RATE,1.0,2,1,0
2020-05-22,HCLTECH,GOVT,RBI_POLICY|REPO_RATE,1.0,2,1,0
2020-05-22,WIPRO,GOVT,RBI_POLICY|REPO_RATE,1.0,2,1,0
2020-05-22,TECHM,GOVT,RBI_POLICY|REPO_RATE,1.0,2,1,0
2020-05-22,RELIANCE,GOVT,RBI_POLICY|REPO_RATE,1.0,2,1,0
2020-05-22,ONGC,GOVT,RBI_POLICY|REPO_RATE,1.0,2,1,0
2020-05-22,NTPC,GOVT,RBI_POLICY|REPO_RATE,1.0,2,1,0
2020-05-22,POWERGRID,GOVT,RBI_POLICY|REPO_RATE,1.0,2,1,0
2020-05-22,BPCL,GOVT,RBI_POLICY|REPO_RATE,1.0,2,1,0
2020-05-22,HINDUNILVR,GOVT,RBI_POLICY|REPO_RATE,1.0,2,1,0
2020-05-22,ITC,GOVT,RBI_POLICY|REPO_RATE,1.0,2,1,0
2020-05-22,NESTLEIND,GOVT,RBI_POLICY|REPO_RATE,1.0,2,1,0
2020-05-22,BRITANNIA,GOVT,RBI_POLICY|REPO_RATE,1.0,2,1,0
2020-05-22,MARUTI,GOVT,RBI_POLICY|REPO_RATE,1.0,2,1,0
2020-05-22,M&M,GOVT,RBI_POLICY|REPO_RATE,1.0,2,1,0
2020-05-22,BHARTIARTL,GOVT,RBI_POLICY|REPO_RATE,1.0,2,1,0
2020-05-22,EICHERMOT,GOVT,RBI_POLICY|REPO_RATE,1.0,2,1,0
2020-05-22,HEROMOTOCO,GOVT,RBI_POLICY|REPO_RATE,1.0,2,1,0
2020-05-22,BAJAJ-AUTO,GOVT,RBI_POLICY|REPO_RATE,1.0,2,1,0
2020-05-22,SUNPHARMA,GOVT,RBI_POLICY|REPO_RATE,1.0,2,1,0
2020-05-22,CIPLA,GOVT,RBI_POLICY|REPO_RATE,1.0,2,1,0
2020-05-22,DRREDDY,GOVT,RBI_POLICY|REPO_RATE,1.0,2,1,0
2020-05-22,TATASTEEL,GOVT,RBI_POLICY|REPO_RATE,1.0,2,1,0
2020-05-22,JSWSTEEL,GOVT|STOCK,EARNINGS|RBI_POLICY|REPO_RATE,1.0,3,1,0
2020-05-22,HINDALCO,GOVT,RBI_POLICY|REPO_RATE,1.0,2,1,0
2020-05-22,COALINDIA,GOVT,RBI_POLICY|REPO_RATE,1.0,2,1,0
2020-05-22,LT,GOVT,RBI_POLICY|REPO_RATE,1.0,2,1,0
2020-05-22,ULTRACEMCO,GOVT,RBI_POLICY|REPO_RATE,1.0,2,1,0
2020-05-22,GRASIM,GOVT,RBI_POLICY|REPO_RATE,1.0,2,1,0
2020-05-22,ASIANPAINT,GOVT,RBI_POLICY|REPO_RATE,1.0,2,1,0
2020-05-22,TITAN,GOVT,RBI_POLICY|REPO_RATE,1.0,2,1,0
2020-05-27,SUNPHARMA,STOCK,EARNINGS,1.0,1,1,0
2020-05-29,HDFCBANK,MACRO,GDP,0.9,1,1,0
2020-05-29,ICICIBANK,MACRO,GDP,0.9,1,1,0
2020-05-29,SBIN,MACRO,GDP,0.9,1,1,0
2020-05-29,AXISBANK,MACRO,GDP,0.9,1,1,0
2020-05-29,KOTAKBANK,MACRO,GDP,0.9,1,1,0
2020-05-29,BAJFINANCE,MACRO,GDP,0.9,1,1,0
2020-05-29,BAJAJFINSV,MACRO,GDP,0.9,1,1,0
2020-05-29,INDUSINDBK,MACRO,GDP,0.9,1,1,0
2020-05-29,TCS,MACRO,GDP,0.9,1,1,0
2020-05-29,INFY,MACRO,GDP,0.9,1,1,0
2020-05-29,HCLTECH,MACRO,GDP,0.9,1,1,0
2020-05-29,WIPRO,MACRO,GDP,0.9,1,1,0
2020-05-29,TECHM,MACRO,GDP,0.9,1,1,0
2020-05-29,RELIANCE,MACRO,GDP,0.9,1,1,0
2020-05-29,ONGC,MACRO,GDP,0.9,1,1,0
2020-05-29,NTPC,MACRO,GDP,0.9,1,1,0
2020-05-29,POWERGRID,MACRO,GDP,0.9,1,1,0
2020-05-29,BPCL,MACRO,GDP,0.9,1,1,0
2020-05-29,HINDUNILVR,MACRO,GDP,0.9,1,1,0
2020-05-29,ITC,MACRO,GDP,0.9,1,1,0
2020-05-29,NESTLEIND,MACRO,GDP,0.9,1,1,0
2020-05-29,BRITANNIA,MACRO,GDP,0.9,1,1,0
2020-05-29,MARUTI,MACRO,GDP,0.9,1,1,0
2020-05-29,M&M,MACRO,GDP,0.9,1,1,0
2020-05-29,BHARTIARTL,MACRO,GDP,0.9,1,1,0
2020-05-29,EICHERMOT,MACRO,GDP,0.9,1,1,0
2020-05-29,HEROMOTOCO,MACRO,GDP,0.9,1,1,0
2020-05-29,BAJAJ-AUTO,MACRO,GDP,0.9,1,1,0
2020-05-29,SUNPHARMA,MACRO,GDP,0.9,1,1,0
2020-05-29,CIPLA,MACRO,GDP,0.9,1,1,0
2020-05-29,DRREDDY,MACRO,GDP,0.9,1,1,0
2020-05-29,TATASTEEL,MACRO,GDP,0.9,1,1,0
2020-05-29,JSWSTEEL,MACRO,GDP,0.9,1,1,0
2020-05-29,HINDALCO,MACRO,GDP,0.9,1,1,0
2020-05-29,COALINDIA,MACRO,GDP,0.9,1,1,0
2020-05-29,LT,MACRO,GDP,0.9,1,1,0
2020-05-29,ULTRACEMCO,MACRO,GDP,0.9,1,1,0
2020-05-29,GRASIM,MACRO,GDP,0.9,1,1,0
2020-05-29,ASIANPAINT,MACRO,GDP,0.9,1,1,0
2020-05-29,TITAN,MACRO,GDP,0.9,1,1,0
2020-06-01,HDFCBANK,MACRO,PMI,0.8,1,1,0
2020-06-01,ICICIBANK,MACRO,PMI,0.8,1,1,0
2020-06-01,SBIN,MACRO,PMI,0.8,1,1,0
2020-06-01,AXISBANK,MACRO,PMI,0.8,1,1,0
2020-06-01,KOTAKBANK,MACRO,PMI,0.8,1,1,0
2020-06-01,BAJFINANCE,MACRO,PMI,0.8,1,1,0
2020-06-01,BAJAJFINSV,MACRO,PMI,0.8,1,1,0
2020-06-01,INDUSINDBK,MACRO,PMI,0.8,1,1,0
2020-06-01,TCS,MACRO,PMI,0.8,1,1,0
2020-06-01,INFY,MACRO,PMI,0.8,1,1,0
2020-06-01,HCLTECH,MACRO,PMI,0.8,1,1,0
2020-06-01,WIPRO,MACRO,PMI,0.8,1,1,0
2020-06-01,TECHM,MACRO,PMI,0.8,1,1,0
2020-06-01,RELIANCE,MACRO,PMI,0.8,1,1,0
2020-06-01,ONGC,MACRO,PMI,0.8,1,1,0
2020-06-01,NTPC,MACRO,PMI,0.8,1,1,0
2020-06-01,POWERGRID,MACRO,PMI,0.8,1,1,0
2020-06-01,BPCL,MACRO,PMI,0.8,1,1,0
2020-06-01,HINDUNILVR,MACRO,PMI,0.8,1,1,0
2020-06-01,ITC,MACRO,PMI,0.8,1,1,0
2020-06-01,NESTLEIND,MACRO,PMI,0.8,1,1,0
2020-06-01,BRITANNIA,MACRO,PMI,0.8,1,1,0
2020-06-01,MARUTI,MACRO,PMI,0.8,1,1,0
2020-06-01,M&M,MACRO,PMI,0.8,1,1,0
2020-06-01,BHARTIARTL,MACRO,PMI,0.8,1,1,0
2020-06-01,EICHERMOT,MACRO,PMI,0.8,1,1,0
2020-06-01,HEROMOTOCO,MACRO,PMI,0.8,1,1,0
2020-06-01,BAJAJ-AUTO,MACRO,PMI,0.8,1,1,0
2020-06-01,SUNPHARMA,MACRO,PMI,0.8,1,1,0
2020-06-01,CIPLA,MACRO,PMI,0.8,1,1,0
2020-06-01,DRREDDY,MACRO,PMI,0.8,1,1,0
2020-06-01,TATASTEEL,MACRO,PMI,0.8,1,1,0
2020-06-01,JSWSTEEL,MACRO,PMI,0.8,1,1,0
2020-06-01,HINDALCO,MACRO,PMI,0.8,1,1,0
2020-06-01,COALINDIA,MACRO,PMI,0.8,1,1,0
2020-06-01,LT,MACRO,PMI,0.8,1,1,0
2020-06-01,ULTRACEMCO,MACRO,PMI,0.8,1,1,0
2020-06-01,GRASIM,MACRO,PMI,0.8,1,1,0
2020-06-01,ASIANPAINT,MACRO,PMI,0.8,1,1,0
2020-06-01,TITAN,MACRO,PMI,0.8,1,1,0
2020-06-02,BRITANNIA,STOCK,EARNINGS,1.0,1,1,0
2020-06-03,BPCL,STOCK,EARNINGS,1.0,1,1,0
2020-06-05,SBIN,STOCK,EARNINGS,1.0,1,1,0
2020-06-05,LT,STOCK,EARNINGS,1.0,1,1,0
2020-06-08,TITAN,STOCK,EARNINGS,1.0,1,1,0
2020-06-09,HEROMOTOCO,STOCK,EARNINGS,1.0,1,1,0
2020-06-12,HDFCBANK,MACRO,CPI,0.8,1,1,0
2020-06-12,ICICIBANK,MACRO,CPI,0.8,1,1,0
2020-06-12,SBIN,MACRO,CPI,0.8,1,1,0
2020-06-12,AXISBANK,MACRO,CPI,0.8,1,1,0
2020-06-12,KOTAKBANK,MACRO,CPI,0.8,1,1,0
2020-06-12,BAJFINANCE,MACRO,CPI,0.8,1,1,0
2020-06-12,BAJAJFINSV,MACRO,CPI,0.8,1,1,0
2020-06-12,INDUSINDBK,MACRO,CPI,0.8,1,1,0
2020-06-12,TCS,MACRO,CPI,0.8,1,1,0
2020-06-12,INFY,MACRO,CPI,0.8,1,1,0
2020-06-12,HCLTECH,MACRO,CPI,0.8,1,1,0
2020-06-12,WIPRO,MACRO,CPI,0.8,1,1,0
2020-06-12,TECHM,MACRO,CPI,0.8,1,1,0
2020-06-12,RELIANCE,MACRO,CPI,0.8,1,1,0
2020-06-12,ONGC,MACRO,CPI,0.8,1,1,0
2020-06-12,NTPC,MACRO,CPI,0.8,1,1,0
2020-06-12,POWERGRID,MACRO,CPI,0.8,1,1,0
2020-06-12,BPCL,MACRO,CPI,0.8,1,1,0
2020-06-12,HINDUNILVR,MACRO,CPI,0.8,1,1,0
2020-06-12,ITC,MACRO,CPI,0.8,1,1,0
2020-06-12,NESTLEIND,MACRO,CPI,0.8,1,1,0
2020-06-12,BRITANNIA,MACRO,CPI,0.8,1,1,0
2020-06-12,MARUTI,MACRO,CPI,0.8,1,1,0
2020-06-12,M&M,MACRO|STOCK,CPI|EARNINGS,1.0,2,1,0
2020-06-12,BHARTIARTL,MACRO,CPI,0.8,1,1,0
2020-06-12,EICHERMOT,MACRO|STOCK,CPI|EARNINGS,1.0,2,1,0
2020-06-12,HEROMOTOCO,MACRO,CPI,0.8,1,1,0
2020-06-12,BAJAJ-AUTO,MACRO,CPI,0.8,1,1,0
2020-06-12,SUNPHARMA,MACRO,CPI,0.8,1,1,0
2020-06-12,CIPLA,MACRO,CPI,0.8,1,1,0
2020-06-12,DRREDDY,MACRO,CPI,0.8,1,1,0
2020-06-12,TATASTEEL,MACRO,CPI,0.8,1,1,0
2020-06-12,JSWSTEEL,MACRO,CPI,0.8,1,1,0
2020-06-12,HINDALCO,MACRO|STOCK,CPI|EARNINGS,1.0,2,1,0
2020-06-12,COALINDIA,MACRO,CPI,0.8,1,1,0
2020-06-12,LT,MACRO,CPI,0.8,1,1,0
2020-06-12,ULTRACEMCO,MACRO,CPI,0.8,1,1,0
2020-06-12,GRASIM,MACRO,CPI,0.8,1,1,0
2020-06-12,ASIANPAINT,MACRO,CPI,0.8,1,1,0
2020-06-12,TITAN,MACRO,CPI,0.8,1,1,0
2020-06-23,ASIANPAINT,STOCK,EARNINGS,1.0,1,1,0
2020-06-26,ITC,STOCK,EARNINGS,1.0,1,1,0
2020-06-26,COALINDIA,STOCK,EARNINGS,1.0,1,1,0
2020-06-29,TATASTEEL,STOCK,EARNINGS,1.0,1,1,0
2020-06-30,ONGC,STOCK,EARNINGS,1.0,1,1,0
2020-07-01,HDFCBANK,MACRO,PMI,0.8,1,1,0
2020-07-01,ICICIBANK,MACRO,PMI,0.8,1,1,0
2020-07-01,SBIN,MACRO,PMI,0.8,1,1,0
2020-07-01,AXISBANK,MACRO,PMI,0.8,1,1,0
2020-07-01,KOTAKBANK,MACRO,PMI,0.8,1,1,0
2020-07-01,BAJFINANCE,MACRO,PMI,0.8,1,1,0
2020-07-01,BAJAJFINSV,MACRO,PMI,0.8,1,1,0
2020-07-01,INDUSINDBK,MACRO,PMI,0.8,1,1,0
2020-07-01,TCS,MACRO,PMI,0.8,1,1,0
2020-07-01,INFY,MACRO,PMI,0.8,1,1,0
2020-07-01,HCLTECH,MACRO,PMI,0.8,1,1,0
2020-07-01,WIPRO,MACRO,PMI,0.8,1,1,0
2020-07-01,TECHM,MACRO,PMI,0.8,1,1,0
2020-07-01,RELIANCE,MACRO,PMI,0.8,1,1,0
2020-07-01,ONGC,MACRO,PMI,0.8,1,1,0
2020-07-01,NTPC,MACRO,PMI,0.8,1,1,0
2020-07-01,POWERGRID,MACRO,PMI,0.8,1,1,0
2020-07-01,BPCL,MACRO,PMI,0.8,1,1,0
2020-07-01,HINDUNILVR,MACRO,PMI,0.8,1,1,0
2020-07-01,ITC,MACRO,PMI,0.8,1,1,0
2020-07-01,NESTLEIND,MACRO,PMI,0.8,1,1,0
2020-07-01,BRITANNIA,MACRO,PMI,0.8,1,1,0
2020-07-01,MARUTI,MACRO,PMI,0.8,1,1,0
2020-07-01,M&M,MACRO,PMI,0.8,1,1,0
2020-07-01,BHARTIARTL,MACRO,PMI,0.8,1,1,0
2020-07-01,EICHERMOT,MACRO,PMI,0.8,1,1,0
2020-07-01,HEROMOTOCO,MACRO,PMI,0.8,1,1,0
2020-07-01,BAJAJ-AUTO,MACRO,PMI,0.8,1,1,0
2020-07-01,SUNPHARMA,MACRO,PMI,0.8,1,1,0
2020-07-01,CIPLA,MACRO,PMI,0.8,1,1,0
2020-07-01,DRREDDY,MACRO,PMI,0.8,1,1,0
2020-07-01,TATASTEEL,MACRO,PMI,0.8,1,1,0
2020-07-01,JSWSTEEL,MACRO,PMI,0.8,1,1,0
2020-07-01,HINDALCO,MACRO,PMI,0.8,1,1,0
2020-07-01,COALINDIA,MACRO,PMI,0.8,1,1,0
2020-07-01,LT,MACRO,PMI,0.8,1,1,0
2020-07-01,ULTRACEMCO,MACRO,PMI,0.8,1,1,0
2020-07-01,GRASIM,MACRO,PMI,0.8,1,1,0
2020-07-01,ASIANPAINT,MACRO,PMI,0.8,1,1,0
2020-07-01,TITAN,MACRO,PMI,0.8,1,1,0
2020-07-09,TCS,STOCK,EARNINGS,1.0,1,1,0
2020-07-13,HDFCBANK,MACRO,CPI,0.8,1,1,0
2020-07-13,ICICIBANK,MACRO,CPI,0.8,1,1,0
2020-07-13,SBIN,MACRO,CPI,0.8,1,1,0
2020-07-13,AXISBANK,MACRO,CPI,0.8,1,1,0
2020-07-13,KOTAKBANK,MACRO,CPI,0.8,1,1,0
2020-07-13,BAJFINANCE,MACRO,CPI,0.8,1,1,0
2020-07-13,BAJAJFINSV,MACRO,CPI,0.8,1,1,0
2020-07-13,INDUSINDBK,MACRO,CPI,0.8,1,1,0
2020-07-13,TCS,MACRO,CPI,0.8,1,1,0
2020-07-13,INFY,MACRO,CPI,0.8,1,1,0
2020-07-13,HCLTECH,MACRO,CPI,0.8,1,1,0
2020-07-13,WIPRO,MACRO,CPI,0.8,1,1,0
2020-07-13,TECHM,MACRO,CPI,0.8,1,1,0
2020-07-13,RELIANCE,MACRO,CPI,0.8,1,1,0
2020-07-13,ONGC,MACRO,CPI,0.8,1,1,0
2020-07-13,NTPC,MACRO,CPI,0.8,1,1,0
2020-07-13,POWERGRID,MACRO,CPI,0.8,1,1,0
2020-07-13,BPCL,MACRO,CPI,0.8,1,1,0
2020-07-13,HINDUNILVR,MACRO,CPI,0.8,1,1,0
2020-07-13,ITC,MACRO,CPI,0.8,1,1,0
2020-07-13,NESTLEIND,MACRO,CPI,0.8,1,1,0
2020-07-13,BRITANNIA,MACRO,CPI,0.8,1,1,0
2020-07-13,MARUTI,MACRO,CPI,0.8,1,1,0
2020-07-13,M&M,MACRO,CPI,0.8,1,1,0
2020-07-13,BHARTIARTL,MACRO,CPI,0.8,1,1,0
2020-07-13,EICHERMOT,MACRO,CPI,0.8,1,1,0
2020-07-13,HEROMOTOCO,MACRO,CPI,0.8,1,1,0
2020-07-13,BAJAJ-AUTO,MACRO,CPI,0.8,1,1,0
2020-07-13,SUNPHARMA,MACRO,CPI,0.8,1,1,0
2020-07-13,CIPLA,MACRO,CPI,0.8,1,1,0
2020-07-13,DRREDDY,MACRO,CPI,0.8,1,1,0
2020-07-13,TATASTEEL,MACRO,CPI,0.8,1,1,0
2020-07-13,JSWSTEEL,MACRO,CPI,0.8,1,1,0
2020-07-13,HINDALCO,MACRO,CPI,0.8,1,1,0
2020-07-13,COALINDIA,MACRO,CPI,0.8,1,1,0
2020-07-13,LT,MACRO,CPI,0.8,1,1,0
2020-07-13,ULTRACEMCO,MACRO,CPI,0.8,1,1,0
2020-07-13,GRASIM,MACRO,CPI,0.8,1,1,0
2020-07-13,ASIANPAINT,MACRO,CPI,0.8,1,1,0
2020-07-13,TITAN,MACRO,CPI,0.8,1,1,0
2020-07-14,WIPRO,STOCK,EARNINGS,1.0,1,1,0
2020-07-15,INFY,STOCK,EARNINGS,1.0,1,1,0
2020-07-17,HCLTECH,STOCK,EARNINGS,1.0,1,1,0
2020-07-17,BRITANNIA,STOCK,EARNINGS,1.0,1,1,0
2020-07-21,AXISBANK,STOCK,EARNINGS,1.0,1,1,0
2020-07-21,BAJFINANCE,STOCK,EARNINGS,1.0,1,1,0
2020-07-21,BAJAJFINSV,STOCK,EARNINGS,1.0,1,1,0
2020-07-21,HINDUNILVR,STOCK,EARNINGS,1.0,1,1,0
2020-07-22,BAJAJ-AUTO,STOCK,EARNINGS,1.0,1,1,0
2020-07-22,LT,STOCK,EARNINGS,1.0,1,1,0
2020-07-24,RELIANCE,STOCK,EARNINGS,1.0,1,1,0
2020-07-24,ITC,STOCK,EARNINGS,1.0,1,1,0
2020-07-24,JSWSTEEL,STOCK,EARNINGS,1.0,1,1,0
2020-07-24,ASIANPAINT,STOCK,EARNINGS,1.0,1,1,0
2020-07-27,KOTAKBANK,STOCK,EARNINGS,1.0,1,1,0
2020-07-27,TECHM,STOCK,EARNINGS,1.0,1,1,0
2020-07-28,INDUSINDBK,STOCK,EARNINGS,1.0,1,1,0
2020-07-28,ULTRACEMCO,STOCK,EARNINGS,1.0,1,1,0
2020-07-29,MARUTI,STOCK,EARNINGS,1.0,1,1,0
2020-07-29,BHARTIARTL,STOCK,EARNINGS,1.0,1,1,0
2020-07-29,DRREDDY,STOCK,EARNINGS,1.0,1,1,0
2020-07-31,SBIN,STOCK,EARNINGS,1.0,1,1,0
2020-07-31,SUNPHARMA,STOCK,EARNINGS,1.0,1,1,0
2020-08-03,HDFCBANK,MACRO,PMI,0.8,1,1,0
2020-08-03,ICICIBANK,MACRO,PMI,0.8,1,1,0
2020-08-03,SBIN,MACRO,PMI,0.8,1,1,0
2020-08-03,AXISBANK,MACRO,PMI,0.8,1,1,0
2020-08-03,KOTAKBANK,MACRO,PMI,0.8,1,1,0
2020-08-03,BAJFINANCE,MACRO,PMI,0.8,1,1,0
2020-08-03,BAJAJFINSV,MACRO,PMI,0.8,1,1,0
2020-08-03,INDUSINDBK,MACRO,PMI,0.8,1,1,0
2020-08-03,TCS,MACRO,PMI,0.8,1,1,0
2020-08-03,INFY,MACRO,PMI,0.8,1,1,0
2020-08-03,HCLTECH,MACRO,PMI,0.8,1,1,0
2020-08-03,WIPRO,MACRO,PMI,0.8,1,1,0
2020-08-03,TECHM,MACRO,PMI,0.8,1,1,0
2020-08-03,RELIANCE,MACRO,PMI,0.8,1,1,0
2020-08-03,ONGC,MACRO,PMI,0.8,1,1,0
2020-08-03,NTPC,MACRO,PMI,0.8,1,1,0
2020-08-03,POWERGRID,MACRO,PMI,0.8,1,1,0
2020-08-03,BPCL,MACRO,PMI,0.8,1,1,0
2020-08-03,HINDUNILVR,MACRO,PMI,0.8,1,1,0
2020-08-03,ITC,MACRO,PMI,0.8,1,1,0
2020-08-03,NESTLEIND,MACRO,PMI,0.8,1,1,0
2020-08-03,BRITANNIA,MACRO,PMI,0.8,1,1,0
2020-08-03,MARUTI,MACRO,PMI,0.8,1,1,0
2020-08-03,M&M,MACRO,PMI,0.8,1,1,0
2020-08-03,BHARTIARTL,MACRO,PMI,0.8,1,1,0
2020-08-03,EICHERMOT,MACRO,PMI,0.8,1,1,0
2020-08-03,HEROMOTOCO,MACRO,PMI,0.8,1,1,0
2020-08-03,BAJAJ-AUTO,MACRO,PMI,0.8,1,1,0
2020-08-03,SUNPHARMA,MACRO,PMI,0.8,1,1,0
2020-08-03,CIPLA,MACRO,PMI,0.8,1,1,0
2020-08-03,DRREDDY,MACRO,PMI,0.8,1,1,0
2020-08-03,TATASTEEL,MACRO,PMI,0.8,1,1,0
2020-08-03,JSWSTEEL,MACRO,PMI,0.8,1,1,0
2020-08-03,HINDALCO,MACRO,PMI,0.8,1,1,0
2020-08-03,COALINDIA,MACRO,PMI,0.8,1,1,0
2020-08-03,LT,MACRO,PMI,0.8,1,1,0
2020-08-03,ULTRACEMCO,MACRO,PMI,0.8,1,1,0
2020-08-03,GRASIM,MACRO,PMI,0.8,1,1,0
2020-08-03,ASIANPAINT,MACRO,PMI,0.8,1,1,0
2020-08-03,TITAN,MACRO,PMI,0.8,1,1,0
2020-08-06,HDFCBANK,GOVT,RBI_POLICY,1.0,1,1,0
2020-08-06,ICICIBANK,GOVT,RBI_POLICY,1.0,1,1,0
2020-08-06,SBIN,GOVT,RBI_POLICY,1.0,1,1,0
2020-08-06,AXISBANK,GOVT,RBI_POLICY,1.0,1,1,0
2020-08-06,KOTAKBANK,GOVT,RBI_POLICY,1.0,1,1,0
2020-08-06,BAJFINANCE,GOVT,RBI_POLICY,1.0,1,1,0
2020-08-06,BAJAJFINSV,GOVT,RBI_POLICY,1.0,1,1,0
2020-08-06,INDUSINDBK,GOVT,RBI_POLICY,1.0,1,1,0
2020-08-06,TCS,GOVT,RBI_POLICY,1.0,1,1,0
2020-08-06,INFY,GOVT,RBI_POLICY,1.0,1,1,0
2020-08-06,HCLTECH,GOVT,RBI_POLICY,1.0,1,1,0
2020-08-06,WIPRO,GOVT,RBI_POLICY,1.0,1,1,0
2020-08-06,TECHM,GOVT,RBI_POLICY,1.0,1,1,0
2020-08-06,RELIANCE,GOVT,RBI_POLICY,1.0,1,1,0
2020-08-06,ONGC,GOVT,RBI_POLICY,1.0,1,1,0
2020-08-06,NTPC,GOVT,RBI_POLICY,1.0,1,1,0
2020-08-06,POWERGRID,GOVT,RBI_POLICY,1.0,1,1,0
2020-08-06,BPCL,GOVT,RBI_POLICY,1.0,1,1,0
2020-08-06,HINDUNILVR,GOVT,RBI_POLICY,1.0,1,1,0
2020-08-06,ITC,GOVT,RBI_POLICY,1.0,1,1,0
2020-08-06,NESTLEIND,GOVT,RBI_POLICY,1.0,1,1,0
2020-08-06,BRITANNIA,GOVT,RBI_POLICY,1.0,1,1,0
2020-08-06,MARUTI,GOVT,RBI_POLICY,1.0,1,1,0
2020-08-06,M&M,GOVT,RBI_POLICY,1.0,1,1,0
2020-08-06,BHARTIARTL,GOVT,RBI_POLICY,1.0,1,1,0
2020-08-06,EICHERMOT,GOVT,RBI_POLICY,1.0,1,1,0
2020-08-06,HEROMOTOCO,GOVT,RBI_POLICY,1.0,1,1,0
2020-08-06,BAJAJ-AUTO,GOVT,RBI_POLICY,1.0,1,1,0
2020-08-06,SUNPHARMA,GOVT,RBI_POLICY,1.0,1,1,0
2020-08-06,CIPLA,GOVT,RBI_POLICY,1.0,1,1,0
2020-08-06,DRREDDY,GOVT,RBI_POLICY,1.0,1,1,0
2020-08-06,TATASTEEL,GOVT,RBI_POLICY,1.0,1,1,0
2020-08-06,JSWSTEEL,GOVT,RBI_POLICY,1.0,1,1,0
2020-08-06,HINDALCO,GOVT,RBI_POLICY,1.0,1,1,0
2020-08-06,COALINDIA,GOVT,RBI_POLICY,1.0,1,1,0
2020-08-06,LT,GOVT,RBI_POLICY,1.0,1,1,0
2020-08-06,ULTRACEMCO,GOVT,RBI_POLICY,1.0,1,1,0
2020-08-06,GRASIM,GOVT,RBI_POLICY,1.0,1,1,0
2020-08-06,ASIANPAINT,GOVT,RBI_POLICY,1.0,1,1,0
2020-08-06,TITAN,GOVT,RBI_POLICY,1.0,1,1,0
2020-08-07,CIPLA,STOCK,EARNINGS,1.0,1,1,0
2020-08-10,POWERGRID,STOCK,EARNINGS,1.0,1,1,0
2020-08-10,TITAN,STOCK,EARNINGS,1.0,1,1,0
2020-08-11,TITAN,STOCK,EARNINGS,1.0,1,1,0
2020-08-12,HDFCBANK,MACRO,CPI,0.8,1,1,0
2020-08-12,ICICIBANK,MACRO,CPI,0.8,1,1,0
2020-08-12,SBIN,MACRO,CPI,0.8,1,1,0
2020-08-12,AXISBANK,MACRO,CPI,0.8,1,1,0
2020-08-12,KOTAKBANK,MACRO,CPI,0.8,1,1,0
2020-08-12,BAJFINANCE,MACRO,CPI,0.8,1,1,0
2020-08-12,BAJAJFINSV,MACRO,CPI,0.8,1,1,0
2020-08-12,INDUSINDBK,MACRO,CPI,0.8,1,1,0
2020-08-12,TCS,MACRO,CPI,0.8,1,1,0
2020-08-12,INFY,MACRO,CPI,0.8,1,1,0
2020-08-12,HCLTECH,MACRO,CPI,0.8,1,1,0
2020-08-12,WIPRO,MACRO,CPI,0.8,1,1,0
2020-08-12,TECHM,MACRO,CPI,0.8,1,1,0
2020-08-12,RELIANCE,MACRO,CPI,0.8,1,1,0
2020-08-12,ONGC,MACRO,CPI,0.8,1,1,0
2020-08-12,NTPC,MACRO,CPI,0.8,1,1,0
2020-08-12,POWERGRID,MACRO,CPI,0.8,1,1,0
2020-08-12,BPCL,MACRO,CPI,0.8,1,1,0
2020-08-12,HINDUNILVR,MACRO,CPI,0.8,1,1,0
2020-08-12,ITC,MACRO,CPI,0.8,1,1,0
2020-08-12,NESTLEIND,MACRO,CPI,0.8,1,1,0
2020-08-12,BRITANNIA,MACRO,CPI,0.8,1,1,0
2020-08-12,MARUTI,MACRO,CPI,0.8,1,1,0
2020-08-12,M&M,MACRO,CPI,0.8,1,1,0
2020-08-12,BHARTIARTL,MACRO,CPI,0.8,1,1,0
2020-08-12,EICHERMOT,MACRO,CPI,0.8,1,1,0
2020-08-12,HEROMOTOCO,MACRO,CPI,0.8,1,1,0
2020-08-12,BAJAJ-AUTO,MACRO,CPI,0.8,1,1,0
2020-08-12,SUNPHARMA,MACRO,CPI,0.8,1,1,0
2020-08-12,CIPLA,MACRO,CPI,0.8,1,1,0
2020-08-12,DRREDDY,MACRO,CPI,0.8,1,1,0
2020-08-12,TATASTEEL,MACRO,CPI,0.8,1,1,0
2020-08-12,JSWSTEEL,MACRO,CPI,0.8,1,1,0
2020-08-12,HINDALCO,MACRO,CPI,0.8,1,1,0
2020-08-12,COALINDIA,MACRO,CPI,0.8,1,1,0
2020-08-12,LT,MACRO,CPI,0.8,1,1,0
2020-08-12,ULTRACEMCO,MACRO,CPI,0.8,1,1,0
2020-08-12,GRASIM,MACRO,CPI,0.8,1,1,0
2020-08-12,ASIANPAINT,MACRO,CPI,0.8,1,1,0
2020-08-12,TITAN,MACRO,CPI,0.8,1,1,0
2020-08-13,BPCL,STOCK,EARNINGS,1.0,1,1,0
2020-08-13,EICHERMOT,STOCK,EARNINGS,1.0,1,1,0
2020-08-13,HEROMOTOCO,STOCK,EARNINGS,1.0,1,1,0
2020-08-13,TATASTEEL,STOCK,EARNINGS,1.0,1,1,0
2020-08-13,GRASIM,STOCK,EARNINGS,1.0,1,1,0
2020-08-14,NTPC,STOCK,EARNINGS,1.0,1,1,0
2020-08-14,HINDALCO,STOCK,EARNINGS,1.0,1,1,0
2020-08-17,BRITANNIA,STOCK,DIVIDEND,0.7,1,1,0
2020-08-31,HDFCBANK,MACRO,GDP,0.9,1,1,0
2020-08-31,ICICIBANK,MACRO,GDP,0.9,1,1,0
2020-08-31,SBIN,MACRO,GDP,0.9,1,1,0
2020-08-31,AXISBANK,MACRO,GDP,0.9,1,1,0
2020-08-31,KOTAKBANK,MACRO,GDP,0.9,1,1,0
2020-08-31,BAJFINANCE,MACRO,GDP,0.9,1,1,0
2020-08-31,BAJAJFINSV,MACRO,GDP,0.9,1,1,0
2020-08-31,INDUSINDBK,MACRO,GDP,0.9,1,1,0
2020-08-31,TCS,MACRO,GDP,0.9,1,1,0
2020-08-31,INFY,MACRO,GDP,0.9,1,1,0
2020-08-31,HCLTECH,MACRO,GDP,0.9,1,1,0
2020-08-31,WIPRO,MACRO,GDP,0.9,1,1,0
2020-08-31,TECHM,MACRO,GDP,0.9,1,1,0
2020-08-31,RELIANCE,MACRO,GDP,0.9,1,1,0
2020-08-31,ONGC,MACRO,GDP,0.9,1,1,0
2020-08-31,NTPC,MACRO,GDP,0.9,1,1,0
2020-08-31,POWERGRID,MACRO,GDP,0.9,1,1,0
2020-08-31,BPCL,MACRO,GDP,0.9,1,1,0
2020-08-31,HINDUNILVR,MACRO,GDP,0.9,1,1,0
2020-08-31,ITC,MACRO,GDP,0.9,1,1,0
2020-08-31,NESTLEIND,MACRO,GDP,0.9,1,1,0
2020-08-31,BRITANNIA,MACRO,GDP,0.9,1,1,0
2020-08-31,MARUTI,MACRO,GDP,0.9,1,1,0
2020-08-31,M&M,MACRO,GDP,0.9,1,1,0
2020-08-31,BHARTIARTL,MACRO,GDP,0.9,1,1,0
2020-08-31,EICHERMOT,MACRO,GDP,0.9,1,1,0
2020-08-31,HEROMOTOCO,MACRO,GDP,0.9,1,1,0
2020-08-31,BAJAJ-AUTO,MACRO,GDP,0.9,1,1,0
2020-08-31,SUNPHARMA,MACRO,GDP,0.9,1,1,0
2020-08-31,CIPLA,MACRO,GDP,0.9,1,1,0
2020-08-31,DRREDDY,MACRO,GDP,0.9,1,1,0
2020-08-31,TATASTEEL,MACRO,GDP,0.9,1,1,0
2020-08-31,JSWSTEEL,MACRO,GDP,0.9,1,1,0
2020-08-31,HINDALCO,MACRO,GDP,0.9,1,1,0
2020-08-31,COALINDIA,MACRO,GDP,0.9,1,1,0
2020-08-31,LT,MACRO,GDP,0.9,1,1,0
2020-08-31,ULTRACEMCO,MACRO,GDP,0.9,1,1,0
2020-08-31,GRASIM,MACRO,GDP,0.9,1,1,0
2020-08-31,ASIANPAINT,MACRO,GDP,0.9,1,1,0
2020-08-31,TITAN,MACRO,GDP,0.9,1,1,0
2020-09-01,HDFCBANK,MACRO,PMI,0.8,1,1,0
2020-09-01,ICICIBANK,MACRO,PMI,0.8,1,1,0
2020-09-01,SBIN,MACRO,PMI,0.8,1,1,0
2020-09-01,AXISBANK,MACRO,PMI,0.8,1,1,0
2020-09-01,KOTAKBANK,MACRO,PMI,0.8,1,1,0
2020-09-01,BAJFINANCE,MACRO,PMI,0.8,1,1,0
2020-09-01,BAJAJFINSV,MACRO,PMI,0.8,1,1,0
2020-09-01,INDUSINDBK,MACRO,PMI,0.8,1,1,0
2020-09-01,TCS,MACRO,PMI,0.8,1,1,0
2020-09-01,INFY,MACRO,PMI,0.8,1,1,0
2020-09-01,HCLTECH,MACRO,PMI,0.8,1,1,0
2020-09-01,WIPRO,MACRO,PMI,0.8,1,1,0
2020-09-01,TECHM,MACRO,PMI,0.8,1,1,0
2020-09-01,RELIANCE,MACRO,PMI,0.8,1,1,0
2020-09-01,ONGC,MACRO|STOCK,EARNINGS|PMI,1.0,2,1,0
2020-09-01,NTPC,MACRO,PMI,0.8,1,1,0
2020-09-01,POWERGRID,MACRO,PMI,0.8,1,1,0
2020-09-01,BPCL,MACRO,PMI,0.8,1,1,0
2020-09-01,HINDUNILVR,MACRO,PMI,0.8,1,1,0
2020-09-01,ITC,MACRO,PMI,0.8,1,1,0
2020-09-01,NESTLEIND,MACRO,PMI,0.8,1,1,0
2020-09-01,BRITANNIA,MACRO,PMI,0.8,1,1,0
2020-09-01,MARUTI,MACRO,PMI,0.8,1,1,0
2020-09-01,M&M,MACRO,PMI,0.8,1,1,0
2020-09-01,BHARTIARTL,MACRO,PMI,0.8,1,1,0
2020-09-01,EICHERMOT,MACRO,PMI,0.8,1,1,0
2020-09-01,HEROMOTOCO,MACRO,PMI,0.8,1,1,0
2020-09-01,BAJAJ-AUTO,MACRO,PMI,0.8,1,1,0
2020-09-01,SUNPHARMA,MACRO,PMI,0.8,1,1,0
2020-09-01,CIPLA,MACRO,PMI,0.8,1,1,0
2020-09-01,DRREDDY,MACRO,PMI,0.8,1,1,0
2020-09-01,TATASTEEL,MACRO,PMI,0.8,1,1,0
2020-09-01,JSWSTEEL,MACRO,PMI,0.8,1,1,0
2020-09-01,HINDALCO,MACRO,PMI,0.8,1,1,0
2020-09-01,COALINDIA,MACRO,PMI,0.8,1,1,0
2020-09-01,LT,MACRO,PMI,0.8,1,1,0
2020-09-01,ULTRACEMCO,MACRO,PMI,0.8,1,1,0
2020-09-01,GRASIM,MACRO,PMI,0.8,1,1,0
2020-09-01,ASIANPAINT,MACRO,PMI,0.8,1,1,0
2020-09-01,TITAN,MACRO,PMI,0.8,1,1,0
2020-09-02,COALINDIA,STOCK,EARNINGS,1.0,1,1,0
2020-09-14,HDFCBANK,MACRO,CPI,0.8,1,1,0
2020-09-14,ICICIBANK,MACRO,CPI,0.8,1,1,0
2020-09-14,SBIN,MACRO,CPI,0.8,1,1,0
2020-09-14,AXISBANK,MACRO,CPI,0.8,1,1,0
2020-09-14,KOTAKBANK,MACRO,CPI,0.8,1,1,0
2020-09-14,BAJFINANCE,MACRO,CPI,0.8,1,1,0
2020-09-14,BAJAJFINSV,MACRO,CPI,0.8,1,1,0
2020-09-14,INDUSINDBK,MACRO,CPI,0.8,1,1,0
2020-09-14,TCS,MACRO,CPI,0.8,1,1,0
2020-09-14,INFY,MACRO,CPI,0.8,1,1,0
2020-09-14,HCLTECH,MACRO,CPI,0.8,1,1,0
2020-09-14,WIPRO,MACRO,CPI,0.8,1,1,0
2020-09-14,TECHM,MACRO,CPI,0.8,1,1,0
2020-09-14,RELIANCE,MACRO,CPI,0.8,1,1,0
2020-09-14,ONGC,MACRO,CPI,0.8,1,1,0
2020-09-14,NTPC,MACRO,CPI,0.8,1,1,0
2020-09-14,POWERGRID,MACRO,CPI,0.8,1,1,0
2020-09-14,BPCL,MACRO,CPI,0.8,1,1,0
2020-09-14,HINDUNILVR,MACRO,CPI,0.8,1,1,0
2020-09-14,ITC,MACRO,CPI,0.8,1,1,0
2020-09-14,NESTLEIND,MACRO,CPI,0.8,1,1,0
2020-09-14,BRITANNIA,MACRO,CPI,0.8,1,1,0
2020-09-14,MARUTI,MACRO,CPI,0.8,1,1,0
2020-09-14,M&M,MACRO,CPI,0.8,1,1,0
2020-09-14,BHARTIARTL,MACRO,CPI,0.8,1,1,0
2020-09-14,EICHERMOT,MACRO,CPI,0.8,1,1,0
2020-09-14,HEROMOTOCO,MACRO,CPI,0.8,1,1,0
2020-09-14,BAJAJ-AUTO,MACRO,CPI,0.8,1,1,0
2020-09-14,SUNPHARMA,MACRO,CPI,0.8,1,1,0
2020-09-14,CIPLA,MACRO,CPI,0.8,1,1,0
2020-09-14,DRREDDY,MACRO,CPI,0.8,1,1,0
2020-09-14,TATASTEEL,MACRO,CPI,0.8,1,1,0
2020-09-14,JSWSTEEL,MACRO,CPI,0.8,1,1,0
2020-09-14,HINDALCO,MACRO,CPI,0.8,1,1,0
2020-09-14,COALINDIA,MACRO,CPI,0.8,1,1,0
2020-09-14,LT,MACRO,CPI,0.8,1,1,0
2020-09-14,ULTRACEMCO,MACRO,CPI,0.8,1,1,0
2020-09-14,GRASIM,MACRO,CPI,0.8,1,1,0
2020-09-14,ASIANPAINT,MACRO,CPI,0.8,1,1,0
2020-09-14,TITAN,MACRO,CPI,0.8,1,1,0
2020-10-01,HDFCBANK,MACRO,PMI,0.8,1,1,0
2020-10-01,ICICIBANK,MACRO,PMI,0.8,1,1,0
2020-10-01,SBIN,MACRO,PMI,0.8,1,1,0
2020-10-01,AXISBANK,MACRO,PMI,0.8,1,1,0
2020-10-01,KOTAKBANK,MACRO,PMI,0.8,1,1,0
2020-10-01,BAJFINANCE,MACRO,PMI,0.8,1,1,0
2020-10-01,BAJAJFINSV,MACRO,PMI,0.8,1,1,0
2020-10-01,INDUSINDBK,MACRO,PMI,0.8,1,1,0
2020-10-01,TCS,MACRO,PMI,0.8,1,1,0
2020-10-01,INFY,MACRO,PMI,0.8,1,1,0
2020-10-01,HCLTECH,MACRO,PMI,0.8,1,1,0
2020-10-01,WIPRO,MACRO,PMI,0.8,1,1,0
2020-10-01,TECHM,MACRO,PMI,0.8,1,1,0
2020-10-01,RELIANCE,MACRO,PMI,0.8,1,1,0
2020-10-01,ONGC,MACRO,PMI,0.8,1,1,0
2020-10-01,NTPC,MACRO,PMI,0.8,1,1,0
2020-10-01,POWERGRID,MACRO,PMI,0.8,1,1,0
2020-10-01,BPCL,MACRO,PMI,0.8,1,1,0
2020-10-01,HINDUNILVR,MACRO,PMI,0.8,1,1,0
2020-10-01,ITC,MACRO,PMI,0.8,1,1,0
2020-10-01,NESTLEIND,MACRO,PMI,0.8,1,1,0
2020-10-01,BRITANNIA,MACRO,PMI,0.8,1,1,0
2020-10-01,MARUTI,MACRO,PMI,0.8,1,1,0
2020-10-01,M&M,MACRO,PMI,0.8,1,1,0
2020-10-01,BHARTIARTL,MACRO,PMI,0.8,1,1,0
2020-10-01,EICHERMOT,MACRO,PMI,0.8,1,1,0
2020-10-01,HEROMOTOCO,MACRO,PMI,0.8,1,1,0
2020-10-01,BAJAJ-AUTO,MACRO,PMI,0.8,1,1,0
2020-10-01,SUNPHARMA,MACRO,PMI,0.8,1,1,0
2020-10-01,CIPLA,MACRO,PMI,0.8,1,1,0
2020-10-01,DRREDDY,MACRO,PMI,0.8,1,1,0
2020-10-01,TATASTEEL,MACRO,PMI,0.8,1,1,0
2020-10-01,JSWSTEEL,MACRO,PMI,0.8,1,1,0
2020-10-01,HINDALCO,MACRO,PMI,0.8,1,1,0
2020-10-01,COALINDIA,MACRO,PMI,0.8,1,1,0
2020-10-01,LT,MACRO,PMI,0.8,1,1,0
2020-10-01,ULTRACEMCO,MACRO,PMI,0.8,1,1,0
2020-10-01,GRASIM,MACRO,PMI,0.8,1,1,0
2020-10-01,ASIANPAINT,MACRO,PMI,0.8,1,1,0
2020-10-01,TITAN,MACRO,PMI,0.8,1,1,0
2020-10-07,TCS,STOCK,EARNINGS,1.0,1,1,0
2020-10-09,HDFCBANK,GOVT,RBI_POLICY,1.0,1,1,0
2020-10-09,ICICIBANK,GOVT,RBI_POLICY,1.0,1,1,0
2020-10-09,SBIN,GOVT,RBI_POLICY,1.0,1,1,0
2020-10-09,AXISBANK,GOVT,RBI_POLICY,1.0,1,1,0
2020-10-09,KOTAKBANK,GOVT,RBI_POLICY,1.0,1,1,0
2020-10-09,BAJFINANCE,GOVT,RBI_POLICY,1.0,1,1,0
2020-10-09,BAJAJFINSV,GOVT,RBI_POLICY,1.0,1,1,0
2020-10-09,INDUSINDBK,GOVT,RBI_POLICY,1.0,1,1,0
2020-10-09,TCS,GOVT,RBI_POLICY,1.0,1,1,0
2020-10-09,INFY,GOVT,RBI_POLICY,1.0,1,1,0
2020-10-09,HCLTECH,GOVT,RBI_POLICY,1.0,1,1,0
2020-10-09,WIPRO,GOVT,RBI_POLICY,1.0,1,1,0
2020-10-09,TECHM,GOVT,RBI_POLICY,1.0,1,1,0
2020-10-09,RELIANCE,GOVT,RBI_POLICY,1.0,1,1,0
2020-10-09,ONGC,GOVT,RBI_POLICY,1.0,1,1,0
2020-10-09,NTPC,GOVT,RBI_POLICY,1.0,1,1,0
2020-10-09,POWERGRID,GOVT,RBI_POLICY,1.0,1,1,0
2020-10-09,BPCL,GOVT,RBI_POLICY,1.0,1,1,0
2020-10-09,HINDUNILVR,GOVT,RBI_POLICY,1.0,1,1,0
2020-10-09,ITC,GOVT,RBI_POLICY,1.0,1,1,0
2020-10-09,NESTLEIND,GOVT,RBI_POLICY,1.0,1,1,0
2020-10-09,BRITANNIA,GOVT,RBI_POLICY,1.0,1,1,0
2020-10-09,MARUTI,GOVT,RBI_POLICY,1.0,1,1,0
2020-10-09,M&M,GOVT,RBI_POLICY,1.0,1,1,0
2020-10-09,BHARTIARTL,GOVT,RBI_POLICY,1.0,1,1,0
2020-10-09,EICHERMOT,GOVT,RBI_POLICY,1.0,1,1,0
2020-10-09,HEROMOTOCO,GOVT,RBI_POLICY,1.0,1,1,0
2020-10-09,BAJAJ-AUTO,GOVT,RBI_POLICY,1.0,1,1,0
2020-10-09,SUNPHARMA,GOVT,RBI_POLICY,1.0,1,1,0
2020-10-09,CIPLA,GOVT,RBI_POLICY,1.0,1,1,0
2020-10-09,DRREDDY,GOVT,RBI_POLICY,1.0,1,1,0
2020-10-09,TATASTEEL,GOVT,RBI_POLICY,1.0,1,1,0
2020-10-09,JSWSTEEL,GOVT,RBI_POLICY,1.0,1,1,0
2020-10-09,HINDALCO,GOVT,RBI_POLICY,1.0,1,1,0
2020-10-09,COALINDIA,GOVT,RBI_POLICY,1.0,1,1,0
2020-10-09,LT,GOVT,RBI_POLICY,1.0,1,1,0
2020-10-09,ULTRACEMCO,GOVT,RBI_POLICY,1.0,1,1,0
2020-10-09,GRASIM,GOVT,RBI_POLICY,1.0,1,1,0
2020-10-09,ASIANPAINT,GOVT,RBI_POLICY,1.0,1,1,0
2020-10-09,TITAN,GOVT,RBI_POLICY,1.0,1,1,0
2020-10-12,HDFCBANK,MACRO,CPI,0.8,1,1,0
2020-10-12,ICICIBANK,MACRO,CPI,0.8,1,1,0
2020-10-12,SBIN,MACRO,CPI,0.8,1,1,0
2020-10-12,AXISBANK,MACRO,CPI,0.8,1,1,0
2020-10-12,KOTAKBANK,MACRO,CPI,0.8,1,1,0
2020-10-12,BAJFINANCE,MACRO,CPI,0.8,1,1,0
2020-10-12,BAJAJFINSV,MACRO,CPI,0.8,1,1,0
2020-10-12,INDUSINDBK,MACRO,CPI,0.8,1,1,0
2020-10-12,TCS,MACRO,CPI,0.8,1,1,0
2020-10-12,INFY,MACRO,CPI,0.8,1,1,0
2020-10-12,HCLTECH,MACRO,CPI,0.8,1,1,0
2020-10-12,WIPRO,MACRO,CPI,0.8,1,1,0
2020-10-12,TECHM,MACRO,CPI,0.8,1,1,0
2020-10-12,RELIANCE,MACRO,CPI,0.8,1,1,0
2020-10-12,ONGC,MACRO,CPI,0.8,1,1,0
2020-10-12,NTPC,MACRO,CPI,0.8,1,1,0
2020-10-12,POWERGRID,MACRO,CPI,0.8,1,1,0
2020-10-12,BPCL,MACRO,CPI,0.8,1,1,0
2020-10-12,HINDUNILVR,MACRO,CPI,0.8,1,1,0
2020-10-12,ITC,MACRO,CPI,0.8,1,1,0
2020-10-12,NESTLEIND,MACRO,CPI,0.8,1,1,0
2020-10-12,BRITANNIA,MACRO,CPI,0.8,1,1,0
2020-10-12,MARUTI,MACRO,CPI,0.8,1,1,0
2020-10-12,M&M,MACRO,CPI,0.8,1,1,0
2020-10-12,BHARTIARTL,MACRO,CPI,0.8,1,1,0
2020-10-12,EICHERMOT,MACRO,CPI,0.8,1,1,0
2020-10-12,HEROMOTOCO,MACRO,CPI,0.8,1,1,0
2020-10-12,BAJAJ-AUTO,MACRO,CPI,0.8,1,1,0
2020-10-12,SUNPHARMA,MACRO,CPI,0.8,1,1,0
2020-10-12,CIPLA,MACRO,CPI,0.8,1,1,0
2020-10-12,DRREDDY,MACRO,CPI,0.8,1,1,0
2020-10-12,TATASTEEL,MACRO,CPI,0.8,1,1,0
2020-10-12,JSWSTEEL,MACRO,CPI,0.8,1,1,0
2020-10-12,HINDALCO,MACRO,CPI,0.8,1,1,0
2020-10-12,COALINDIA,MACRO,CPI,0.8,1,1,0
2020-10-12,LT,MACRO,CPI,0.8,1,1,0
2020-10-12,ULTRACEMCO,MACRO,CPI,0.8,1,1,0
2020-10-12,GRASIM,MACRO,CPI,0.8,1,1,0
2020-10-12,ASIANPAINT,MACRO,CPI,0.8,1,1,0
2020-10-12,TITAN,MACRO,CPI,0.8,1,1,0
2020-10-13,WIPRO,STOCK,EARNINGS,1.0,1,1,0
2020-10-14,INFY,STOCK,EARNINGS,1.0,1,1,0
2020-10-16,HCLTECH,STOCK,EARNINGS,1.0,1,1,0
2020-10-19,BRITANNIA,STOCK,EARNINGS,1.0,1,1,0
2020-10-20,HINDUNILVR,STOCK,EARNINGS,1.0,1,1,0
2020-10-21,BAJFINANCE,STOCK,EARNINGS,1.0,1,1,0
2020-10-21,BAJAJFINSV,STOCK,EARNINGS,1.0,1,1,0
2020-10-21,ULTRACEMCO,STOCK,EARNINGS,1.0,1,1,0
2020-10-22,BAJAJ-AUTO,STOCK,EARNINGS,1.0,1,1,0
2020-10-22,ASIANPAINT,STOCK,EARNINGS,1.0,1,1,0
2020-10-23,TECHM,STOCK,DIVIDEND,0.7,1,1,0
2020-10-23,JSWSTEEL,STOCK,EARNINGS,1.0,1,1,0
2020-10-26,KOTAKBANK,STOCK,EARNINGS,1.0,1,1,0
2020-10-27,BHARTIARTL,STOCK,EARNINGS,1.0,1,1,0
2020-10-28,AXISBANK,STOCK,EARNINGS,1.0,1,1,0
2020-10-28,HEROMOTOCO,STOCK,EARNINGS,1.0,1,1,0
2020-10-28,DRREDDY,STOCK,EARNINGS,1.0,1,1,0
2020-10-28,LT,STOCK,DIVIDEND|EARNINGS,1.0,2,1,0
2020-10-28,TITAN,STOCK,EARNINGS,1.0,1,1,0
2020-10-29,BPCL,STOCK,EARNINGS,1.0,1,1,0
2020-10-29,MARUTI,STOCK,EARNINGS,1.0,1,1,0
2020-10-30,INDUSINDBK,STOCK,EARNINGS,1.0,1,1,0
2020-10-30,RELIANCE,STOCK,EARNINGS,1.0,1,1,0
2020-11-02,HDFCBANK,MACRO,PMI,0.8,1,1,0
2020-11-02,ICICIBANK,MACRO,PMI,0.8,1,1,0
2020-11-02,SBIN,MACRO,PMI,0.8,1,1,0
2020-11-02,AXISBANK,MACRO,PMI,0.8,1,1,0
2020-11-02,KOTAKBANK,MACRO,PMI,0.8,1,1,0
2020-11-02,BAJFINANCE,MACRO,PMI,0.8,1,1,0
2020-11-02,BAJAJFINSV,MACRO,PMI,0.8,1,1,0
2020-11-02,INDUSINDBK,MACRO,PMI,0.8,1,1,0
2020-11-02,TCS,MACRO,PMI,0.8,1,1,0
2020-11-02,INFY,MACRO,PMI,0.8,1,1,0
2020-11-02,HCLTECH,MACRO,PMI,0.8,1,1,0
2020-11-02,WIPRO,MACRO,PMI,0.8,1,1,0
2020-11-02,TECHM,MACRO,PMI,0.8,1,1,0
2020-11-02,RELIANCE,MACRO,PMI,0.8,1,1,0
2020-11-02,ONGC,MACRO,PMI,0.8,1,1,0
2020-11-02,NTPC,MACRO|STOCK,EARNINGS|PMI,1.0,2,1,0
2020-11-02,POWERGRID,MACRO,PMI,0.8,1,1,0
2020-11-02,BPCL,MACRO,PMI,0.8,1,1,0
2020-11-02,HINDUNILVR,MACRO,PMI,0.8,1,1,0
2020-11-02,ITC,MACRO,PMI,0.8,1,1,0
2020-11-02,NESTLEIND,MACRO,PMI,0.8,1,1,0
2020-11-02,BRITANNIA,MACRO,PMI,0.8,1,1,0
2020-11-02,MARUTI,MACRO,PMI,0.8,1,1,0
2020-11-02,M&M,MACRO,PMI,0.8,1,1,0
2020-11-02,BHARTIARTL,MACRO,PMI,0.8,1,1,0
2020-11-02,EICHERMOT,MACRO,PMI,0.8,1,1,0
2020-11-02,HEROMOTOCO,MACRO,PMI,0.8,1,1,0
2020-11-02,BAJAJ-AUTO,MACRO,PMI,0.8,1,1,0
2020-11-02,SUNPHARMA,MACRO,PMI,0.8,1,1,0
2020-11-02,CIPLA,MACRO,PMI,0.8,1,1,0
2020-11-02,DRREDDY,MACRO,PMI,0.8,1,1,0
2020-11-02,TATASTEEL,MACRO,PMI,0.8,1,1,0
2020-11-02,JSWSTEEL,MACRO,PMI,0.8,1,1,0
2020-11-02,HINDALCO,MACRO,PMI,0.8,1,1,0
2020-11-02,COALINDIA,MACRO,PMI,0.8,1,1,0
2020-11-02,LT,MACRO,PMI,0.8,1,1,0
2020-11-02,ULTRACEMCO,MACRO,PMI,0.8,1,1,0
2020-11-02,GRASIM,MACRO,PMI,0.8,1,1,0
2020-11-02,ASIANPAINT,MACRO,PMI,0.8,1,1,0
2020-11-02,TITAN,MACRO,PMI,0.8,1,1,0
2020-11-03,SUNPHARMA,STOCK,EARNINGS,1.0,1,1,0
2020-11-04,SBIN,STOCK,EARNINGS,1.0,1,1,0
2020-11-06,ITC,STOCK,EARNINGS,1.0,1,1,0
2020-11-06,CIPLA,STOCK,EARNINGS,1.0,1,1,0
2020-11-10,M&M,STOCK,EARNINGS,1.0,1,1,0
2020-11-10,HINDALCO,STOCK,EARNINGS,1.0,1,1,0
2020-11-11,POWERGRID,STOCK,EARNINGS,1.0,1,1,0
2020-11-11,COALINDIA,STOCK,DIVIDEND|EARNINGS,1.0,2,1,0
2020-11-12,HDFCBANK,MACRO,CPI,0.8,1,1,0
2020-11-12,ICICIBANK,MACRO,CPI,0.8,1,1,0
2020-11-12,SBIN,MACRO,CPI,0.8,1,1,0
2020-11-12,AXISBANK,MACRO,CPI,0.8,1,1,0
2020-11-12,KOTAKBANK,MACRO,CPI,0.8,1,1,0
2020-11-12,BAJFINANCE,MACRO,CPI,0.8,1,1,0
2020-11-12,BAJAJFINSV,MACRO,CPI,0.8,1,1,0
2020-11-12,INDUSINDBK,MACRO,CPI,0.8,1,1,0
2020-11-12,TCS,MACRO,CPI,0.8,1,1,0
2020-11-12,INFY,MACRO,CPI,0.8,1,1,0
2020-11-12,HCLTECH,MACRO,CPI,0.8,1,1,0
2020-11-12,WIPRO,MACRO,CPI,0.8,1,1,0
2020-11-12,TECHM,MACRO,CPI,0.8,1,1,0
2020-11-12,RELIANCE,MACRO,CPI,0.8,1,1,0
2020-11-12,ONGC,MACRO,CPI,0.8,1,1,0
2020-11-12,NTPC,MACRO,CPI,0.8,1,1,0
2020-11-12,POWERGRID,MACRO,CPI,0.8,1,1,0
2020-11-12,BPCL,MACRO,CPI,0.8,1,1,0
2020-11-12,HINDUNILVR,MACRO,CPI,0.8,1,1,0
2020-11-12,ITC,MACRO,CPI,0.8,1,1,0
2020-11-12,NESTLEIND,MACRO,CPI,0.8,1,1,0
2020-11-12,BRITANNIA,MACRO,CPI,0.8,1,1,0
2020-11-12,MARUTI,MACRO,CPI,0.8,1,1,0
2020-11-12,M&M,MACRO,CPI,0.8,1,1,0
2020-11-12,BHARTIARTL,MACRO,CPI,0.8,1,1,0
2020-11-12,EICHERMOT,MACRO|STOCK,CPI|EARNINGS,1.0,2,1,0
2020-11-12,HEROMOTOCO,MACRO,CPI,0.8,1,1,0
2020-11-12,BAJAJ-AUTO,MACRO,CPI,0.8,1,1,0
2020-11-12,SUNPHARMA,MACRO,CPI,0.8,1,1,0
2020-11-12,CIPLA,MACRO,CPI,0.8,1,1,0
2020-11-12,DRREDDY,MACRO,CPI,0.8,1,1,0
2020-11-12,TATASTEEL,MACRO,CPI,0.8,1,1,0
2020-11-12,JSWSTEEL,MACRO,CPI,0.8,1,1,0
2020-11-12,HINDALCO,MACRO,CPI,0.8,1,1,0
2020-11-12,COALINDIA,MACRO,CPI,0.8,1,1,0
2020-11-12,LT,MACRO,CPI,0.8,1,1,0
2020-11-12,ULTRACEMCO,MACRO,CPI,0.8,1,1,0
2020-11-12,GRASIM,MACRO|STOCK,CPI|EARNINGS,1.0,2,1,0
2020-11-12,ASIANPAINT,MACRO,CPI,0.8,1,1,0
2020-11-12,TITAN,MACRO,CPI,0.8,1,1,0
2020-11-13,ONGC,STOCK,EARNINGS,1.0,1,1,0
2020-11-13,TATASTEEL,STOCK,EARNINGS,1.0,1,1,0
2020-11-27,HDFCBANK,MACRO,GDP,0.9,1,1,0
2020-11-27,ICICIBANK,MACRO,GDP,0.9,1,1,0
2020-11-27,SBIN,MACRO,GDP,0.9,1,1,0
2020-11-27,AXISBANK,MACRO,GDP,0.9,1,1,0
2020-11-27,KOTAKBANK,MACRO,GDP,0.9,1,1,0
2020-11-27,BAJFINANCE,MACRO,GDP,0.9,1,1,0
2020-11-27,BAJAJFINSV,MACRO,GDP,0.9,1,1,0
2020-11-27,INDUSINDBK,MACRO,GDP,0.9,1,1,0
2020-11-27,TCS,MACRO,GDP,0.9,1,1,0
2020-11-27,INFY,MACRO,GDP,0.9,1,1,0
2020-11-27,HCLTECH,MACRO,GDP,0.9,1,1,0
2020-11-27,WIPRO,MACRO,GDP,0.9,1,1,0
2020-11-27,TECHM,MACRO,GDP,0.9,1,1,0
2020-11-27,RELIANCE,MACRO,GDP,0.9,1,1,0
2020-11-27,ONGC,MACRO,GDP,0.9,1,1,0
2020-11-27,NTPC,MACRO,GDP,0.9,1,1,0
2020-11-27,POWERGRID,MACRO,GDP,0.9,1,1,0
2020-11-27,BPCL,MACRO,GDP,0.9,1,1,0
2020-11-27,HINDUNILVR,MACRO,GDP,0.9,1,1,0
2020-11-27,ITC,MACRO,GDP,0.9,1,1,0
2020-11-27,NESTLEIND,MACRO,GDP,0.9,1,1,0
2020-11-27,BRITANNIA,MACRO,GDP,0.9,1,1,0
2020-11-27,MARUTI,MACRO,GDP,0.9,1,1,0
2020-11-27,M&M,MACRO,GDP,0.9,1,1,0
2020-11-27,BHARTIARTL,MACRO,GDP,0.9,1,1,0
2020-11-27,EICHERMOT,MACRO,GDP,0.9,1,1,0
2020-11-27,HEROMOTOCO,MACRO,GDP,0.9,1,1,0
2020-11-27,BAJAJ-AUTO,MACRO,GDP,0.9,1,1,0
2020-11-27,SUNPHARMA,MACRO,GDP,0.9,1,1,0
2020-11-27,CIPLA,MACRO,GDP,0.9,1,1,0
2020-11-27,DRREDDY,MACRO,GDP,0.9,1,1,0
2020-11-27,TATASTEEL,MACRO,GDP,0.9,1,1,0
2020-11-27,JSWSTEEL,MACRO,GDP,0.9,1,1,0
2020-11-27,HINDALCO,MACRO,GDP,0.9,1,1,0
2020-11-27,COALINDIA,MACRO,GDP,0.9,1,1,0
2020-11-27,LT,MACRO,GDP,0.9,1,1,0
2020-11-27,ULTRACEMCO,MACRO,GDP,0.9,1,1,0
2020-11-27,GRASIM,MACRO,GDP,0.9,1,1,0
2020-11-27,ASIANPAINT,MACRO,GDP,0.9,1,1,0
2020-11-27,TITAN,MACRO,GDP,0.9,1,1,0
2020-12-01,HDFCBANK,MACRO,PMI,0.8,1,1,0
2020-12-01,ICICIBANK,MACRO,PMI,0.8,1,1,0
2020-12-01,SBIN,MACRO,PMI,0.8,1,1,0
2020-12-01,AXISBANK,MACRO,PMI,0.8,1,1,0
2020-12-01,KOTAKBANK,MACRO,PMI,0.8,1,1,0
2020-12-01,BAJFINANCE,MACRO,PMI,0.8,1,1,0
2020-12-01,BAJAJFINSV,MACRO,PMI,0.8,1,1,0
2020-12-01,INDUSINDBK,MACRO,PMI,0.8,1,1,0
2020-12-01,TCS,MACRO,PMI,0.8,1,1,0
2020-12-01,INFY,MACRO,PMI,0.8,1,1,0
2020-12-01,HCLTECH,MACRO,PMI,0.8,1,1,0
2020-12-01,WIPRO,MACRO,PMI,0.8,1,1,0
2020-12-01,TECHM,MACRO,PMI,0.8,1,1,0
2020-12-01,RELIANCE,MACRO,PMI,0.8,1,1,0
2020-12-01,ONGC,MACRO,PMI,0.8,1,1,0
2020-12-01,NTPC,MACRO,PMI,0.8,1,1,0
2020-12-01,POWERGRID,MACRO,PMI,0.8,1,1,0
2020-12-01,BPCL,MACRO,PMI,0.8,1,1,0
2020-12-01,HINDUNILVR,MACRO,PMI,0.8,1,1,0
2020-12-01,ITC,MACRO,PMI,0.8,1,1,0
2020-12-01,NESTLEIND,MACRO,PMI,0.8,1,1,0
2020-12-01,BRITANNIA,MACRO,PMI,0.8,1,1,0
2020-12-01,MARUTI,MACRO,PMI,0.8,1,1,0
2020-12-01,M&M,MACRO,PMI,0.8,1,1,0
2020-12-01,BHARTIARTL,MACRO,PMI,0.8,1,1,0
2020-12-01,EICHERMOT,MACRO,PMI,0.8,1,1,0
2020-12-01,HEROMOTOCO,MACRO,PMI,0.8,1,1,0
2020-12-01,BAJAJ-AUTO,MACRO,PMI,0.8,1,1,0
2020-12-01,SUNPHARMA,MACRO,PMI,0.8,1,1,0
2020-12-01,CIPLA,MACRO,PMI,0.8,1,1,0
2020-12-01,DRREDDY,MACRO,PMI,0.8,1,1,0
2020-12-01,TATASTEEL,MACRO,PMI,0.8,1,1,0
2020-12-01,JSWSTEEL,MACRO,PMI,0.8,1,1,0
2020-12-01,HINDALCO,MACRO,PMI,0.8,1,1,0
2020-12-01,COALINDIA,MACRO,PMI,0.8,1,1,0
2020-12-01,LT,MACRO,PMI,0.8,1,1,0
2020-12-01,ULTRACEMCO,MACRO,PMI,0.8,1,1,0
2020-12-01,GRASIM,MACRO,PMI,0.8,1,1,0
2020-12-01,ASIANPAINT,MACRO,PMI,0.8,1,1,0
2020-12-01,TITAN,MACRO,PMI,0.8,1,1,0
2020-12-04,HDFCBANK,GOVT,RBI_POLICY,1.0,1,1,0
2020-12-04,ICICIBANK,GOVT,RBI_POLICY,1.0,1,1,0
2020-12-04,SBIN,GOVT,RBI_POLICY,1.0,1,1,0
2020-12-04,AXISBANK,GOVT,RBI_POLICY,1.0,1,1,0
2020-12-04,KOTAKBANK,GOVT,RBI_POLICY,1.0,1,1,0
2020-12-04,BAJFINANCE,GOVT,RBI_POLICY,1.0,1,1,0
2020-12-04,BAJAJFINSV,GOVT,RBI_POLICY,1.0,1,1,0
2020-12-04,INDUSINDBK,GOVT,RBI_POLICY,1.0,1,1,0
2020-12-04,TCS,GOVT,RBI_POLICY,1.0,1,1,0
2020-12-04,INFY,GOVT,RBI_POLICY,1.0,1,1,0
2020-12-04,HCLTECH,GOVT,RBI_POLICY,1.0,1,1,0
2020-12-04,WIPRO,GOVT,RBI_POLICY,1.0,1,1,0
2020-12-04,TECHM,GOVT,RBI_POLICY,1.0,1,1,0
2020-12-04,RELIANCE,GOVT,RBI_POLICY,1.0,1,1,0
2020-12-04,ONGC,GOVT,RBI_POLICY,1.0,1,1,0
2020-12-04,NTPC,GOVT,RBI_POLICY,1.0,1,1,0
2020-12-04,POWERGRID,GOVT,RBI_POLICY,1.0,1,1,0
2020-12-04,BPCL,GOVT,RBI_POLICY,1.0,1,1,0
2020-12-04,HINDUNILVR,GOVT,RBI_POLICY,1.0,1,1,0
2020-12-04,ITC,GOVT,RBI_POLICY,1.0,1,1,0
2020-12-04,NESTLEIND,GOVT,RBI_POLICY,1.0,1,1,0
2020-12-04,BRITANNIA,GOVT,RBI_POLICY,1.0,1,1,0
2020-12-04,MARUTI,GOVT,RBI_POLICY,1.0,1,1,0
2020-12-04,M&M,GOVT,RBI_POLICY,1.0,1,1,0
2020-12-04,BHARTIARTL,GOVT,RBI_POLICY,1.0,1,1,0
2020-12-04,EICHERMOT,GOVT,RBI_POLICY,1.0,1,1,0
2020-12-04,HEROMOTOCO,GOVT,RBI_POLICY,1.0,1,1,0
2020-12-04,BAJAJ-AUTO,GOVT,RBI_POLICY,1.0,1,1,0
2020-12-04,SUNPHARMA,GOVT,RBI_POLICY,1.0,1,1,0
2020-12-04,CIPLA,GOVT,RBI_POLICY,1.0,1,1,0
2020-12-04,DRREDDY,GOVT,RBI_POLICY,1.0,1,1,0
2020-12-04,TATASTEEL,GOVT,RBI_POLICY,1.0,1,1,0
2020-12-04,JSWSTEEL,GOVT,RBI_POLICY,1.0,1,1,0
2020-12-04,HINDALCO,GOVT,RBI_POLICY,1.0,1,1,0
2020-12-04,COALINDIA,GOVT,RBI_POLICY,1.0,1,1,0
2020-12-04,LT,GOVT,RBI_POLICY,1.0,1,1,0
2020-12-04,ULTRACEMCO,GOVT,RBI_POLICY,1.0,1,1,0
2020-12-04,GRASIM,GOVT,RBI_POLICY,1.0,1,1,0
2020-12-04,ASIANPAINT,GOVT,RBI_POLICY,1.0,1,1,0
2020-12-04,TITAN,GOVT,RBI_POLICY,1.0,1,1,0
2020-12-14,HDFCBANK,MACRO,CPI,0.8,1,1,0
2020-12-14,ICICIBANK,MACRO,CPI,0.8,1,1,0
2020-12-14,SBIN,MACRO,CPI,0.8,1,1,0
2020-12-14,AXISBANK,MACRO,CPI,0.8,1,1,0
2020-12-14,KOTAKBANK,MACRO,CPI,0.8,1,1,0
2020-12-14,BAJFINANCE,MACRO,CPI,0.8,1,1,0
2020-12-14,BAJAJFINSV,MACRO,CPI,0.8,1,1,0
2020-12-14,INDUSINDBK,MACRO,CPI,0.8,1,1,0
2020-12-14,TCS,MACRO,CPI,0.8,1,1,0
2020-12-14,INFY,MACRO,CPI,0.8,1,1,0
2020-12-14,HCLTECH,MACRO,CPI,0.8,1,1,0
2020-12-14,WIPRO,MACRO,CPI,0.8,1,1,0
2020-12-14,TECHM,MACRO,CPI,0.8,1,1,0
2020-12-14,RELIANCE,MACRO,CPI,0.8,1,1,0
2020-12-14,ONGC,MACRO,CPI,0.8,1,1,0
2020-12-14,NTPC,MACRO,CPI,0.8,1,1,0
2020-12-14,POWERGRID,MACRO,CPI,0.8,1,1,0
2020-12-14,BPCL,MACRO,CPI,0.8,1,1,0
2020-12-14,HINDUNILVR,MACRO,CPI,0.8,1,1,0
2020-12-14,ITC,MACRO,CPI,0.8,1,1,0
2020-12-14,NESTLEIND,MACRO,CPI,0.8,1,1,0
2020-12-14,BRITANNIA,MACRO,CPI,0.8,1,1,0
2020-12-14,MARUTI,MACRO,CPI,0.8,1,1,0
2020-12-14,M&M,MACRO,CPI,0.8,1,1,0
2020-12-14,BHARTIARTL,MACRO,CPI,0.8,1,1,0
2020-12-14,EICHERMOT,MACRO,CPI,0.8,1,1,0
2020-12-14,HEROMOTOCO,MACRO,CPI,0.8,1,1,0
2020-12-14,BAJAJ-AUTO,MACRO,CPI,0.8,1,1,0
2020-12-14,SUNPHARMA,MACRO,CPI,0.8,1,1,0
2020-12-14,CIPLA,MACRO,CPI,0.8,1,1,0
2020-12-14,DRREDDY,MACRO,CPI,0.8,1,1,0
2020-12-14,TATASTEEL,MACRO,CPI,0.8,1,1,0
2020-12-14,JSWSTEEL,MACRO,CPI,0.8,1,1,0
2020-12-14,HINDALCO,MACRO,CPI,0.8,1,1,0
2020-12-14,COALINDIA,MACRO,CPI,0.8,1,1,0
2020-12-14,LT,MACRO,CPI,0.8,1,1,0
2020-12-14,ULTRACEMCO,MACRO,CPI,0.8,1,1,0
2020-12-14,GRASIM,MACRO,CPI,0.8,1,1,0
2020-12-14,ASIANPAINT,MACRO,CPI,0.8,1,1,0
2020-12-14,TITAN,MACRO,CPI,0.8,1,1,0
2021-01-04,HDFCBANK,MACRO,PMI,0.8,1,1,0
2021-01-04,ICICIBANK,MACRO,PMI,0.8,1,1,0
2021-01-04,SBIN,MACRO,PMI,0.8,1,1,0
2021-01-04,AXISBANK,MACRO,PMI,0.8,1,1,0
2021-01-04,KOTAKBANK,MACRO,PMI,0.8,1,1,0
2021-01-04,BAJFINANCE,MACRO,PMI,0.8,1,1,0
2021-01-04,BAJAJFINSV,MACRO,PMI,0.8,1,1,0
2021-01-04,INDUSINDBK,MACRO,PMI,0.8,1,1,0
2021-01-04,TCS,MACRO,PMI,0.8,1,1,0
2021-01-04,INFY,MACRO,PMI,0.8,1,1,0
2021-01-04,HCLTECH,MACRO,PMI,0.8,1,1,0
2021-01-04,WIPRO,MACRO,PMI,0.8,1,1,0
2021-01-04,TECHM,MACRO,PMI,0.8,1,1,0
2021-01-04,RELIANCE,MACRO,PMI,0.8,1,1,0
2021-01-04,ONGC,MACRO,PMI,0.8,1,1,0
2021-01-04,NTPC,MACRO,PMI,0.8,1,1,0
2021-01-04,POWERGRID,MACRO,PMI,0.8,1,1,0
2021-01-04,BPCL,MACRO,PMI,0.8,1,1,0
2021-01-04,HINDUNILVR,MACRO,PMI,0.8,1,1,0
2021-01-04,ITC,MACRO,PMI,0.8,1,1,0
2021-01-04,NESTLEIND,MACRO,PMI,0.8,1,1,0
2021-01-04,BRITANNIA,MACRO,PMI,0.8,1,1,0
2021-01-04,MARUTI,MACRO,PMI,0.8,1,1,0
2021-01-04,M&M,MACRO,PMI,0.8,1,1,0
2021-01-04,BHARTIARTL,MACRO,PMI,0.8,1,1,0
2021-01-04,EICHERMOT,MACRO,PMI,0.8,1,1,0
2021-01-04,HEROMOTOCO,MACRO,PMI,0.8,1,1,0
2021-01-04,BAJAJ-AUTO,MACRO,PMI,0.8,1,1,0
2021-01-04,SUNPHARMA,MACRO,PMI,0.8,1,1,0
2021-01-04,CIPLA,MACRO,PMI,0.8,1,1,0
2021-01-04,DRREDDY,MACRO,PMI,0.8,1,1,0
2021-01-04,TATASTEEL,MACRO,PMI,0.8,1,1,0
2021-01-04,JSWSTEEL,MACRO,PMI,0.8,1,1,0
2021-01-04,HINDALCO,MACRO,PMI,0.8,1,1,0
2021-01-04,COALINDIA,MACRO,PMI,0.8,1,1,0
2021-01-04,LT,MACRO,PMI,0.8,1,1,0
2021-01-04,ULTRACEMCO,MACRO,PMI,0.8,1,1,0
2021-01-04,GRASIM,MACRO,PMI,0.8,1,1,0
2021-01-04,ASIANPAINT,MACRO,PMI,0.8,1,1,0
2021-01-04,TITAN,MACRO,PMI,0.8,1,1,0
2021-01-08,TCS,STOCK,EARNINGS,1.0,1,1,0
2021-01-12,HDFCBANK,MACRO,CPI,0.8,1,1,0
2021-01-12,ICICIBANK,MACRO,CPI,0.8,1,1,0
2021-01-12,SBIN,MACRO,CPI,0.8,1,1,0
2021-01-12,AXISBANK,MACRO,CPI,0.8,1,1,0
2021-01-12,KOTAKBANK,MACRO,CPI,0.8,1,1,0
2021-01-12,BAJFINANCE,MACRO,CPI,0.8,1,1,0
2021-01-12,BAJAJFINSV,MACRO,CPI,0.8,1,1,0
2021-01-12,INDUSINDBK,MACRO,CPI,0.8,1,1,0
2021-01-12,TCS,MACRO,CPI,0.8,1,1,0
2021-01-12,INFY,MACRO,CPI,0.8,1,1,0
2021-01-12,HCLTECH,MACRO,CPI,0.8,1,1,0
2021-01-12,WIPRO,MACRO,CPI,0.8,1,1,0
2021-01-12,TECHM,MACRO,CPI,0.8,1,1,0
2021-01-12,RELIANCE,MACRO,CPI,0.8,1,1,0
2021-01-12,ONGC,MACRO,CPI,0.8,1,1,0
2021-01-12,NTPC,MACRO,CPI,0.8,1,1,0
2021-01-12,POWERGRID,MACRO,CPI,0.8,1,1,0
2021-01-12,BPCL,MACRO,CPI,0.8,1,1,0
2021-01-12,HINDUNILVR,MACRO,CPI,0.8,1,1,0
2021-01-12,ITC,MACRO,CPI,0.8,1,1,0
2021-01-12,NESTLEIND,MACRO,CPI,0.8,1,1,0
2021-01-12,BRITANNIA,MACRO,CPI,0.8,1,1,0
2021-01-12,MARUTI,MACRO,CPI,0.8,1,1,0
2021-01-12,M&M,MACRO,CPI,0.8,1,1,0
2021-01-12,BHARTIARTL,MACRO,CPI,0.8,1,1,0
2021-01-12,EICHERMOT,MACRO,CPI,0.8,1,1,0
2021-01-12,HEROMOTOCO,MACRO,CPI,0.8,1,1,0
2021-01-12,BAJAJ-AUTO,MACRO,CPI,0.8,1,1,0
2021-01-12,SUNPHARMA,MACRO,CPI,0.8,1,1,0
2021-01-12,CIPLA,MACRO,CPI,0.8,1,1,0
2021-01-12,DRREDDY,MACRO,CPI,0.8,1,1,0
2021-01-12,TATASTEEL,MACRO,CPI,0.8,1,1,0
2021-01-12,JSWSTEEL,MACRO,CPI,0.8,1,1,0
2021-01-12,HINDALCO,MACRO,CPI,0.8,1,1,0
2021-01-12,COALINDIA,MACRO,CPI,0.8,1,1,0
2021-01-12,LT,MACRO,CPI,0.8,1,1,0
2021-01-12,ULTRACEMCO,MACRO,CPI,0.8,1,1,0
2021-01-12,GRASIM,MACRO,CPI,0.8,1,1,0
2021-01-12,ASIANPAINT,MACRO,CPI,0.8,1,1,0
2021-01-12,TITAN,MACRO,CPI,0.8,1,1,0
2021-01-13,INFY,STOCK,EARNINGS,1.0,1,1,0
2021-01-13,WIPRO,STOCK,EARNINGS,1.0,1,1,0
2021-01-15,HCLTECH,STOCK,EARNINGS,1.0,1,1,0
2021-01-20,BAJFINANCE,STOCK,EARNINGS,1.0,1,1,0
2021-01-20,BAJAJFINSV,STOCK,EARNINGS,1.0,1,1,0
2021-01-21,BAJAJ-AUTO,STOCK,EARNINGS,1.0,1,1,0
2021-01-21,ASIANPAINT,STOCK,EARNINGS,1.0,1,1,0
2021-01-22,RELIANCE,STOCK,EARNINGS,1.0,1,1,0
2021-01-22,JSWSTEEL,STOCK,EARNINGS,1.0,1,1,0
2021-01-25,KOTAKBANK,STOCK,EARNINGS,1.0,1,1,0
2021-01-25,LT,STOCK,EARNINGS,1.0,1,1,0
2021-01-27,AXISBANK,STOCK,EARNINGS,1.0,1,1,0
2021-01-27,HINDUNILVR,STOCK,EARNINGS,1.0,1,1,0
2021-01-28,MARUTI,STOCK,EARNINGS,1.0,1,1,0
2021-01-29,INDUSINDBK,STOCK,EARNINGS,1.0,1,1,0
2021-01-29,SUNPHARMA,STOCK,EARNINGS,1.0,1,1,0
2021-01-29,CIPLA,STOCK,EARNINGS,1.0,1,1,0
2021-01-29,DRREDDY,STOCK,EARNINGS,1.0,1,1,0
2021-02-01,HDFCBANK,GOVT|MACRO,PMI|UNION_BUDGET,1.0,2,1,0
2021-02-01,ICICIBANK,GOVT|MACRO,PMI|UNION_BUDGET,1.0,2,1,0
2021-02-01,SBIN,GOVT|MACRO,PMI|UNION_BUDGET,1.0,2,1,0
2021-02-01,AXISBANK,GOVT|MACRO,PMI|UNION_BUDGET,1.0,2,1,0
2021-02-01,KOTAKBANK,GOVT|MACRO,PMI|UNION_BUDGET,1.0,2,1,0
2021-02-01,BAJFINANCE,GOVT|MACRO,PMI|UNION_BUDGET,1.0,2,1,0
2021-02-01,BAJAJFINSV,GOVT|MACRO,PMI|UNION_BUDGET,1.0,2,1,0
2021-02-01,INDUSINDBK,GOVT|MACRO,PMI|UNION_BUDGET,1.0,2,1,0
2021-02-01,TCS,GOVT|MACRO,PMI|UNION_BUDGET,1.0,2,1,0
2021-02-01,INFY,GOVT|MACRO,PMI|UNION_BUDGET,1.0,2,1,0
2021-02-01,HCLTECH,GOVT|MACRO,PMI|UNION_BUDGET,1.0,2,1,0
2021-02-01,WIPRO,GOVT|MACRO,PMI|UNION_BUDGET,1.0,2,1,0
2021-02-01,TECHM,GOVT|MACRO,PMI|UNION_BUDGET,1.0,2,1,0
2021-02-01,RELIANCE,GOVT|MACRO,PMI|UNION_BUDGET,1.0,2,1,0
2021-02-01,ONGC,GOVT|MACRO,PMI|UNION_BUDGET,1.0,2,1,0
2021-02-01,NTPC,GOVT|MACRO,PMI|UNION_BUDGET,1.0,2,1,0
2021-02-01,POWERGRID,GOVT|MACRO,PMI|UNION_BUDGET,1.0,2,1,0
2021-02-01,BPCL,GOVT|MACRO,PMI|UNION_BUDGET,1.0,2,1,0
2021-02-01,HINDUNILVR,GOVT|MACRO,PMI|UNION_BUDGET,1.0,2,1,0
2021-02-01,ITC,GOVT|MACRO,PMI|UNION_BUDGET,1.0,2,1,0
2021-02-01,NESTLEIND,GOVT|MACRO,PMI|UNION_BUDGET,1.0,2,1,0
2021-02-01,BRITANNIA,GOVT|MACRO,PMI|UNION_BUDGET,1.0,2,1,0
2021-02-01,MARUTI,GOVT|MACRO,PMI|UNION_BUDGET,1.0,2,1,0
2021-02-01,M&M,GOVT|MACRO,PMI|UNION_BUDGET,1.0,2,1,0
2021-02-01,BHARTIARTL,GOVT|MACRO,PMI|UNION_BUDGET,1.0,2,1,0
2021-02-01,EICHERMOT,GOVT|MACRO,PMI|UNION_BUDGET,1.0,2,1,0
2021-02-01,HEROMOTOCO,GOVT|MACRO,PMI|UNION_BUDGET,1.0,2,1,0
2021-02-01,BAJAJ-AUTO,GOVT|MACRO,PMI|UNION_BUDGET,1.0,2,1,0
2021-02-01,SUNPHARMA,GOVT|MACRO,PMI|UNION_BUDGET,1.0,2,1,0
2021-02-01,CIPLA,GOVT|MACRO,PMI|UNION_BUDGET,1.0,2,1,0
2021-02-01,DRREDDY,GOVT|MACRO,PMI|UNION_BUDGET,1.0,2,1,0
2021-02-01,TATASTEEL,GOVT|MACRO,PMI|UNION_BUDGET,1.0,2,1,0
2021-02-01,JSWSTEEL,GOVT|MACRO,PMI|UNION_BUDGET,1.0,2,1,0
2021-02-01,HINDALCO,GOVT|MACRO,PMI|UNION_BUDGET,1.0,2,1,0
2021-02-01,COALINDIA,GOVT|MACRO,PMI|UNION_BUDGET,1.0,2,1,0
2021-02-01,LT,GOVT|MACRO,PMI|UNION_BUDGET,1.0,2,1,0
2021-02-01,ULTRACEMCO,GOVT|MACRO,PMI|UNION_BUDGET,1.0,2,1,0
2021-02-01,GRASIM,GOVT|MACRO,PMI|UNION_BUDGET,1.0,2,1,0
2021-02-01,ASIANPAINT,GOVT|MACRO,PMI|UNION_BUDGET,1.0,2,1,0
2021-02-01,TITAN,GOVT|MACRO,PMI|UNION_BUDGET,1.0,2,1,0
2021-02-03,BHARTIARTL,STOCK,EARNINGS,1.0,1,1,0
2021-02-04,SBIN,STOCK,EARNINGS,1.0,1,1,0
2021-02-04,NTPC,STOCK,EARNINGS,1.0,1,1,0
2021-02-04,HEROMOTOCO,STOCK,DIVIDEND|EARNINGS,1.0,2,1,0
2021-02-05,HDFCBANK,GOVT,RBI_POLICY,1.0,1,1,0
2021-02-05,ICICIBANK,GOVT,RBI_POLICY,1.0,1,1,0
2021-02-05,SBIN,GOVT,RBI_POLICY,1.0,1,1,0
2021-02-05,AXISBANK,GOVT,RBI_POLICY,1.0,1,1,0
2021-02-05,KOTAKBANK,GOVT,RBI_POLICY,1.0,1,1,0
2021-02-05,BAJFINANCE,GOVT,RBI_POLICY,1.0,1,1,0
2021-02-05,BAJAJFINSV,GOVT,RBI_POLICY,1.0,1,1,0
2021-02-05,INDUSINDBK,GOVT,RBI_POLICY,1.0,1,1,0
2021-02-05,TCS,GOVT,RBI_POLICY,1.0,1,1,0
2021-02-05,INFY,GOVT,RBI_POLICY,1.0,1,1,0
2021-02-05,HCLTECH,GOVT,RBI_POLICY,1.0,1,1,0
2021-02-05,WIPRO,GOVT,RBI_POLICY,1.0,1,1,0
2021-02-05,TECHM,GOVT,RBI_POLICY,1.0,1,1,0
2021-02-05,RELIANCE,GOVT,RBI_POLICY,1.0,1,1,0
2021-02-05,ONGC,GOVT,RBI_POLICY,1.0,1,1,0
2021-02-05,NTPC,GOVT,RBI_POLICY,1.0,1,1,0
2021-02-05,POWERGRID,GOVT,RBI_POLICY,1.0,1,1,0
2021-02-05,BPCL,GOVT,RBI_POLICY,1.0,1,1,0
2021-02-05,HINDUNILVR,GOVT,RBI_POLICY,1.0,1,1,0
2021-02-05,ITC,GOVT,RBI_POLICY,1.0,1,1,0
2021-02-05,NESTLEIND,GOVT,RBI_POLICY,1.0,1,1,0
2021-02-05,BRITANNIA,GOVT|STOCK,EARNINGS|RBI_POLICY,1.0,2,1,0
2021-02-05,MARUTI,GOVT,RBI_POLICY,1.0,1,1,0
2021-02-05,M&M,GOVT|STOCK,EARNINGS|RBI_POLICY,1.0,2,1,0
2021-02-05,BHARTIARTL,GOVT,RBI_POLICY,1.0,1,1,0
2021-02-05,EICHERMOT,GOVT,RBI_POLICY,1.0,1,1,0
2021-02-05,HEROMOTOCO,GOVT,RBI_POLICY,1.0,1,1,0
2021-02-05,BAJAJ-AUTO,GOVT,RBI_POLICY,1.0,1,1,0
2021-02-05,SUNPHARMA,GOVT,RBI_POLICY,1.0,1,1,0
2021-02-05,CIPLA,GOVT,RBI_POLICY,1.0,1,1,0
2021-02-05,DRREDDY,GOVT,RBI_POLICY,1.0,1,1,0
2021-02-05,TATASTEEL,GOVT,RBI_POLICY,1.0,1,1,0
2021-02-05,JSWSTEEL,GOVT,RBI_POLICY,1.0,1,1,0
2021-02-05,HINDALCO,GOVT,RBI_POLICY,1.0,1,1,0
2021-02-05,COALINDIA,GOVT,RBI_POLICY,1.0,1,1,0
2021-02-05,LT,GOVT,RBI_POLICY,1.0,1,1,0
2021-02-05,ULTRACEMCO,GOVT,RBI_POLICY,1.0,1,1,0
2021-02-05,GRASIM,GOVT,RBI_POLICY,1.0,1,1,0
2021-02-05,ASIANPAINT,GOVT,RBI_POLICY,1.0,1,1,0
2021-02-05,TITAN,GOVT,RBI_POLICY,1.0,1,1,0
2021-02-08,BPCL,STOCK,EARNINGS,1.0,1,1,0
2021-02-09,TATASTEEL,STOCK,EARNINGS,1.0,1,1,0
2021-02-10,EICHERMOT,STOCK,EARNINGS,1.0,1,1,0
2021-02-10,HINDALCO,STOCK,EARNINGS,1.0,1,1,0
2021-02-10,TITAN,STOCK,EARNINGS,1.0,1,1,0
2021-02-11,POWERGRID,STOCK,EARNINGS,1.0,1,1,0
2021-02-11,ITC,STOCK,DIVIDEND|EARNINGS,1.0,2,1,0
2021-02-11,COALINDIA,STOCK,EARNINGS,1.0,1,1,0
2021-02-12,HDFCBANK,MACRO,CPI,0.8,1,1,0
2021-02-12,ICICIBANK,MACRO,CPI,0.8,1,1,0
2021-02-12,SBIN,MACRO,CPI,0.8,1,1,0
2021-02-12,AXISBANK,MACRO,CPI,0.8,1,1,0
2021-02-12,KOTAKBANK,MACRO,CPI,0.8,1,1,0
2021-02-12,BAJFINANCE,MACRO,CPI,0.8,1,1,0
2021-02-12,BAJAJFINSV,MACRO,CPI,0.8,1,1,0
2021-02-12,INDUSINDBK,MACRO,CPI,0.8,1,1,0
2021-02-12,TCS,MACRO,CPI,0.8,1,1,0
2021-02-12,INFY,MACRO,CPI,0.8,1,1,0
2021-02-12,HCLTECH,MACRO,CPI,0.8,1,1,0
2021-02-12,WIPRO,MACRO,CPI,0.8,1,1,0
2021-02-12,TECHM,MACRO,CPI,0.8,1,1,0
2021-02-12,RELIANCE,MACRO,CPI,0.8,1,1,0
2021-02-12,ONGC,MACRO|STOCK,CPI|EARNINGS,1.0,2,1,0
2021-02-12,NTPC,MACRO,CPI,0.8,1,1,0
2021-02-12,POWERGRID,MACRO,CPI,0.8,1,1,0
2021-02-12,BPCL,MACRO,CPI,0.8,1,1,0
2021-02-12,HINDUNILVR,MACRO,CPI,0.8,1,1,0
2021-02-12,ITC,MACRO,CPI,0.8,1,1,0
2021-02-12,NESTLEIND,MACRO,CPI,0.8,1,1,0
2021-02-12,BRITANNIA,MACRO,CPI,0.8,1,1,0
2021-02-12,MARUTI,MACRO,CPI,0.8,1,1,0
2021-02-12,M&M,MACRO,CPI,0.8,1,1,0
2021-02-12,BHARTIARTL,MACRO,CPI,0.8,1,1,0
2021-02-12,EICHERMOT,MACRO,CPI,0.8,1,1,0
2021-02-12,HEROMOTOCO,MACRO,CPI,0.8,1,1,0
2021-02-12,BAJAJ-AUTO,MACRO,CPI,0.8,1,1,0
2021-02-12,SUNPHARMA,MACRO,CPI,0.8,1,1,0
2021-02-12,CIPLA,MACRO,CPI,0.8,1,1,0
2021-02-12,DRREDDY,MACRO,CPI,0.8,1,1,0
2021-02-12,TATASTEEL,MACRO,CPI,0.8,1,1,0
2021-02-12,JSWSTEEL,MACRO,CPI,0.8,1,1,0
2021-02-12,HINDALCO,MACRO,CPI,0.8,1,1,0
2021-02-12,COALINDIA,MACRO,CPI,0.8,1,1,0
2021-02-12,LT,MACRO,CPI,0.8,1,1,0
2021-02-12,ULTRACEMCO,MACRO,CPI,0.8,1,1,0
2021-02-12,GRASIM,MACRO|STOCK,CPI|EARNINGS,1.0,2,1,0
2021-02-12,ASIANPAINT,MACRO,CPI,0.8,1,1,0
2021-02-12,TITAN,MACRO,CPI,0.8,1,1,0
2021-02-26,HDFCBANK,MACRO,GDP,0.9,1,1,0
2021-02-26,ICICIBANK,MACRO,GDP,0.9,1,1,0
2021-02-26,SBIN,MACRO,GDP,0.9,1,1,0
2021-02-26,AXISBANK,MACRO,GDP,0.9,1,1,0
2021-02-26,KOTAKBANK,MACRO,GDP,0.9,1,1,0
2021-02-26,BAJFINANCE,MACRO,GDP,0.9,1,1,0
2021-02-26,BAJAJFINSV,MACRO,GDP,0.9,1,1,0
2021-02-26,INDUSINDBK,MACRO,GDP,0.9,1,1,0
2021-02-26,TCS,MACRO,GDP,0.9,1,1,0
2021-02-26,INFY,MACRO,GDP,0.9,1,1,0
2021-02-26,HCLTECH,MACRO,GDP,0.9,1,1,0
2021-02-26,WIPRO,MACRO,GDP,0.9,1,1,0
2021-02-26,TECHM,MACRO,GDP,0.9,1,1,0
2021-02-26,RELIANCE,MACRO,GDP,0.9,1,1,0
2021-02-26,ONGC,MACRO,GDP,0.9,1,1,0
2021-02-26,NTPC,MACRO,GDP,0.9,1,1,0
2021-02-26,POWERGRID,MACRO,GDP,0.9,1,1,0
2021-02-26,BPCL,MACRO,GDP,0.9,1,1,0
2021-02-26,HINDUNILVR,MACRO,GDP,0.9,1,1,0
2021-02-26,ITC,MACRO,GDP,0.9,1,1,0
2021-02-26,NESTLEIND,MACRO,GDP,0.9,1,1,0
2021-02-26,BRITANNIA,MACRO,GDP,0.9,1,1,0
2021-02-26,MARUTI,MACRO,GDP,0.9,1,1,0
2021-02-26,M&M,MACRO,GDP,0.9,1,1,0
2021-02-26,BHARTIARTL,MACRO,GDP,0.9,1,1,0
2021-02-26,EICHERMOT,MACRO,GDP,0.9,1,1,0
2021-02-26,HEROMOTOCO,MACRO,GDP,0.9,1,1,0
2021-02-26,BAJAJ-AUTO,MACRO,GDP,0.9,1,1,0
2021-02-26,SUNPHARMA,MACRO,GDP,0.9,1,1,0
2021-02-26,CIPLA,MACRO,GDP,0.9,1,1,0
2021-02-26,DRREDDY,MACRO,GDP,0.9,1,1,0
2021-02-26,TATASTEEL,MACRO,GDP,0.9,1,1,0
2021-02-26,JSWSTEEL,MACRO,GDP,0.9,1,1,0
2021-02-26,HINDALCO,MACRO,GDP,0.9,1,1,0
2021-02-26,COALINDIA,MACRO,GDP,0.9,1,1,0
2021-02-26,LT,MACRO,GDP,0.9,1,1,0
2021-02-26,ULTRACEMCO,MACRO,GDP,0.9,1,1,0
2021-02-26,GRASIM,MACRO,GDP,0.9,1,1,0
2021-02-26,ASIANPAINT,MACRO,GDP,0.9,1,1,0
2021-02-26,TITAN,MACRO,GDP,0.9,1,1,0
2021-03-01,HDFCBANK,MACRO,PMI,0.8,1,1,0
2021-03-01,ICICIBANK,MACRO,PMI,0.8,1,1,0
2021-03-01,SBIN,MACRO,PMI,0.8,1,1,0
2021-03-01,AXISBANK,MACRO,PMI,0.8,1,1,0
2021-03-01,KOTAKBANK,MACRO,PMI,0.8,1,1,0
2021-03-01,BAJFINANCE,MACRO,PMI,0.8,1,1,0
2021-03-01,BAJAJFINSV,MACRO,PMI,0.8,1,1,0
2021-03-01,INDUSINDBK,MACRO,PMI,0.8,1,1,0
2021-03-01,TCS,MACRO,PMI,0.8,1,1,0
2021-03-01,INFY,MACRO,PMI,0.8,1,1,0
2021-03-01,HCLTECH,MACRO,PMI,0.8,1,1,0
2021-03-01,WIPRO,MACRO,PMI,0.8,1,1,0
2021-03-01,TECHM,MACRO,PMI,0.8,1,1,0
2021-03-01,RELIANCE,MACRO,PMI,0.8,1,1,0
2021-03-01,ONGC,MACRO,PMI,0.8,1,1,0
2021-03-01,NTPC,MACRO,PMI,0.8,1,1,0
2021-03-01,POWERGRID,MACRO|STOCK,DIVIDEND|PMI,0.8,2,1,0
2021-03-01,BPCL,MACRO,PMI,0.8,1,1,0
2021-03-01,HINDUNILVR,MACRO,PMI,0.8,1,1,0
2021-03-01,ITC,MACRO,PMI,0.8,1,1,0
2021-03-01,NESTLEIND,MACRO,PMI,0.8,1,1,0
2021-03-01,BRITANNIA,MACRO,PMI,0.8,1,1,0
2021-03-01,MARUTI,MACRO,PMI,0.8,1,1,0
2021-03-01,M&M,MACRO,PMI,0.8,1,1,0
2021-03-01,BHARTIARTL,MACRO,PMI,0.8,1,1,0
2021-03-01,EICHERMOT,MACRO,PMI,0.8,1,1,0
2021-03-01,HEROMOTOCO,MACRO,PMI,0.8,1,1,0
2021-03-01,BAJAJ-AUTO,MACRO,PMI,0.8,1,1,0
2021-03-01,SUNPHARMA,MACRO,PMI,0.8,1,1,0
2021-03-01,CIPLA,MACRO,PMI,0.8,1,1,0
2021-03-01,DRREDDY,MACRO,PMI,0.8,1,1,0
2021-03-01,TATASTEEL,MACRO,PMI,0.8,1,1,0
2021-03-01,JSWSTEEL,MACRO,PMI,0.8,1,1,0
2021-03-01,HINDALCO,MACRO,PMI,0.8,1,1,0
2021-03-01,COALINDIA,MACRO,PMI,0.8,1,1,0
2021-03-01,LT,MACRO,PMI,0.8,1,1,0
2021-03-01,ULTRACEMCO,MACRO,PMI,0.8,1,1,0
2021-03-01,GRASIM,MACRO,PMI,0.8,1,1,0
2021-03-01,ASIANPAINT,MACRO,PMI,0.8,1,1,0
2021-03-01,TITAN,MACRO,PMI,0.8,1,1,0
2021-03-05,COALINDIA,STOCK,DIVIDEND,0.7,1,1,0
2021-03-12,HDFCBANK,MACRO,CPI,0.8,1,1,0
2021-03-12,ICICIBANK,MACRO,CPI,0.8,1,1,0
2021-03-12,SBIN,MACRO,CPI,0.8,1,1,0
2021-03-12,AXISBANK,MACRO,CPI,0.8,1,1,0
2021-03-12,KOTAKBANK,MACRO|STOCK,CPI|DIVIDEND,0.8,2,1,0
2021-03-12,BAJFINANCE,MACRO,CPI,0.8,1,1,0
2021-03-12,BAJAJFINSV,MACRO,CPI,0.8,1,1,0
2021-03-12,INDUSINDBK,MACRO,CPI,0.8,1,1,0
2021-03-12,TCS,MACRO,CPI,0.8,1,1,0
2021-03-12,INFY,MACRO,CPI,0.8,1,1,0
2021-03-12,HCLTECH,MACRO,CPI,0.8,1,1,0
2021-03-12,WIPRO,MACRO,CPI,0.8,1,1,0
2021-03-12,TECHM,MACRO,CPI,0.8,1,1,0
2021-03-12,RELIANCE,MACRO,CPI,0.8,1,1,0
2021-03-12,ONGC,MACRO,CPI,0.8,1,1,0
2021-03-12,NTPC,MACRO,CPI,0.8,1,1,0
2021-03-12,POWERGRID,MACRO,CPI,0.8,1,1,0
2021-03-12,BPCL,MACRO,CPI,0.8,1,1,0
2021-03-12,HINDUNILVR,MACRO,CPI,0.8,1,1,0
2021-03-12,ITC,MACRO,CPI,0.8,1,1,0
2021-03-12,NESTLEIND,MACRO,CPI,0.8,1,1,0
2021-03-12,BRITANNIA,MACRO,CPI,0.8,1,1,0
2021-03-12,MARUTI,MACRO,CPI,0.8,1,1,0
2021-03-12,M&M,MACRO,CPI,0.8,1,1,0
2021-03-12,BHARTIARTL,MACRO,CPI,0.8,1,1,0
2021-03-12,EICHERMOT,MACRO,CPI,0.8,1,1,0
2021-03-12,HEROMOTOCO,MACRO,CPI,0.8,1,1,0
2021-03-12,BAJAJ-AUTO,MACRO,CPI,0.8,1,1,0
2021-03-12,SUNPHARMA,MACRO,CPI,0.8,1,1,0
2021-03-12,CIPLA,MACRO,CPI,0.8,1,1,0
2021-03-12,DRREDDY,MACRO,CPI,0.8,1,1,0
2021-03-12,TATASTEEL,MACRO,CPI,0.8,1,1,0
2021-03-12,JSWSTEEL,MACRO,CPI,0.8,1,1,0
2021-03-12,HINDALCO,MACRO,CPI,0.8,1,1,0
2021-03-12,COALINDIA,MACRO,CPI,0.8,1,1,0
2021-03-12,LT,MACRO,CPI,0.8,1,1,0
2021-03-12,ULTRACEMCO,MACRO,CPI,0.8,1,1,0
2021-03-12,GRASIM,MACRO,CPI,0.8,1,1,0
2021-03-12,ASIANPAINT,MACRO,CPI,0.8,1,1,0
2021-03-12,TITAN,MACRO,CPI,0.8,1,1,0
2021-03-16,BPCL,STOCK,DIVIDEND,0.7,1,1,0
2021-04-01,HDFCBANK,MACRO,PMI,0.8,1,1,0
2021-04-01,ICICIBANK,MACRO,PMI,0.8,1,1,0
2021-04-01,SBIN,MACRO,PMI,0.8,1,1,0
2021-04-01,AXISBANK,MACRO,PMI,0.8,1,1,0
2021-04-01,KOTAKBANK,MACRO,PMI,0.8,1,1,0
2021-04-01,BAJFINANCE,MACRO,PMI,0.8,1,1,0
2021-04-01,BAJAJFINSV,MACRO,PMI,0.8,1,1,0
2021-04-01,INDUSINDBK,MACRO,PMI,0.8,1,1,0
2021-04-01,TCS,MACRO,PMI,0.8,1,1,0
2021-04-01,INFY,MACRO,PMI,0.8,1,1,0
2021-04-01,HCLTECH,MACRO,PMI,0.8,1,1,0
2021-04-01,WIPRO,MACRO,PMI,0.8,1,1,0
2021-04-01,TECHM,MACRO,PMI,0.8,1,1,0
2021-04-01,RELIANCE,MACRO,PMI,0.8,1,1,0
2021-04-01,ONGC,MACRO,PMI,0.8,1,1,0
2021-04-01,NTPC,MACRO,PMI,0.8,1,1,0
2021-04-01,POWERGRID,MACRO,PMI,0.8,1,1,0
2021-04-01,BPCL,MACRO,PMI,0.8,1,1,0
2021-04-01,HINDUNILVR,MACRO,PMI,0.8,1,1,0
2021-04-01,ITC,MACRO,PMI,0.8,1,1,0
2021-04-01,NESTLEIND,MACRO,PMI,0.8,1,1,0
2021-04-01,BRITANNIA,MACRO,PMI,0.8,1,1,0
2021-04-01,MARUTI,MACRO,PMI,0.8,1,1,0
2021-04-01,M&M,MACRO,PMI,0.8,1,1,0
2021-04-01,BHARTIARTL,MACRO,PMI,0.8,1,1,0
2021-04-01,EICHERMOT,MACRO,PMI,0.8,1,1,0
2021-04-01,HEROMOTOCO,MACRO,PMI,0.8,1,1,0
2021-04-01,BAJAJ-AUTO,MACRO,PMI,0.8,1,1,0
2021-04-01,SUNPHARMA,MACRO,PMI,0.8,1,1,0
2021-04-01,CIPLA,MACRO,PMI,0.8,1,1,0
2021-04-01,DRREDDY,MACRO,PMI,0.8,1,1,0
2021-04-01,TATASTEEL,MACRO,PMI,0.8,1,1,0
2021-04-01,JSWSTEEL,MACRO,PMI,0.8,1,1,0
2021-04-01,HINDALCO,MACRO,PMI,0.8,1,1,0
2021-04-01,COALINDIA,MACRO,PMI,0.8,1,1,0
2021-04-01,LT,MACRO,PMI,0.8,1,1,0
2021-04-01,ULTRACEMCO,MACRO,PMI,0.8,1,1,0
2021-04-01,GRASIM,MACRO,PMI,0.8,1,1,0
2021-04-01,ASIANPAINT,MACRO,PMI,0.8,1,1,0
2021-04-01,TITAN,MACRO,PMI,0.8,1,1,0
2021-04-02,BRITANNIA,STOCK,DIVIDEND,0.7,1,1,0
2021-04-07,HDFCBANK,GOVT,RBI_POLICY,1.0,1,1,0
2021-04-07,ICICIBANK,GOVT,RBI_POLICY,1.0,1,1,0
2021-04-07,SBIN,GOVT,RBI_POLICY,1.0,1,1,0
2021-04-07,AXISBANK,GOVT,RBI_POLICY,1.0,1,1,0
2021-04-07,KOTAKBANK,GOVT,RBI_POLICY,1.0,1,1,0
2021-04-07,BAJFINANCE,GOVT,RBI_POLICY,1.0,1,1,0
2021-04-07,BAJAJFINSV,GOVT,RBI_POLICY,1.0,1,1,0
2021-04-07,INDUSINDBK,GOVT,RBI_POLICY,1.0,1,1,0
2021-04-07,TCS,GOVT,RBI_POLICY,1.0,1,1,0
2021-04-07,INFY,GOVT,RBI_POLICY,1.0,1,1,0
2021-04-07,HCLTECH,GOVT,RBI_POLICY,1.0,1,1,0
2021-04-07,WIPRO,GOVT,RBI_POLICY,1.0,1,1,0
2021-04-07,TECHM,GOVT,RBI_POLICY,1.0,1,1,0
2021-04-07,RELIANCE,GOVT,RBI_POLICY,1.0,1,1,0
2021-04-07,ONGC,GOVT,RBI_POLICY,1.0,1,1,0
2021-04-07,NTPC,GOVT,RBI_POLICY,1.0,1,1,0
2021-04-07,POWERGRID,GOVT,RBI_POLICY,1.0,1,1,0
2021-04-07,BPCL,GOVT,RBI_POLICY,1.0,1,1,0
2021-04-07,HINDUNILVR,GOVT,RBI_POLICY,1.0,1,1,0
2021-04-07,ITC,GOVT,RBI_POLICY,1.0,1,1,0
2021-04-07,NESTLEIND,GOVT,RBI_POLICY,1.0,1,1,0
2021-04-07,BRITANNIA,GOVT,RBI_POLICY,1.0,1,1,0
2021-04-07,MARUTI,GOVT,RBI_POLICY,1.0,1,1,0
2021-04-07,M&M,GOVT,RBI_POLICY,1.0,1,1,0
2021-04-07,BHARTIARTL,GOVT,RBI_POLICY,1.0,1,1,0
2021-04-07,EICHERMOT,GOVT,RBI_POLICY,1.0,1,1,0
2021-04-07,HEROMOTOCO,GOVT,RBI_POLICY,1.0,1,1,0
2021-04-07,BAJAJ-AUTO,GOVT,RBI_POLICY,1.0,1,1,0
2021-04-07,SUNPHARMA,GOVT,RBI_POLICY,1.0,1,1,0
2021-04-07,CIPLA,GOVT,RBI_POLICY,1.0,1,1,0
2021-04-07,DRREDDY,GOVT,RBI_POLICY,1.0,1,1,0
2021-04-07,TATASTEEL,GOVT,RBI_POLICY,1.0,1,1,0
2021-04-07,JSWSTEEL,GOVT,RBI_POLICY,1.0,1,1,0
2021-04-07,HINDALCO,GOVT,RBI_POLICY,1.0,1,1,0
2021-04-07,COALINDIA,GOVT,RBI_POLICY,1.0,1,1,0
2021-04-07,LT,GOVT,RBI_POLICY,1.0,1,1,0
2021-04-07,ULTRACEMCO,GOVT,RBI_POLICY,1.0,1,1,0
2021-04-07,GRASIM,GOVT,RBI_POLICY,1.0,1,1,0
2021-04-07,ASIANPAINT,GOVT,RBI_POLICY,1.0,1,1,0
2021-04-07,TITAN,GOVT,RBI_POLICY,1.0,1,1,0
2021-04-12,HDFCBANK,MACRO,CPI,0.8,1,1,0
2021-04-12,ICICIBANK,MACRO,CPI,0.8,1,1,0
2021-04-12,SBIN,MACRO,CPI,0.8,1,1,0
2021-04-12,AXISBANK,MACRO,CPI,0.8,1,1,0
2021-04-12,KOTAKBANK,MACRO,CPI,0.8,1,1,0
2021-04-12,BAJFINANCE,MACRO,CPI,0.8,1,1,0
2021-04-12,BAJAJFINSV,MACRO,CPI,0.8,1,1,0
2021-04-12,INDUSINDBK,MACRO,CPI,0.8,1,1,0
2021-04-12,TCS,MACRO|STOCK,CPI|EARNINGS,1.0,2,1,0
2021-04-12,INFY,MACRO,CPI,0.8,1,1,0
2021-04-12,HCLTECH,MACRO,CPI,0.8,1,1,0
2021-04-12,WIPRO,MACRO,CPI,0.8,1,1,0
2021-04-12,TECHM,MACRO,CPI,0.8,1,1,0
2021-04-12,RELIANCE,MACRO,CPI,0.8,1,1,0
2021-04-12,ONGC,MACRO,CPI,0.8,1,1,0
2021-04-12,NTPC,MACRO,CPI,0.8,1,1,0
2021-04-12,POWERGRID,MACRO,CPI,0.8,1,1,0
2021-04-12,BPCL,MACRO,CPI,0.8,1,1,0
2021-04-12,HINDUNILVR,MACRO,CPI,0.8,1,1,0
2021-04-12,ITC,MACRO,CPI,0.8,1,1,0
2021-04-12,NESTLEIND,MACRO,CPI,0.8,1,1,0
2021-04-12,BRITANNIA,MACRO,CPI,0.8,1,1,0
2021-04-12,MARUTI,MACRO,CPI,0.8,1,1,0
2021-04-12,M&M,MACRO,CPI,0.8,1,1,0
2021-04-12,BHARTIARTL,MACRO,CPI,0.8,1,1,0
2021-04-12,EICHERMOT,MACRO,CPI,0.8,1,1,0
2021-04-12,HEROMOTOCO,MACRO,CPI,0.8,1,1,0
2021-04-12,BAJAJ-AUTO,MACRO,CPI,0.8,1,1,0
2021-04-12,SUNPHARMA,MACRO,CPI,0.8,1,1,0
2021-04-12,CIPLA,MACRO,CPI,0.8,1,1,0
2021-04-12,DRREDDY,MACRO,CPI,0.8,1,1,0
2021-04-12,TATASTEEL,MACRO,CPI,0.8,1,1,0
2021-04-12,JSWSTEEL,MACRO,CPI,0.8,1,1,0
2021-04-12,HINDALCO,MACRO,CPI,0.8,1,1,0
2021-04-12,COALINDIA,MACRO,CPI,0.8,1,1,0
2021-04-12,LT,MACRO,CPI,0.8,1,1,0
2021-04-12,ULTRACEMCO,MACRO,CPI,0.8,1,1,0
2021-04-12,GRASIM,MACRO,CPI,0.8,1,1,0
2021-04-12,ASIANPAINT,MACRO,CPI,0.8,1,1,0
2021-04-12,TITAN,MACRO,CPI,0.8,1,1,0
2021-04-14,INFY,STOCK,EARNINGS,1.0,1,1,0
2021-04-15,WIPRO,STOCK,EARNINGS,1.0,1,1,0
2021-04-23,HCLTECH,STOCK,EARNINGS,1.0,1,1,0
2021-04-26,TECHM,STOCK,EARNINGS,1.0,1,1,0
2021-04-27,AXISBANK,STOCK,EARNINGS,1.0,1,1,0
2021-04-27,BAJFINANCE,STOCK,EARNINGS,1.0,1,1,0
2021-04-27,BRITANNIA,STOCK,EARNINGS,1.0,1,1,0
2021-04-27,MARUTI,STOCK,EARNINGS,1.0,1,1,0
2021-04-28,BAJAJFINSV,STOCK,DIVIDEND|EARNINGS,1.0,2,1,0
2021-04-29,HINDUNILVR,STOCK,EARNINGS,1.0,1,1,0
2021-04-29,BAJAJ-AUTO,STOCK,EARNINGS,1.0,1,1,0
2021-04-29,TITAN,STOCK,EARNINGS,1.0,1,1,0
2021-04-30,INDUSINDBK,STOCK,DIVIDEND|EARNINGS,1.0,2,1,0
2021-04-30,RELIANCE,STOCK,EARNINGS,1.0,1,1,0
2021-05-03,HDFCBANK,MACRO,PMI,0.8,1,1,0
2021-05-03,ICICIBANK,MACRO,PMI,0.8,1,1,0
2021-05-03,SBIN,MACRO,PMI,0.8,1,1,0
2021-05-03,AXISBANK,MACRO,PMI,0.8,1,1,0
2021-05-03,KOTAKBANK,MACRO|STOCK,EARNINGS|PMI,1.0,2,1,0
2021-05-03,BAJFINANCE,MACRO,PMI,0.8,1,1,0
2021-05-03,BAJAJFINSV,MACRO,PMI,0.8,1,1,0
2021-05-03,INDUSINDBK,MACRO,PMI,0.8,1,1,0
2021-05-03,TCS,MACRO,PMI,0.8,1,1,0
2021-05-03,INFY,MACRO,PMI,0.8,1,1,0
2021-05-03,HCLTECH,MACRO,PMI,0.8,1,1,0
2021-05-03,WIPRO,MACRO,PMI,0.8,1,1,0
2021-05-03,TECHM,MACRO,PMI,0.8,1,1,0
2021-05-03,RELIANCE,MACRO,PMI,0.8,1,1,0
2021-05-03,ONGC,MACRO,PMI,0.8,1,1,0
2021-05-03,NTPC,MACRO,PMI,0.8,1,1,0
2021-05-03,POWERGRID,MACRO,PMI,0.8,1,1,0
2021-05-03,BPCL,MACRO,PMI,0.8,1,1,0
2021-05-03,HINDUNILVR,MACRO,PMI,0.8,1,1,0
2021-05-03,ITC,MACRO,PMI,0.8,1,1,0
2021-05-03,NESTLEIND,MACRO,PMI,0.8,1,1,0
2021-05-03,BRITANNIA,MACRO,PMI,0.8,1,1,0
2021-05-03,MARUTI,MACRO,PMI,0.8,1,1,0
2021-05-03,M&M,MACRO,PMI,0.8,1,1,0
2021-05-03,BHARTIARTL,MACRO,PMI,0.8,1,1,0
2021-05-03,EICHERMOT,MACRO,PMI,0.8,1,1,0
2021-05-03,HEROMOTOCO,MACRO,PMI,0.8,1,1,0
2021-05-03,BAJAJ-AUTO,MACRO,PMI,0.8,1,1,0
2021-05-03,SUNPHARMA,MACRO,PMI,0.8,1,1,0
2021-05-03,CIPLA,MACRO,PMI,0.8,1,1,0
2021-05-03,DRREDDY,MACRO,PMI,0.8,1,1,0
2021-05-03,TATASTEEL,MACRO,PMI,0.8,1,1,0
2021-05-03,JSWSTEEL,MACRO,PMI,0.8,1,1,0
2021-05-03,HINDALCO,MACRO,PMI,0.8,1,1,0
2021-05-03,COALINDIA,MACRO,PMI,0.8,1,1,0
2021-05-03,LT,MACRO,PMI,0.8,1,1,0
2021-05-03,ULTRACEMCO,MACRO,PMI,0.8,1,1,0
2021-05-03,GRASIM,MACRO,PMI,0.8,1,1,0
2021-05-03,ASIANPAINT,MACRO,PMI,0.8,1,1,0
2021-05-03,TITAN,MACRO,PMI,0.8,1,1,0
2021-05-05,TATASTEEL,STOCK,EARNINGS,1.0,1,1,0
2021-05-06,HEROMOTOCO,STOCK,EARNINGS,1.0,1,1,0
2021-05-07,ULTRACEMCO,STOCK,EARNINGS,1.0,1,1,0
2021-05-12,HDFCBANK,MACRO,CPI,0.8,1,1,0
2021-05-12,ICICIBANK,MACRO,CPI,0.8,1,1,0
2021-05-12,SBIN,MACRO,CPI,0.8,1,1,0
2021-05-12,AXISBANK,MACRO,CPI,0.8,1,1,0
2021-05-12,KOTAKBANK,MACRO,CPI,0.8,1,1,0
2021-05-12,BAJFINANCE,MACRO,CPI,0.8,1,1,0
2021-05-12,BAJAJFINSV,MACRO,CPI,0.8,1,1,0
2021-05-12,INDUSINDBK,MACRO,CPI,0.8,1,1,0
2021-05-12,TCS,MACRO,CPI,0.8,1,1,0
2021-05-12,INFY,MACRO,CPI,0.8,1,1,0
2021-05-12,HCLTECH,MACRO,CPI,0.8,1,1,0
2021-05-12,WIPRO,MACRO,CPI,0.8,1,1,0
2021-05-12,TECHM,MACRO,CPI,0.8,1,1,0
2021-05-12,RELIANCE,MACRO,CPI,0.8,1,1,0
2021-05-12,ONGC,MACRO,CPI,0.8,1,1,0
2021-05-12,NTPC,MACRO,CPI,0.8,1,1,0
2021-05-12,POWERGRID,MACRO,CPI,0.8,1,1,0
2021-05-12,BPCL,MACRO,CPI,0.8,1,1,0
2021-05-12,HINDUNILVR,MACRO,CPI,0.8,1,1,0
2021-05-12,ITC,MACRO,CPI,0.8,1,1,0
2021-05-12,NESTLEIND,MACRO,CPI,0.8,1,1,0
2021-05-12,BRITANNIA,MACRO,CPI,0.8,1,1,0
2021-05-12,MARUTI,MACRO,CPI,0.8,1,1,0
2021-05-12,M&M,MACRO,CPI,0.8,1,1,0
2021-05-12,BHARTIARTL,MACRO,CPI,0.8,1,1,0
2021-05-12,EICHERMOT,MACRO,CPI,0.8,1,1,0
2021-05-12,HEROMOTOCO,MACRO,CPI,0.8,1,1,0
2021-05-12,BAJAJ-AUTO,MACRO,CPI,0.8,1,1,0
2021-05-12,SUNPHARMA,MACRO,CPI,0.8,1,1,0
2021-05-12,CIPLA,MACRO,CPI,0.8,1,1,0
2021-05-12,DRREDDY,MACRO,CPI,0.8,1,1,0
2021-05-12,TATASTEEL,MACRO,CPI,0.8,1,1,0
2021-05-12,JSWSTEEL,MACRO,CPI,0.8,1,1,0
2021-05-12,HINDALCO,MACRO,CPI,0.8,1,1,0
2021-05-12,COALINDIA,MACRO,CPI,0.8,1,1,0
2021-05-12,LT,MACRO,CPI,0.8,1,1,0
2021-05-12,ULTRACEMCO,MACRO,CPI,0.8,1,1,0
2021-05-12,GRASIM,MACRO,CPI,0.8,1,1,0
2021-05-12,ASIANPAINT,MACRO|STOCK,CPI|EARNINGS,1.0,2,1,0
2021-05-12,TITAN,MACRO,CPI,0.8,1,1,0
2021-05-14,CIPLA,STOCK,EARNINGS,1.0,1,1,0
2021-05-14,DRREDDY,STOCK,EARNINGS,1.0,1,1,0
2021-05-14,LT,STOCK,EARNINGS,1.0,1,1,0
2021-05-17,BHARTIARTL,STOCK,EARNINGS,1.0,1,1,0
2021-05-21,SBIN,STOCK,EARNINGS,1.0,1,1,0
2021-05-21,JSWSTEEL,STOCK,EARNINGS,1.0,1,1,0
2021-05-21,HINDALCO,STOCK,EARNINGS,1.0,1,1,0
2021-05-24,GRASIM,STOCK,EARNINGS,1.0,1,1,0
2021-05-26,BPCL,STOCK,EARNINGS,1.0,1,1,0
2021-05-27,EICHERMOT,STOCK,EARNINGS,1.0,1,1,0
2021-05-27,SUNPHARMA,STOCK,EARNINGS,1.0,1,1,0
2021-05-28,M&M,STOCK,EARNINGS,1.0,1,1,0
2021-05-31,HDFCBANK,MACRO,GDP,0.9,1,1,0
2021-05-31,ICICIBANK,MACRO,GDP,0.9,1,1,0
2021-05-31,SBIN,MACRO,GDP,0.9,1,1,0
2021-05-31,AXISBANK,MACRO,GDP,0.9,1,1,0
2021-05-31,KOTAKBANK,MACRO,GDP,0.9,1,1,0
2021-05-31,BAJFINANCE,MACRO,GDP,0.9,1,1,0
2021-05-31,BAJAJFINSV,MACRO,GDP,0.9,1,1,0
2021-05-31,INDUSINDBK,MACRO,GDP,0.9,1,1,0
2021-05-31,TCS,MACRO,GDP,0.9,1,1,0
2021-05-31,INFY,MACRO,GDP,0.9,1,1,0
2021-05-31,HCLTECH,MACRO,GDP,0.9,1,1,0
2021-05-31,WIPRO,MACRO,GDP,0.9,1,1,0
2021-05-31,TECHM,MACRO,GDP,0.9,1,1,0
2021-05-31,RELIANCE,MACRO,GDP,0.9,1,1,0
2021-05-31,ONGC,MACRO,GDP,0.9,1,1,0
2021-05-31,NTPC,MACRO,GDP,0.9,1,1,0
2021-05-31,POWERGRID,MACRO,GDP,0.9,1,1,0
2021-05-31,BPCL,MACRO,GDP,0.9,1,1,0
2021-05-31,HINDUNILVR,MACRO,GDP,0.9,1,1,0
2021-05-31,ITC,MACRO,GDP,0.9,1,1,0
2021-05-31,NESTLEIND,MACRO,GDP,0.9,1,1,0
2021-05-31,BRITANNIA,MACRO,GDP,0.9,1,1,0
2021-05-31,MARUTI,MACRO,GDP,0.9,1,1,0
2021-05-31,M&M,MACRO,GDP,0.9,1,1,0
2021-05-31,BHARTIARTL,MACRO,GDP,0.9,1,1,0
2021-05-31,EICHERMOT,MACRO,GDP,0.9,1,1,0
2021-05-31,HEROMOTOCO,MACRO,GDP,0.9,1,1,0
2021-05-31,BAJAJ-AUTO,MACRO,GDP,0.9,1,1,0
2021-05-31,SUNPHARMA,MACRO,GDP,0.9,1,1,0
2021-05-31,CIPLA,MACRO,GDP,0.9,1,1,0
2021-05-31,DRREDDY,MACRO,GDP,0.9,1,1,0
2021-05-31,TATASTEEL,MACRO,GDP,0.9,1,1,0
2021-05-31,JSWSTEEL,MACRO,GDP,0.9,1,1,0
2021-05-31,HINDALCO,MACRO,GDP,0.9,1,1,0
2021-05-31,COALINDIA,MACRO,GDP,0.9,1,1,0
2021-05-31,LT,MACRO,GDP,0.9,1,1,0
2021-05-31,ULTRACEMCO,MACRO,GDP,0.9,1,1,0
2021-05-31,GRASIM,MACRO,GDP,0.9,1,1,0
2021-05-31,ASIANPAINT,MACRO,GDP,0.9,1,1,0
2021-05-31,TITAN,MACRO,GDP,0.9,1,1,0
2021-06-01,HDFCBANK,MACRO,PMI,0.8,1,1,0
2021-06-01,ICICIBANK,MACRO,PMI,0.8,1,1,0
2021-06-01,SBIN,MACRO,PMI,0.8,1,1,0
2021-06-01,AXISBANK,MACRO,PMI,0.8,1,1,0
2021-06-01,KOTAKBANK,MACRO,PMI,0.8,1,1,0
2021-06-01,BAJFINANCE,MACRO,PMI,0.8,1,1,0
2021-06-01,BAJAJFINSV,MACRO,PMI,0.8,1,1,0
2021-06-01,INDUSINDBK,MACRO,PMI,0.8,1,1,0
2021-06-01,TCS,MACRO,PMI,0.8,1,1,0
2021-06-01,INFY,MACRO,PMI,0.8,1,1,0
2021-06-01,HCLTECH,MACRO,PMI,0.8,1,1,0
2021-06-01,WIPRO,MACRO,PMI,0.8,1,1,0
2021-06-01,TECHM,MACRO,PMI,0.8,1,1,0
2021-06-01,RELIANCE,MACRO,PMI,0.8,1,1,0
2021-06-01,ONGC,MACRO,PMI,0.8,1,1,0
2021-06-01,NTPC,MACRO,PMI,0.8,1,1,0
2021-06-01,POWERGRID,MACRO,PMI,0.8,1,1,0
2021-06-01,BPCL,MACRO,PMI,0.8,1,1,0
2021-06-01,HINDUNILVR,MACRO,PMI,0.8,1,1,0
2021-06-01,ITC,MACRO|STOCK,EARNINGS|PMI,1.0,2,1,0
2021-06-01,NESTLEIND,MACRO,PMI,0.8,1,1,0
2021-06-01,BRITANNIA,MACRO,PMI,0.8,1,1,0
2021-06-01,MARUTI,MACRO,PMI,0.8,1,1,0
2021-06-01,M&M,MACRO,PMI,0.8,1,1,0
2021-06-01,BHARTIARTL,MACRO,PMI,0.8,1,1,0
2021-06-01,EICHERMOT,MACRO,PMI,0.8,1,1,0
2021-06-01,HEROMOTOCO,MACRO,PMI,0.8,1,1,0
2021-06-01,BAJAJ-AUTO,MACRO,PMI,0.8,1,1,0
2021-06-01,SUNPHARMA,MACRO,PMI,0.8,1,1,0
2021-06-01,CIPLA,MACRO,PMI,0.8,1,1,0
2021-06-01,DRREDDY,MACRO,PMI,0.8,1,1,0
2021-06-01,TATASTEEL,MACRO,PMI,0.8,1,1,0
2021-06-01,JSWSTEEL,MACRO,PMI,0.8,1,1,0
2021-06-01,HINDALCO,MACRO,PMI,0.8,1,1,0
2021-06-01,COALINDIA,MACRO,PMI,0.8,1,1,0
2021-06-01,LT,MACRO,PMI,0.8,1,1,0
2021-06-01,ULTRACEMCO,MACRO,PMI,0.8,1,1,0
2021-06-01,GRASIM,MACRO,PMI,0.8,1,1,0
2021-06-01,ASIANPAINT,MACRO,PMI,0.8,1,1,0
2021-06-01,TITAN,MACRO,PMI,0.8,1,1,0
2021-06-04,HDFCBANK,GOVT,RBI_POLICY,1.0,1,1,0
2021-06-04,ICICIBANK,GOVT,RBI_POLICY,1.0,1,1,0
2021-06-04,SBIN,GOVT,RBI_POLICY,1.0,1,1,0
2021-06-04,AXISBANK,GOVT,RBI_POLICY,1.0,1,1,0
2021-06-04,KOTAKBANK,GOVT,RBI_POLICY,1.0,1,1,0
2021-06-04,BAJFINANCE,GOVT,RBI_POLICY,1.0,1,1,0
2021-06-04,BAJAJFINSV,GOVT,RBI_POLICY,1.0,1,1,0
2021-06-04,INDUSINDBK,GOVT,RBI_POLICY,1.0,1,1,0
2021-06-04,TCS,GOVT,RBI_POLICY,1.0,1,1,0
2021-06-04,INFY,GOVT,RBI_POLICY,1.0,1,1,0
2021-06-04,HCLTECH,GOVT,RBI_POLICY,1.0,1,1,0
2021-06-04,WIPRO,GOVT,RBI_POLICY,1.0,1,1,0
2021-06-04,TECHM,GOVT,RBI_POLICY,1.0,1,1,0
2021-06-04,RELIANCE,GOVT,RBI_POLICY,1.0,1,1,0
2021-06-04,ONGC,GOVT,RBI_POLICY,1.0,1,1,0
2021-06-04,NTPC,GOVT,RBI_POLICY,1.0,1,1,0
2021-06-04,POWERGRID,GOVT,RBI_POLICY,1.0,1,1,0
2021-06-04,BPCL,GOVT,RBI_POLICY,1.0,1,1,0
2021-06-04,HINDUNILVR,GOVT,RBI_POLICY,1.0,1,1,0
2021-06-04,ITC,GOVT,RBI_POLICY,1.0,1,1,0
2021-06-04,NESTLEIND,GOVT,RBI_POLICY,1.0,1,1,0
2021-06-04,BRITANNIA,GOVT,RBI_POLICY,1.0,1,1,0
2021-06-04,MARUTI,GOVT,RBI_POLICY,1.0,1,1,0
2021-06-04,M&M,GOVT,RBI_POLICY,1.0,1,1,0
2021-06-04,BHARTIARTL,GOVT,RBI_POLICY,1.0,1,1,0
2021-06-04,EICHERMOT,GOVT,RBI_POLICY,1.0,1,1,0
2021-06-04,HEROMOTOCO,GOVT,RBI_POLICY,1.0,1,1,0
2021-06-04,BAJAJ-AUTO,GOVT,RBI_POLICY,1.0,1,1,0
2021-06-04,SUNPHARMA,GOVT,RBI_POLICY,1.0,1,1,0
2021-06-04,CIPLA,GOVT,RBI_POLICY,1.0,1,1,0
2021-06-04,DRREDDY,GOVT,RBI_POLICY,1.0,1,1,0
2021-06-04,TATASTEEL,GOVT,RBI_POLICY,1.0,1,1,0
2021-06-04,JSWSTEEL,GOVT,RBI_POLICY,1.0,1,1,0
2021-06-04,HINDALCO,GOVT,RBI_POLICY,1.0,1,1,0
2021-06-04,COALINDIA,GOVT,RBI_POLICY,1.0,1,1,0
2021-06-04,LT,GOVT,RBI_POLICY,1.0,1,1,0
2021-06-04,ULTRACEMCO,GOVT,RBI_POLICY,1.0,1,1,0
2021-06-04,GRASIM,GOVT,RBI_POLICY,1.0,1,1,0
2021-06-04,ASIANPAINT,GOVT,RBI_POLICY,1.0,1,1,0
2021-06-04,TITAN,GOVT,RBI_POLICY,1.0,1,1,0
2021-06-14,HDFCBANK,MACRO,CPI,0.8,1,1,0
2021-06-14,ICICIBANK,MACRO,CPI,0.8,1,1,0
2021-06-14,SBIN,MACRO,CPI,0.8,1,1,0
2021-06-14,AXISBANK,MACRO,CPI,0.8,1,1,0
2021-06-14,KOTAKBANK,MACRO,CPI,0.8,1,1,0
2021-06-14,BAJFINANCE,MACRO,CPI,0.8,1,1,0
2021-06-14,BAJAJFINSV,MACRO,CPI,0.8,1,1,0
2021-06-14,INDUSINDBK,MACRO,CPI,0.8,1,1,0
2021-06-14,TCS,MACRO,CPI,0.8,1,1,0
2021-06-14,INFY,MACRO,CPI,0.8,1,1,0
2021-06-14,HCLTECH,MACRO,CPI,0.8,1,1,0
2021-06-14,WIPRO,MACRO,CPI,0.8,1,1,0
2021-06-14,TECHM,MACRO,CPI,0.8,1,1,0
2021-06-14,RELIANCE,MACRO,CPI,0.8,1,1,0
2021-06-14,ONGC,MACRO,CPI,0.8,1,1,0
2021-06-14,NTPC,MACRO,CPI,0.8,1,1,0
2021-06-14,POWERGRID,MACRO,CPI,0.8,1,1,0
2021-06-14,BPCL,MACRO,CPI,0.8,1,1,0
2021-06-14,HINDUNILVR,MACRO,CPI,0.8,1,1,0
2021-06-14,ITC,MACRO,CPI,0.8,1,1,0
2021-06-14,NESTLEIND,MACRO,CPI,0.8,1,1,0
2021-06-14,BRITANNIA,MACRO,CPI,0.8,1,1,0
2021-06-14,MARUTI,MACRO,CPI,0.8,1,1,0
2021-06-14,M&M,MACRO,CPI,0.8,1,1,0
2021-06-14,BHARTIARTL,MACRO,CPI,0.8,1,1,0
2021-06-14,EICHERMOT,MACRO,CPI,0.8,1,1,0
2021-06-14,HEROMOTOCO,MACRO,CPI,0.8,1,1,0
2021-06-14,BAJAJ-AUTO,MACRO,CPI,0.8,1,1,0
2021-06-14,SUNPHARMA,MACRO,CPI,0.8,1,1,0
2021-06-14,CIPLA,MACRO,CPI,0.8,1,1,0
2021-06-14,DRREDDY,MACRO,CPI,0.8,1,1,0
2021-06-14,TATASTEEL,MACRO,CPI,0.8,1,1,0
2021-06-14,JSWSTEEL,MACRO,CPI,0.8,1,1,0
2021-06-14,HINDALCO,MACRO,CPI,0.8,1,1,0
2021-06-14,COALINDIA,MACRO|STOCK,CPI|EARNINGS,1.0,2,1,0
2021-06-14,LT,MACRO,CPI,0.8,1,1,0
2021-06-14,ULTRACEMCO,MACRO,CPI,0.8,1,1,0
2021-06-14,GRASIM,MACRO,CPI,0.8,1,1,0
2021-06-14,ASIANPAINT,MACRO,CPI,0.8,1,1,0
2021-06-14,TITAN,MACRO,CPI,0.8,1,1,0
2021-06-17,POWERGRID,STOCK,EARNINGS,1.0,1,1,0
2021-06-18,HDFCBANK,STOCK,DIVIDEND,0.7,1,1,0
2021-06-24,ONGC,STOCK,EARNINGS,1.0,1,1,0
2021-07-01,HDFCBANK,MACRO,PMI,0.8,1,1,0
2021-07-01,ICICIBANK,MACRO,PMI,0.8,1,1,0
2021-07-01,SBIN,MACRO,PMI,0.8,1,1,0
2021-07-01,AXISBANK,MACRO,PMI,0.8,1,1,0
2021-07-01,KOTAKBANK,MACRO,PMI,0.8,1,1,0
2021-07-01,BAJFINANCE,MACRO,PMI,0.8,1,1,0
2021-07-01,BAJAJFINSV,MACRO,PMI,0.8,1,1,0
2021-07-01,INDUSINDBK,MACRO,PMI,0.8,1,1,0
2021-07-01,TCS,MACRO,PMI,0.8,1,1,0
2021-07-01,INFY,MACRO,PMI,0.8,1,1,0
2021-07-01,HCLTECH,MACRO,PMI,0.8,1,1,0
2021-07-01,WIPRO,MACRO,PMI,0.8,1,1,0
2021-07-01,TECHM,MACRO,PMI,0.8,1,1,0
2021-07-01,RELIANCE,MACRO,PMI,0.8,1,1,0
2021-07-01,ONGC,MACRO,PMI,0.8,1,1,0
2021-07-01,NTPC,MACRO,PMI,0.8,1,1,0
2021-07-01,POWERGRID,MACRO,PMI,0.8,1,1,0
2021-07-01,BPCL,MACRO,PMI,0.8,1,1,0
2021-07-01,HINDUNILVR,MACRO,PMI,0.8,1,1,0
2021-07-01,ITC,MACRO,PMI,0.8,1,1,0
2021-07-01,NESTLEIND,MACRO,PMI,0.8,1,1,0
2021-07-01,BRITANNIA,MACRO,PMI,0.8,1,1,0
2021-07-01,MARUTI,MACRO,PMI,0.8,1,1,0
2021-07-01,M&M,MACRO,PMI,0.8,1,1,0
2021-07-01,BHARTIARTL,MACRO,PMI,0.8,1,1,0
2021-07-01,EICHERMOT,MACRO,PMI,0.8,1,1,0
2021-07-01,HEROMOTOCO,MACRO,PMI,0.8,1,1,0
2021-07-01,BAJAJ-AUTO,MACRO,PMI,0.8,1,1,0
2021-07-01,SUNPHARMA,MACRO,PMI,0.8,1,1,0
2021-07-01,CIPLA,MACRO,PMI,0.8,1,1,0
2021-07-01,DRREDDY,MACRO,PMI,0.8,1,1,0
2021-07-01,TATASTEEL,MACRO,PMI,0.8,1,1,0
2021-07-01,JSWSTEEL,MACRO,PMI,0.8,1,1,0
2021-07-01,HINDALCO,MACRO,PMI,0.8,1,1,0
2021-07-01,COALINDIA,MACRO,PMI,0.8,1,1,0
2021-07-01,LT,MACRO,PMI,0.8,1,1,0
2021-07-01,ULTRACEMCO,MACRO,PMI,0.8,1,1,0
2021-07-01,GRASIM,MACRO,PMI,0.8,1,1,0
2021-07-01,ASIANPAINT,MACRO,PMI,0.8,1,1,0
2021-07-01,TITAN,MACRO,PMI,0.8,1,1,0
2021-07-08,TCS,STOCK,EARNINGS,1.0,1,1,0
2021-07-12,HDFCBANK,MACRO,CPI,0.8,1,1,0
2021-07-12,ICICIBANK,MACRO,CPI,0.8,1,1,0
2021-07-12,SBIN,MACRO,CPI,0.8,1,1,0
2021-07-12,AXISBANK,MACRO,CPI,0.8,1,1,0
2021-07-12,KOTAKBANK,MACRO,CPI,0.8,1,1,0
2021-07-12,BAJFINANCE,MACRO,CPI,0.8,1,1,0
2021-07-12,BAJAJFINSV,MACRO,CPI,0.8,1,1,0
2021-07-12,INDUSINDBK,MACRO,CPI,0.8,1,1,0
2021-07-12,TCS,MACRO,CPI,0.8,1,1,0
2021-07-12,INFY,MACRO,CPI,0.8,1,1,0
2021-07-12,HCLTECH,MACRO,CPI,0.8,1,1,0
2021-07-12,WIPRO,MACRO,CPI,0.8,1,1,0
2021-07-12,TECHM,MACRO,CPI,0.8,1,1,0
2021-07-12,RELIANCE,MACRO,CPI,0.8,1,1,0
2021-07-12,ONGC,MACRO,CPI,0.8,1,1,0
2021-07-12,NTPC,MACRO,CPI,0.8,1,1,0
2021-07-12,POWERGRID,MACRO,CPI,0.8,1,1,0
2021-07-12,BPCL,MACRO,CPI,0.8,1,1,0
2021-07-12,HINDUNILVR,MACRO,CPI,0.8,1,1,0
2021-07-12,ITC,MACRO,CPI,0.8,1,1,0
2021-07-12,NESTLEIND,MACRO,CPI,0.8,1,1,0
2021-07-12,BRITANNIA,MACRO,CPI,0.8,1,1,0
2021-07-12,MARUTI,MACRO,CPI,0.8,1,1,0
2021-07-12,M&M,MACRO,CPI,0.8,1,1,0
2021-07-12,BHARTIARTL,MACRO,CPI,0.8,1,1,0
2021-07-12,EICHERMOT,MACRO,CPI,0.8,1,1,0
2021-07-12,HEROMOTOCO,MACRO,CPI,0.8,1,1,0
2021-07-12,BAJAJ-AUTO,MACRO,CPI,0.8,1,1,0
2021-07-12,SUNPHARMA,MACRO,CPI,0.8,1,1,0
2021-07-12,CIPLA,MACRO,CPI,0.8,1,1,0
2021-07-12,DRREDDY,MACRO,CPI,0.8,1,1,0
2021-07-12,TATASTEEL,MACRO,CPI,0.8,1,1,0
2021-07-12,JSWSTEEL,MACRO,CPI,0.8,1,1,0
2021-07-12,HINDALCO,MACRO,CPI,0.8,1,1,0
2021-07-12,COALINDIA,MACRO,CPI,0.8,1,1,0
2021-07-12,LT,MACRO,CPI,0.8,1,1,0
2021-07-12,ULTRACEMCO,MACRO,CPI,0.8,1,1,0
2021-07-12,GRASIM,MACRO,CPI,0.8,1,1,0
2021-07-12,ASIANPAINT,MACRO,CPI,0.8,1,1,0
2021-07-12,TITAN,MACRO,CPI,0.8,1,1,0
2021-07-14,INFY,STOCK,EARNINGS,1.0,1,1,0
2021-07-15,WIPRO,STOCK,EARNINGS,1.0,1,1,0
2021-07-19,HCLTECH,STOCK,EARNINGS,1.0,1,1,0
2021-07-20,BAJFINANCE,STOCK,EARNINGS,1.0,1,1,0
2021-07-20,ASIANPAINT,STOCK,EARNINGS,1.0,1,1,0
2021-07-21,BAJAJFINSV,STOCK,EARNINGS,1.0,1,1,0
2021-07-22,HINDUNILVR,STOCK,EARNINGS,1.0,1,1,0
2021-07-22,BAJAJ-AUTO,STOCK,EARNINGS,1.0,1,1,0
2021-07-22,ULTRACEMCO,STOCK,EARNINGS,1.0,1,1,0
2021-07-23,RELIANCE,STOCK,EARNINGS,1.0,1,1,0
2021-07-23,JSWSTEEL,STOCK,EARNINGS,1.0,1,1,0
2021-07-26,AXISBANK,STOCK,EARNINGS,1.0,1,1,0
2021-07-26,KOTAKBANK,STOCK,EARNINGS,1.0,1,1,0
2021-07-26,LT,STOCK,EARNINGS,1.0,1,1,0
2021-07-27,INDUSINDBK,STOCK,EARNINGS,1.0,1,1,0
2021-07-27,DRREDDY,STOCK,EARNINGS,1.0,1,1,0
2021-07-28,MARUTI,STOCK,EARNINGS,1.0,1,1,0
2021-07-29,TECHM,STOCK,EARNINGS,1.0,1,1,0
2021-07-30,BRITANNIA,STOCK,EARNINGS,1.0,1,1,0
2021-07-30,SUNPHARMA,STOCK,EARNINGS,1.0,1,1,0
2021-08-02,HDFCBANK,MACRO,PMI,0.8,1,1,0
2021-08-02,ICICIBANK,MACRO,PMI,0.8,1,1,0
2021-08-02,SBIN,MACRO,PMI,0.8,1,1,0
2021-08-02,AXISBANK,MACRO,PMI,0.8,1,1,0
2021-08-02,KOTAKBANK,MACRO,PMI,0.8,1,1,0
2021-08-02,BAJFINANCE,MACRO,PMI,0.8,1,1,0
2021-08-02,BAJAJFINSV,MACRO,PMI,0.8,1,1,0
2021-08-02,INDUSINDBK,MACRO,PMI,0.8,1,1,0
2021-08-02,TCS,MACRO,PMI,0.8,1,1,0
2021-08-02,INFY,MACRO,PMI,0.8,1,1,0
2021-08-02,HCLTECH,MACRO,PMI,0.8,1,1,0
2021-08-02,WIPRO,MACRO,PMI,0.8,1,1,0
2021-08-02,TECHM,MACRO,PMI,0.8,1,1,0
2021-08-02,RELIANCE,MACRO,PMI,0.8,1,1,0
2021-08-02,ONGC,MACRO,PMI,0.8,1,1,0
2021-08-02,NTPC,MACRO,PMI,0.8,1,1,0
2021-08-02,POWERGRID,MACRO,PMI,0.8,1,1,0
2021-08-02,BPCL,MACRO,PMI,0.8,1,1,0
2021-08-02,HINDUNILVR,MACRO,PMI,0.8,1,1,0
2021-08-02,ITC,MACRO,PMI,0.8,1,1,0
2021-08-02,NESTLEIND,MACRO,PMI,0.8,1,1,0
2021-08-02,BRITANNIA,MACRO,PMI,0.8,1,1,0
2021-08-02,MARUTI,MACRO,PMI,0.8,1,1,0
2021-08-02,M&M,MACRO,PMI,0.8,1,1,0
2021-08-02,BHARTIARTL,MACRO,PMI,0.8,1,1,0
2021-08-02,EICHERMOT,MACRO,PMI,0.8,1,1,0
2021-08-02,HEROMOTOCO,MACRO,PMI,0.8,1,1,0
2021-08-02,BAJAJ-AUTO,MACRO,PMI,0.8,1,1,0
2021-08-02,SUNPHARMA,MACRO,PMI,0.8,1,1,0
2021-08-02,CIPLA,MACRO,PMI,0.8,1,1,0
2021-08-02,DRREDDY,MACRO,PMI,0.8,1,1,0
2021-08-02,TATASTEEL,MACRO,PMI,0.8,1,1,0
2021-08-02,JSWSTEEL,MACRO,PMI,0.8,1,1,0
2021-08-02,HINDALCO,MACRO,PMI,0.8,1,1,0
2021-08-02,COALINDIA,MACRO,PMI,0.8,1,1,0
2021-08-02,LT,MACRO,PMI,0.8,1,1,0
2021-08-02,ULTRACEMCO,MACRO,PMI,0.8,1,1,0
2021-08-02,GRASIM,MACRO,PMI,0.8,1,1,0
2021-08-02,ASIANPAINT,MACRO,PMI,0.8,1,1,0
2021-08-02,TITAN,MACRO,PMI,0.8,1,1,0
2021-08-03,BHARTIARTL,STOCK,EARNINGS,1.0,1,1,0
2021-08-04,SBIN,STOCK,EARNINGS,1.0,1,1,0
2021-08-04,TITAN,STOCK,EARNINGS,1.0,1,1,0
2021-08-05,CIPLA,STOCK,EARNINGS,1.0,1,1,0
2021-08-06,HDFCBANK,GOVT,RBI_POLICY,1.0,1,1,0
2021-08-06,ICICIBANK,GOVT,RBI_POLICY,1.0,1,1,0
2021-08-06,SBIN,GOVT,RBI_POLICY,1.0,1,1,0
2021-08-06,AXISBANK,GOVT,RBI_POLICY,1.0,1,1,0
2021-08-06,KOTAKBANK,GOVT,RBI_POLICY,1.0,1,1,0
2021-08-06,BAJFINANCE,GOVT,RBI_POLICY,1.0,1,1,0
2021-08-06,BAJAJFINSV,GOVT,RBI_POLICY,1.0,1,1,0
2021-08-06,INDUSINDBK,GOVT,RBI_POLICY,1.0,1,1,0
2021-08-06,TCS,GOVT,RBI_POLICY,1.0,1,1,0
2021-08-06,INFY,GOVT,RBI_POLICY,1.0,1,1,0
2021-08-06,HCLTECH,GOVT,RBI_POLICY,1.0,1,1,0
2021-08-06,WIPRO,GOVT,RBI_POLICY,1.0,1,1,0
2021-08-06,TECHM,GOVT,RBI_POLICY,1.0,1,1,0
2021-08-06,RELIANCE,GOVT,RBI_POLICY,1.0,1,1,0
2021-08-06,ONGC,GOVT,RBI_POLICY,1.0,1,1,0
2021-08-06,NTPC,GOVT,RBI_POLICY,1.0,1,1,0
2021-08-06,POWERGRID,GOVT,RBI_POLICY,1.0,1,1,0
2021-08-06,BPCL,GOVT,RBI_POLICY,1.0,1,1,0
2021-08-06,HINDUNILVR,GOVT,RBI_POLICY,1.0,1,1,0
2021-08-06,ITC,GOVT,RBI_POLICY,1.0,1,1,0
2021-08-06,NESTLEIND,GOVT,RBI_POLICY,1.0,1,1,0
2021-08-06,BRITANNIA,GOVT,RBI_POLICY,1.0,1,1,0
2021-08-06,MARUTI,GOVT,RBI_POLICY,1.0,1,1,0
2021-08-06,M&M,GOVT|STOCK,EARNINGS|RBI_POLICY,1.0,2,1,0
2021-08-06,BHARTIARTL,GOVT,RBI_POLICY,1.0,1,1,0
2021-08-06,EICHERMOT,GOVT,RBI_POLICY,1.0,1,1,0
2021-08-06,HEROMOTOCO,GOVT,RBI_POLICY,1.0,1,1,0
2021-08-06,BAJAJ-AUTO,GOVT,RBI_POLICY,1.0,1,1,0
2021-08-06,SUNPHARMA,GOVT,RBI_POLICY,1.0,1,1,0
2021-08-06,CIPLA,GOVT,RBI_POLICY,1.0,1,1,0
2021-08-06,DRREDDY,GOVT,RBI_POLICY,1.0,1,1,0
2021-08-06,TATASTEEL,GOVT,RBI_POLICY,1.0,1,1,0
2021-08-06,JSWSTEEL,GOVT,RBI_POLICY,1.0,1,1,0
2021-08-06,HINDALCO,GOVT|STOCK,EARNINGS|RBI_POLICY,1.0,2,1,0
2021-08-06,COALINDIA,GOVT,RBI_POLICY,1.0,1,1,0
2021-08-06,LT,GOVT,RBI_POLICY,1.0,1,1,0
2021-08-06,ULTRACEMCO,GOVT,RBI_POLICY,1.0,1,1,0
2021-08-06,GRASIM,GOVT,RBI_POLICY,1.0,1,1,0
2021-08-06,ASIANPAINT,GOVT,RBI_POLICY,1.0,1,1,0
2021-08-06,TITAN,GOVT,RBI_POLICY,1.0,1,1,0
2021-08-10,POWERGRID,STOCK,EARNINGS,1.0,1,1,0
2021-08-10,COALINDIA,STOCK,EARNINGS,1.0,1,1,0
2021-08-12,HDFCBANK,MACRO,CPI,0.8,1,1,0
2021-08-12,ICICIBANK,MACRO,CPI,0.8,1,1,0
2021-08-12,SBIN,MACRO,CPI,0.8,1,1,0
2021-08-12,AXISBANK,MACRO,CPI,0.8,1,1,0
2021-08-12,KOTAKBANK,MACRO,CPI,0.8,1,1,0
2021-08-12,BAJFINANCE,MACRO,CPI,0.8,1,1,0
2021-08-12,BAJAJFINSV,MACRO,CPI,0.8,1,1,0
2021-08-12,INDUSINDBK,MACRO,CPI,0.8,1,1,0
2021-08-12,TCS,MACRO,CPI,0.8,1,1,0
2021-08-12,INFY,MACRO,CPI,0.8,1,1,0
2021-08-12,HCLTECH,MACRO,CPI,0.8,1,1,0
2021-08-12,WIPRO,MACRO,CPI,0.8,1,1,0
2021-08-12,TECHM,MACRO,CPI,0.8,1,1,0
2021-08-12,RELIANCE,MACRO,CPI,0.8,1,1,0
2021-08-12,ONGC,MACRO,CPI,0.8,1,1,0
2021-08-12,NTPC,MACRO,CPI,0.8,1,1,0
2021-08-12,POWERGRID,MACRO,CPI,0.8,1,1,0
2021-08-12,BPCL,MACRO|STOCK,CPI|EARNINGS,1.0,2,1,0
2021-08-12,HINDUNILVR,MACRO,CPI,0.8,1,1,0
2021-08-12,ITC,MACRO,CPI,0.8,1,1,0
2021-08-12,NESTLEIND,MACRO,CPI,0.8,1,1,0
2021-08-12,BRITANNIA,MACRO,CPI,0.8,1,1,0
2021-08-12,MARUTI,MACRO,CPI,0.8,1,1,0
2021-08-12,M&M,MACRO,CPI,0.8,1,1,0
2021-08-12,BHARTIARTL,MACRO,CPI,0.8,1,1,0
2021-08-12,EICHERMOT,MACRO|STOCK,CPI|EARNINGS,1.0,2,1,0
2021-08-12,HEROMOTOCO,MACRO|STOCK,CPI|EARNINGS,1.0,2,1,0
2021-08-12,BAJAJ-AUTO,MACRO,CPI,0.8,1,1,0
2021-08-12,SUNPHARMA,MACRO,CPI,0.8,1,1,0
2021-08-12,CIPLA,MACRO,CPI,0.8,1,1,0
2021-08-12,DRREDDY,MACRO,CPI,0.8,1,1,0
2021-08-12,TATASTEEL,MACRO|STOCK,CPI|EARNINGS,1.0,2,1,0
2021-08-12,JSWSTEEL,MACRO,CPI,0.8,1,1,0
2021-08-12,HINDALCO,MACRO,CPI,0.8,1,1,0
2021-08-12,COALINDIA,MACRO,CPI,0.8,1,1,0
2021-08-12,LT,MACRO,CPI,0.8,1,1,0
2021-08-12,ULTRACEMCO,MACRO,CPI,0.8,1,1,0
2021-08-12,GRASIM,MACRO,CPI,0.8,1,1,0
2021-08-12,ASIANPAINT,MACRO,CPI,0.8,1,1,0
2021-08-12,TITAN,MACRO,CPI,0.8,1,1,0
2021-08-13,ONGC,STOCK,EARNINGS,1.0,1,1,0
2021-08-13,GRASIM,STOCK,EARNINGS,1.0,1,1,0
2021-08-31,HDFCBANK,MACRO,GDP,0.9,1,1,0
2021-08-31,ICICIBANK,MACRO,GDP,0.9,1,1,0
2021-08-31,SBIN,MACRO,GDP,0.9,1,1,0
2021-08-31,AXISBANK,MACRO,GDP,0.9,1,1,0
2021-08-31,KOTAKBANK,MACRO,GDP,0.9,1,1,0
2021-08-31,BAJFINANCE,MACRO,GDP,0.9,1,1,0
2021-08-31,BAJAJFINSV,MACRO,GDP,0.9,1,1,0
2021-08-31,INDUSINDBK,MACRO,GDP,0.9,1,1,0
2021-08-31,TCS,MACRO,GDP,0.9,1,1,0
2021-08-31,INFY,MACRO,GDP,0.9,1,1,0
2021-08-31,HCLTECH,MACRO,GDP,0.9,1,1,0
2021-08-31,WIPRO,MACRO,GDP,0.9,1,1,0
2021-08-31,TECHM,MACRO,GDP,0.9,1,1,0
2021-08-31,RELIANCE,MACRO,GDP,0.9,1,1,0
2021-08-31,ONGC,MACRO,GDP,0.9,1,1,0
2021-08-31,NTPC,MACRO,GDP,0.9,1,1,0
2021-08-31,POWERGRID,MACRO,GDP,0.9,1,1,0
2021-08-31,BPCL,MACRO,GDP,0.9,1,1,0
2021-08-31,HINDUNILVR,MACRO,GDP,0.9,1,1,0
2021-08-31,ITC,MACRO,GDP,0.9,1,1,0
2021-08-31,NESTLEIND,MACRO,GDP,0.9,1,1,0
2021-08-31,BRITANNIA,MACRO,GDP,0.9,1,1,0
2021-08-31,MARUTI,MACRO,GDP,0.9,1,1,0
2021-08-31,M&M,MACRO,GDP,0.9,1,1,0
2021-08-31,BHARTIARTL,MACRO,GDP,0.9,1,1,0
2021-08-31,EICHERMOT,MACRO,GDP,0.9,1,1,0
2021-08-31,HEROMOTOCO,MACRO,GDP,0.9,1,1,0
2021-08-31,BAJAJ-AUTO,MACRO,GDP,0.9,1,1,0
2021-08-31,SUNPHARMA,MACRO,GDP,0.9,1,1,0
2021-08-31,CIPLA,MACRO,GDP,0.9,1,1,0
2021-08-31,DRREDDY,MACRO,GDP,0.9,1,1,0
2021-08-31,TATASTEEL,MACRO,GDP,0.9,1,1,0
2021-08-31,JSWSTEEL,MACRO,GDP,0.9,1,1,0
2021-08-31,HINDALCO,MACRO,GDP,0.9,1,1,0
2021-08-31,COALINDIA,MACRO,GDP,0.9,1,1,0
2021-08-31,LT,MACRO,GDP,0.9,1,1,0
2021-08-31,ULTRACEMCO,MACRO,GDP,0.9,1,1,0
2021-08-31,GRASIM,MACRO,GDP,0.9,1,1,0
2021-08-31,ASIANPAINT,MACRO,GDP,0.9,1,1,0
2021-08-31,TITAN,MACRO,GDP,0.9,1,1,0
2021-09-01,HDFCBANK,MACRO,PMI,0.8,1,1,0
2021-09-01,ICICIBANK,MACRO,PMI,0.8,1,1,0
2021-09-01,SBIN,MACRO,PMI,0.8,1,1,0
2021-09-01,AXISBANK,MACRO,PMI,0.8,1,1,0
2021-09-01,KOTAKBANK,MACRO,PMI,0.8,1,1,0
2021-09-01,BAJFINANCE,MACRO,PMI,0.8,1,1,0
2021-09-01,BAJAJFINSV,MACRO,PMI,0.8,1,1,0
2021-09-01,INDUSINDBK,MACRO,PMI,0.8,1,1,0
2021-09-01,TCS,MACRO,PMI,0.8,1,1,0
2021-09-01,INFY,MACRO,PMI,0.8,1,1,0
2021-09-01,HCLTECH,MACRO,PMI,0.8,1,1,0
2021-09-01,WIPRO,MACRO,PMI,0.8,1,1,0
2021-09-01,TECHM,MACRO,PMI,0.8,1,1,0
2021-09-01,RELIANCE,MACRO,PMI,0.8,1,1,0
2021-09-01,ONGC,MACRO,PMI,0.8,1,1,0
2021-09-01,NTPC,MACRO,PMI,0.8,1,1,0
2021-09-01,POWERGRID,MACRO,PMI,0.8,1,1,0
2021-09-01,BPCL,MACRO,PMI,0.8,1,1,0
2021-09-01,HINDUNILVR,MACRO,PMI,0.8,1,1,0
2021-09-01,ITC,MACRO,PMI,0.8,1,1,0
2021-09-01,NESTLEIND,MACRO,PMI,0.8,1,1,0
2021-09-01,BRITANNIA,MACRO,PMI,0.8,1,1,0
2021-09-01,MARUTI,MACRO,PMI,0.8,1,1,0
2021-09-01,M&M,MACRO,PMI,0.8,1,1,0
2021-09-01,BHARTIARTL,MACRO,PMI,0.8,1,1,0
2021-09-01,EICHERMOT,MACRO,PMI,0.8,1,1,0
2021-09-01,HEROMOTOCO,MACRO,PMI,0.8,1,1,0
2021-09-01,BAJAJ-AUTO,MACRO,PMI,0.8,1,1,0
2021-09-01,SUNPHARMA,MACRO,PMI,0.8,1,1,0
2021-09-01,CIPLA,MACRO,PMI,0.8,1,1,0
2021-09-01,DRREDDY,MACRO,PMI,0.8,1,1,0
2021-09-01,TATASTEEL,MACRO,PMI,0.8,1,1,0
2021-09-01,JSWSTEEL,MACRO,PMI,0.8,1,1,0
2021-09-01,HINDALCO,MACRO,PMI,0.8,1,1,0
2021-09-01,COALINDIA,MACRO,PMI,0.8,1,1,0
2021-09-01,LT,MACRO,PMI,0.8,1,1,0
2021-09-01,ULTRACEMCO,MACRO,PMI,0.8,1,1,0
2021-09-01,GRASIM,MACRO,PMI,0.8,1,1,0
2021-09-01,ASIANPAINT,MACRO,PMI,0.8,1,1,0
2021-09-01,TITAN,MACRO,PMI,0.8,1,1,0
2021-09-13,HDFCBANK,MACRO,CPI,0.8,1,1,0
2021-09-13,ICICIBANK,MACRO,CPI,0.8,1,1,0
2021-09-13,SBIN,MACRO,CPI,0.8,1,1,0
2021-09-13,AXISBANK,MACRO,CPI,0.8,1,1,0
2021-09-13,KOTAKBANK,MACRO,CPI,0.8,1,1,0
2021-09-13,BAJFINANCE,MACRO,CPI,0.8,1,1,0
2021-09-13,BAJAJFINSV,MACRO,CPI,0.8,1,1,0
2021-09-13,INDUSINDBK,MACRO,CPI,0.8,1,1,0
2021-09-13,TCS,MACRO,CPI,0.8,1,1,0
2021-09-13,INFY,MACRO,CPI,0.8,1,1,0
2021-09-13,HCLTECH,MACRO,CPI,0.8,1,1,0
2021-09-13,WIPRO,MACRO,CPI,0.8,1,1,0
2021-09-13,TECHM,MACRO,CPI,0.8,1,1,0
2021-09-13,RELIANCE,MACRO,CPI,0.8,1,1,0
2021-09-13,ONGC,MACRO,CPI,0.8,1,1,0
2021-09-13,NTPC,MACRO,CPI,0.8,1,1,0
2021-09-13,POWERGRID,MACRO,CPI,0.8,1,1,0
2021-09-13,BPCL,MACRO,CPI,0.8,1,1,0
2021-09-13,HINDUNILVR,MACRO,CPI,0.8,1,1,0
2021-09-13,ITC,MACRO,CPI,0.8,1,1,0
2021-09-13,NESTLEIND,MACRO,CPI,0.8,1,1,0
2021-09-13,BRITANNIA,MACRO,CPI,0.8,1,1,0
2021-09-13,MARUTI,MACRO,CPI,0.8,1,1,0
2021-09-13,M&M,MACRO,CPI,0.8,1,1,0
2021-09-13,BHARTIARTL,MACRO,CPI,0.8,1,1,0
2021-09-13,EICHERMOT,MACRO,CPI,0.8,1,1,0
2021-09-13,HEROMOTOCO,MACRO,CPI,0.8,1,1,0
2021-09-13,BAJAJ-AUTO,MACRO,CPI,0.8,1,1,0
2021-09-13,SUNPHARMA,MACRO,CPI,0.8,1,1,0
2021-09-13,CIPLA,MACRO,CPI,0.8,1,1,0
2021-09-13,DRREDDY,MACRO,CPI,0.8,1,1,0
2021-09-13,TATASTEEL,MACRO,CPI,0.8,1,1,0
2021-09-13,JSWSTEEL,MACRO,CPI,0.8,1,1,0
2021-09-13,HINDALCO,MACRO,CPI,0.8,1,1,0
2021-09-13,COALINDIA,MACRO,CPI,0.8,1,1,0
2021-09-13,LT,MACRO,CPI,0.8,1,1,0
2021-09-13,ULTRACEMCO,MACRO,CPI,0.8,1,1,0
2021-09-13,GRASIM,MACRO,CPI,0.8,1,1,0
2021-09-13,ASIANPAINT,MACRO,CPI,0.8,1,1,0
2021-09-13,TITAN,MACRO,CPI,0.8,1,1,0
2021-10-01,HDFCBANK,MACRO,PMI,0.8,1,1,0
2021-10-01,ICICIBANK,MACRO,PMI,0.8,1,1,0
2021-10-01,SBIN,MACRO,PMI,0.8,1,1,0
2021-10-01,AXISBANK,MACRO,PMI,0.8,1,1,0
2021-10-01,KOTAKBANK,MACRO,PMI,0.8,1,1,0
2021-10-01,BAJFINANCE,MACRO,PMI,0.8,1,1,0
2021-10-01,BAJAJFINSV,MACRO,PMI,0.8,1,1,0
2021-10-01,INDUSINDBK,MACRO,PMI,0.8,1,1,0
2021-10-01,TCS,MACRO,PMI,0.8,1,1,0
2021-10-01,INFY,MACRO,PMI,0.8,1,1,0
2021-10-01,HCLTECH,MACRO,PMI,0.8,1,1,0
2021-10-01,WIPRO,MACRO,PMI,0.8,1,1,0
2021-10-01,TECHM,MACRO,PMI,0.8,1,1,0
2021-10-01,RELIANCE,MACRO,PMI,0.8,1,1,0
2021-10-01,ONGC,MACRO,PMI,0.8,1,1,0
2021-10-01,NTPC,MACRO,PMI,0.8,1,1,0
2021-10-01,POWERGRID,MACRO,PMI,0.8,1,1,0
2021-10-01,BPCL,MACRO,PMI,0.8,1,1,0
2021-10-01,HINDUNILVR,MACRO,PMI,0.8,1,1,0
2021-10-01,ITC,MACRO,PMI,0.8,1,1,0
2021-10-01,NESTLEIND,MACRO,PMI,0.8,1,1,0
2021-10-01,BRITANNIA,MACRO,PMI,0.8,1,1,0
2021-10-01,MARUTI,MACRO,PMI,0.8,1,1,0
2021-10-01,M&M,MACRO,PMI,0.8,1,1,0
2021-10-01,BHARTIARTL,MACRO,PMI,0.8,1,1,0
2021-10-01,EICHERMOT,MACRO,PMI,0.8,1,1,0
2021-10-01,HEROMOTOCO,MACRO,PMI,0.8,1,1,0
2021-10-01,BAJAJ-AUTO,MACRO,PMI,0.8,1,1,0
2021-10-01,SUNPHARMA,MACRO,PMI,0.8,1,1,0
2021-10-01,CIPLA,MACRO,PMI,0.8,1,1,0
2021-10-01,DRREDDY,MACRO,PMI,0.8,1,1,0
2021-10-01,TATASTEEL,MACRO,PMI,0.8,1,1,0
2021-10-01,JSWSTEEL,MACRO,PMI,0.8,1,1,0
2021-10-01,HINDALCO,MACRO,PMI,0.8,1,1,0
2021-10-01,COALINDIA,MACRO,PMI,0.8,1,1,0
2021-10-01,LT,MACRO,PMI,0.8,1,1,0
2021-10-01,ULTRACEMCO,MACRO,PMI,0.8,1,1,0
2021-10-01,GRASIM,MACRO,PMI,0.8,1,1,0
2021-10-01,ASIANPAINT,MACRO,PMI,0.8,1,1,0
2021-10-01,TITAN,MACRO,PMI,0.8,1,1,0
2021-10-08,HDFCBANK,GOVT,RBI_POLICY,1.0,1,1,0
2021-10-08,ICICIBANK,GOVT,RBI_POLICY,1.0,1,1,0
2021-10-08,SBIN,GOVT,RBI_POLICY,1.0,1,1,0
2021-10-08,AXISBANK,GOVT,RBI_POLICY,1.0,1,1,0
2021-10-08,KOTAKBANK,GOVT,RBI_POLICY,1.0,1,1,0
2021-10-08,BAJFINANCE,GOVT,RBI_POLICY,1.0,1,1,0
2021-10-08,BAJAJFINSV,GOVT,RBI_POLICY,1.0,1,1,0
2021-10-08,INDUSINDBK,GOVT,RBI_POLICY,1.0,1,1,0
2021-10-08,TCS,GOVT|STOCK,EARNINGS|RBI_POLICY,1.0,2,1,0
2021-10-08,INFY,GOVT,RBI_POLICY,1.0,1,1,0
2021-10-08,HCLTECH,GOVT,RBI_POLICY,1.0,1,1,0
2021-10-08,WIPRO,GOVT,RBI_POLICY,1.0,1,1,0
2021-10-08,TECHM,GOVT,RBI_POLICY,1.0,1,1,0
2021-10-08,RELIANCE,GOVT,RBI_POLICY,1.0,1,1,0
2021-10-08,ONGC,GOVT,RBI_POLICY,1.0,1,1,0
2021-10-08,NTPC,GOVT,RBI_POLICY,1.0,1,1,0
2021-10-08,POWERGRID,GOVT,RBI_POLICY,1.0,1,1,0
2021-10-08,BPCL,GOVT,RBI_POLICY,1.0,1,1,0
2021-10-08,HINDUNILVR,GOVT,RBI_POLICY,1.0,1,1,0
2021-10-08,ITC,GOVT,RBI_POLICY,1.0,1,1,0
2021-10-08,NESTLEIND,GOVT,RBI_POLICY,1.0,1,1,0
2021-10-08,BRITANNIA,GOVT,RBI_POLICY,1.0,1,1,0
2021-10-08,MARUTI,GOVT,RBI_POLICY,1.0,1,1,0
2021-10-08,M&M,GOVT,RBI_POLICY,1.0,1,1,0
2021-10-08,BHARTIARTL,GOVT,RBI_POLICY,1.0,1,1,0
2021-10-08,EICHERMOT,GOVT,RBI_POLICY,1.0,1,1,0
2021-10-08,HEROMOTOCO,GOVT,RBI_POLICY,1.0,1,1,0
2021-10-08,BAJAJ-AUTO,GOVT,RBI_POLICY,1.0,1,1,0
2021-10-08,SUNPHARMA,GOVT,RBI_POLICY,1.0,1,1,0
2021-10-08,CIPLA,GOVT,RBI_POLICY,1.0,1,1,0
2021-10-08,DRREDDY,GOVT,RBI_POLICY,1.0,1,1,0
2021-10-08,TATASTEEL,GOVT,RBI_POLICY,1.0,1,1,0
2021-10-08,JSWSTEEL,GOVT,RBI_POLICY,1.0,1,1,0
2021-10-08,HINDALCO,GOVT,RBI_POLICY,1.0,1,1,0
2021-10-08,COALINDIA,GOVT,RBI_POLICY,1.0,1,1,0
2021-10-08,LT,GOVT,RBI_POLICY,1.0,1,1,0
2021-10-08,ULTRACEMCO,GOVT,RBI_POLICY,1.0,1,1,0
2021-10-08,GRASIM,GOVT,RBI_POLICY,1.0,1,1,0
2021-10-08,ASIANPAINT,GOVT,RBI_POLICY,1.0,1,1,0
2021-10-08,TITAN,GOVT,RBI_POLICY,1.0,1,1,0
2021-10-12,HDFCBANK,MACRO,CPI,0.8,1,1,0
2021-10-12,ICICIBANK,MACRO,CPI,0.8,1,1,0
2021-10-12,SBIN,MACRO,CPI,0.8,1,1,0
2021-10-12,AXISBANK,MACRO,CPI,0.8,1,1,0
2021-10-12,KOTAKBANK,MACRO,CPI,0.8,1,1,0
2021-10-12,BAJFINANCE,MACRO,CPI,0.8,1,1,0
2021-10-12,BAJAJFINSV,MACRO,CPI,0.8,1,1,0
2021-10-12,INDUSINDBK,MACRO,CPI,0.8,1,1,0
2021-10-12,TCS,MACRO,CPI,0.8,1,1,0
2021-10-12,INFY,MACRO,CPI,0.8,1,1,0
2021-10-12,HCLTECH,MACRO,CPI,0.8,1,1,0
2021-10-12,WIPRO,MACRO,CPI,0.8,1,1,0
2021-10-12,TECHM,MACRO,CPI,0.8,1,1,0
2021-10-12,RELIANCE,MACRO,CPI,0.8,1,1,0
2021-10-12,ONGC,MACRO,CPI,0.8,1,1,0
2021-10-12,NTPC,MACRO,CPI,0.8,1,1,0
2021-10-12,POWERGRID,MACRO,CPI,0.8,1,1,0
2021-10-12,BPCL,MACRO,CPI,0.8,1,1,0
2021-10-12,HINDUNILVR,MACRO,CPI,0.8,1,1,0
2021-10-12,ITC,MACRO,CPI,0.8,1,1,0
2021-10-12,NESTLEIND,MACRO,CPI,0.8,1,1,0
2021-10-12,BRITANNIA,MACRO,CPI,0.8,1,1,0
2021-10-12,MARUTI,MACRO,CPI,0.8,1,1,0
2021-10-12,M&M,MACRO,CPI,0.8,1,1,0
2021-10-12,BHARTIARTL,MACRO,CPI,0.8,1,1,0
2021-10-12,EICHERMOT,MACRO,CPI,0.8,1,1,0
2021-10-12,HEROMOTOCO,MACRO,CPI,0.8,1,1,0
2021-10-12,BAJAJ-AUTO,MACRO,CPI,0.8,1,1,0
2021-10-12,SUNPHARMA,MACRO,CPI,0.8,1,1,0
2021-10-12,CIPLA,MACRO,CPI,0.8,1,1,0
2021-10-12,DRREDDY,MACRO,CPI,0.8,1,1,0
2021-10-12,TATASTEEL,MACRO,CPI,0.8,1,1,0
2021-10-12,JSWSTEEL,MACRO,CPI,0.8,1,1,0
2021-10-12,HINDALCO,MACRO,CPI,0.8,1,1,0
2021-10-12,COALINDIA,MACRO,CPI,0.8,1,1,0
2021-10-12,LT,MACRO,CPI,0.8,1,1,0
2021-10-12,ULTRACEMCO,MACRO,CPI,0.8,1,1,0
2021-10-12,GRASIM,MACRO,CPI,0.8,1,1,0
2021-10-12,ASIANPAINT,MACRO,CPI,0.8,1,1,0
2021-10-12,TITAN,MACRO,CPI,0.8,1,1,0
2021-10-13,INFY,STOCK,EARNINGS,1.0,1,1,0
2021-10-13,WIPRO,STOCK,EARNINGS,1.0,1,1,0
2021-10-14,HCLTECH,STOCK,EARNINGS,1.0,1,1,0
2021-10-18,ULTRACEMCO,STOCK,EARNINGS,1.0,1,1,0
2021-10-19,HINDUNILVR,STOCK,EARNINGS,1.0,1,1,0
2021-10-21,JSWSTEEL,STOCK,EARNINGS,1.0,1,1,0
2021-10-21,ASIANPAINT,STOCK,EARNINGS,1.0,1,1,0
2021-10-22,RELIANCE,STOCK,EARNINGS,1.0,1,1,0
2021-10-25,TECHM,STOCK,DIVIDEND|EARNINGS,1.0,2,1,0
2021-10-26,AXISBANK,STOCK,EARNINGS,1.0,1,1,0
2021-10-26,KOTAKBANK,STOCK,EARNINGS,1.0,1,1,0
2021-10-26,BAJFINANCE,STOCK,EARNINGS,1.0,1,1,0
2021-10-26,CIPLA,STOCK,EARNINGS,1.0,1,1,0
2021-10-27,INDUSINDBK,STOCK,EARNINGS,1.0,1,1,0
2021-10-27,ITC,STOCK,EARNINGS,1.0,1,1,0
2021-10-27,MARUTI,STOCK,EARNINGS,1.0,1,1,0
2021-10-27,BAJAJ-AUTO,STOCK,EARNINGS,1.0,1,1,0
2021-10-27,LT,STOCK,EARNINGS,1.0,1,1,0
2021-10-27,TITAN,STOCK,EARNINGS,1.0,1,1,0
2021-10-28,BAJAJFINSV,STOCK,EARNINGS,1.0,1,1,0
2021-10-28,NTPC,STOCK,EARNINGS,1.0,1,1,0
2021-10-29,BPCL,STOCK,DIVIDEND|EARNINGS,1.0,2,1,0
2021-10-29,DRREDDY,STOCK,EARNINGS,1.0,1,1,0
2021-11-01,HDFCBANK,MACRO,PMI,0.8,1,1,0
2021-11-01,ICICIBANK,MACRO,PMI,0.8,1,1,0
2021-11-01,SBIN,MACRO,PMI,0.8,1,1,0
2021-11-01,AXISBANK,MACRO,PMI,0.8,1,1,0
2021-11-01,KOTAKBANK,MACRO,PMI,0.8,1,1,0
2021-11-01,BAJFINANCE,MACRO,PMI,0.8,1,1,0
2021-11-01,BAJAJFINSV,MACRO,PMI,0.8,1,1,0
2021-11-01,INDUSINDBK,MACRO,PMI,0.8,1,1,0
2021-11-01,TCS,MACRO,PMI,0.8,1,1,0
2021-11-01,INFY,MACRO,PMI,0.8,1,1,0
2021-11-01,HCLTECH,MACRO,PMI,0.8,1,1,0
2021-11-01,WIPRO,MACRO,PMI,0.8,1,1,0
2021-11-01,TECHM,MACRO,PMI,0.8,1,1,0
2021-11-01,RELIANCE,MACRO,PMI,0.8,1,1,0
2021-11-01,ONGC,MACRO,PMI,0.8,1,1,0
2021-11-01,NTPC,MACRO,PMI,0.8,1,1,0
2021-11-01,POWERGRID,MACRO,PMI,0.8,1,1,0
2021-11-01,BPCL,MACRO,PMI,0.8,1,1,0
2021-11-01,HINDUNILVR,MACRO,PMI,0.8,1,1,0
2021-11-01,ITC,MACRO,PMI,0.8,1,1,0
2021-11-01,NESTLEIND,MACRO,PMI,0.8,1,1,0
2021-11-01,BRITANNIA,MACRO,PMI,0.8,1,1,0
2021-11-01,MARUTI,MACRO,PMI,0.8,1,1,0
2021-11-01,M&M,MACRO,PMI,0.8,1,1,0
2021-11-01,BHARTIARTL,MACRO,PMI,0.8,1,1,0
2021-11-01,EICHERMOT,MACRO,PMI,0.8,1,1,0
2021-11-01,HEROMOTOCO,MACRO,PMI,0.8,1,1,0
2021-11-01,BAJAJ-AUTO,MACRO,PMI,0.8,1,1,0
2021-11-01,SUNPHARMA,MACRO,PMI,0.8,1,1,0
2021-11-01,CIPLA,MACRO,PMI,0.8,1,1,0
2021-11-01,DRREDDY,MACRO,PMI,0.8,1,1,0
2021-11-01,TATASTEEL,MACRO,PMI,0.8,1,1,0
2021-11-01,JSWSTEEL,MACRO,PMI,0.8,1,1,0
2021-11-01,HINDALCO,MACRO,PMI,0.8,1,1,0
2021-11-01,COALINDIA,MACRO,PMI,0.8,1,1,0
2021-11-01,LT,MACRO,PMI,0.8,1,1,0
2021-11-01,ULTRACEMCO,MACRO,PMI,0.8,1,1,0
2021-11-01,GRASIM,MACRO,PMI,0.8,1,1,0
2021-11-01,ASIANPAINT,MACRO,PMI,0.8,1,1,0
2021-11-01,TITAN,MACRO,PMI,0.8,1,1,0
2021-11-02,BHARTIARTL,STOCK,EARNINGS,1.0,1,1,0
2021-11-02,SUNPHARMA,STOCK,EARNINGS,1.0,1,1,0
2021-11-03,SBIN,STOCK,EARNINGS,1.0,1,1,0
2021-11-03,EICHERMOT,STOCK,EARNINGS,1.0,1,1,0
2021-11-08,BRITANNIA,STOCK,EARNINGS,1.0,1,1,0
2021-11-09,POWERGRID,STOCK,EARNINGS,1.0,1,1,0
2021-11-09,M&M,STOCK,EARNINGS,1.0,1,1,0
2021-11-11,TATASTEEL,STOCK,EARNINGS,1.0,1,1,0
2021-11-11,GRASIM,STOCK,EARNINGS,1.0,1,1,0
2021-11-12,HDFCBANK,MACRO,CPI,0.8,1,1,0
2021-11-12,ICICIBANK,MACRO,CPI,0.8,1,1,0
2021-11-12,SBIN,MACRO,CPI,0.8,1,1,0
2021-11-12,AXISBANK,MACRO,CPI,0.8,1,1,0
2021-11-12,KOTAKBANK,MACRO,CPI,0.8,1,1,0
2021-11-12,BAJFINANCE,MACRO,CPI,0.8,1,1,0
2021-11-12,BAJAJFINSV,MACRO,CPI,0.8,1,1,0
2021-11-12,INDUSINDBK,MACRO,CPI,0.8,1,1,0
2021-11-12,TCS,MACRO,CPI,0.8,1,1,0
2021-11-12,INFY,MACRO,CPI,0.8,1,1,0
2021-11-12,HCLTECH,MACRO,CPI,0.8,1,1,0
2021-11-12,WIPRO,MACRO,CPI,0.8,1,1,0
2021-11-12,TECHM,MACRO,CPI,0.8,1,1,0
2021-11-12,RELIANCE,MACRO,CPI,0.8,1,1,0
2021-11-12,ONGC,MACRO|STOCK,CPI|EARNINGS,1.0,2,1,0
2021-11-12,NTPC,MACRO,CPI,0.8,1,1,0
2021-11-12,POWERGRID,MACRO,CPI,0.8,1,1,0
2021-11-12,BPCL,MACRO,CPI,0.8,1,1,0
2021-11-12,HINDUNILVR,MACRO,CPI,0.8,1,1,0
2021-11-12,ITC,MACRO,CPI,0.8,1,1,0
2021-11-12,NESTLEIND,MACRO,CPI,0.8,1,1,0
2021-11-12,BRITANNIA,MACRO,CPI,0.8,1,1,0
2021-11-12,MARUTI,MACRO,CPI,0.8,1,1,0
2021-11-12,M&M,MACRO,CPI,0.8,1,1,0
2021-11-12,BHARTIARTL,MACRO,CPI,0.8,1,1,0
2021-11-12,EICHERMOT,MACRO,CPI,0.8,1,1,0
2021-11-12,HEROMOTOCO,MACRO|STOCK,CPI|EARNINGS,1.0,2,1,0
2021-11-12,BAJAJ-AUTO,MACRO,CPI,0.8,1,1,0
2021-11-12,SUNPHARMA,MACRO,CPI,0.8,1,1,0
2021-11-12,CIPLA,MACRO,CPI,0.8,1,1,0
2021-11-12,DRREDDY,MACRO,CPI,0.8,1,1,0
2021-11-12,TATASTEEL,MACRO,CPI,0.8,1,1,0
2021-11-12,JSWSTEEL,MACRO,CPI,0.8,1,1,0
2021-11-12,HINDALCO,MACRO|STOCK,CPI|EARNINGS,1.0,2,1,0
2021-11-12,COALINDIA,MACRO|STOCK,CPI|EARNINGS,1.0,2,1,0
2021-11-12,LT,MACRO,CPI,0.8,1,1,0
2021-11-12,ULTRACEMCO,MACRO,CPI,0.8,1,1,0
2021-11-12,GRASIM,MACRO,CPI,0.8,1,1,0
2021-11-12,ASIANPAINT,MACRO,CPI,0.8,1,1,0
2021-11-12,TITAN,MACRO,CPI,0.8,1,1,0
2021-11-29,COALINDIA,STOCK,DIVIDEND,0.7,1,1,0
2021-11-30,HDFCBANK,MACRO,GDP,0.9,1,1,0
2021-11-30,ICICIBANK,MACRO,GDP,0.9,1,1,0
2021-11-30,SBIN,MACRO,GDP,0.9,1,1,0
2021-11-30,AXISBANK,MACRO,GDP,0.9,1,1,0
2021-11-30,KOTAKBANK,MACRO,GDP,0.9,1,1,0
2021-11-30,BAJFINANCE,MACRO,GDP,0.9,1,1,0
2021-11-30,BAJAJFINSV,MACRO,GDP,0.9,1,1,0
2021-11-30,INDUSINDBK,MACRO,GDP,0.9,1,1,0
2021-11-30,TCS,MACRO,GDP,0.9,1,1,0
2021-11-30,INFY,MACRO,GDP,0.9,1,1,0
2021-11-30,HCLTECH,MACRO,GDP,0.9,1,1,0
2021-11-30,WIPRO,MACRO,GDP,0.9,1,1,0
2021-11-30,TECHM,MACRO,GDP,0.9,1,1,0
2021-11-30,RELIANCE,MACRO,GDP,0.9,1,1,0
2021-11-30,ONGC,MACRO,GDP,0.9,1,1,0
2021-11-30,NTPC,MACRO,GDP,0.9,1,1,0
2021-11-30,POWERGRID,MACRO,GDP,0.9,1,1,0
2021-11-30,BPCL,MACRO,GDP,0.9,1,1,0
2021-11-30,HINDUNILVR,MACRO,GDP,0.9,1,1,0
2021-11-30,ITC,MACRO,GDP,0.9,1,1,0
2021-11-30,NESTLEIND,MACRO,GDP,0.9,1,1,0
2021-11-30,BRITANNIA,MACRO,GDP,0.9,1,1,0
2021-11-30,MARUTI,MACRO,GDP,0.9,1,1,0
2021-11-30,M&M,MACRO,GDP,0.9,1,1,0
2021-11-30,BHARTIARTL,MACRO,GDP,0.9,1,1,0
2021-11-30,EICHERMOT,MACRO,GDP,0.9,1,1,0
2021-11-30,HEROMOTOCO,MACRO,GDP,0.9,1,1,0
2021-11-30,BAJAJ-AUTO,MACRO,GDP,0.9,1,1,0
2021-11-30,SUNPHARMA,MACRO,GDP,0.9,1,1,0
2021-11-30,CIPLA,MACRO,GDP,0.9,1,1,0
2021-11-30,DRREDDY,MACRO,GDP,0.9,1,1,0
2021-11-30,TATASTEEL,MACRO,GDP,0.9,1,1,0
2021-11-30,JSWSTEEL,MACRO,GDP,0.9,1,1,0
2021-11-30,HINDALCO,MACRO,GDP,0.9,1,1,0
2021-11-30,COALINDIA,MACRO,GDP,0.9,1,1,0
2021-11-30,LT,MACRO,GDP,0.9,1,1,0
2021-11-30,ULTRACEMCO,MACRO,GDP,0.9,1,1,0
2021-11-30,GRASIM,MACRO,GDP,0.9,1,1,0
2021-11-30,ASIANPAINT,MACRO,GDP,0.9,1,1,0
2021-11-30,TITAN,MACRO,GDP,0.9,1,1,0
2021-12-01,HDFCBANK,MACRO,PMI,0.8,1,1,0
2021-12-01,ICICIBANK,MACRO,PMI,0.8,1,1,0
2021-12-01,SBIN,MACRO,PMI,0.8,1,1,0
2021-12-01,AXISBANK,MACRO,PMI,0.8,1,1,0
2021-12-01,KOTAKBANK,MACRO,PMI,0.8,1,1,0
2021-12-01,BAJFINANCE,MACRO,PMI,0.8,1,1,0
2021-12-01,BAJAJFINSV,MACRO,PMI,0.8,1,1,0
2021-12-01,INDUSINDBK,MACRO,PMI,0.8,1,1,0
2021-12-01,TCS,MACRO,PMI,0.8,1,1,0
2021-12-01,INFY,MACRO,PMI,0.8,1,1,0
2021-12-01,HCLTECH,MACRO,PMI,0.8,1,1,0
2021-12-01,WIPRO,MACRO,PMI,0.8,1,1,0
2021-12-01,TECHM,MACRO,PMI,0.8,1,1,0
2021-12-01,RELIANCE,MACRO,PMI,0.8,1,1,0
2021-12-01,ONGC,MACRO,PMI,0.8,1,1,0
2021-12-01,NTPC,MACRO,PMI,0.8,1,1,0
2021-12-01,POWERGRID,MACRO,PMI,0.8,1,1,0
2021-12-01,BPCL,MACRO,PMI,0.8,1,1,0
2021-12-01,HINDUNILVR,MACRO,PMI,0.8,1,1,0
2021-12-01,ITC,MACRO,PMI,0.8,1,1,0
2021-12-01,NESTLEIND,MACRO,PMI,0.8,1,1,0
2021-12-01,BRITANNIA,MACRO,PMI,0.8,1,1,0
2021-12-01,MARUTI,MACRO,PMI,0.8,1,1,0
2021-12-01,M&M,MACRO,PMI,0.8,1,1,0
2021-12-01,BHARTIARTL,MACRO,PMI,0.8,1,1,0
2021-12-01,EICHERMOT,MACRO,PMI,0.8,1,1,0
2021-12-01,HEROMOTOCO,MACRO,PMI,0.8,1,1,0
2021-12-01,BAJAJ-AUTO,MACRO,PMI,0.8,1,1,0
2021-12-01,SUNPHARMA,MACRO,PMI,0.8,1,1,0
2021-12-01,CIPLA,MACRO,PMI,0.8,1,1,0
2021-12-01,DRREDDY,MACRO,PMI,0.8,1,1,0
2021-12-01,TATASTEEL,MACRO,PMI,0.8,1,1,0
2021-12-01,JSWSTEEL,MACRO,PMI,0.8,1,1,0
2021-12-01,HINDALCO,MACRO,PMI,0.8,1,1,0
2021-12-01,COALINDIA,MACRO,PMI,0.8,1,1,0
2021-12-01,LT,MACRO,PMI,0.8,1,1,0
2021-12-01,ULTRACEMCO,MACRO,PMI,0.8,1,1,0
2021-12-01,GRASIM,MACRO,PMI,0.8,1,1,0
2021-12-01,ASIANPAINT,MACRO,PMI,0.8,1,1,0
2021-12-01,TITAN,MACRO,PMI,0.8,1,1,0
2021-12-08,HDFCBANK,GOVT,RBI_POLICY,1.0,1,1,0
2021-12-08,ICICIBANK,GOVT,RBI_POLICY,1.0,1,1,0
2021-12-08,SBIN,GOVT,RBI_POLICY,1.0,1,1,0
2021-12-08,AXISBANK,GOVT,RBI_POLICY,1.0,1,1,0
2021-12-08,KOTAKBANK,GOVT,RBI_POLICY,1.0,1,1,0
2021-12-08,BAJFINANCE,GOVT,RBI_POLICY,1.0,1,1,0
2021-12-08,BAJAJFINSV,GOVT,RBI_POLICY,1.0,1,1,0
2021-12-08,INDUSINDBK,GOVT,RBI_POLICY,1.0,1,1,0
2021-12-08,TCS,GOVT,RBI_POLICY,1.0,1,1,0
2021-12-08,INFY,GOVT,RBI_POLICY,1.0,1,1,0
2021-12-08,HCLTECH,GOVT,RBI_POLICY,1.0,1,1,0
2021-12-08,WIPRO,GOVT,RBI_POLICY,1.0,1,1,0
2021-12-08,TECHM,GOVT,RBI_POLICY,1.0,1,1,0
2021-12-08,RELIANCE,GOVT,RBI_POLICY,1.0,1,1,0
2021-12-08,ONGC,GOVT,RBI_POLICY,1.0,1,1,0
2021-12-08,NTPC,GOVT,RBI_POLICY,1.0,1,1,0
2021-12-08,POWERGRID,GOVT,RBI_POLICY,1.0,1,1,0
2021-12-08,BPCL,GOVT,RBI_POLICY,1.0,1,1,0
2021-12-08,HINDUNILVR,GOVT,RBI_POLICY,1.0,1,1,0
2021-12-08,ITC,GOVT,RBI_POLICY,1.0,1,1,0
2021-12-08,NESTLEIND,GOVT,RBI_POLICY,1.0,1,1,0
2021-12-08,BRITANNIA,GOVT,RBI_POLICY,1.0,1,1,0
2021-12-08,MARUTI,GOVT,RBI_POLICY,1.0,1,1,0
2021-12-08,M&M,GOVT,RBI_POLICY,1.0,1,1,0
2021-12-08,BHARTIARTL,GOVT,RBI_POLICY,1.0,1,1,0
2021-12-08,EICHERMOT,GOVT,RBI_POLICY,1.0,1,1,0
2021-12-08,HEROMOTOCO,GOVT,RBI_POLICY,1.0,1,1,0
2021-12-08,BAJAJ-AUTO,GOVT,RBI_POLICY,1.0,1,1,0
2021-12-08,SUNPHARMA,GOVT,RBI_POLICY,1.0,1,1,0
2021-12-08,CIPLA,GOVT,RBI_POLICY,1.0,1,1,0
2021-12-08,DRREDDY,GOVT,RBI_POLICY,1.0,1,1,0
2021-12-08,TATASTEEL,GOVT,RBI_POLICY,1.0,1,1,0
2021-12-08,JSWSTEEL,GOVT,RBI_POLICY,1.0,1,1,0
2021-12-08,HINDALCO,GOVT,RBI_POLICY,1.0,1,1,0
2021-12-08,COALINDIA,GOVT,RBI_POLICY,1.0,1,1,0
2021-12-08,LT,GOVT,RBI_POLICY,1.0,1,1,0
2021-12-08,ULTRACEMCO,GOVT,RBI_POLICY,1.0,1,1,0
2021-12-08,GRASIM,GOVT,RBI_POLICY,1.0,1,1,0
2021-12-08,ASIANPAINT,GOVT,RBI_POLICY,1.0,1,1,0
2021-12-08,TITAN,GOVT,RBI_POLICY,1.0,1,1,0
2021-12-13,HDFCBANK,MACRO,CPI,0.8,1,1,0
2021-12-13,ICICIBANK,MACRO,CPI,0.8,1,1,0
2021-12-13,SBIN,MACRO,CPI,0.8,1,1,0
2021-12-13,AXISBANK,MACRO,CPI,0.8,1,1,0
2021-12-13,KOTAKBANK,MACRO,CPI,0.8,1,1,0
2021-12-13,BAJFINANCE,MACRO,CPI,0.8,1,1,0
2021-12-13,BAJAJFINSV,MACRO,CPI,0.8,1,1,0
2021-12-13,INDUSINDBK,MACRO,CPI,0.8,1,1,0
2021-12-13,TCS,MACRO,CPI,0.8,1,1,0
2021-12-13,INFY,MACRO,CPI,0.8,1,1,0
2021-12-13,HCLTECH,MACRO,CPI,0.8,1,1,0
2021-12-13,WIPRO,MACRO,CPI,0.8,1,1,0
2021-12-13,TECHM,MACRO,CPI,0.8,1,1,0
2021-12-13,RELIANCE,MACRO,CPI,0.8,1,1,0
2021-12-13,ONGC,MACRO,CPI,0.8,1,1,0
2021-12-13,NTPC,MACRO,CPI,0.8,1,1,0
2021-12-13,POWERGRID,MACRO,CPI,0.8,1,1,0
2021-12-13,BPCL,MACRO,CPI,0.8,1,1,0
2021-12-13,HINDUNILVR,MACRO,CPI,0.8,1,1,0
2021-12-13,ITC,MACRO,CPI,0.8,1,1,0
2021-12-13,NESTLEIND,MACRO,CPI,0.8,1,1,0
2021-12-13,BRITANNIA,MACRO,CPI,0.8,1,1,0
2021-12-13,MARUTI,MACRO,CPI,0.8,1,1,0
2021-12-13,M&M,MACRO,CPI,0.8,1,1,0
2021-12-13,BHARTIARTL,MACRO,CPI,0.8,1,1,0
2021-12-13,EICHERMOT,MACRO,CPI,0.8,1,1,0
2021-12-13,HEROMOTOCO,MACRO,CPI,0.8,1,1,0
2021-12-13,BAJAJ-AUTO,MACRO,CPI,0.8,1,1,0
2021-12-13,SUNPHARMA,MACRO,CPI,0.8,1,1,0
2021-12-13,CIPLA,MACRO,CPI,0.8,1,1,0
2021-12-13,DRREDDY,MACRO,CPI,0.8,1,1,0
2021-12-13,TATASTEEL,MACRO,CPI,0.8,1,1,0
2021-12-13,JSWSTEEL,MACRO,CPI,0.8,1,1,0
2021-12-13,HINDALCO,MACRO,CPI,0.8,1,1,0
2021-12-13,COALINDIA,MACRO,CPI,0.8,1,1,0
2021-12-13,LT,MACRO,CPI,0.8,1,1,0
2021-12-13,ULTRACEMCO,MACRO,CPI,0.8,1,1,0
2021-12-13,GRASIM,MACRO,CPI,0.8,1,1,0
2021-12-13,ASIANPAINT,MACRO,CPI,0.8,1,1,0
2021-12-13,TITAN,MACRO,CPI,0.8,1,1,0
2021-12-15,POWERGRID,STOCK,DIVIDEND,0.7,1,1,0
2022-01-03,HDFCBANK,MACRO,PMI,0.8,1,1,0
2022-01-03,ICICIBANK,MACRO,PMI,0.8,1,1,0
2022-01-03,SBIN,MACRO,PMI,0.8,1,1,0
2022-01-03,AXISBANK,MACRO,PMI,0.8,1,1,0
2022-01-03,KOTAKBANK,MACRO,PMI,0.8,1,1,0
2022-01-03,BAJFINANCE,MACRO,PMI,0.8,1,1,0
2022-01-03,BAJAJFINSV,MACRO,PMI,0.8,1,1,0
2022-01-03,INDUSINDBK,MACRO,PMI,0.8,1,1,0
2022-01-03,TCS,MACRO,PMI,0.8,1,1,0
2022-01-03,INFY,MACRO,PMI,0.8,1,1,0
2022-01-03,HCLTECH,MACRO,PMI,0.8,1,1,0
2022-01-03,WIPRO,MACRO,PMI,0.8,1,1,0
2022-01-03,TECHM,MACRO,PMI,0.8,1,1,0
2022-01-03,RELIANCE,MACRO,PMI,0.8,1,1,0
2022-01-03,ONGC,MACRO,PMI,0.8,1,1,0
2022-01-03,NTPC,MACRO,PMI,0.8,1,1,0
2022-01-03,POWERGRID,MACRO,PMI,0.8,1,1,0
2022-01-03,BPCL,MACRO,PMI,0.8,1,1,0
2022-01-03,HINDUNILVR,MACRO,PMI,0.8,1,1,0
2022-01-03,ITC,MACRO,PMI,0.8,1,1,0
2022-01-03,NESTLEIND,MACRO,PMI,0.8,1,1,0
2022-01-03,BRITANNIA,MACRO,PMI,0.8,1,1,0
2022-01-03,MARUTI,MACRO,PMI,0.8,1,1,0
2022-01-03,M&M,MACRO,PMI,0.8,1,1,0
2022-01-03,BHARTIARTL,MACRO,PMI,0.8,1,1,0
2022-01-03,EICHERMOT,MACRO,PMI,0.8,1,1,0
2022-01-03,HEROMOTOCO,MACRO,PMI,0.8,1,1,0
2022-01-03,BAJAJ-AUTO,MACRO,PMI,0.8,1,1,0
2022-01-03,SUNPHARMA,MACRO,PMI,0.8,1,1,0
2022-01-03,CIPLA,MACRO,PMI,0.8,1,1,0
2022-01-03,DRREDDY,MACRO,PMI,0.8,1,1,0
2022-01-03,TATASTEEL,MACRO,PMI,0.8,1,1,0
2022-01-03,JSWSTEEL,MACRO,PMI,0.8,1,1,0
2022-01-03,HINDALCO,MACRO,PMI,0.8,1,1,0
2022-01-03,COALINDIA,MACRO,PMI,0.8,1,1,0
2022-01-03,LT,MACRO,PMI,0.8,1,1,0
2022-01-03,ULTRACEMCO,MACRO,PMI,0.8,1,1,0
2022-01-03,GRASIM,MACRO,PMI,0.8,1,1,0
2022-01-03,ASIANPAINT,MACRO,PMI,0.8,1,1,0
2022-01-03,TITAN,MACRO,PMI,0.8,1,1,0
2022-01-12,HDFCBANK,MACRO,CPI,0.8,1,1,0
2022-01-12,ICICIBANK,MACRO,CPI,0.8,1,1,0
2022-01-12,SBIN,MACRO,CPI,0.8,1,1,0
2022-01-12,AXISBANK,MACRO,CPI,0.8,1,1,0
2022-01-12,KOTAKBANK,MACRO,CPI,0.8,1,1,0
2022-01-12,BAJFINANCE,MACRO,CPI,0.8,1,1,0
2022-01-12,BAJAJFINSV,MACRO,CPI,0.8,1,1,0
2022-01-12,INDUSINDBK,MACRO,CPI,0.8,1,1,0
2022-01-12,TCS,MACRO|STOCK,CPI|EARNINGS,1.0,2,1,0
2022-01-12,INFY,MACRO|STOCK,CPI|EARNINGS,1.0,2,1,0
2022-01-12,HCLTECH,MACRO,CPI,0.8,1,1,0
2022-01-12,WIPRO,MACRO|STOCK,CPI|EARNINGS,1.0,2,1,0
2022-01-12,TECHM,MACRO,CPI,0.8,1,1,0
2022-01-12,RELIANCE,MACRO,CPI,0.8,1,1,0
2022-01-12,ONGC,MACRO,CPI,0.8,1,1,0
2022-01-12,NTPC,MACRO,CPI,0.8,1,1,0
2022-01-12,POWERGRID,MACRO,CPI,0.8,1,1,0
2022-01-12,BPCL,MACRO,CPI,0.8,1,1,0
2022-01-12,HINDUNILVR,MACRO,CPI,0.8,1,1,0
2022-01-12,ITC,MACRO,CPI,0.8,1,1,0
2022-01-12,NESTLEIND,MACRO,CPI,0.8,1,1,0
2022-01-12,BRITANNIA,MACRO,CPI,0.8,1,1,0
2022-01-12,MARUTI,MACRO,CPI,0.8,1,1,0
2022-01-12,M&M,MACRO,CPI,0.8,1,1,0
2022-01-12,BHARTIARTL,MACRO,CPI,0.8,1,1,0
2022-01-12,EICHERMOT,MACRO,CPI,0.8,1,1,0
2022-01-12,HEROMOTOCO,MACRO,CPI,0.8,1,1,0
2022-01-12,BAJAJ-AUTO,MACRO,CPI,0.8,1,1,0
2022-01-12,SUNPHARMA,MACRO,CPI,0.8,1,1,0
2022-01-12,CIPLA,MACRO,CPI,0.8,1,1,0
2022-01-12,DRREDDY,MACRO,CPI,0.8,1,1,0
2022-01-12,TATASTEEL,MACRO,CPI,0.8,1,1,0
2022-01-12,JSWSTEEL,MACRO,CPI,0.8,1,1,0
2022-01-12,HINDALCO,MACRO,CPI,0.8,1,1,0
2022-01-12,COALINDIA,MACRO,CPI,0.8,1,1,0
2022-01-12,LT,MACRO,CPI,0.8,1,1,0
2022-01-12,ULTRACEMCO,MACRO,CPI,0.8,1,1,0
2022-01-12,GRASIM,MACRO,CPI,0.8,1,1,0
2022-01-12,ASIANPAINT,MACRO,CPI,0.8,1,1,0
2022-01-12,TITAN,MACRO,CPI,0.8,1,1,0
2022-01-14,HCLTECH,STOCK,EARNINGS,1.0,1,1,0
2022-01-17,ULTRACEMCO,STOCK,EARNINGS,1.0,1,1,0
2022-01-18,BAJFINANCE,STOCK,EARNINGS,1.0,1,1,0
2022-01-19,BAJAJ-AUTO,STOCK,EARNINGS,1.0,1,1,0
2022-01-20,BAJAJFINSV,STOCK,EARNINGS,1.0,1,1,0
2022-01-20,HINDUNILVR,STOCK,EARNINGS,1.0,1,1,0
2022-01-20,ASIANPAINT,STOCK,EARNINGS,1.0,1,1,0
2022-01-21,RELIANCE,STOCK,EARNINGS,1.0,1,1,0
2022-01-21,JSWSTEEL,STOCK,EARNINGS,1.0,1,1,0
2022-01-24,AXISBANK,STOCK,EARNINGS,1.0,1,1,0
2022-01-25,MARUTI,STOCK,EARNINGS,1.0,1,1,0
2022-01-25,CIPLA,STOCK,EARNINGS,1.0,1,1,0
2022-01-28,KOTAKBANK,STOCK,EARNINGS,1.0,1,1,0
2022-01-28,BRITANNIA,STOCK,EARNINGS,1.0,1,1,0
2022-01-28,DRREDDY,STOCK,EARNINGS,1.0,1,1,0
2022-01-28,LT,STOCK,EARNINGS,1.0,1,1,0
2022-01-31,BPCL,STOCK,EARNINGS,1.0,1,1,0
2022-01-31,SUNPHARMA,STOCK,EARNINGS,1.0,1,1,0
2022-02-01,HDFCBANK,GOVT|MACRO,PMI|UNION_BUDGET,1.0,2,1,0
2022-02-01,ICICIBANK,GOVT|MACRO,PMI|UNION_BUDGET,1.0,2,1,0
2022-02-01,SBIN,GOVT|MACRO,PMI|UNION_BUDGET,1.0,2,1,0
2022-02-01,AXISBANK,GOVT|MACRO,PMI|UNION_BUDGET,1.0,2,1,0
2022-02-01,KOTAKBANK,GOVT|MACRO,PMI|UNION_BUDGET,1.0,2,1,0
2022-02-01,BAJFINANCE,GOVT|MACRO,PMI|UNION_BUDGET,1.0,2,1,0
2022-02-01,BAJAJFINSV,GOVT|MACRO,PMI|UNION_BUDGET,1.0,2,1,0
2022-02-01,INDUSINDBK,GOVT|MACRO,PMI|UNION_BUDGET,1.0,2,1,0
2022-02-01,TCS,GOVT|MACRO,PMI|UNION_BUDGET,1.0,2,1,0
2022-02-01,INFY,GOVT|MACRO,PMI|UNION_BUDGET,1.0,2,1,0
2022-02-01,HCLTECH,GOVT|MACRO,PMI|UNION_BUDGET,1.0,2,1,0
2022-02-01,WIPRO,GOVT|MACRO,PMI|UNION_BUDGET,1.0,2,1,0
2022-02-01,TECHM,GOVT|MACRO|STOCK,EARNINGS|PMI|UNION_BUDGET,1.0,3,1,0
2022-02-01,RELIANCE,GOVT|MACRO,PMI|UNION_BUDGET,1.0,2,1,0
2022-02-01,ONGC,GOVT|MACRO,PMI|UNION_BUDGET,1.0,2,1,0
2022-02-01,NTPC,GOVT|MACRO,PMI|UNION_BUDGET,1.0,2,1,0
2022-02-01,POWERGRID,GOVT|MACRO,PMI|UNION_BUDGET,1.0,2,1,0
2022-02-01,BPCL,GOVT|MACRO,PMI|UNION_BUDGET,1.0,2,1,0
2022-02-01,HINDUNILVR,GOVT|MACRO,PMI|UNION_BUDGET,1.0,2,1,0
2022-02-01,ITC,GOVT|MACRO,PMI|UNION_BUDGET,1.0,2,1,0
2022-02-01,NESTLEIND,GOVT|MACRO,PMI|UNION_BUDGET,1.0,2,1,0
2022-02-01,BRITANNIA,GOVT|MACRO,PMI|UNION_BUDGET,1.0,2,1,0
2022-02-01,MARUTI,GOVT|MACRO,PMI|UNION_BUDGET,1.0,2,1,0
2022-02-01,M&M,GOVT|MACRO,PMI|UNION_BUDGET,1.0,2,1,0
2022-02-01,BHARTIARTL,GOVT|MACRO,PMI|UNION_BUDGET,1.0,2,1,0
2022-02-01,EICHERMOT,GOVT|MACRO,PMI|UNION_BUDGET,1.0,2,1,0
2022-02-01,HEROMOTOCO,GOVT|MACRO,PMI|UNION_BUDGET,1.0,2,1,0
2022-02-01,BAJAJ-AUTO,GOVT|MACRO,PMI|UNION_BUDGET,1.0,2,1,0
2022-02-01,SUNPHARMA,GOVT|MACRO,PMI|UNION_BUDGET,1.0,2,1,0
2022-02-01,CIPLA,GOVT|MACRO,PMI|UNION_BUDGET,1.0,2,1,0
2022-02-01,DRREDDY,GOVT|MACRO,PMI|UNION_BUDGET,1.0,2,1,0
2022-02-01,TATASTEEL,GOVT|MACRO,PMI|UNION_BUDGET,1.0,2,1,0
2022-02-01,JSWSTEEL,GOVT|MACRO,PMI|UNION_BUDGET,1.0,2,1,0
2022-02-01,HINDALCO,GOVT|MACRO,PMI|UNION_BUDGET,1.0,2,1,0
2022-02-01,COALINDIA,GOVT|MACRO,PMI|UNION_BUDGET,1.0,2,1,0
2022-02-01,LT,GOVT|MACRO,PMI|UNION_BUDGET,1.0,2,1,0
2022-02-01,ULTRACEMCO,GOVT|MACRO,PMI|UNION_BUDGET,1.0,2,1,0
2022-02-01,GRASIM,GOVT|MACRO,PMI|UNION_BUDGET,1.0,2,1,0
2022-02-01,ASIANPAINT,GOVT|MACRO,PMI|UNION_BUDGET,1.0,2,1,0
2022-02-01,TITAN,GOVT|MACRO,PMI|UNION_BUDGET,1.0,2,1,0
2022-02-03,ITC,STOCK,EARNINGS,1.0,1,1,0
2022-02-03,TITAN,STOCK,EARNINGS,1.0,1,1,0
2022-02-04,TATASTEEL,STOCK,EARNINGS,1.0,1,1,0
2022-02-08,BHARTIARTL,STOCK,EARNINGS,1.0,1,1,0
2022-02-09,POWERGRID,STOCK,EARNINGS,1.0,1,1,0
2022-02-10,HDFCBANK,GOVT,RBI_POLICY,1.0,1,1,0
2022-02-10,ICICIBANK,GOVT,RBI_POLICY,1.0,1,1,0
2022-02-10,SBIN,GOVT,RBI_POLICY,1.0,1,1,0
2022-02-10,AXISBANK,GOVT,RBI_POLICY,1.0,1,1,0
2022-02-10,KOTAKBANK,GOVT,RBI_POLICY,1.0,1,1,0
2022-02-10,BAJFINANCE,GOVT,RBI_POLICY,1.0,1,1,0
2022-02-10,BAJAJFINSV,GOVT,RBI_POLICY,1.0,1,1,0
2022-02-10,INDUSINDBK,GOVT,RBI_POLICY,1.0,1,1,0
2022-02-10,TCS,GOVT,RBI_POLICY,1.0,1,1,0
2022-02-10,INFY,GOVT,RBI_POLICY,1.0,1,1,0
2022-02-10,HCLTECH,GOVT,RBI_POLICY,1.0,1,1,0
2022-02-10,WIPRO,GOVT,RBI_POLICY,1.0,1,1,0
2022-02-10,TECHM,GOVT,RBI_POLICY,1.0,1,1,0
2022-02-10,RELIANCE,GOVT,RBI_POLICY,1.0,1,1,0
2022-02-10,ONGC,GOVT,RBI_POLICY,1.0,1,1,0
2022-02-10,NTPC,GOVT,RBI_POLICY,1.0,1,1,0
2022-02-10,POWERGRID,GOVT,RBI_POLICY,1.0,1,1,0
2022-02-10,BPCL,GOVT,RBI_POLICY,1.0,1,1,0
2022-02-10,HINDUNILVR,GOVT,RBI_POLICY,1.0,1,1,0
2022-02-10,ITC,GOVT,RBI_POLICY,1.0,1,1,0
2022-02-10,NESTLEIND,GOVT,RBI_POLICY,1.0,1,1,0
2022-02-10,BRITANNIA,GOVT,RBI_POLICY,1.0,1,1,0
2022-02-10,MARUTI,GOVT,RBI_POLICY,1.0,1,1,0
2022-02-10,M&M,GOVT|STOCK,EARNINGS|RBI_POLICY,1.0,2,1,0
2022-02-10,BHARTIARTL,GOVT,RBI_POLICY,1.0,1,1,0
2022-02-10,EICHERMOT,GOVT,RBI_POLICY,1.0,1,1,0
2022-02-10,HEROMOTOCO,GOVT|STOCK,DIVIDEND|EARNINGS|RBI_POLICY,1.0,3,1,0
2022-02-10,BAJAJ-AUTO,GOVT,RBI_POLICY,1.0,1,1,0
2022-02-10,SUNPHARMA,GOVT,RBI_POLICY,1.0,1,1,0
2022-02-10,CIPLA,GOVT,RBI_POLICY,1.0,1,1,0
2022-02-10,DRREDDY,GOVT,RBI_POLICY,1.0,1,1,0
2022-02-10,TATASTEEL,GOVT,RBI_POLICY,1.0,1,1,0
2022-02-10,JSWSTEEL,GOVT,RBI_POLICY,1.0,1,1,0
2022-02-10,HINDALCO,GOVT|STOCK,EARNINGS|RBI_POLICY,1.0,2,1,0
2022-02-10,COALINDIA,GOVT,RBI_POLICY,1.0,1,1,0
2022-02-10,LT,GOVT,RBI_POLICY,1.0,1,1,0
2022-02-10,ULTRACEMCO,GOVT,RBI_POLICY,1.0,1,1,0
2022-02-10,GRASIM,GOVT,RBI_POLICY,1.0,1,1,0
2022-02-10,ASIANPAINT,GOVT,RBI_POLICY,1.0,1,1,0
2022-02-10,TITAN,GOVT,RBI_POLICY,1.0,1,1,0
2022-02-11,ONGC,STOCK,DIVIDEND|EARNINGS,1.0,2,1,0
2022-02-14,HDFCBANK,MACRO,CPI,0.8,1,1,0
2022-02-14,ICICIBANK,MACRO,CPI,0.8,1,1,0
2022-02-14,SBIN,MACRO,CPI,0.8,1,1,0
2022-02-14,AXISBANK,MACRO,CPI,0.8,1,1,0
2022-02-14,KOTAKBANK,MACRO,CPI,0.8,1,1,0
2022-02-14,BAJFINANCE,MACRO,CPI,0.8,1,1,0
2022-02-14,BAJAJFINSV,MACRO,CPI,0.8,1,1,0
2022-02-14,INDUSINDBK,MACRO,CPI,0.8,1,1,0
2022-02-14,TCS,MACRO,CPI,0.8,1,1,0
2022-02-14,INFY,MACRO,CPI,0.8,1,1,0
2022-02-14,HCLTECH,MACRO,CPI,0.8,1,1,0
2022-02-14,WIPRO,MACRO,CPI,0.8,1,1,0
2022-02-14,TECHM,MACRO,CPI,0.8,1,1,0
2022-02-14,RELIANCE,MACRO,CPI,0.8,1,1,0
2022-02-14,ONGC,MACRO,CPI,0.8,1,1,0
2022-02-14,NTPC,MACRO,CPI,0.8,1,1,0
2022-02-14,POWERGRID,MACRO,CPI,0.8,1,1,0
2022-02-14,BPCL,MACRO,CPI,0.8,1,1,0
2022-02-14,HINDUNILVR,MACRO,CPI,0.8,1,1,0
2022-02-14,ITC,MACRO,CPI,0.8,1,1,0
2022-02-14,NESTLEIND,MACRO,CPI,0.8,1,1,0
2022-02-14,BRITANNIA,MACRO,CPI,0.8,1,1,0
2022-02-14,MARUTI,MACRO,CPI,0.8,1,1,0
2022-02-14,M&M,MACRO,CPI,0.8,1,1,0
2022-02-14,BHARTIARTL,MACRO,CPI,0.8,1,1,0
2022-02-14,EICHERMOT,MACRO|STOCK,CPI|EARNINGS,1.0,2,1,0
2022-02-14,HEROMOTOCO,MACRO,CPI,0.8,1,1,0
2022-02-14,BAJAJ-AUTO,MACRO,CPI,0.8,1,1,0
2022-02-14,SUNPHARMA,MACRO,CPI,0.8,1,1,0
2022-02-14,CIPLA,MACRO,CPI,0.8,1,1,0
2022-02-14,DRREDDY,MACRO,CPI,0.8,1,1,0
2022-02-14,TATASTEEL,MACRO,CPI,0.8,1,1,0
2022-02-14,JSWSTEEL,MACRO,CPI,0.8,1,1,0
2022-02-14,HINDALCO,MACRO,CPI,0.8,1,1,0
2022-02-14,COALINDIA,MACRO|STOCK,CPI|DIVIDEND|EARNINGS,1.0,3,1,0
2022-02-14,LT,MACRO,CPI,0.8,1,1,0
2022-02-14,ULTRACEMCO,MACRO,CPI,0.8,1,1,0
2022-02-14,GRASIM,MACRO|STOCK,CPI|EARNINGS,1.0,2,1,0
2022-02-14,ASIANPAINT,MACRO,CPI,0.8,1,1,0
2022-02-14,TITAN,MACRO,CPI,0.8,1,1,0
2022-02-28,HDFCBANK,MACRO,GDP,0.9,1,1,0
2022-02-28,ICICIBANK,MACRO,GDP,0.9,1,1,0
2022-02-28,SBIN,MACRO,GDP,0.9,1,1,0
2022-02-28,AXISBANK,MACRO,GDP,0.9,1,1,0
2022-02-28,KOTAKBANK,MACRO,GDP,0.9,1,1,0
2022-02-28,BAJFINANCE,MACRO,GDP,0.9,1,1,0
2022-02-28,BAJAJFINSV,MACRO,GDP,0.9,1,1,0
2022-02-28,INDUSINDBK,MACRO,GDP,0.9,1,1,0
2022-02-28,TCS,MACRO,GDP,0.9,1,1,0
2022-02-28,INFY,MACRO,GDP,0.9,1,1,0
2022-02-28,HCLTECH,MACRO,GDP,0.9,1,1,0
2022-02-28,WIPRO,MACRO,GDP,0.9,1,1,0
2022-02-28,TECHM,MACRO,GDP,0.9,1,1,0
2022-02-28,RELIANCE,MACRO,GDP,0.9,1,1,0
2022-02-28,ONGC,MACRO,GDP,0.9,1,1,0
2022-02-28,NTPC,MACRO,GDP,0.9,1,1,0
2022-02-28,POWERGRID,MACRO,GDP,0.9,1,1,0
2022-02-28,BPCL,MACRO,GDP,0.9,1,1,0
2022-02-28,HINDUNILVR,MACRO,GDP,0.9,1,1,0
2022-02-28,ITC,MACRO,GDP,0.9,1,1,0
2022-02-28,NESTLEIND,MACRO,GDP,0.9,1,1,0
2022-02-28,BRITANNIA,MACRO,GDP,0.9,1,1,0
2022-02-28,MARUTI,MACRO,GDP,0.9,1,1,0
2022-02-28,M&M,MACRO,GDP,0.9,1,1,0
2022-02-28,BHARTIARTL,MACRO,GDP,0.9,1,1,0
2022-02-28,EICHERMOT,MACRO,GDP,0.9,1,1,0
2022-02-28,HEROMOTOCO,MACRO,GDP,0.9,1,1,0
2022-02-28,BAJAJ-AUTO,MACRO,GDP,0.9,1,1,0
2022-02-28,SUNPHARMA,MACRO,GDP,0.9,1,1,0
2022-02-28,CIPLA,MACRO,GDP,0.9,1,1,0
2022-02-28,DRREDDY,MACRO,GDP,0.9,1,1,0
2022-02-28,TATASTEEL,MACRO,GDP,0.9,1,1,0
2022-02-28,JSWSTEEL,MACRO,GDP,0.9,1,1,0
2022-02-28,HINDALCO,MACRO,GDP,0.9,1,1,0
2022-02-28,COALINDIA,MACRO,GDP,0.9,1,1,0
2022-02-28,LT,MACRO,GDP,0.9,1,1,0
2022-02-28,ULTRACEMCO,MACRO,GDP,0.9,1,1,0
2022-02-28,GRASIM,MACRO,GDP,0.9,1,1,0
2022-02-28,ASIANPAINT,MACRO,GDP,0.9,1,1,0
2022-02-28,TITAN,MACRO,GDP,0.9,1,1,0
2022-03-01,HDFCBANK,MACRO,PMI,0.8,1,1,0
2022-03-01,ICICIBANK,MACRO,PMI,0.8,1,1,0
2022-03-01,SBIN,MACRO,PMI,0.8,1,1,0
2022-03-01,AXISBANK,MACRO,PMI,0.8,1,1,0
2022-03-01,KOTAKBANK,MACRO,PMI,0.8,1,1,0
2022-03-01,BAJFINANCE,MACRO,PMI,0.8,1,1,0
2022-03-01,BAJAJFINSV,MACRO,PMI,0.8,1,1,0
2022-03-01,INDUSINDBK,MACRO,PMI,0.8,1,1,0
2022-03-01,TCS,MACRO,PMI,0.8,1,1,0
2022-03-01,INFY,MACRO,PMI,0.8,1,1,0
2022-03-01,HCLTECH,MACRO,PMI,0.8,1,1,0
2022-03-01,WIPRO,MACRO,PMI,0.8,1,1,0
2022-03-01,TECHM,MACRO,PMI,0.8,1,1,0
2022-03-01,RELIANCE,MACRO,PMI,0.8,1,1,0
2022-03-01,ONGC,MACRO,PMI,0.8,1,1,0
2022-03-01,NTPC,MACRO,PMI,0.8,1,1,0
2022-03-01,POWERGRID,MACRO,PMI,0.8,1,1,0
2022-03-01,BPCL,MACRO,PMI,0.8,1,1,0
2022-03-01,HINDUNILVR,MACRO,PMI,0.8,1,1,0
2022-03-01,ITC,MACRO,PMI,0.8,1,1,0
2022-03-01,NESTLEIND,MACRO,PMI,0.8,1,1,0
2022-03-01,BRITANNIA,MACRO,PMI,0.8,1,1,0
2022-03-01,MARUTI,MACRO,PMI,0.8,1,1,0
2022-03-01,M&M,MACRO,PMI,0.8,1,1,0
2022-03-01,BHARTIARTL,MACRO,PMI,0.8,1,1,0
2022-03-01,EICHERMOT,MACRO,PMI,0.8,1,1,0
2022-03-01,HEROMOTOCO,MACRO,PMI,0.8,1,1,0
2022-03-01,BAJAJ-AUTO,MACRO,PMI,0.8,1,1,0
2022-03-01,SUNPHARMA,MACRO,PMI,0.8,1,1,0
2022-03-01,CIPLA,MACRO,PMI,0.8,1,1,0
2022-03-01,DRREDDY,MACRO,PMI,0.8,1,1,0
2022-03-01,TATASTEEL,MACRO,PMI,0.8,1,1,0
2022-03-01,JSWSTEEL,MACRO,PMI,0.8,1,1,0
2022-03-01,HINDALCO,MACRO,PMI,0.8,1,1,0
2022-03-01,COALINDIA,MACRO,PMI,0.8,1,1,0
2022-03-01,LT,MACRO,PMI,0.8,1,1,0
2022-03-01,ULTRACEMCO,MACRO,PMI,0.8,1,1,0
2022-03-01,GRASIM,MACRO,PMI,0.8,1,1,0
2022-03-01,ASIANPAINT,MACRO,PMI,0.8,1,1,0
2022-03-01,TITAN,MACRO,PMI,0.8,1,1,0
2022-03-14,HDFCBANK,MACRO,CPI,0.8,1,1,0
2022-03-14,ICICIBANK,MACRO,CPI,0.8,1,1,0
2022-03-14,SBIN,MACRO,CPI,0.8,1,1,0
2022-03-14,AXISBANK,MACRO,CPI,0.8,1,1,0
2022-03-14,KOTAKBANK,MACRO,CPI,0.8,1,1,0
2022-03-14,BAJFINANCE,MACRO,CPI,0.8,1,1,0
2022-03-14,BAJAJFINSV,MACRO,CPI,0.8,1,1,0
2022-03-14,INDUSINDBK,MACRO,CPI,0.8,1,1,0
2022-03-14,TCS,MACRO,CPI,0.8,1,1,0
2022-03-14,INFY,MACRO,CPI,0.8,1,1,0
2022-03-14,HCLTECH,MACRO,CPI,0.8,1,1,0
2022-03-14,WIPRO,MACRO,CPI,0.8,1,1,0
2022-03-14,TECHM,MACRO,CPI,0.8,1,1,0
2022-03-14,RELIANCE,MACRO,CPI,0.8,1,1,0
2022-03-14,ONGC,MACRO,CPI,0.8,1,1,0
2022-03-14,NTPC,MACRO,CPI,0.8,1,1,0
2022-03-14,POWERGRID,MACRO,CPI,0.8,1,1,0
2022-03-14,BPCL,MACRO,CPI,0.8,1,1,0
2022-03-14,HINDUNILVR,MACRO,CPI,0.8,1,1,0
2022-03-14,ITC,MACRO,CPI,0.8,1,1,0
2022-03-14,NESTLEIND,MACRO,CPI,0.8,1,1,0
2022-03-14,BRITANNIA,MACRO,CPI,0.8,1,1,0
2022-03-14,MARUTI,MACRO,CPI,0.8,1,1,0
2022-03-14,M&M,MACRO,CPI,0.8,1,1,0
2022-03-14,BHARTIARTL,MACRO,CPI,0.8,1,1,0
2022-03-14,EICHERMOT,MACRO,CPI,0.8,1,1,0
2022-03-14,HEROMOTOCO,MACRO,CPI,0.8,1,1,0
2022-03-14,BAJAJ-AUTO,MACRO,CPI,0.8,1,1,0
2022-03-14,SUNPHARMA,MACRO,CPI,0.8,1,1,0
2022-03-14,CIPLA,MACRO,CPI,0.8,1,1,0
2022-03-14,DRREDDY,MACRO,CPI,0.8,1,1,0
2022-03-14,TATASTEEL,MACRO,CPI,0.8,1,1,0
2022-03-14,JSWSTEEL,MACRO,CPI,0.8,1,1,0
2022-03-14,HINDALCO,MACRO,CPI,0.8,1,1,0
2022-03-14,COALINDIA,MACRO,CPI,0.8,1,1,0
2022-03-14,LT,MACRO,CPI,0.8,1,1,0
2022-03-14,ULTRACEMCO,MACRO,CPI,0.8,1,1,0
2022-03-14,GRASIM,MACRO,CPI,0.8,1,1,0
2022-03-14,ASIANPAINT,MACRO,CPI,0.8,1,1,0
2022-03-14,TITAN,MACRO,CPI,0.8,1,1,0
2022-03-25,WIPRO,STOCK,DIVIDEND,0.7,1,1,0
2022-04-01,HDFCBANK,MACRO,PMI,0.8,1,1,0
2022-04-01,ICICIBANK,MACRO,PMI,0.8,1,1,0
2022-04-01,SBIN,MACRO,PMI,0.8,1,1,0
2022-04-01,AXISBANK,MACRO,PMI,0.8,1,1,0
2022-04-01,KOTAKBANK,MACRO,PMI,0.8,1,1,0
2022-04-01,BAJFINANCE,MACRO,PMI,0.8,1,1,0
2022-04-01,BAJAJFINSV,MACRO,PMI,0.8,1,1,0
2022-04-01,INDUSINDBK,MACRO,PMI,0.8,1,1,0
2022-04-01,TCS,MACRO,PMI,0.8,1,1,0
2022-04-01,INFY,MACRO,PMI,0.8,1,1,0
2022-04-01,HCLTECH,MACRO,PMI,0.8,1,1,0
2022-04-01,WIPRO,MACRO,PMI,0.8,1,1,0
2022-04-01,TECHM,MACRO,PMI,0.8,1,1,0
2022-04-01,RELIANCE,MACRO,PMI,0.8,1,1,0
2022-04-01,ONGC,MACRO,PMI,0.8,1,1,0
2022-04-01,NTPC,MACRO,PMI,0.8,1,1,0
2022-04-01,POWERGRID,MACRO,PMI,0.8,1,1,0
2022-04-01,BPCL,MACRO,PMI,0.8,1,1,0
2022-04-01,HINDUNILVR,MACRO,PMI,0.8,1,1,0
2022-04-01,ITC,MACRO,PMI,0.8,1,1,0
2022-04-01,NESTLEIND,MACRO,PMI,0.8,1,1,0
2022-04-01,BRITANNIA,MACRO,PMI,0.8,1,1,0
2022-04-01,MARUTI,MACRO,PMI,0.8,1,1,0
2022-04-01,M&M,MACRO,PMI,0.8,1,1,0
2022-04-01,BHARTIARTL,MACRO,PMI,0.8,1,1,0
2022-04-01,EICHERMOT,MACRO,PMI,0.8,1,1,0
2022-04-01,HEROMOTOCO,MACRO,PMI,0.8,1,1,0
2022-04-01,BAJAJ-AUTO,MACRO,PMI,0.8,1,1,0
2022-04-01,SUNPHARMA,MACRO,PMI,0.8,1,1,0
2022-04-01,CIPLA,MACRO,PMI,0.8,1,1,0
2022-04-01,DRREDDY,MACRO,PMI,0.8,1,1,0
2022-04-01,TATASTEEL,MACRO,PMI,0.8,1,1,0
2022-04-01,JSWSTEEL,MACRO,PMI,0.8,1,1,0
2022-04-01,HINDALCO,MACRO,PMI,0.8,1,1,0
2022-04-01,COALINDIA,MACRO,PMI,0.8,1,1,0
2022-04-01,LT,MACRO,PMI,0.8,1,1,0
2022-04-01,ULTRACEMCO,MACRO,PMI,0.8,1,1,0
2022-04-01,GRASIM,MACRO,PMI,0.8,1,1,0
2022-04-01,ASIANPAINT,MACRO,PMI,0.8,1,1,0
2022-04-01,TITAN,MACRO,PMI,0.8,1,1,0
2022-04-08,HDFCBANK,GOVT,RBI_POLICY,1.0,1,1,0
2022-04-08,ICICIBANK,GOVT,RBI_POLICY,1.0,1,1,0
2022-04-08,SBIN,GOVT,RBI_POLICY,1.0,1,1,0
2022-04-08,AXISBANK,GOVT,RBI_POLICY,1.0,1,1,0
2022-04-08,KOTAKBANK,GOVT,RBI_POLICY,1.0,1,1,0
2022-04-08,BAJFINANCE,GOVT,RBI_POLICY,1.0,1,1,0
2022-04-08,BAJAJFINSV,GOVT,RBI_POLICY,1.0,1,1,0
2022-04-08,INDUSINDBK,GOVT,RBI_POLICY,1.0,1,1,0
2022-04-08,TCS,GOVT,RBI_POLICY,1.0,1,1,0
2022-04-08,INFY,GOVT,RBI_POLICY,1.0,1,1,0
2022-04-08,HCLTECH,GOVT,RBI_POLICY,1.0,1,1,0
2022-04-08,WIPRO,GOVT,RBI_POLICY,1.0,1,1,0
2022-04-08,TECHM,GOVT,RBI_POLICY,1.0,1,1,0
2022-04-08,RELIANCE,GOVT,RBI_POLICY,1.0,1,1,0
2022-04-08,ONGC,GOVT,RBI_POLICY,1.0,1,1,0
2022-04-08,NTPC,GOVT,RBI_POLICY,1.0,1,1,0
2022-04-08,POWERGRID,GOVT,RBI_POLICY,1.0,1,1,0
2022-04-08,BPCL,GOVT,RBI_POLICY,1.0,1,1,0
2022-04-08,HINDUNILVR,GOVT,RBI_POLICY,1.0,1,1,0
2022-04-08,ITC,GOVT,RBI_POLICY,1.0,1,1,0
2022-04-08,NESTLEIND,GOVT,RBI_POLICY,1.0,1,1,0
2022-04-08,BRITANNIA,GOVT,RBI_POLICY,1.0,1,1,0
2022-04-08,MARUTI,GOVT,RBI_POLICY,1.0,1,1,0
2022-04-08,M&M,GOVT,RBI_POLICY,1.0,1,1,0
2022-04-08,BHARTIARTL,GOVT,RBI_POLICY,1.0,1,1,0
2022-04-08,EICHERMOT,GOVT,RBI_POLICY,1.0,1,1,0
2022-04-08,HEROMOTOCO,GOVT,RBI_POLICY,1.0,1,1,0
2022-04-08,BAJAJ-AUTO,GOVT,RBI_POLICY,1.0,1,1,0
2022-04-08,SUNPHARMA,GOVT,RBI_POLICY,1.0,1,1,0
2022-04-08,CIPLA,GOVT,RBI_POLICY,1.0,1,1,0
2022-04-08,DRREDDY,GOVT,RBI_POLICY,1.0,1,1,0
2022-04-08,TATASTEEL,GOVT,RBI_POLICY,1.0,1,1,0
2022-04-08,JSWSTEEL,GOVT,RBI_POLICY,1.0,1,1,0
2022-04-08,HINDALCO,GOVT,RBI_POLICY,1.0,1,1,0
2022-04-08,COALINDIA,GOVT,RBI_POLICY,1.0,1,1,0
2022-04-08,LT,GOVT,RBI_POLICY,1.0,1,1,0
2022-04-08,ULTRACEMCO,GOVT,RBI_POLICY,1.0,1,1,0
2022-04-08,GRASIM,GOVT,RBI_POLICY,1.0,1,1,0
2022-04-08,ASIANPAINT,GOVT,RBI_POLICY,1.0,1,1,0
2022-04-08,TITAN,GOVT,RBI_POLICY,1.0,1,1,0
2022-04-12,HDFCBANK,MACRO,CPI,0.8,1,1,0
2022-04-12,ICICIBANK,MACRO,CPI,0.8,1,1,0
2022-04-12,SBIN,MACRO,CPI,0.8,1,1,0
2022-04-12,AXISBANK,MACRO,CPI,0.8,1,1,0
2022-04-12,KOTAKBANK,MACRO,CPI,0.8,1,1,0
2022-04-12,BAJFINANCE,MACRO,CPI,0.8,1,1,0
2022-04-12,BAJAJFINSV,MACRO,CPI,0.8,1,1,0
2022-04-12,INDUSINDBK,MACRO,CPI,0.8,1,1,0
2022-04-12,TCS,MACRO,CPI,0.8,1,1,0
2022-04-12,INFY,MACRO,CPI,0.8,1,1,0
2022-04-12,HCLTECH,MACRO,CPI,0.8,1,1,0
2022-04-12,WIPRO,MACRO,CPI,0.8,1,1,0
2022-04-12,TECHM,MACRO,CPI,0.8,1,1,0
2022-04-12,RELIANCE,MACRO,CPI,0.8,1,1,0
2022-04-12,ONGC,MACRO,CPI,0.8,1,1,0
2022-04-12,NTPC,MACRO,CPI,0.8,1,1,0
2022-04-12,POWERGRID,MACRO,CPI,0.8,1,1,0
2022-04-12,BPCL,MACRO,CPI,0.8,1,1,0
2022-04-12,HINDUNILVR,MACRO,CPI,0.8,1,1,0
2022-04-12,ITC,MACRO,CPI,0.8,1,1,0
2022-04-12,NESTLEIND,MACRO,CPI,0.8,1,1,0
2022-04-12,BRITANNIA,MACRO,CPI,0.8,1,1,0
2022-04-12,MARUTI,MACRO,CPI,0.8,1,1,0
2022-04-12,M&M,MACRO,CPI,0.8,1,1,0
2022-04-12,BHARTIARTL,MACRO,CPI,0.8,1,1,0
2022-04-12,EICHERMOT,MACRO,CPI,0.8,1,1,0
2022-04-12,HEROMOTOCO,MACRO,CPI,0.8,1,1,0
2022-04-12,BAJAJ-AUTO,MACRO,CPI,0.8,1,1,0
2022-04-12,SUNPHARMA,MACRO,CPI,0.8,1,1,0
2022-04-12,CIPLA,MACRO,CPI,0.8,1,1,0
2022-04-12,DRREDDY,MACRO,CPI,0.8,1,1,0
2022-04-12,TATASTEEL,MACRO,CPI,0.8,1,1,0
2022-04-12,JSWSTEEL,MACRO,CPI,0.8,1,1,0
2022-04-12,HINDALCO,MACRO,CPI,0.8,1,1,0
2022-04-12,COALINDIA,MACRO,CPI,0.8,1,1,0
2022-04-12,LT,MACRO,CPI,0.8,1,1,0
2022-04-12,ULTRACEMCO,MACRO,CPI,0.8,1,1,0
2022-04-12,GRASIM,MACRO,CPI,0.8,1,1,0
2022-04-12,ASIANPAINT,MACRO,CPI,0.8,1,1,0
2022-04-12,TITAN,MACRO,CPI,0.8,1,1,0
2022-04-29,WIPRO,STOCK,EARNINGS,1.0,1,1,0
2022-04-29,MARUTI,STOCK,EARNINGS,1.0,1,1,0
2022-05-02,HDFCBANK,MACRO,PMI,0.8,1,1,0
2022-05-02,ICICIBANK,MACRO,PMI,0.8,1,1,0
2022-05-02,SBIN,MACRO,PMI,0.8,1,1,0
2022-05-02,AXISBANK,MACRO,PMI,0.8,1,1,0
2022-05-02,KOTAKBANK,MACRO,PMI,0.8,1,1,0
2022-05-02,BAJFINANCE,MACRO,PMI,0.8,1,1,0
2022-05-02,BAJAJFINSV,MACRO,PMI,0.8,1,1,0
2022-05-02,INDUSINDBK,MACRO,PMI,0.8,1,1,0
2022-05-02,TCS,MACRO,PMI,0.8,1,1,0
2022-05-02,INFY,MACRO,PMI,0.8,1,1,0
2022-05-02,HCLTECH,MACRO,PMI,0.8,1,1,0
2022-05-02,WIPRO,MACRO,PMI,0.8,1,1,0
2022-05-02,TECHM,MACRO,PMI,0.8,1,1,0
2022-05-02,RELIANCE,MACRO,PMI,0.8,1,1,0
2022-05-02,ONGC,MACRO,PMI,0.8,1,1,0
2022-05-02,NTPC,MACRO,PMI,0.8,1,1,0
2022-05-02,POWERGRID,MACRO,PMI,0.8,1,1,0
2022-05-02,BPCL,MACRO,PMI,0.8,1,1,0
2022-05-02,HINDUNILVR,MACRO,PMI,0.8,1,1,0
2022-05-02,ITC,MACRO,PMI,0.8,1,1,0
2022-05-02,NESTLEIND,MACRO,PMI,0.8,1,1,0
2022-05-02,BRITANNIA,MACRO,PMI,0.8,1,1,0
2022-05-02,MARUTI,MACRO,PMI,0.8,1,1,0
2022-05-02,M&M,MACRO,PMI,0.8,1,1,0
2022-05-02,BHARTIARTL,MACRO,PMI,0.8,1,1,0
2022-05-02,EICHERMOT,MACRO,PMI,0.8,1,1,0
2022-05-02,HEROMOTOCO,MACRO,PMI,0.8,1,1,0
2022-05-02,BAJAJ-AUTO,MACRO,PMI,0.8,1,1,0
2022-05-02,SUNPHARMA,MACRO,PMI,0.8,1,1,0
2022-05-02,CIPLA,MACRO,PMI,0.8,1,1,0
2022-05-02,DRREDDY,MACRO,PMI,0.8,1,1,0
2022-05-02,TATASTEEL,MACRO,PMI,0.8,1,1,0
2022-05-02,JSWSTEEL,MACRO,PMI,0.8,1,1,0
2022-05-02,HINDALCO,MACRO,PMI,0.8,1,1,0
2022-05-02,COALINDIA,MACRO,PMI,0.8,1,1,0
2022-05-02,LT,MACRO,PMI,0.8,1,1,0
2022-05-02,ULTRACEMCO,MACRO,PMI,0.8,1,1,0
2022-05-02,GRASIM,MACRO,PMI,0.8,1,1,0
2022-05-02,ASIANPAINT,MACRO,PMI,0.8,1,1,0
2022-05-02,TITAN,MACRO,PMI,0.8,1,1,0
2022-05-04,HDFCBANK,GOVT,RBI_POLICY|REPO_RATE,1.0,2,1,0
2022-05-04,ICICIBANK,GOVT,RBI_POLICY|REPO_RATE,1.0,2,1,0
2022-05-04,SBIN,GOVT,RBI_POLICY|REPO_RATE,1.0,2,1,0
2022-05-04,AXISBANK,GOVT,RBI_POLICY|REPO_RATE,1.0,2,1,0
2022-05-04,KOTAKBANK,GOVT,RBI_POLICY|REPO_RATE,1.0,2,1,0
2022-05-04,BAJFINANCE,GOVT,RBI_POLICY|REPO_RATE,1.0,2,1,0
2022-05-04,BAJAJFINSV,GOVT,RBI_POLICY|REPO_RATE,1.0,2,1,0
2022-05-04,INDUSINDBK,GOVT,RBI_POLICY|REPO_RATE,1.0,2,1,0
2022-05-04,TCS,GOVT,RBI_POLICY|REPO_RATE,1.0,2,1,0
2022-05-04,INFY,GOVT,RBI_POLICY|REPO_RATE,1.0,2,1,0
2022-05-04,HCLTECH,GOVT,RBI_POLICY|REPO_RATE,1.0,2,1,0
2022-05-04,WIPRO,GOVT,RBI_POLICY|REPO_RATE,1.0,2,1,0
2022-05-04,TECHM,GOVT,RBI_POLICY|REPO_RATE,1.0,2,1,0
2022-05-04,RELIANCE,GOVT,RBI_POLICY|REPO_RATE,1.0,2,1,0
2022-05-04,ONGC,GOVT,RBI_POLICY|REPO_RATE,1.0,2,1,0
2022-05-04,NTPC,GOVT,RBI_POLICY|REPO_RATE,1.0,2,1,0
2022-05-04,POWERGRID,GOVT,RBI_POLICY|REPO_RATE,1.0,2,1,0
2022-05-04,BPCL,GOVT,RBI_POLICY|REPO_RATE,1.0,2,1,0
2022-05-04,HINDUNILVR,GOVT,RBI_POLICY|REPO_RATE,1.0,2,1,0
2022-05-04,ITC,GOVT,RBI_POLICY|REPO_RATE,1.0,2,1,0
2022-05-04,NESTLEIND,GOVT,RBI_POLICY|REPO_RATE,1.0,2,1,0
2022-05-04,BRITANNIA,GOVT,RBI_POLICY|REPO_RATE,1.0,2,1,0
2022-05-04,MARUTI,GOVT,RBI_POLICY|REPO_RATE,1.0,2,1,0
2022-05-04,M&M,GOVT,RBI_POLICY|REPO_RATE,1.0,2,1,0
2022-05-04,BHARTIARTL,GOVT,RBI_POLICY|REPO_RATE,1.0,2,1,0
2022-05-04,EICHERMOT,GOVT,RBI_POLICY|REPO_RATE,1.0,2,1,0
2022-05-04,HEROMOTOCO,GOVT,RBI_POLICY|REPO_RATE,1.0,2,1,0
2022-05-04,BAJAJ-AUTO,GOVT,RBI_POLICY|REPO_RATE,1.0,2,1,0
2022-05-04,SUNPHARMA,GOVT,RBI_POLICY|REPO_RATE,1.0,2,1,0
2022-05-04,CIPLA,GOVT,RBI_POLICY|REPO_RATE,1.0,2,1,0
2022-05-04,DRREDDY,GOVT,RBI_POLICY|REPO_RATE,1.0,2,1,0
2022-05-04,TATASTEEL,GOVT,RBI_POLICY|REPO_RATE,1.0,2,1,0
2022-05-04,JSWSTEEL,GOVT,RBI_POLICY|REPO_RATE,1.0,2,1,0
2022-05-04,HINDALCO,GOVT,RBI_POLICY|REPO_RATE,1.0,2,1,0
2022-05-04,COALINDIA,GOVT,RBI_POLICY|REPO_RATE,1.0,2,1,0
2022-05-04,LT,GOVT,RBI_POLICY|REPO_RATE,1.0,2,1,0
2022-05-04,ULTRACEMCO,GOVT,RBI_POLICY|REPO_RATE,1.0,2,1,0
2022-05-04,GRASIM,GOVT,RBI_POLICY|REPO_RATE,1.0,2,1,0
2022-05-04,ASIANPAINT,GOVT,RBI_POLICY|REPO_RATE,1.0,2,1,0
2022-05-04,TITAN,GOVT,RBI_POLICY|REPO_RATE,1.0,2,1,0
2022-05-12,HDFCBANK,MACRO,CPI,0.8,1,1,0
2022-05-12,ICICIBANK,MACRO,CPI,0.8,1,1,0
2022-05-12,SBIN,MACRO,CPI,0.8,1,1,0
2022-05-12,AXISBANK,MACRO,CPI,0.8,1,1,0
2022-05-12,KOTAKBANK,MACRO,CPI,0.8,1,1,0
2022-05-12,BAJFINANCE,MACRO,CPI,0.8,1,1,0
2022-05-12,BAJAJFINSV,MACRO,CPI,0.8,1,1,0
2022-05-12,INDUSINDBK,MACRO,CPI,0.8,1,1,0
2022-05-12,TCS,MACRO,CPI,0.8,1,1,0
2022-05-12,INFY,MACRO,CPI,0.8,1,1,0
2022-05-12,HCLTECH,MACRO,CPI,0.8,1,1,0
2022-05-12,WIPRO,MACRO,CPI,0.8,1,1,0
2022-05-12,TECHM,MACRO,CPI,0.8,1,1,0
2022-05-12,RELIANCE,MACRO,CPI,0.8,1,1,0
2022-05-12,ONGC,MACRO,CPI,0.8,1,1,0
2022-05-12,NTPC,MACRO,CPI,0.8,1,1,0
2022-05-12,POWERGRID,MACRO,CPI,0.8,1,1,0
2022-05-12,BPCL,MACRO,CPI,0.8,1,1,0
2022-05-12,HINDUNILVR,MACRO,CPI,0.8,1,1,0
2022-05-12,ITC,MACRO,CPI,0.8,1,1,0
2022-05-12,NESTLEIND,MACRO,CPI,0.8,1,1,0
2022-05-12,BRITANNIA,MACRO,CPI,0.8,1,1,0
2022-05-12,MARUTI,MACRO,CPI,0.8,1,1,0
2022-05-12,M&M,MACRO,CPI,0.8,1,1,0
2022-05-12,BHARTIARTL,MACRO,CPI,0.8,1,1,0
2022-05-12,EICHERMOT,MACRO,CPI,0.8,1,1,0
2022-05-12,HEROMOTOCO,MACRO,CPI,0.8,1,1,0
2022-05-12,BAJAJ-AUTO,MACRO,CPI,0.8,1,1,0
2022-05-12,SUNPHARMA,MACRO,CPI,0.8,1,1,0
2022-05-12,CIPLA,MACRO,CPI,0.8,1,1,0
2022-05-12,DRREDDY,MACRO,CPI,0.8,1,1,0
2022-05-12,TATASTEEL,MACRO,CPI,0.8,1,1,0
2022-05-12,JSWSTEEL,MACRO,CPI,0.8,1,1,0
2022-05-12,HINDALCO,MACRO,CPI,0.8,1,1,0
2022-05-12,COALINDIA,MACRO,CPI,0.8,1,1,0
2022-05-12,LT,MACRO,CPI,0.8,1,1,0
2022-05-12,ULTRACEMCO,MACRO,CPI,0.8,1,1,0
2022-05-12,GRASIM,MACRO,CPI,0.8,1,1,0
2022-05-12,ASIANPAINT,MACRO,CPI,0.8,1,1,0
2022-05-12,TITAN,MACRO,CPI,0.8,1,1,0
2022-05-17,BHARTIARTL,STOCK,DIVIDEND|EARNINGS,1.0,2,1,0
2022-05-31,HDFCBANK,MACRO,GDP,0.9,1,1,0
2022-05-31,ICICIBANK,MACRO,GDP,0.9,1,1,0
2022-05-31,SBIN,MACRO,GDP,0.9,1,1,0
2022-05-31,AXISBANK,MACRO,GDP,0.9,1,1,0
2022-05-31,KOTAKBANK,MACRO,GDP,0.9,1,1,0
2022-05-31,BAJFINANCE,MACRO,GDP,0.9,1,1,0
2022-05-31,BAJAJFINSV,MACRO,GDP,0.9,1,1,0
2022-05-31,INDUSINDBK,MACRO,GDP,0.9,1,1,0
2022-05-31,TCS,MACRO,GDP,0.9,1,1,0
2022-05-31,INFY,MACRO,GDP,0.9,1,1,0
2022-05-31,HCLTECH,MACRO,GDP,0.9,1,1,0
2022-05-31,WIPRO,MACRO,GDP,0.9,1,1,0
2022-05-31,TECHM,MACRO,GDP,0.9,1,1,0
2022-05-31,RELIANCE,MACRO,GDP,0.9,1,1,0
2022-05-31,ONGC,MACRO,GDP,0.9,1,1,0
2022-05-31,NTPC,MACRO,GDP,0.9,1,1,0
2022-05-31,POWERGRID,MACRO,GDP,0.9,1,1,0
2022-05-31,BPCL,MACRO,GDP,0.9,1,1,0
2022-05-31,HINDUNILVR,MACRO,GDP,0.9,1,1,0
2022-05-31,ITC,MACRO,GDP,0.9,1,1,0
2022-05-31,NESTLEIND,MACRO,GDP,0.9,1,1,0
2022-05-31,BRITANNIA,MACRO,GDP,0.9,1,1,0
2022-05-31,MARUTI,MACRO,GDP,0.9,1,1,0
2022-05-31,M&M,MACRO,GDP,0.9,1,1,0
2022-05-31,BHARTIARTL,MACRO,GDP,0.9,1,1,0
2022-05-31,EICHERMOT,MACRO,GDP,0.9,1,1,0
2022-05-31,HEROMOTOCO,MACRO,GDP,0.9,1,1,0
2022-05-31,BAJAJ-AUTO,MACRO,GDP,0.9,1,1,0
2022-05-31,SUNPHARMA,MACRO,GDP,0.9,1,1,0
2022-05-31,CIPLA,MACRO,GDP,0.9,1,1,0
2022-05-31,DRREDDY,MACRO,GDP,0.9,1,1,0
2022-05-31,TATASTEEL,MACRO,GDP,0.9,1,1,0
2022-05-31,JSWSTEEL,MACRO,GDP,0.9,1,1,0
2022-05-31,HINDALCO,MACRO,GDP,0.9,1,1,0
2022-05-31,COALINDIA,MACRO,GDP,0.9,1,1,0
2022-05-31,LT,MACRO,GDP,0.9,1,1,0
2022-05-31,ULTRACEMCO,MACRO,GDP,0.9,1,1,0
2022-05-31,GRASIM,MACRO,GDP,0.9,1,1,0
2022-05-31,ASIANPAINT,MACRO,GDP,0.9,1,1,0
2022-05-31,TITAN,MACRO,GDP,0.9,1,1,0
2022-06-01,HDFCBANK,MACRO,PMI,0.8,1,1,0
2022-06-01,ICICIBANK,MACRO,PMI,0.8,1,1,0
2022-06-01,SBIN,MACRO,PMI,0.8,1,1,0
2022-06-01,AXISBANK,MACRO,PMI,0.8,1,1,0
2022-06-01,KOTAKBANK,MACRO,PMI,0.8,1,1,0
2022-06-01,BAJFINANCE,MACRO,PMI,0.8,1,1,0
2022-06-01,BAJAJFINSV,MACRO,PMI,0.8,1,1,0
2022-06-01,INDUSINDBK,MACRO,PMI,0.8,1,1,0
2022-06-01,TCS,MACRO,PMI,0.8,1,1,0
2022-06-01,INFY,MACRO,PMI,0.8,1,1,0
2022-06-01,HCLTECH,MACRO,PMI,0.8,1,1,0
2022-06-01,WIPRO,MACRO,PMI,0.8,1,1,0
2022-06-01,TECHM,MACRO,PMI,0.8,1,1,0
2022-06-01,RELIANCE,MACRO,PMI,0.8,1,1,0
2022-06-01,ONGC,MACRO,PMI,0.8,1,1,0
2022-06-01,NTPC,MACRO,PMI,0.8,1,1,0
2022-06-01,POWERGRID,MACRO,PMI,0.8,1,1,0
2022-06-01,BPCL,MACRO,PMI,0.8,1,1,0
2022-06-01,HINDUNILVR,MACRO,PMI,0.8,1,1,0
2022-06-01,ITC,MACRO,PMI,0.8,1,1,0
2022-06-01,NESTLEIND,MACRO,PMI,0.8,1,1,0
2022-06-01,BRITANNIA,MACRO,PMI,0.8,1,1,0
2022-06-01,MARUTI,MACRO,PMI,0.8,1,1,0
2022-06-01,M&M,MACRO,PMI,0.8,1,1,0
2022-06-01,BHARTIARTL,MACRO,PMI,0.8,1,1,0
2022-06-01,EICHERMOT,MACRO,PMI,0.8,1,1,0
2022-06-01,HEROMOTOCO,MACRO,PMI,0.8,1,1,0
2022-06-01,BAJAJ-AUTO,MACRO,PMI,0.8,1,1,0
2022-06-01,SUNPHARMA,MACRO,PMI,0.8,1,1,0
2022-06-01,CIPLA,MACRO,PMI,0.8,1,1,0
2022-06-01,DRREDDY,MACRO,PMI,0.8,1,1,0
2022-06-01,TATASTEEL,MACRO,PMI,0.8,1,1,0
2022-06-01,JSWSTEEL,MACRO,PMI,0.8,1,1,0
2022-06-01,HINDALCO,MACRO,PMI,0.8,1,1,0
2022-06-01,COALINDIA,MACRO,PMI,0.8,1,1,0
2022-06-01,LT,MACRO,PMI,0.8,1,1,0
2022-06-01,ULTRACEMCO,MACRO,PMI,0.8,1,1,0
2022-06-01,GRASIM,MACRO,PMI,0.8,1,1,0
2022-06-01,ASIANPAINT,MACRO,PMI,0.8,1,1,0
2022-06-01,TITAN,MACRO,PMI,0.8,1,1,0
2022-06-08,HDFCBANK,GOVT,RBI_POLICY|REPO_RATE,1.0,2,1,0
2022-06-08,ICICIBANK,GOVT,RBI_POLICY|REPO_RATE,1.0,2,1,0
2022-06-08,SBIN,GOVT,RBI_POLICY|REPO_RATE,1.0,2,1,0
2022-06-08,AXISBANK,GOVT,RBI_POLICY|REPO_RATE,1.0,2,1,0
2022-06-08,KOTAKBANK,GOVT,RBI_POLICY|REPO_RATE,1.0,2,1,0
2022-06-08,BAJFINANCE,GOVT,RBI_POLICY|REPO_RATE,1.0,2,1,0
2022-06-08,BAJAJFINSV,GOVT,RBI_POLICY|REPO_RATE,1.0,2,1,0
2022-06-08,INDUSINDBK,GOVT,RBI_POLICY|REPO_RATE,1.0,2,1,0
2022-06-08,TCS,GOVT,RBI_POLICY|REPO_RATE,1.0,2,1,0
2022-06-08,INFY,GOVT,RBI_POLICY|REPO_RATE,1.0,2,1,0
2022-06-08,HCLTECH,GOVT,RBI_POLICY|REPO_RATE,1.0,2,1,0
2022-06-08,WIPRO,GOVT,RBI_POLICY|REPO_RATE,1.0,2,1,0
2022-06-08,TECHM,GOVT,RBI_POLICY|REPO_RATE,1.0,2,1,0
2022-06-08,RELIANCE,GOVT,RBI_POLICY|REPO_RATE,1.0,2,1,0
2022-06-08,ONGC,GOVT,RBI_POLICY|REPO_RATE,1.0,2,1,0
2022-06-08,NTPC,GOVT,RBI_POLICY|REPO_RATE,1.0,2,1,0
2022-06-08,POWERGRID,GOVT,RBI_POLICY|REPO_RATE,1.0,2,1,0
2022-06-08,BPCL,GOVT,RBI_POLICY|REPO_RATE,1.0,2,1,0
2022-06-08,HINDUNILVR,GOVT,RBI_POLICY|REPO_RATE,1.0,2,1,0
2022-06-08,ITC,GOVT,RBI_POLICY|REPO_RATE,1.0,2,1,0
2022-06-08,NESTLEIND,GOVT,RBI_POLICY|REPO_RATE,1.0,2,1,0
2022-06-08,BRITANNIA,GOVT,RBI_POLICY|REPO_RATE,1.0,2,1,0
2022-06-08,MARUTI,GOVT,RBI_POLICY|REPO_RATE,1.0,2,1,0
2022-06-08,M&M,GOVT,RBI_POLICY|REPO_RATE,1.0,2,1,0
2022-06-08,BHARTIARTL,GOVT,RBI_POLICY|REPO_RATE,1.0,2,1,0
2022-06-08,EICHERMOT,GOVT,RBI_POLICY|REPO_RATE,1.0,2,1,0
2022-06-08,HEROMOTOCO,GOVT,RBI_POLICY|REPO_RATE,1.0,2,1,0
2022-06-08,BAJAJ-AUTO,GOVT,RBI_POLICY|REPO_RATE,1.0,2,1,0
2022-06-08,SUNPHARMA,GOVT,RBI_POLICY|REPO_RATE,1.0,2,1,0
2022-06-08,CIPLA,GOVT,RBI_POLICY|REPO_RATE,1.0,2,1,0
2022-06-08,DRREDDY,GOVT,RBI_POLICY|REPO_RATE,1.0,2,1,0
2022-06-08,TATASTEEL,GOVT,RBI_POLICY|REPO_RATE,1.0,2,1,0
2022-06-08,JSWSTEEL,GOVT,RBI_POLICY|REPO_RATE,1.0,2,1,0
2022-06-08,HINDALCO,GOVT,RBI_POLICY|REPO_RATE,1.0,2,1,0
2022-06-08,COALINDIA,GOVT,RBI_POLICY|REPO_RATE,1.0,2,1,0
2022-06-08,LT,GOVT,RBI_POLICY|REPO_RATE,1.0,2,1,0
2022-06-08,ULTRACEMCO,GOVT,RBI_POLICY|REPO_RATE,1.0,2,1,0
2022-06-08,GRASIM,GOVT,RBI_POLICY|REPO_RATE,1.0,2,1,0
2022-06-08,ASIANPAINT,GOVT,RBI_POLICY|REPO_RATE,1.0,2,1,0
2022-06-08,TITAN,GOVT,RBI_POLICY|REPO_RATE,1.0,2,1,0
2022-06-13,HDFCBANK,MACRO,CPI,0.8,1,1,0
2022-06-13,ICICIBANK,MACRO,CPI,0.8,1,1,0
2022-06-13,SBIN,MACRO,CPI,0.8,1,1,0
2022-06-13,AXISBANK,MACRO,CPI,0.8,1,1,0
2022-06-13,KOTAKBANK,MACRO,CPI,0.8,1,1,0
2022-06-13,BAJFINANCE,MACRO,CPI,0.8,1,1,0
2022-06-13,BAJAJFINSV,MACRO,CPI,0.8,1,1,0
2022-06-13,INDUSINDBK,MACRO,CPI,0.8,1,1,0
2022-06-13,TCS,MACRO,CPI,0.8,1,1,0
2022-06-13,INFY,MACRO,CPI,0.8,1,1,0
2022-06-13,HCLTECH,MACRO,CPI,0.8,1,1,0
2022-06-13,WIPRO,MACRO,CPI,0.8,1,1,0
2022-06-13,TECHM,MACRO,CPI,0.8,1,1,0
2022-06-13,RELIANCE,MACRO,CPI,0.8,1,1,0
2022-06-13,ONGC,MACRO,CPI,0.8,1,1,0
2022-06-13,NTPC,MACRO,CPI,0.8,1,1,0
2022-06-13,POWERGRID,MACRO,CPI,0.8,1,1,0
2022-06-13,BPCL,MACRO,CPI,0.8,1,1,0
2022-06-13,HINDUNILVR,MACRO,CPI,0.8,1,1,0
2022-06-13,ITC,MACRO,CPI,0.8,1,1,0
2022-06-13,NESTLEIND,MACRO,CPI,0.8,1,1,0
2022-06-13,BRITANNIA,MACRO,CPI,0.8,1,1,0
2022-06-13,MARUTI,MACRO,CPI,0.8,1,1,0
2022-06-13,M&M,MACRO,CPI,0.8,1,1,0
2022-06-13,BHARTIARTL,MACRO,CPI,0.8,1,1,0
2022-06-13,EICHERMOT,MACRO,CPI,0.8,1,1,0
2022-06-13,HEROMOTOCO,MACRO,CPI,0.8,1,1,0
2022-06-13,BAJAJ-AUTO,MACRO,CPI,0.8,1,1,0
2022-06-13,SUNPHARMA,MACRO,CPI,0.8,1,1,0
2022-06-13,CIPLA,MACRO,CPI,0.8,1,1,0
2022-06-13,DRREDDY,MACRO,CPI,0.8,1,1,0
2022-06-13,TATASTEEL,MACRO,CPI,0.8,1,1,0
2022-06-13,JSWSTEEL,MACRO,CPI,0.8,1,1,0
2022-06-13,HINDALCO,MACRO,CPI,0.8,1,1,0
2022-06-13,COALINDIA,MACRO,CPI,0.8,1,1,0
2022-06-13,LT,MACRO,CPI,0.8,1,1,0
2022-06-13,ULTRACEMCO,MACRO,CPI,0.8,1,1,0
2022-06-13,GRASIM,MACRO,CPI,0.8,1,1,0
2022-06-13,ASIANPAINT,MACRO,CPI,0.8,1,1,0
2022-06-13,TITAN,MACRO,CPI,0.8,1,1,0
2022-07-01,HDFCBANK,MACRO,PMI,0.8,1,1,0
2022-07-01,ICICIBANK,MACRO,PMI,0.8,1,1,0
2022-07-01,SBIN,MACRO,PMI,0.8,1,1,0
2022-07-01,AXISBANK,MACRO,PMI,0.8,1,1,0
2022-07-01,KOTAKBANK,MACRO,PMI,0.8,1,1,0
2022-07-01,BAJFINANCE,MACRO,PMI,0.8,1,1,0
2022-07-01,BAJAJFINSV,MACRO,PMI,0.8,1,1,0
2022-07-01,INDUSINDBK,MACRO,PMI,0.8,1,1,0
2022-07-01,TCS,MACRO,PMI,0.8,1,1,0
2022-07-01,INFY,MACRO,PMI,0.8,1,1,0
2022-07-01,HCLTECH,MACRO,PMI,0.8,1,1,0
2022-07-01,WIPRO,MACRO,PMI,0.8,1,1,0
2022-07-01,TECHM,MACRO,PMI,0.8,1,1,0
2022-07-01,RELIANCE,MACRO,PMI,0.8,1,1,0
2022-07-01,ONGC,MACRO,PMI,0.8,1,1,0
2022-07-01,NTPC,MACRO,PMI,0.8,1,1,0
2022-07-01,POWERGRID,MACRO,PMI,0.8,1,1,0
2022-07-01,BPCL,MACRO,PMI,0.8,1,1,0
2022-07-01,HINDUNILVR,MACRO,PMI,0.8,1,1,0
2022-07-01,ITC,MACRO,PMI,0.8,1,1,0
2022-07-01,NESTLEIND,MACRO,PMI,0.8,1,1,0
2022-07-01,BRITANNIA,MACRO,PMI,0.8,1,1,0
2022-07-01,MARUTI,MACRO,PMI,0.8,1,1,0
2022-07-01,M&M,MACRO,PMI,0.8,1,1,0
2022-07-01,BHARTIARTL,MACRO,PMI,0.8,1,1,0
2022-07-01,EICHERMOT,MACRO,PMI,0.8,1,1,0
2022-07-01,HEROMOTOCO,MACRO,PMI,0.8,1,1,0
2022-07-01,BAJAJ-AUTO,MACRO,PMI,0.8,1,1,0
2022-07-01,SUNPHARMA,MACRO,PMI,0.8,1,1,0
2022-07-01,CIPLA,MACRO,PMI,0.8,1,1,0
2022-07-01,DRREDDY,MACRO,PMI,0.8,1,1,0
2022-07-01,TATASTEEL,MACRO,PMI,0.8,1,1,0
2022-07-01,JSWSTEEL,MACRO,PMI,0.8,1,1,0
2022-07-01,HINDALCO,MACRO,PMI,0.8,1,1,0
2022-07-01,COALINDIA,MACRO,PMI,0.8,1,1,0
2022-07-01,LT,MACRO,PMI,0.8,1,1,0
2022-07-01,ULTRACEMCO,MACRO,PMI,0.8,1,1,0
2022-07-01,GRASIM,MACRO,PMI,0.8,1,1,0
2022-07-01,ASIANPAINT,MACRO,PMI,0.8,1,1,0
2022-07-01,TITAN,MACRO,PMI,0.8,1,1,0
2022-07-12,HDFCBANK,MACRO,CPI,0.8,1,1,0
2022-07-12,ICICIBANK,MACRO,CPI,0.8,1,1,0
2022-07-12,SBIN,MACRO,CPI,0.8,1,1,0
2022-07-12,AXISBANK,MACRO,CPI,0.8,1,1,0
2022-07-12,KOTAKBANK,MACRO,CPI,0.8,1,1,0
2022-07-12,BAJFINANCE,MACRO,CPI,0.8,1,1,0
2022-07-12,BAJAJFINSV,MACRO,CPI,0.8,1,1,0
2022-07-12,INDUSINDBK,MACRO,CPI,0.8,1,1,0
2022-07-12,TCS,MACRO,CPI,0.8,1,1,0
2022-07-12,INFY,MACRO,CPI,0.8,1,1,0
2022-07-12,HCLTECH,MACRO,CPI,0.8,1,1,0
2022-07-12,WIPRO,MACRO,CPI,0.8,1,1,0
2022-07-12,TECHM,MACRO,CPI,0.8,1,1,0
2022-07-12,RELIANCE,MACRO,CPI,0.8,1,1,0
2022-07-12,ONGC,MACRO,CPI,0.8,1,1,0
2022-07-12,NTPC,MACRO,CPI,0.8,1,1,0
2022-07-12,POWERGRID,MACRO,CPI,0.8,1,1,0
2022-07-12,BPCL,MACRO,CPI,0.8,1,1,0
2022-07-12,HINDUNILVR,MACRO,CPI,0.8,1,1,0
2022-07-12,ITC,MACRO,CPI,0.8,1,1,0
2022-07-12,NESTLEIND,MACRO,CPI,0.8,1,1,0
2022-07-12,BRITANNIA,MACRO,CPI,0.8,1,1,0
2022-07-12,MARUTI,MACRO,CPI,0.8,1,1,0
2022-07-12,M&M,MACRO,CPI,0.8,1,1,0
2022-07-12,BHARTIARTL,MACRO,CPI,0.8,1,1,0
2022-07-12,EICHERMOT,MACRO,CPI,0.8,1,1,0
2022-07-12,HEROMOTOCO,MACRO,CPI,0.8,1,1,0
2022-07-12,BAJAJ-AUTO,MACRO,CPI,0.8,1,1,0
2022-07-12,SUNPHARMA,MACRO,CPI,0.8,1,1,0
2022-07-12,CIPLA,MACRO,CPI,0.8,1,1,0
2022-07-12,DRREDDY,MACRO,CPI,0.8,1,1,0
2022-07-12,TATASTEEL,MACRO,CPI,0.8,1,1,0
2022-07-12,JSWSTEEL,MACRO,CPI,0.8,1,1,0
2022-07-12,HINDALCO,MACRO,CPI,0.8,1,1,0
2022-07-12,COALINDIA,MACRO,CPI,0.8,1,1,0
2022-07-12,LT,MACRO,CPI,0.8,1,1,0
2022-07-12,ULTRACEMCO,MACRO,CPI,0.8,1,1,0
2022-07-12,GRASIM,MACRO,CPI,0.8,1,1,0
2022-07-12,ASIANPAINT,MACRO,CPI,0.8,1,1,0
2022-07-12,TITAN,MACRO,CPI,0.8,1,1,0
2022-07-19,HINDUNILVR,STOCK,EARNINGS,1.0,1,1,0
2022-07-20,INDUSINDBK,STOCK,EARNINGS,1.0,1,1,0
2022-07-20,WIPRO,STOCK,EARNINGS,1.0,1,1,0
2022-07-22,RELIANCE,STOCK,EARNINGS,1.0,1,1,0
2022-07-22,ULTRACEMCO,STOCK,EARNINGS,1.0,1,1,0
2022-07-25,AXISBANK,STOCK,EARNINGS,1.0,1,1,0
2022-07-25,TECHM,STOCK,EARNINGS,1.0,1,1,0
2022-07-26,BAJAJ-AUTO,STOCK,EARNINGS,1.0,1,1,0
2022-07-26,LT,STOCK,EARNINGS,1.0,1,1,0
2022-07-26,ASIANPAINT,STOCK,EARNINGS,1.0,1,1,0
2022-07-27,BAJFINANCE,STOCK,EARNINGS,1.0,1,1,0
2022-07-27,MARUTI,STOCK,EARNINGS,1.0,1,1,0
2022-07-28,BAJAJFINSV,STOCK,BONUS|EARNINGS,1.0,2,1,0
2022-07-28,DRREDDY,STOCK,EARNINGS,1.0,1,1,0
2022-07-29,SUNPHARMA,STOCK,EARNINGS,1.0,1,1,0
2022-07-29,CIPLA,STOCK,EARNINGS,1.0,1,1,0
2022-08-01,HDFCBANK,MACRO,PMI,0.8,1,1,0
2022-08-01,ICICIBANK,MACRO,PMI,0.8,1,1,0
2022-08-01,SBIN,MACRO,PMI,0.8,1,1,0
2022-08-01,AXISBANK,MACRO,PMI,0.8,1,1,0
2022-08-01,KOTAKBANK,MACRO,PMI,0.8,1,1,0
2022-08-01,BAJFINANCE,MACRO,PMI,0.8,1,1,0
2022-08-01,BAJAJFINSV,MACRO,PMI,0.8,1,1,0
2022-08-01,INDUSINDBK,MACRO,PMI,0.8,1,1,0
2022-08-01,TCS,MACRO,PMI,0.8,1,1,0
2022-08-01,INFY,MACRO,PMI,0.8,1,1,0
2022-08-01,HCLTECH,MACRO,PMI,0.8,1,1,0
2022-08-01,WIPRO,MACRO,PMI,0.8,1,1,0
2022-08-01,TECHM,MACRO,PMI,0.8,1,1,0
2022-08-01,RELIANCE,MACRO,PMI,0.8,1,1,0
2022-08-01,ONGC,MACRO,PMI,0.8,1,1,0
2022-08-01,NTPC,MACRO,PMI,0.8,1,1,0
2022-08-01,POWERGRID,MACRO,PMI,0.8,1,1,0
2022-08-01,BPCL,MACRO,PMI,0.8,1,1,0
2022-08-01,HINDUNILVR,MACRO,PMI,0.8,1,1,0
2022-08-01,ITC,MACRO|STOCK,EARNINGS|PMI,1.0,2,1,0
2022-08-01,NESTLEIND,MACRO,PMI,0.8,1,1,0
2022-08-01,BRITANNIA,MACRO,PMI,0.8,1,1,0
2022-08-01,MARUTI,MACRO,PMI,0.8,1,1,0
2022-08-01,M&M,MACRO,PMI,0.8,1,1,0
2022-08-01,BHARTIARTL,MACRO,PMI,0.8,1,1,0
2022-08-01,EICHERMOT,MACRO,PMI,0.8,1,1,0
2022-08-01,HEROMOTOCO,MACRO,PMI,0.8,1,1,0
2022-08-01,BAJAJ-AUTO,MACRO,PMI,0.8,1,1,0
2022-08-01,SUNPHARMA,MACRO,PMI,0.8,1,1,0
2022-08-01,CIPLA,MACRO,PMI,0.8,1,1,0
2022-08-01,DRREDDY,MACRO,PMI,0.8,1,1,0
2022-08-01,TATASTEEL,MACRO,PMI,0.8,1,1,0
2022-08-01,JSWSTEEL,MACRO,PMI,0.8,1,1,0
2022-08-01,HINDALCO,MACRO,PMI,0.8,1,1,0
2022-08-01,COALINDIA,MACRO,PMI,0.8,1,1,0
2022-08-01,LT,MACRO,PMI,0.8,1,1,0
2022-08-01,ULTRACEMCO,MACRO,PMI,0.8,1,1,0
2022-08-01,GRASIM,MACRO,PMI,0.8,1,1,0
2022-08-01,ASIANPAINT,MACRO,PMI,0.8,1,1,0
2022-08-01,TITAN,MACRO,PMI,0.8,1,1,0
2022-08-04,BRITANNIA,STOCK,EARNINGS,1.0,1,1,0
2022-08-05,HDFCBANK,GOVT,RBI_POLICY|REPO_RATE,1.0,2,1,0
2022-08-05,ICICIBANK,GOVT,RBI_POLICY|REPO_RATE,1.0,2,1,0
2022-08-05,SBIN,GOVT,RBI_POLICY|REPO_RATE,1.0,2,1,0
2022-08-05,AXISBANK,GOVT,RBI_POLICY|REPO_RATE,1.0,2,1,0
2022-08-05,KOTAKBANK,GOVT,RBI_POLICY|REPO_RATE,1.0,2,1,0
2022-08-05,BAJFINANCE,GOVT,RBI_POLICY|REPO_RATE,1.0,2,1,0
2022-08-05,BAJAJFINSV,GOVT,RBI_POLICY|REPO_RATE,1.0,2,1,0
2022-08-05,INDUSINDBK,GOVT,RBI_POLICY|REPO_RATE,1.0,2,1,0
2022-08-05,TCS,GOVT,RBI_POLICY|REPO_RATE,1.0,2,1,0
2022-08-05,INFY,GOVT,RBI_POLICY|REPO_RATE,1.0,2,1,0
2022-08-05,HCLTECH,GOVT,RBI_POLICY|REPO_RATE,1.0,2,1,0
2022-08-05,WIPRO,GOVT,RBI_POLICY|REPO_RATE,1.0,2,1,0
2022-08-05,TECHM,GOVT,RBI_POLICY|REPO_RATE,1.0,2,1,0
2022-08-05,RELIANCE,GOVT,RBI_POLICY|REPO_RATE,1.0,2,1,0
2022-08-05,ONGC,GOVT,RBI_POLICY|REPO_RATE,1.0,2,1,0
2022-08-05,NTPC,GOVT,RBI_POLICY|REPO_RATE,1.0,2,1,0
2022-08-05,POWERGRID,GOVT,RBI_POLICY|REPO_RATE,1.0,2,1,0
2022-08-05,BPCL,GOVT,RBI_POLICY|REPO_RATE,1.0,2,1,0
2022-08-05,HINDUNILVR,GOVT,RBI_POLICY|REPO_RATE,1.0,2,1,0
2022-08-05,ITC,GOVT,RBI_POLICY|REPO_RATE,1.0,2,1,0
2022-08-05,NESTLEIND,GOVT,RBI_POLICY|REPO_RATE,1.0,2,1,0
2022-08-05,BRITANNIA,GOVT,RBI_POLICY|REPO_RATE,1.0,2,1,0
2022-08-05,MARUTI,GOVT,RBI_POLICY|REPO_RATE,1.0,2,1,0
2022-08-05,M&M,GOVT,RBI_POLICY|REPO_RATE,1.0,2,1,0
2022-08-05,BHARTIARTL,GOVT,RBI_POLICY|REPO_RATE,1.0,2,1,0
2022-08-05,EICHERMOT,GOVT,RBI_POLICY|REPO_RATE,1.0,2,1,0
2022-08-05,HEROMOTOCO,GOVT,RBI_POLICY|REPO_RATE,1.0,2,1,0
2022-08-05,BAJAJ-AUTO,GOVT,RBI_POLICY|REPO_RATE,1.0,2,1,0
2022-08-05,SUNPHARMA,GOVT,RBI_POLICY|REPO_RATE,1.0,2,1,0
2022-08-05,CIPLA,GOVT,RBI_POLICY|REPO_RATE,1.0,2,1,0
2022-08-05,DRREDDY,GOVT,RBI_POLICY|REPO_RATE,1.0,2,1,0
2022-08-05,TATASTEEL,GOVT,RBI_POLICY|REPO_RATE,1.0,2,1,0
2022-08-05,JSWSTEEL,GOVT,RBI_POLICY|REPO_RATE,1.0,2,1,0
2022-08-05,HINDALCO,GOVT,RBI_POLICY|REPO_RATE,1.0,2,1,0
2022-08-05,COALINDIA,GOVT,RBI_POLICY|REPO_RATE,1.0,2,1,0
2022-08-05,LT,GOVT,RBI_POLICY|REPO_RATE,1.0,2,1,0
2022-08-05,ULTRACEMCO,GOVT,RBI_POLICY|REPO_RATE,1.0,2,1,0
2022-08-05,GRASIM,GOVT,RBI_POLICY|REPO_RATE,1.0,2,1,0
2022-08-05,ASIANPAINT,GOVT,RBI_POLICY|REPO_RATE,1.0,2,1,0
2022-08-05,TITAN,GOVT|STOCK,EARNINGS|RBI_POLICY|REPO_RATE,1.0,3,1,0
2022-08-08,POWERGRID,STOCK,EARNINGS,1.0,1,1,0
2022-08-08,BHARTIARTL,STOCK,EARNINGS,1.0,1,1,0
2022-08-10,ONGC,STOCK,EARNINGS,1.0,1,1,0
2022-08-10,EICHERMOT,STOCK,EARNINGS,1.0,1,1,0
2022-08-10,HINDALCO,STOCK,EARNINGS,1.0,1,1,0
2022-08-10,COALINDIA,STOCK,EARNINGS,1.0,1,1,0
2022-08-12,HDFCBANK,MACRO,CPI,0.8,1,1,0
2022-08-12,ICICIBANK,MACRO,CPI,0.8,1,1,0
2022-08-12,SBIN,MACRO,CPI,0.8,1,1,0
2022-08-12,AXISBANK,MACRO,CPI,0.8,1,1,0
2022-08-12,KOTAKBANK,MACRO,CPI,0.8,1,1,0
2022-08-12,BAJFINANCE,MACRO,CPI,0.8,1,1,0
2022-08-12,BAJAJFINSV,MACRO,CPI,0.8,1,1,0
2022-08-12,INDUSINDBK,MACRO,CPI,0.8,1,1,0
2022-08-12,TCS,MACRO,CPI,0.8,1,1,0
2022-08-12,INFY,MACRO,CPI,0.8,1,1,0
2022-08-12,HCLTECH,MACRO,CPI,0.8,1,1,0
2022-08-12,WIPRO,MACRO,CPI,0.8,1,1,0
2022-08-12,TECHM,MACRO,CPI,0.8,1,1,0
2022-08-12,RELIANCE,MACRO,CPI,0.8,1,1,0
2022-08-12,ONGC,MACRO|STOCK,CPI|EARNINGS,1.0,2,1,0
2022-08-12,NTPC,MACRO,CPI,0.8,1,1,0
2022-08-12,POWERGRID,MACRO,CPI,0.8,1,1,0
2022-08-12,BPCL,MACRO,CPI,0.8,1,1,0
2022-08-12,HINDUNILVR,MACRO,CPI,0.8,1,1,0
2022-08-12,ITC,MACRO,CPI,0.8,1,1,0
2022-08-12,NESTLEIND,MACRO,CPI,0.8,1,1,0
2022-08-12,BRITANNIA,MACRO,CPI,0.8,1,1,0
2022-08-12,MARUTI,MACRO,CPI,0.8,1,1,0
2022-08-12,M&M,MACRO,CPI,0.8,1,1,0
2022-08-12,BHARTIARTL,MACRO,CPI,0.8,1,1,0
2022-08-12,EICHERMOT,MACRO,CPI,0.8,1,1,0
2022-08-12,HEROMOTOCO,MACRO|STOCK,CPI|EARNINGS,1.0,2,1,0
2022-08-12,BAJAJ-AUTO,MACRO,CPI,0.8,1,1,0
2022-08-12,SUNPHARMA,MACRO,CPI,0.8,1,1,0
2022-08-12,CIPLA,MACRO,CPI,0.8,1,1,0
2022-08-12,DRREDDY,MACRO,CPI,0.8,1,1,0
2022-08-12,TATASTEEL,MACRO,CPI,0.8,1,1,0
2022-08-12,JSWSTEEL,MACRO,CPI,0.8,1,1,0
2022-08-12,HINDALCO,MACRO,CPI,0.8,1,1,0
2022-08-12,COALINDIA,MACRO,CPI,0.8,1,1,0
2022-08-12,LT,MACRO,CPI,0.8,1,1,0
2022-08-12,ULTRACEMCO,MACRO,CPI,0.8,1,1,0
2022-08-12,GRASIM,MACRO|STOCK,CPI|EARNINGS,1.0,2,1,0
2022-08-12,ASIANPAINT,MACRO,CPI,0.8,1,1,0
2022-08-12,TITAN,MACRO,CPI,0.8,1,1,0
2022-08-31,HDFCBANK,MACRO,GDP,0.9,1,1,0
2022-08-31,ICICIBANK,MACRO,GDP,0.9,1,1,0
2022-08-31,SBIN,MACRO,GDP,0.9,1,1,0
2022-08-31,AXISBANK,MACRO,GDP,0.9,1,1,0
2022-08-31,KOTAKBANK,MACRO,GDP,0.9,1,1,0
2022-08-31,BAJFINANCE,MACRO,GDP,0.9,1,1,0
2022-08-31,BAJAJFINSV,MACRO,GDP,0.9,1,1,0
2022-08-31,INDUSINDBK,MACRO,GDP,0.9,1,1,0
2022-08-31,TCS,MACRO,GDP,0.9,1,1,0
2022-08-31,INFY,MACRO,GDP,0.9,1,1,0
2022-08-31,HCLTECH,MACRO,GDP,0.9,1,1,0
2022-08-31,WIPRO,MACRO,GDP,0.9,1,1,0
2022-08-31,TECHM,MACRO,GDP,0.9,1,1,0
2022-08-31,RELIANCE,MACRO,GDP,0.9,1,1,0
2022-08-31,ONGC,MACRO,GDP,0.9,1,1,0
2022-08-31,NTPC,MACRO,GDP,0.9,1,1,0
2022-08-31,POWERGRID,MACRO,GDP,0.9,1,1,0
2022-08-31,BPCL,MACRO,GDP,0.9,1,1,0
2022-08-31,HINDUNILVR,MACRO,GDP,0.9,1,1,0
2022-08-31,ITC,MACRO,GDP,0.9,1,1,0
2022-08-31,NESTLEIND,MACRO,GDP,0.9,1,1,0
2022-08-31,BRITANNIA,MACRO,GDP,0.9,1,1,0
2022-08-31,MARUTI,MACRO,GDP,0.9,1,1,0
2022-08-31,M&M,MACRO,GDP,0.9,1,1,0
2022-08-31,BHARTIARTL,MACRO,GDP,0.9,1,1,0
2022-08-31,EICHERMOT,MACRO,GDP,0.9,1,1,0
2022-08-31,HEROMOTOCO,MACRO,GDP,0.9,1,1,0
2022-08-31,BAJAJ-AUTO,MACRO,GDP,0.9,1,1,0
2022-08-31,SUNPHARMA,MACRO,GDP,0.9,1,1,0
2022-08-31,CIPLA,MACRO,GDP,0.9,1,1,0
2022-08-31,DRREDDY,MACRO,GDP,0.9,1,1,0
2022-08-31,TATASTEEL,MACRO,GDP,0.9,1,1,0
2022-08-31,JSWSTEEL,MACRO,GDP,0.9,1,1,0
2022-08-31,HINDALCO,MACRO,GDP,0.9,1,1,0
2022-08-31,COALINDIA,MACRO,GDP,0.9,1,1,0
2022-08-31,LT,MACRO,GDP,0.9,1,1,0
2022-08-31,ULTRACEMCO,MACRO,GDP,0.9,1,1,0
2022-08-31,GRASIM,MACRO,GDP,0.9,1,1,0
2022-08-31,ASIANPAINT,MACRO,GDP,0.9,1,1,0
2022-08-31,TITAN,MACRO,GDP,0.9,1,1,0
2022-09-01,HDFCBANK,MACRO,PMI,0.8,1,1,0
2022-09-01,ICICIBANK,MACRO,PMI,0.8,1,1,0
2022-09-01,SBIN,MACRO,PMI,0.8,1,1,0
2022-09-01,AXISBANK,MACRO,PMI,0.8,1,1,0
2022-09-01,KOTAKBANK,MACRO,PMI,0.8,1,1,0
2022-09-01,BAJFINANCE,MACRO,PMI,0.8,1,1,0
2022-09-01,BAJAJFINSV,MACRO,PMI,0.8,1,1,0
2022-09-01,INDUSINDBK,MACRO,PMI,0.8,1,1,0
2022-09-01,TCS,MACRO,PMI,0.8,1,1,0
2022-09-01,INFY,MACRO,PMI,0.8,1,1,0
2022-09-01,HCLTECH,MACRO,PMI,0.8,1,1,0
2022-09-01,WIPRO,MACRO,PMI,0.8,1,1,0
2022-09-01,TECHM,MACRO,PMI,0.8,1,1,0
2022-09-01,RELIANCE,MACRO,PMI,0.8,1,1,0
2022-09-01,ONGC,MACRO,PMI,0.8,1,1,0
2022-09-01,NTPC,MACRO,PMI,0.8,1,1,0
2022-09-01,POWERGRID,MACRO,PMI,0.8,1,1,0
2022-09-01,BPCL,MACRO,PMI,0.8,1,1,0
2022-09-01,HINDUNILVR,MACRO,PMI,0.8,1,1,0
2022-09-01,ITC,MACRO,PMI,0.8,1,1,0
2022-09-01,NESTLEIND,MACRO,PMI,0.8,1,1,0
2022-09-01,BRITANNIA,MACRO,PMI,0.8,1,1,0
2022-09-01,MARUTI,MACRO,PMI,0.8,1,1,0
2022-09-01,M&M,MACRO,PMI,0.8,1,1,0
2022-09-01,BHARTIARTL,MACRO,PMI,0.8,1,1,0
2022-09-01,EICHERMOT,MACRO,PMI,0.8,1,1,0
2022-09-01,HEROMOTOCO,MACRO,PMI,0.8,1,1,0
2022-09-01,BAJAJ-AUTO,MACRO,PMI,0.8,1,1,0
2022-09-01,SUNPHARMA,MACRO,PMI,0.8,1,1,0
2022-09-01,CIPLA,MACRO,PMI,0.8,1,1,0
2022-09-01,DRREDDY,MACRO,PMI,0.8,1,1,0
2022-09-01,TATASTEEL,MACRO,PMI,0.8,1,1,0
2022-09-01,JSWSTEEL,MACRO,PMI,0.8,1,1,0
2022-09-01,HINDALCO,MACRO,PMI,0.8,1,1,0
2022-09-01,COALINDIA,MACRO,PMI,0.8,1,1,0
2022-09-01,LT,MACRO,PMI,0.8,1,1,0
2022-09-01,ULTRACEMCO,MACRO,PMI,0.8,1,1,0
2022-09-01,GRASIM,MACRO,PMI,0.8,1,1,0
2022-09-01,ASIANPAINT,MACRO,PMI,0.8,1,1,0
2022-09-01,TITAN,MACRO,PMI,0.8,1,1,0
2022-09-12,HDFCBANK,MACRO,CPI,0.8,1,1,0
2022-09-12,ICICIBANK,MACRO,CPI,0.8,1,1,0
2022-09-12,SBIN,MACRO,CPI,0.8,1,1,0
2022-09-12,AXISBANK,MACRO,CPI,0.8,1,1,0
2022-09-12,KOTAKBANK,MACRO,CPI,0.8,1,1,0
2022-09-12,BAJFINANCE,MACRO,CPI,0.8,1,1,0
2022-09-12,BAJAJFINSV,MACRO,CPI,0.8,1,1,0
2022-09-12,INDUSINDBK,MACRO,CPI,0.8,1,1,0
2022-09-12,TCS,MACRO,CPI,0.8,1,1,0
2022-09-12,INFY,MACRO,CPI,0.8,1,1,0
2022-09-12,HCLTECH,MACRO,CPI,0.8,1,1,0
2022-09-12,WIPRO,MACRO,CPI,0.8,1,1,0
2022-09-12,TECHM,MACRO,CPI,0.8,1,1,0
2022-09-12,RELIANCE,MACRO,CPI,0.8,1,1,0
2022-09-12,ONGC,MACRO,CPI,0.8,1,1,0
2022-09-12,NTPC,MACRO,CPI,0.8,1,1,0
2022-09-12,POWERGRID,MACRO,CPI,0.8,1,1,0
2022-09-12,BPCL,MACRO,CPI,0.8,1,1,0
2022-09-12,HINDUNILVR,MACRO,CPI,0.8,1,1,0
2022-09-12,ITC,MACRO,CPI,0.8,1,1,0
2022-09-12,NESTLEIND,MACRO,CPI,0.8,1,1,0
2022-09-12,BRITANNIA,MACRO,CPI,0.8,1,1,0
2022-09-12,MARUTI,MACRO,CPI,0.8,1,1,0
2022-09-12,M&M,MACRO,CPI,0.8,1,1,0
2022-09-12,BHARTIARTL,MACRO,CPI,0.8,1,1,0
2022-09-12,EICHERMOT,MACRO,CPI,0.8,1,1,0
2022-09-12,HEROMOTOCO,MACRO,CPI,0.8,1,1,0
2022-09-12,BAJAJ-AUTO,MACRO,CPI,0.8,1,1,0
2022-09-12,SUNPHARMA,MACRO,CPI,0.8,1,1,0
2022-09-12,CIPLA,MACRO,CPI,0.8,1,1,0
2022-09-12,DRREDDY,MACRO,CPI,0.8,1,1,0
2022-09-12,TATASTEEL,MACRO,CPI,0.8,1,1,0
2022-09-12,JSWSTEEL,MACRO,CPI,0.8,1,1,0
2022-09-12,HINDALCO,MACRO,CPI,0.8,1,1,0
2022-09-12,COALINDIA,MACRO,CPI,0.8,1,1,0
2022-09-12,LT,MACRO,CPI,0.8,1,1,0
2022-09-12,ULTRACEMCO,MACRO,CPI,0.8,1,1,0
2022-09-12,GRASIM,MACRO,CPI,0.8,1,1,0
2022-09-12,ASIANPAINT,MACRO,CPI,0.8,1,1,0
2022-09-12,TITAN,MACRO,CPI,0.8,1,1,0
2022-09-30,HDFCBANK,GOVT,RBI_POLICY|REPO_RATE,1.0,2,1,0
2022-09-30,ICICIBANK,GOVT,RBI_POLICY|REPO_RATE,1.0,2,1,0
2022-09-30,SBIN,GOVT,RBI_POLICY|REPO_RATE,1.0,2,1,0
2022-09-30,AXISBANK,GOVT,RBI_POLICY|REPO_RATE,1.0,2,1,0
2022-09-30,KOTAKBANK,GOVT,RBI_POLICY|REPO_RATE,1.0,2,1,0
2022-09-30,BAJFINANCE,GOVT,RBI_POLICY|REPO_RATE,1.0,2,1,0
2022-09-30,BAJAJFINSV,GOVT,RBI_POLICY|REPO_RATE,1.0,2,1,0
2022-09-30,INDUSINDBK,GOVT,RBI_POLICY|REPO_RATE,1.0,2,1,0
2022-09-30,TCS,GOVT,RBI_POLICY|REPO_RATE,1.0,2,1,0
2022-09-30,INFY,GOVT,RBI_POLICY|REPO_RATE,1.0,2,1,0
2022-09-30,HCLTECH,GOVT,RBI_POLICY|REPO_RATE,1.0,2,1,0
2022-09-30,WIPRO,GOVT,RBI_POLICY|REPO_RATE,1.0,2,1,0
2022-09-30,TECHM,GOVT,RBI_POLICY|REPO_RATE,1.0,2,1,0
2022-09-30,RELIANCE,GOVT,RBI_POLICY|REPO_RATE,1.0,2,1,0
2022-09-30,ONGC,GOVT,RBI_POLICY|REPO_RATE,1.0,2,1,0
2022-09-30,NTPC,GOVT,RBI_POLICY|REPO_RATE,1.0,2,1,0
2022-09-30,POWERGRID,GOVT,RBI_POLICY|REPO_RATE,1.0,2,1,0
2022-09-30,BPCL,GOVT,RBI_POLICY|REPO_RATE,1.0,2,1,0
2022-09-30,HINDUNILVR,GOVT,RBI_POLICY|REPO_RATE,1.0,2,1,0
2022-09-30,ITC,GOVT,RBI_POLICY|REPO_RATE,1.0,2,1,0
2022-09-30,NESTLEIND,GOVT,RBI_POLICY|REPO_RATE,1.0,2,1,0
2022-09-30,BRITANNIA,GOVT,RBI_POLICY|REPO_RATE,1.0,2,1,0
2022-09-30,MARUTI,GOVT,RBI_POLICY|REPO_RATE,1.0,2,1,0
2022-09-30,M&M,GOVT,RBI_POLICY|REPO_RATE,1.0,2,1,0
2022-09-30,BHARTIARTL,GOVT,RBI_POLICY|REPO_RATE,1.0,2,1,0
2022-09-30,EICHERMOT,GOVT,RBI_POLICY|REPO_RATE,1.0,2,1,0
2022-09-30,HEROMOTOCO,GOVT,RBI_POLICY|REPO_RATE,1.0,2,1,0
2022-09-30,BAJAJ-AUTO,GOVT,RBI_POLICY|REPO_RATE,1.0,2,1,0
2022-09-30,SUNPHARMA,GOVT,RBI_POLICY|REPO_RATE,1.0,2,1,0
2022-09-30,CIPLA,GOVT,RBI_POLICY|REPO_RATE,1.0,2,1,0
2022-09-30,DRREDDY,GOVT,RBI_POLICY|REPO_RATE,1.0,2,1,0
2022-09-30,TATASTEEL,GOVT,RBI_POLICY|REPO_RATE,1.0,2,1,0
2022-09-30,JSWSTEEL,GOVT,RBI_POLICY|REPO_RATE,1.0,2,1,0
2022-09-30,HINDALCO,GOVT,RBI_POLICY|REPO_RATE,1.0,2,1,0
2022-09-30,COALINDIA,GOVT,RBI_POLICY|REPO_RATE,1.0,2,1,0
2022-09-30,LT,GOVT,RBI_POLICY|REPO_RATE,1.0,2,1,0
2022-09-30,ULTRACEMCO,GOVT,RBI_POLICY|REPO_RATE,1.0,2,1,0
2022-09-30,GRASIM,GOVT,RBI_POLICY|REPO_RATE,1.0,2,1,0
2022-09-30,ASIANPAINT,GOVT,RBI_POLICY|REPO_RATE,1.0,2,1,0
2022-09-30,TITAN,GOVT,RBI_POLICY|REPO_RATE,1.0,2,1,0
2022-10-03,HDFCBANK,MACRO,PMI,0.8,1,1,0
2022-10-03,ICICIBANK,MACRO,PMI,0.8,1,1,0
2022-10-03,SBIN,MACRO,PMI,0.8,1,1,0
2022-10-03,AXISBANK,MACRO,PMI,0.8,1,1,0
2022-10-03,KOTAKBANK,MACRO,PMI,0.8,1,1,0
2022-10-03,BAJFINANCE,MACRO,PMI,0.8,1,1,0
2022-10-03,BAJAJFINSV,MACRO,PMI,0.8,1,1,0
2022-10-03,INDUSINDBK,MACRO,PMI,0.8,1,1,0
2022-10-03,TCS,MACRO,PMI,0.8,1,1,0
2022-10-03,INFY,MACRO,PMI,0.8,1,1,0
2022-10-03,HCLTECH,MACRO,PMI,0.8,1,1,0
2022-10-03,WIPRO,MACRO,PMI,0.8,1,1,0
2022-10-03,TECHM,MACRO,PMI,0.8,1,1,0
2022-10-03,RELIANCE,MACRO,PMI,0.8,1,1,0
2022-10-03,ONGC,MACRO,PMI,0.8,1,1,0
2022-10-03,NTPC,MACRO,PMI,0.8,1,1,0
2022-10-03,POWERGRID,MACRO,PMI,0.8,1,1,0
2022-10-03,BPCL,MACRO,PMI,0.8,1,1,0
2022-10-03,HINDUNILVR,MACRO,PMI,0.8,1,1,0
2022-10-03,ITC,MACRO,PMI,0.8,1,1,0
2022-10-03,NESTLEIND,MACRO,PMI,0.8,1,1,0
2022-10-03,BRITANNIA,MACRO,PMI,0.8,1,1,0
2022-10-03,MARUTI,MACRO,PMI,0.8,1,1,0
2022-10-03,M&M,MACRO,PMI,0.8,1,1,0
2022-10-03,BHARTIARTL,MACRO,PMI,0.8,1,1,0
2022-10-03,EICHERMOT,MACRO,PMI,0.8,1,1,0
2022-10-03,HEROMOTOCO,MACRO,PMI,0.8,1,1,0
2022-10-03,BAJAJ-AUTO,MACRO,PMI,0.8,1,1,0
2022-10-03,SUNPHARMA,MACRO,PMI,0.8,1,1,0
2022-10-03,CIPLA,MACRO,PMI,0.8,1,1,0
2022-10-03,DRREDDY,MACRO,PMI,0.8,1,1,0
2022-10-03,TATASTEEL,MACRO,PMI,0.8,1,1,0
2022-10-03,JSWSTEEL,MACRO,PMI,0.8,1,1,0
2022-10-03,HINDALCO,MACRO,PMI,0.8,1,1,0
2022-10-03,COALINDIA,MACRO,PMI,0.8,1,1,0
2022-10-03,LT,MACRO,PMI,0.8,1,1,0
2022-10-03,ULTRACEMCO,MACRO,PMI,0.8,1,1,0
2022-10-03,GRASIM,MACRO,PMI,0.8,1,1,0
2022-10-03,ASIANPAINT,MACRO,PMI,0.8,1,1,0
2022-10-03,TITAN,MACRO,PMI,0.8,1,1,0
2022-10-12,HDFCBANK,MACRO,CPI,0.8,1,1,0
2022-10-12,ICICIBANK,MACRO,CPI,0.8,1,1,0
2022-10-12,SBIN,MACRO,CPI,0.8,1,1,0
2022-10-12,AXISBANK,MACRO,CPI,0.8,1,1,0
2022-10-12,KOTAKBANK,MACRO,CPI,0.8,1,1,0
2022-10-12,BAJFINANCE,MACRO,CPI,0.8,1,1,0
2022-10-12,BAJAJFINSV,MACRO,CPI,0.8,1,1,0
2022-10-12,INDUSINDBK,MACRO,CPI,0.8,1,1,0
2022-10-12,TCS,MACRO,CPI,0.8,1,1,0
2022-10-12,INFY,MACRO,CPI,0.8,1,1,0
2022-10-12,HCLTECH,MACRO,CPI,0.8,1,1,0
2022-10-12,WIPRO,MACRO|STOCK,CPI|EARNINGS,1.0,2,1,0
2022-10-12,TECHM,MACRO,CPI,0.8,1,1,0
2022-10-12,RELIANCE,MACRO,CPI,0.8,1,1,0
2022-10-12,ONGC,MACRO,CPI,0.8,1,1,0
2022-10-12,NTPC,MACRO,CPI,0.8,1,1,0
2022-10-12,POWERGRID,MACRO,CPI,0.8,1,1,0
2022-10-12,BPCL,MACRO,CPI,0.8,1,1,0
2022-10-12,HINDUNILVR,MACRO,CPI,0.8,1,1,0
2022-10-12,ITC,MACRO,CPI,0.8,1,1,0
2022-10-12,NESTLEIND,MACRO,CPI,0.8,1,1,0
2022-10-12,BRITANNIA,MACRO,CPI,0.8,1,1,0
2022-10-12,MARUTI,MACRO,CPI,0.8,1,1,0
2022-10-12,M&M,MACRO,CPI,0.8,1,1,0
2022-10-12,BHARTIARTL,MACRO,CPI,0.8,1,1,0
2022-10-12,EICHERMOT,MACRO,CPI,0.8,1,1,0
2022-10-12,HEROMOTOCO,MACRO,CPI,0.8,1,1,0
2022-10-12,BAJAJ-AUTO,MACRO,CPI,0.8,1,1,0
2022-10-12,SUNPHARMA,MACRO,CPI,0.8,1,1,0
2022-10-12,CIPLA,MACRO,CPI,0.8,1,1,0
2022-10-12,DRREDDY,MACRO,CPI,0.8,1,1,0
2022-10-12,TATASTEEL,MACRO,CPI,0.8,1,1,0
2022-10-12,JSWSTEEL,MACRO,CPI,0.8,1,1,0
2022-10-12,HINDALCO,MACRO,CPI,0.8,1,1,0
2022-10-12,COALINDIA,MACRO,CPI,0.8,1,1,0
2022-10-12,LT,MACRO,CPI,0.8,1,1,0
2022-10-12,ULTRACEMCO,MACRO,CPI,0.8,1,1,0
2022-10-12,GRASIM,MACRO,CPI,0.8,1,1,0
2022-10-12,ASIANPAINT,MACRO,CPI,0.8,1,1,0
2022-10-12,TITAN,MACRO,CPI,0.8,1,1,0
2022-10-14,BAJAJ-AUTO,STOCK,EARNINGS,1.0,1,1,0
2022-10-19,INDUSINDBK,STOCK,EARNINGS,1.0,1,1,0
2022-10-19,ULTRACEMCO,STOCK,EARNINGS,1.0,1,1,0
2022-10-20,AXISBANK,STOCK,EARNINGS,1.0,1,1,0
2022-10-20,BAJFINANCE,STOCK,EARNINGS,1.0,1,1,0
2022-10-20,ITC,STOCK,EARNINGS,1.0,1,1,0
2022-10-21,BAJAJFINSV,STOCK,EARNINGS,1.0,1,1,0
2022-10-21,RELIANCE,STOCK,EARNINGS,1.0,1,1,0
2022-10-21,JSWSTEEL,STOCK,EARNINGS,1.0,1,1,0
2022-10-28,MARUTI,STOCK,EARNINGS,1.0,1,1,0
2022-10-28,DRREDDY,STOCK,EARNINGS,1.0,1,1,0
2022-10-31,BHARTIARTL,STOCK,EARNINGS,1.0,1,1,0
2022-10-31,LT,STOCK,EARNINGS,1.0,1,1,0
2022-11-01,HDFCBANK,MACRO,PMI,0.8,1,1,0
2022-11-01,ICICIBANK,MACRO,PMI,0.8,1,1,0
2022-11-01,SBIN,MACRO,PMI,0.8,1,1,0
2022-11-01,AXISBANK,MACRO,PMI,0.8,1,1,0
2022-11-01,KOTAKBANK,MACRO,PMI,0.8,1,1,0
2022-11-01,BAJFINANCE,MACRO,PMI,0.8,1,1,0
2022-11-01,BAJAJFINSV,MACRO,PMI,0.8,1,1,0
2022-11-01,INDUSINDBK,MACRO,PMI,0.8,1,1,0
2022-11-01,TCS,MACRO,PMI,0.8,1,1,0
2022-11-01,INFY,MACRO,PMI,0.8,1,1,0
2022-11-01,HCLTECH,MACRO,PMI,0.8,1,1,0
2022-11-01,WIPRO,MACRO,PMI,0.8,1,1,0
2022-11-01,TECHM,MACRO|STOCK,DIVIDEND|EARNINGS|PMI,1.0,3,1,0
2022-11-01,RELIANCE,MACRO,PMI,0.8,1,1,0
2022-11-01,ONGC,MACRO,PMI,0.8,1,1,0
2022-11-01,NTPC,MACRO,PMI,0.8,1,1,0
2022-11-01,POWERGRID,MACRO,PMI,0.8,1,1,0
2022-11-01,BPCL,MACRO,PMI,0.8,1,1,0
2022-11-01,HINDUNILVR,MACRO,PMI,0.8,1,1,0
2022-11-01,ITC,MACRO,PMI,0.8,1,1,0
2022-11-01,NESTLEIND,MACRO,PMI,0.8,1,1,0
2022-11-01,BRITANNIA,MACRO,PMI,0.8,1,1,0
2022-11-01,MARUTI,MACRO,PMI,0.8,1,1,0
2022-11-01,M&M,MACRO,PMI,0.8,1,1,0
2022-11-01,BHARTIARTL,MACRO,PMI,0.8,1,1,0
2022-11-01,EICHERMOT,MACRO,PMI,0.8,1,1,0
2022-11-01,HEROMOTOCO,MACRO,PMI,0.8,1,1,0
2022-11-01,BAJAJ-AUTO,MACRO,PMI,0.8,1,1,0
2022-11-01,SUNPHARMA,MACRO|STOCK,EARNINGS|PMI,1.0,2,1,0
2022-11-01,CIPLA,MACRO,PMI,0.8,1,1,0
2022-11-01,DRREDDY,MACRO,PMI,0.8,1,1,0
2022-11-01,TATASTEEL,MACRO,PMI,0.8,1,1,0
2022-11-01,JSWSTEEL,MACRO,PMI,0.8,1,1,0
2022-11-01,HINDALCO,MACRO,PMI,0.8,1,1,0
2022-11-01,COALINDIA,MACRO,PMI,0.8,1,1,0
2022-11-01,LT,MACRO,PMI,0.8,1,1,0
2022-11-01,ULTRACEMCO,MACRO,PMI,0.8,1,1,0
2022-11-01,GRASIM,MACRO,PMI,0.8,1,1,0
2022-11-01,ASIANPAINT,MACRO,PMI,0.8,1,1,0
2022-11-01,TITAN,MACRO,PMI,0.8,1,1,0
2022-11-03,HEROMOTOCO,STOCK,EARNINGS,1.0,1,1,0
2022-11-04,BRITANNIA,STOCK,EARNINGS,1.0,1,1,0
2022-11-04,CIPLA,STOCK,EARNINGS,1.0,1,1,0
2022-11-04,TITAN,STOCK,EARNINGS,1.0,1,1,0
2022-11-07,BPCL,STOCK,EARNINGS,1.0,1,1,0
2022-11-10,EICHERMOT,STOCK,EARNINGS,1.0,1,1,0
2022-11-14,HDFCBANK,MACRO,CPI,0.8,1,1,0
2022-11-14,ICICIBANK,MACRO,CPI,0.8,1,1,0
2022-11-14,SBIN,MACRO,CPI,0.8,1,1,0
2022-11-14,AXISBANK,MACRO,CPI,0.8,1,1,0
2022-11-14,KOTAKBANK,MACRO,CPI,0.8,1,1,0
2022-11-14,BAJFINANCE,MACRO,CPI,0.8,1,1,0
2022-11-14,BAJAJFINSV,MACRO,CPI,0.8,1,1,0
2022-11-14,INDUSINDBK,MACRO,CPI,0.8,1,1,0
2022-11-14,TCS,MACRO,CPI,0.8,1,1,0
2022-11-14,INFY,MACRO,CPI,0.8,1,1,0
2022-11-14,HCLTECH,MACRO,CPI,0.8,1,1,0
2022-11-14,WIPRO,MACRO,CPI,0.8,1,1,0
2022-11-14,TECHM,MACRO,CPI,0.8,1,1,0
2022-11-14,RELIANCE,MACRO,CPI,0.8,1,1,0
2022-11-14,ONGC,MACRO,CPI,0.8,1,1,0
2022-11-14,NTPC,MACRO,CPI,0.8,1,1,0
2022-11-14,POWERGRID,MACRO,CPI,0.8,1,1,0
2022-11-14,BPCL,MACRO,CPI,0.8,1,1,0
2022-11-14,HINDUNILVR,MACRO,CPI,0.8,1,1,0
2022-11-14,ITC,MACRO,CPI,0.8,1,1,0
2022-11-14,NESTLEIND,MACRO,CPI,0.8,1,1,0
2022-11-14,BRITANNIA,MACRO,CPI,0.8,1,1,0
2022-11-14,MARUTI,MACRO,CPI,0.8,1,1,0
2022-11-14,M&M,MACRO,CPI,0.8,1,1,0
2022-11-14,BHARTIARTL,MACRO,CPI,0.8,1,1,0
2022-11-14,EICHERMOT,MACRO,CPI,0.8,1,1,0
2022-11-14,HEROMOTOCO,MACRO,CPI,0.8,1,1,0
2022-11-14,BAJAJ-AUTO,MACRO,CPI,0.8,1,1,0
2022-11-14,SUNPHARMA,MACRO,CPI,0.8,1,1,0
2022-11-14,CIPLA,MACRO,CPI,0.8,1,1,0
2022-11-14,DRREDDY,MACRO,CPI,0.8,1,1,0
2022-11-14,TATASTEEL,MACRO,CPI,0.8,1,1,0
2022-11-14,JSWSTEEL,MACRO,CPI,0.8,1,1,0
2022-11-14,HINDALCO,MACRO,CPI,0.8,1,1,0
2022-11-14,COALINDIA,MACRO,CPI,0.8,1,1,0
2022-11-14,LT,MACRO,CPI,0.8,1,1,0
2022-11-14,ULTRACEMCO,MACRO,CPI,0.8,1,1,0
2022-11-14,GRASIM,MACRO|STOCK,CPI|EARNINGS,1.0,2,1,0
2022-11-14,ASIANPAINT,MACRO,CPI,0.8,1,1,0
2022-11-14,TITAN,MACRO,CPI,0.8,1,1,0
2022-11-30,HDFCBANK,MACRO,GDP,0.9,1,1,0
2022-11-30,ICICIBANK,MACRO,GDP,0.9,1,1,0
2022-11-30,SBIN,MACRO,GDP,0.9,1,1,0
2022-11-30,AXISBANK,MACRO,GDP,0.9,1,1,0
2022-11-30,KOTAKBANK,MACRO,GDP,0.9,1,1,0
2022-11-30,BAJFINANCE,MACRO,GDP,0.9,1,1,0
2022-11-30,BAJAJFINSV,MACRO,GDP,0.9,1,1,0
2022-11-30,INDUSINDBK,MACRO,GDP,0.9,1,1,0
2022-11-30,TCS,MACRO,GDP,0.9,1,1,0
2022-11-30,INFY,MACRO,GDP,0.9,1,1,0
2022-11-30,HCLTECH,MACRO,GDP,0.9,1,1,0
2022-11-30,WIPRO,MACRO,GDP,0.9,1,1,0
2022-11-30,TECHM,MACRO,GDP,0.9,1,1,0
2022-11-30,RELIANCE,MACRO,GDP,0.9,1,1,0
2022-11-30,ONGC,MACRO,GDP,0.9,1,1,0
2022-11-30,NTPC,MACRO,GDP,0.9,1,1,0
2022-11-30,POWERGRID,MACRO,GDP,0.9,1,1,0
2022-11-30,BPCL,MACRO,GDP,0.9,1,1,0
2022-11-30,HINDUNILVR,MACRO,GDP,0.9,1,1,0
2022-11-30,ITC,MACRO,GDP,0.9,1,1,0
2022-11-30,NESTLEIND,MACRO,GDP,0.9,1,1,0
2022-11-30,BRITANNIA,MACRO,GDP,0.9,1,1,0
2022-11-30,MARUTI,MACRO,GDP,0.9,1,1,0
2022-11-30,M&M,MACRO,GDP,0.9,1,1,0
2022-11-30,BHARTIARTL,MACRO,GDP,0.9,1,1,0
2022-11-30,EICHERMOT,MACRO,GDP,0.9,1,1,0
2022-11-30,HEROMOTOCO,MACRO,GDP,0.9,1,1,0
2022-11-30,BAJAJ-AUTO,MACRO,GDP,0.9,1,1,0
2022-11-30,SUNPHARMA,MACRO,GDP,0.9,1,1,0
2022-11-30,CIPLA,MACRO,GDP,0.9,1,1,0
2022-11-30,DRREDDY,MACRO,GDP,0.9,1,1,0
2022-11-30,TATASTEEL,MACRO,GDP,0.9,1,1,0
2022-11-30,JSWSTEEL,MACRO,GDP,0.9,1,1,0
2022-11-30,HINDALCO,MACRO,GDP,0.9,1,1,0
2022-11-30,COALINDIA,MACRO,GDP,0.9,1,1,0
2022-11-30,LT,MACRO,GDP,0.9,1,1,0
2022-11-30,ULTRACEMCO,MACRO,GDP,0.9,1,1,0
2022-11-30,GRASIM,MACRO,GDP,0.9,1,1,0
2022-11-30,ASIANPAINT,MACRO,GDP,0.9,1,1,0
2022-11-30,TITAN,MACRO,GDP,0.9,1,1,0
2022-12-01,HDFCBANK,MACRO,PMI,0.8,1,1,0
2022-12-01,ICICIBANK,MACRO,PMI,0.8,1,1,0
2022-12-01,SBIN,MACRO,PMI,0.8,1,1,0
2022-12-01,AXISBANK,MACRO,PMI,0.8,1,1,0
2022-12-01,KOTAKBANK,MACRO,PMI,0.8,1,1,0
2022-12-01,BAJFINANCE,MACRO,PMI,0.8,1,1,0
2022-12-01,BAJAJFINSV,MACRO,PMI,0.8,1,1,0
2022-12-01,INDUSINDBK,MACRO,PMI,0.8,1,1,0
2022-12-01,TCS,MACRO,PMI,0.8,1,1,0
2022-12-01,INFY,MACRO,PMI,0.8,1,1,0
2022-12-01,HCLTECH,MACRO,PMI,0.8,1,1,0
2022-12-01,WIPRO,MACRO,PMI,0.8,1,1,0
2022-12-01,TECHM,MACRO,PMI,0.8,1,1,0
2022-12-01,RELIANCE,MACRO,PMI,0.8,1,1,0
2022-12-01,ONGC,MACRO,PMI,0.8,1,1,0
2022-12-01,NTPC,MACRO,PMI,0.8,1,1,0
2022-12-01,POWERGRID,MACRO,PMI,0.8,1,1,0
2022-12-01,BPCL,MACRO,PMI,0.8,1,1,0
2022-12-01,HINDUNILVR,MACRO,PMI,0.8,1,1,0
2022-12-01,ITC,MACRO,PMI,0.8,1,1,0
2022-12-01,NESTLEIND,MACRO,PMI,0.8,1,1,0
2022-12-01,BRITANNIA,MACRO,PMI,0.8,1,1,0
2022-12-01,MARUTI,MACRO,PMI,0.8,1,1,0
2022-12-01,M&M,MACRO,PMI,0.8,1,1,0
2022-12-01,BHARTIARTL,MACRO,PMI,0.8,1,1,0
2022-12-01,EICHERMOT,MACRO,PMI,0.8,1,1,0
2022-12-01,HEROMOTOCO,MACRO,PMI,0.8,1,1,0
2022-12-01,BAJAJ-AUTO,MACRO,PMI,0.8,1,1,0
2022-12-01,SUNPHARMA,MACRO,PMI,0.8,1,1,0
2022-12-01,CIPLA,MACRO,PMI,0.8,1,1,0
2022-12-01,DRREDDY,MACRO,PMI,0.8,1,1,0
2022-12-01,TATASTEEL,MACRO,PMI,0.8,1,1,0
2022-12-01,JSWSTEEL,MACRO,PMI,0.8,1,1,0
2022-12-01,HINDALCO,MACRO,PMI,0.8,1,1,0
2022-12-01,COALINDIA,MACRO,PMI,0.8,1,1,0
2022-12-01,LT,MACRO,PMI,0.8,1,1,0
2022-12-01,ULTRACEMCO,MACRO,PMI,0.8,1,1,0
2022-12-01,GRASIM,MACRO,PMI,0.8,1,1,0
2022-12-01,ASIANPAINT,MACRO,PMI,0.8,1,1,0
2022-12-01,TITAN,MACRO,PMI,0.8,1,1,0
2022-12-07,HDFCBANK,GOVT,RBI_POLICY|REPO_RATE,1.0,2,1,0
2022-12-07,ICICIBANK,GOVT,RBI_POLICY|REPO_RATE,1.0,2,1,0
2022-12-07,SBIN,GOVT,RBI_POLICY|REPO_RATE,1.0,2,1,0
2022-12-07,AXISBANK,GOVT,RBI_POLICY|REPO_RATE,1.0,2,1,0
2022-12-07,KOTAKBANK,GOVT,RBI_POLICY|REPO_RATE,1.0,2,1,0
2022-12-07,BAJFINANCE,GOVT,RBI_POLICY|REPO_RATE,1.0,2,1,0
2022-12-07,BAJAJFINSV,GOVT,RBI_POLICY|REPO_RATE,1.0,2,1,0
2022-12-07,INDUSINDBK,GOVT,RBI_POLICY|REPO_RATE,1.0,2,1,0
2022-12-07,TCS,GOVT,RBI_POLICY|REPO_RATE,1.0,2,1,0
2022-12-07,INFY,GOVT,RBI_POLICY|REPO_RATE,1.0,2,1,0
2022-12-07,HCLTECH,GOVT,RBI_POLICY|REPO_RATE,1.0,2,1,0
2022-12-07,WIPRO,GOVT,RBI_POLICY|REPO_RATE,1.0,2,1,0
2022-12-07,TECHM,GOVT,RBI_POLICY|REPO_RATE,1.0,2,1,0
2022-12-07,RELIANCE,GOVT,RBI_POLICY|REPO_RATE,1.0,2,1,0
2022-12-07,ONGC,GOVT,RBI_POLICY|REPO_RATE,1.0,2,1,0
2022-12-07,NTPC,GOVT,RBI_POLICY|REPO_RATE,1.0,2,1,0
2022-12-07,POWERGRID,GOVT,RBI_POLICY|REPO_RATE,1.0,2,1,0
2022-12-07,BPCL,GOVT,RBI_POLICY|REPO_RATE,1.0,2,1,0
2022-12-07,HINDUNILVR,GOVT,RBI_POLICY|REPO_RATE,1.0,2,1,0
2022-12-07,ITC,GOVT,RBI_POLICY|REPO_RATE,1.0,2,1,0
2022-12-07,NESTLEIND,GOVT,RBI_POLICY|REPO_RATE,1.0,2,1,0
2022-12-07,BRITANNIA,GOVT,RBI_POLICY|REPO_RATE,1.0,2,1,0
2022-12-07,MARUTI,GOVT,RBI_POLICY|REPO_RATE,1.0,2,1,0
2022-12-07,M&M,GOVT,RBI_POLICY|REPO_RATE,1.0,2,1,0
2022-12-07,BHARTIARTL,GOVT,RBI_POLICY|REPO_RATE,1.0,2,1,0
2022-12-07,EICHERMOT,GOVT,RBI_POLICY|REPO_RATE,1.0,2,1,0
2022-12-07,HEROMOTOCO,GOVT,RBI_POLICY|REPO_RATE,1.0,2,1,0
2022-12-07,BAJAJ-AUTO,GOVT,RBI_POLICY|REPO_RATE,1.0,2,1,0
2022-12-07,SUNPHARMA,GOVT,RBI_POLICY|REPO_RATE,1.0,2,1,0
2022-12-07,CIPLA,GOVT,RBI_POLICY|REPO_RATE,1.0,2,1,0
2022-12-07,DRREDDY,GOVT,RBI_POLICY|REPO_RATE,1.0,2,1,0
2022-12-07,TATASTEEL,GOVT,RBI_POLICY|REPO_RATE,1.0,2,1,0
2022-12-07,JSWSTEEL,GOVT,RBI_POLICY|REPO_RATE,1.0,2,1,0
2022-12-07,HINDALCO,GOVT,RBI_POLICY|REPO_RATE,1.0,2,1,0
2022-12-07,COALINDIA,GOVT,RBI_POLICY|REPO_RATE,1.0,2,1,0
2022-12-07,LT,GOVT,RBI_POLICY|REPO_RATE,1.0,2,1,0
2022-12-07,ULTRACEMCO,GOVT,RBI_POLICY|REPO_RATE,1.0,2,1,0
2022-12-07,GRASIM,GOVT,RBI_POLICY|REPO_RATE,1.0,2,1,0
2022-12-07,ASIANPAINT,GOVT,RBI_POLICY|REPO_RATE,1.0,2,1,0
2022-12-07,TITAN,GOVT,RBI_POLICY|REPO_RATE,1.0,2,1,0
2022-12-12,HDFCBANK,MACRO,CPI,0.8,1,1,0
2022-12-12,ICICIBANK,MACRO,CPI,0.8,1,1,0
2022-12-12,SBIN,MACRO,CPI,0.8,1,1,0
2022-12-12,AXISBANK,MACRO,CPI,0.8,1,1,0
2022-12-12,KOTAKBANK,MACRO,CPI,0.8,1,1,0
2022-12-12,BAJFINANCE,MACRO,CPI,0.8,1,1,0
2022-12-12,BAJAJFINSV,MACRO,CPI,0.8,1,1,0
2022-12-12,INDUSINDBK,MACRO,CPI,0.8,1,1,0
2022-12-12,TCS,MACRO,CPI,0.8,1,1,0
2022-12-12,INFY,MACRO,CPI,0.8,1,1,0
2022-12-12,HCLTECH,MACRO,CPI,0.8,1,1,0
2022-12-12,WIPRO,MACRO,CPI,0.8,1,1,0
2022-12-12,TECHM,MACRO,CPI,0.8,1,1,0
2022-12-12,RELIANCE,MACRO,CPI,0.8,1,1,0
2022-12-12,ONGC,MACRO,CPI,0.8,1,1,0
2022-12-12,NTPC,MACRO,CPI,0.8,1,1,0
2022-12-12,POWERGRID,MACRO,CPI,0.8,1,1,0
2022-12-12,BPCL,MACRO,CPI,0.8,1,1,0
2022-12-12,HINDUNILVR,MACRO,CPI,0.8,1,1,0
2022-12-12,ITC,MACRO,CPI,0.8,1,1,0
2022-12-12,NESTLEIND,MACRO,CPI,0.8,1,1,0
2022-12-12,BRITANNIA,MACRO,CPI,0.8,1,1,0
2022-12-12,MARUTI,MACRO,CPI,0.8,1,1,0
2022-12-12,M&M,MACRO,CPI,0.8,1,1,0
2022-12-12,BHARTIARTL,MACRO,CPI,0.8,1,1,0
2022-12-12,EICHERMOT,MACRO,CPI,0.8,1,1,0
2022-12-12,HEROMOTOCO,MACRO,CPI,0.8,1,1,0
2022-12-12,BAJAJ-AUTO,MACRO,CPI,0.8,1,1,0
2022-12-12,SUNPHARMA,MACRO,CPI,0.8,1,1,0
2022-12-12,CIPLA,MACRO,CPI,0.8,1,1,0
2022-12-12,DRREDDY,MACRO,CPI,0.8,1,1,0
2022-12-12,TATASTEEL,MACRO,CPI,0.8,1,1,0
2022-12-12,JSWSTEEL,MACRO,CPI,0.8,1,1,0
2022-12-12,HINDALCO,MACRO,CPI,0.8,1,1,0
2022-12-12,COALINDIA,MACRO,CPI,0.8,1,1,0
2022-12-12,LT,MACRO,CPI,0.8,1,1,0
2022-12-12,ULTRACEMCO,MACRO,CPI,0.8,1,1,0
2022-12-12,GRASIM,MACRO,CPI,0.8,1,1,0
2022-12-12,ASIANPAINT,MACRO,CPI,0.8,1,1,0
2022-12-12,TITAN,MACRO,CPI,0.8,1,1,0
2023-01-02,HDFCBANK,MACRO,PMI,0.8,1,1,0
2023-01-02,ICICIBANK,MACRO,PMI,0.8,1,1,0
2023-01-02,SBIN,MACRO,PMI,0.8,1,1,0
2023-01-02,AXISBANK,MACRO,PMI,0.8,1,1,0
2023-01-02,KOTAKBANK,MACRO,PMI,0.8,1,1,0
2023-01-02,BAJFINANCE,MACRO,PMI,0.8,1,1,0
2023-01-02,BAJAJFINSV,MACRO,PMI,0.8,1,1,0
2023-01-02,INDUSINDBK,MACRO,PMI,0.8,1,1,0
2023-01-02,TCS,MACRO,PMI,0.8,1,1,0
2023-01-02,INFY,MACRO,PMI,0.8,1,1,0
2023-01-02,HCLTECH,MACRO,PMI,0.8,1,1,0
2023-01-02,WIPRO,MACRO,PMI,0.8,1,1,0
2023-01-02,TECHM,MACRO,PMI,0.8,1,1,0
2023-01-02,RELIANCE,MACRO,PMI,0.8,1,1,0
2023-01-02,ONGC,MACRO,PMI,0.8,1,1,0
2023-01-02,NTPC,MACRO,PMI,0.8,1,1,0
2023-01-02,POWERGRID,MACRO,PMI,0.8,1,1,0
2023-01-02,BPCL,MACRO,PMI,0.8,1,1,0
2023-01-02,HINDUNILVR,MACRO,PMI,0.8,1,1,0
2023-01-02,ITC,MACRO,PMI,0.8,1,1,0
2023-01-02,NESTLEIND,MACRO,PMI,0.8,1,1,0
2023-01-02,BRITANNIA,MACRO,PMI,0.8,1,1,0
2023-01-02,MARUTI,MACRO,PMI,0.8,1,1,0
2023-01-02,M&M,MACRO,PMI,0.8,1,1,0
2023-01-02,BHARTIARTL,MACRO,PMI,0.8,1,1,0
2023-01-02,EICHERMOT,MACRO,PMI,0.8,1,1,0
2023-01-02,HEROMOTOCO,MACRO,PMI,0.8,1,1,0
2023-01-02,BAJAJ-AUTO,MACRO,PMI,0.8,1,1,0
2023-01-02,SUNPHARMA,MACRO,PMI,0.8,1,1,0
2023-01-02,CIPLA,MACRO,PMI,0.8,1,1,0
2023-01-02,DRREDDY,MACRO,PMI,0.8,1,1,0
2023-01-02,TATASTEEL,MACRO,PMI,0.8,1,1,0
2023-01-02,JSWSTEEL,MACRO,PMI,0.8,1,1,0
2023-01-02,HINDALCO,MACRO,PMI,0.8,1,1,0
2023-01-02,COALINDIA,MACRO,PMI,0.8,1,1,0
2023-01-02,LT,MACRO,PMI,0.8,1,1,0
2023-01-02,ULTRACEMCO,MACRO,PMI,0.8,1,1,0
2023-01-02,GRASIM,MACRO,PMI,0.8,1,1,0
2023-01-02,ASIANPAINT,MACRO,PMI,0.8,1,1,0
2023-01-02,TITAN,MACRO,PMI,0.8,1,1,0
2023-01-09,TCS,STOCK,EARNINGS,1.0,1,1,0
2023-01-12,HDFCBANK,MACRO,CPI,0.8,1,1,0
2023-01-12,ICICIBANK,MACRO,CPI,0.8,1,1,0
2023-01-12,SBIN,MACRO,CPI,0.8,1,1,0
2023-01-12,AXISBANK,MACRO,CPI,0.8,1,1,0
2023-01-12,KOTAKBANK,MACRO,CPI,0.8,1,1,0
2023-01-12,BAJFINANCE,MACRO,CPI,0.8,1,1,0
2023-01-12,BAJAJFINSV,MACRO,CPI,0.8,1,1,0
2023-01-12,INDUSINDBK,MACRO,CPI,0.8,1,1,0
2023-01-12,TCS,MACRO,CPI,0.8,1,1,0
2023-01-12,INFY,MACRO|STOCK,CPI|EARNINGS,1.0,2,1,0
2023-01-12,HCLTECH,MACRO,CPI,0.8,1,1,0
2023-01-12,WIPRO,MACRO,CPI,0.8,1,1,0
2023-01-12,TECHM,MACRO,CPI,0.8,1,1,0
2023-01-12,RELIANCE,MACRO,CPI,0.8,1,1,0
2023-01-12,ONGC,MACRO,CPI,0.8,1,1,0
2023-01-12,NTPC,MACRO,CPI,0.8,1,1,0
2023-01-12,POWERGRID,MACRO,CPI,0.8,1,1,0
2023-01-12,BPCL,MACRO,CPI,0.8,1,1,0
2023-01-12,HINDUNILVR,MACRO,CPI,0.8,1,1,0
2023-01-12,ITC,MACRO,CPI,0.8,1,1,0
2023-01-12,NESTLEIND,MACRO,CPI,0.8,1,1,0
2023-01-12,BRITANNIA,MACRO,CPI,0.8,1,1,0
2023-01-12,MARUTI,MACRO,CPI,0.8,1,1,0
2023-01-12,M&M,MACRO,CPI,0.8,1,1,0
2023-01-12,BHARTIARTL,MACRO,CPI,0.8,1,1,0
2023-01-12,EICHERMOT,MACRO,CPI,0.8,1,1,0
2023-01-12,HEROMOTOCO,MACRO,CPI,0.8,1,1,0
2023-01-12,BAJAJ-AUTO,MACRO,CPI,0.8,1,1,0
2023-01-12,SUNPHARMA,MACRO,CPI,0.8,1,1,0
2023-01-12,CIPLA,MACRO,CPI,0.8,1,1,0
2023-01-12,DRREDDY,MACRO,CPI,0.8,1,1,0
2023-01-12,TATASTEEL,MACRO,CPI,0.8,1,1,0
2023-01-12,JSWSTEEL,MACRO,CPI,0.8,1,1,0
2023-01-12,HINDALCO,MACRO,CPI,0.8,1,1,0
2023-01-12,COALINDIA,MACRO,CPI,0.8,1,1,0
2023-01-12,LT,MACRO,CPI,0.8,1,1,0
2023-01-12,ULTRACEMCO,MACRO,CPI,0.8,1,1,0
2023-01-12,GRASIM,MACRO,CPI,0.8,1,1,0
2023-01-12,ASIANPAINT,MACRO,CPI,0.8,1,1,0
2023-01-12,TITAN,MACRO,CPI,0.8,1,1,0
2023-01-13,WIPRO,STOCK,EARNINGS,1.0,1,1,0
2023-01-18,INDUSINDBK,STOCK,EARNINGS,1.0,1,1,0
2023-01-19,HINDUNILVR,STOCK,EARNINGS,1.0,1,1,0
2023-01-19,ASIANPAINT,STOCK,EARNINGS,1.0,1,1,0
2023-01-20,RELIANCE,STOCK,EARNINGS,1.0,1,1,0
2023-01-20,JSWSTEEL,STOCK,EARNINGS,1.0,1,1,0
2023-01-23,AXISBANK,STOCK,EARNINGS,1.0,1,1,0
2023-01-24,MARUTI,STOCK,EARNINGS,1.0,1,1,0
2023-01-25,BAJAJ-AUTO,STOCK,EARNINGS,1.0,1,1,0
2023-01-25,CIPLA,STOCK,EARNINGS,1.0,1,1,0
2023-01-25,DRREDDY,STOCK,EARNINGS,1.0,1,1,0
2023-01-27,BAJFINANCE,STOCK,EARNINGS,1.0,1,1,0
2023-01-30,BAJAJFINSV,STOCK,EARNINGS,1.0,1,1,0
2023-01-30,TECHM,STOCK,EARNINGS,1.0,1,1,0
2023-01-30,BPCL,STOCK,EARNINGS,1.0,1,1,0
2023-01-30,LT,STOCK,EARNINGS,1.0,1,1,0
2023-01-31,POWERGRID,STOCK,EARNINGS,1.0,1,1,0
2023-01-31,SUNPHARMA,STOCK,EARNINGS,1.0,1,1,0
2023-01-31,COALINDIA,STOCK,EARNINGS,1.0,1,1,0
2023-02-01,HDFCBANK,GOVT|MACRO,PMI|UNION_BUDGET,1.0,2,1,0
2023-02-01,ICICIBANK,GOVT|MACRO,PMI|UNION_BUDGET,1.0,2,1,0
2023-02-01,SBIN,GOVT|MACRO,PMI|UNION_BUDGET,1.0,2,1,0
2023-02-01,AXISBANK,GOVT|MACRO,PMI|UNION_BUDGET,1.0,2,1,0
2023-02-01,KOTAKBANK,GOVT|MACRO,PMI|UNION_BUDGET,1.0,2,1,0
2023-02-01,BAJFINANCE,GOVT|MACRO,PMI|UNION_BUDGET,1.0,2,1,0
2023-02-01,BAJAJFINSV,GOVT|MACRO,PMI|UNION_BUDGET,1.0,2,1,0
2023-02-01,INDUSINDBK,GOVT|MACRO,PMI|UNION_BUDGET,1.0,2,1,0
2023-02-01,TCS,GOVT|MACRO,PMI|UNION_BUDGET,1.0,2,1,0
2023-02-01,INFY,GOVT|MACRO,PMI|UNION_BUDGET,1.0,2,1,0
2023-02-01,HCLTECH,GOVT|MACRO,PMI|UNION_BUDGET,1.0,2,1,0
2023-02-01,WIPRO,GOVT|MACRO,PMI|UNION_BUDGET,1.0,2,1,0
2023-02-01,TECHM,GOVT|MACRO,PMI|UNION_BUDGET,1.0,2,1,0
2023-02-01,RELIANCE,GOVT|MACRO,PMI|UNION_BUDGET,1.0,2,1,0
2023-02-01,ONGC,GOVT|MACRO,PMI|UNION_BUDGET,1.0,2,1,0
2023-02-01,NTPC,GOVT|MACRO,PMI|UNION_BUDGET,1.0,2,1,0
2023-02-01,POWERGRID,GOVT|MACRO,PMI|UNION_BUDGET,1.0,2,1,0
2023-02-01,BPCL,GOVT|MACRO,PMI|UNION_BUDGET,1.0,2,1,0
2023-02-01,HINDUNILVR,GOVT|MACRO,PMI|UNION_BUDGET,1.0,2,1,0
2023-02-01,ITC,GOVT|MACRO,PMI|UNION_BUDGET,1.0,2,1,0
2023-02-01,NESTLEIND,GOVT|MACRO,PMI|UNION_BUDGET,1.0,2,1,0
2023-02-01,BRITANNIA,GOVT|MACRO|STOCK,EARNINGS|PMI|UNION_BUDGET,1.0,3,1,0
2023-02-01,MARUTI,GOVT|MACRO,PMI|UNION_BUDGET,1.0,2,1,0
2023-02-01,M&M,GOVT|MACRO,PMI|UNION_BUDGET,1.0,2,1,0
2023-02-01,BHARTIARTL,GOVT|MACRO,PMI|UNION_BUDGET,1.0,2,1,0
2023-02-01,EICHERMOT,GOVT|MACRO,PMI|UNION_BUDGET,1.0,2,1,0
2023-02-01,HEROMOTOCO,GOVT|MACRO,PMI|UNION_BUDGET,1.0,2,1,0
2023-02-01,BAJAJ-AUTO,GOVT|MACRO,PMI|UNION_BUDGET,1.0,2,1,0
2023-02-01,SUNPHARMA,GOVT|MACRO,PMI|UNION_BUDGET,1.0,2,1,0
2023-02-01,CIPLA,GOVT|MACRO,PMI|UNION_BUDGET,1.0,2,1,0
2023-02-01,DRREDDY,GOVT|MACRO,PMI|UNION_BUDGET,1.0,2,1,0
2023-02-01,TATASTEEL,GOVT|MACRO,PMI|UNION_BUDGET,1.0,2,1,0
2023-02-01,JSWSTEEL,GOVT|MACRO,PMI|UNION_BUDGET,1.0,2,1,0
2023-02-01,HINDALCO,GOVT|MACRO,PMI|UNION_BUDGET,1.0,2,1,0
2023-02-01,COALINDIA,GOVT|MACRO,PMI|UNION_BUDGET,1.0,2,1,0
2023-02-01,LT,GOVT|MACRO,PMI|UNION_BUDGET,1.0,2,1,0
2023-02-01,ULTRACEMCO,GOVT|MACRO,PMI|UNION_BUDGET,1.0,2,1,0
2023-02-01,GRASIM,GOVT|MACRO,PMI|UNION_BUDGET,1.0,2,1,0
2023-02-01,ASIANPAINT,GOVT|MACRO,PMI|UNION_BUDGET,1.0,2,1,0
2023-02-01,TITAN,GOVT|MACRO,PMI|UNION_BUDGET,1.0,2,1,0
2023-02-02,TITAN,STOCK,EARNINGS,1.0,1,1,0
2023-02-03,SBIN,STOCK,EARNINGS,1.0,1,1,0
2023-02-03,ITC,STOCK,EARNINGS,1.0,1,1,0
2023-02-06,TATASTEEL,STOCK,EARNINGS,1.0,1,1,0
2023-02-07,BHARTIARTL,STOCK,EARNINGS,1.0,1,1,0
2023-02-07,HEROMOTOCO,STOCK,DIVIDEND|EARNINGS,1.0,2,1,0
2023-02-08,HDFCBANK,GOVT,RBI_POLICY|REPO_RATE,1.0,2,1,0
2023-02-08,ICICIBANK,GOVT,RBI_POLICY|REPO_RATE,1.0,2,1,0
2023-02-08,SBIN,GOVT,RBI_POLICY|REPO_RATE,1.0,2,1,0
2023-02-08,AXISBANK,GOVT,RBI_POLICY|REPO_RATE,1.0,2,1,0
2023-02-08,KOTAKBANK,GOVT,RBI_POLICY|REPO_RATE,1.0,2,1,0
2023-02-08,BAJFINANCE,GOVT,RBI_POLICY|REPO_RATE,1.0,2,1,0
2023-02-08,BAJAJFINSV,GOVT,RBI_POLICY|REPO_RATE,1.0,2,1,0
2023-02-08,INDUSINDBK,GOVT,RBI_POLICY|REPO_RATE,1.0,2,1,0
2023-02-08,TCS,GOVT,RBI_POLICY|REPO_RATE,1.0,2,1,0
2023-02-08,INFY,GOVT,RBI_POLICY|REPO_RATE,1.0,2,1,0
2023-02-08,HCLTECH,GOVT,RBI_POLICY|REPO_RATE,1.0,2,1,0
2023-02-08,WIPRO,GOVT,RBI_POLICY|REPO_RATE,1.0,2,1,0
2023-02-08,TECHM,GOVT,RBI_POLICY|REPO_RATE,1.0,2,1,0
2023-02-08,RELIANCE,GOVT,RBI_POLICY|REPO_RATE,1.0,2,1,0
2023-02-08,ONGC,GOVT,RBI_POLICY|REPO_RATE,1.0,2,1,0
2023-02-08,NTPC,GOVT,RBI_POLICY|REPO_RATE,1.0,2,1,0
2023-02-08,POWERGRID,GOVT,RBI_POLICY|REPO_RATE,1.0,2,1,0
2023-02-08,BPCL,GOVT,RBI_POLICY|REPO_RATE,1.0,2,1,0
2023-02-08,HINDUNILVR,GOVT,RBI_POLICY|REPO_RATE,1.0,2,1,0
2023-02-08,ITC,GOVT,RBI_POLICY|REPO_RATE,1.0,2,1,0
2023-02-08,NESTLEIND,GOVT,RBI_POLICY|REPO_RATE,1.0,2,1,0
2023-02-08,BRITANNIA,GOVT,RBI_POLICY|REPO_RATE,1.0,2,1,0
2023-02-08,MARUTI,GOVT,RBI_POLICY|REPO_RATE,1.0,2,1,0
2023-02-08,M&M,GOVT,RBI_POLICY|REPO_RATE,1.0,2,1,0
2023-02-08,BHARTIARTL,GOVT,RBI_POLICY|REPO_RATE,1.0,2,1,0
2023-02-08,EICHERMOT,GOVT,RBI_POLICY|REPO_RATE,1.0,2,1,0
2023-02-08,HEROMOTOCO,GOVT,RBI_POLICY|REPO_RATE,1.0,2,1,0
2023-02-08,BAJAJ-AUTO,GOVT,RBI_POLICY|REPO_RATE,1.0,2,1,0
2023-02-08,SUNPHARMA,GOVT,RBI_POLICY|REPO_RATE,1.0,2,1,0
2023-02-08,CIPLA,GOVT,RBI_POLICY|REPO_RATE,1.0,2,1,0
2023-02-08,DRREDDY,GOVT,RBI_POLICY|REPO_RATE,1.0,2,1,0
2023-02-08,TATASTEEL,GOVT,RBI_POLICY|REPO_RATE,1.0,2,1,0
2023-02-08,JSWSTEEL,GOVT,RBI_POLICY|REPO_RATE,1.0,2,1,0
2023-02-08,HINDALCO,GOVT,RBI_POLICY|REPO_RATE,1.0,2,1,0
2023-02-08,COALINDIA,GOVT,RBI_POLICY|REPO_RATE,1.0,2,1,0
2023-02-08,LT,GOVT,RBI_POLICY|REPO_RATE,1.0,2,1,0
2023-02-08,ULTRACEMCO,GOVT,RBI_POLICY|REPO_RATE,1.0,2,1,0
2023-02-08,GRASIM,GOVT,RBI_POLICY|REPO_RATE,1.0,2,1,0
2023-02-08,ASIANPAINT,GOVT,RBI_POLICY|REPO_RATE,1.0,2,1,0
2023-02-08,TITAN,GOVT,RBI_POLICY|REPO_RATE,1.0,2,1,0
2023-02-09,HINDALCO,STOCK,EARNINGS,1.0,1,1,0
2023-02-10,M&M,STOCK,EARNINGS,1.0,1,1,0
2023-02-13,HDFCBANK,MACRO,CPI,0.8,1,1,0
2023-02-13,ICICIBANK,MACRO,CPI,0.8,1,1,0
2023-02-13,SBIN,MACRO,CPI,0.8,1,1,0
2023-02-13,AXISBANK,MACRO,CPI,0.8,1,1,0
2023-02-13,KOTAKBANK,MACRO,CPI,0.8,1,1,0
2023-02-13,BAJFINANCE,MACRO,CPI,0.8,1,1,0
2023-02-13,BAJAJFINSV,MACRO,CPI,0.8,1,1,0
2023-02-13,INDUSINDBK,MACRO,CPI,0.8,1,1,0
2023-02-13,TCS,MACRO,CPI,0.8,1,1,0
2023-02-13,INFY,MACRO,CPI,0.8,1,1,0
2023-02-13,HCLTECH,MACRO,CPI,0.8,1,1,0
2023-02-13,WIPRO,MACRO,CPI,0.8,1,1,0
2023-02-13,TECHM,MACRO,CPI,0.8,1,1,0
2023-02-13,RELIANCE,MACRO,CPI,0.8,1,1,0
2023-02-13,ONGC,MACRO,CPI,0.8,1,1,0
2023-02-13,NTPC,MACRO,CPI,0.8,1,1,0
2023-02-13,POWERGRID,MACRO,CPI,0.8,1,1,0
2023-02-13,BPCL,MACRO,CPI,0.8,1,1,0
2023-02-13,HINDUNILVR,MACRO,CPI,0.8,1,1,0
2023-02-13,ITC,MACRO,CPI,0.8,1,1,0
2023-02-13,NESTLEIND,MACRO,CPI,0.8,1,1,0
2023-02-13,BRITANNIA,MACRO,CPI,0.8,1,1,0
2023-02-13,MARUTI,MACRO,CPI,0.8,1,1,0
2023-02-13,M&M,MACRO,CPI,0.8,1,1,0
2023-02-13,BHARTIARTL,MACRO,CPI,0.8,1,1,0
2023-02-13,EICHERMOT,MACRO,CPI,0.8,1,1,0
2023-02-13,HEROMOTOCO,MACRO,CPI,0.8,1,1,0
2023-02-13,BAJAJ-AUTO,MACRO,CPI,0.8,1,1,0
2023-02-13,SUNPHARMA,MACRO,CPI,0.8,1,1,0
2023-02-13,CIPLA,MACRO,CPI,0.8,1,1,0
2023-02-13,DRREDDY,MACRO,CPI,0.8,1,1,0
2023-02-13,TATASTEEL,MACRO,CPI,0.8,1,1,0
2023-02-13,JSWSTEEL,MACRO,CPI,0.8,1,1,0
2023-02-13,HINDALCO,MACRO,CPI,0.8,1,1,0
2023-02-13,COALINDIA,MACRO,CPI,0.8,1,1,0
2023-02-13,LT,MACRO,CPI,0.8,1,1,0
2023-02-13,ULTRACEMCO,MACRO,CPI,0.8,1,1,0
2023-02-13,GRASIM,MACRO,CPI,0.8,1,1,0
2023-02-13,ASIANPAINT,MACRO,CPI,0.8,1,1,0
2023-02-13,TITAN,MACRO,CPI,0.8,1,1,0
2023-02-14,ONGC,STOCK,EARNINGS,1.0,1,1,0
2023-02-14,EICHERMOT,STOCK,EARNINGS,1.0,1,1,0
2023-02-28,HDFCBANK,MACRO,GDP,0.9,1,1,0
2023-02-28,ICICIBANK,MACRO,GDP,0.9,1,1,0
2023-02-28,SBIN,MACRO,GDP,0.9,1,1,0
2023-02-28,AXISBANK,MACRO,GDP,0.9,1,1,0
2023-02-28,KOTAKBANK,MACRO,GDP,0.9,1,1,0
2023-02-28,BAJFINANCE,MACRO,GDP,0.9,1,1,0
2023-02-28,BAJAJFINSV,MACRO,GDP,0.9,1,1,0
2023-02-28,INDUSINDBK,MACRO,GDP,0.9,1,1,0
2023-02-28,TCS,MACRO,GDP,0.9,1,1,0
2023-02-28,INFY,MACRO,GDP,0.9,1,1,0
2023-02-28,HCLTECH,MACRO,GDP,0.9,1,1,0
2023-02-28,WIPRO,MACRO,GDP,0.9,1,1,0
2023-02-28,TECHM,MACRO,GDP,0.9,1,1,0
2023-02-28,RELIANCE,MACRO,GDP,0.9,1,1,0
2023-02-28,ONGC,MACRO,GDP,0.9,1,1,0
2023-02-28,NTPC,MACRO,GDP,0.9,1,1,0
2023-02-28,POWERGRID,MACRO,GDP,0.9,1,1,0
2023-02-28,BPCL,MACRO,GDP,0.9,1,1,0
2023-02-28,HINDUNILVR,MACRO,GDP,0.9,1,1,0
2023-02-28,ITC,MACRO,GDP,0.9,1,1,0
2023-02-28,NESTLEIND,MACRO,GDP,0.9,1,1,0
2023-02-28,BRITANNIA,MACRO,GDP,0.9,1,1,0
2023-02-28,MARUTI,MACRO,GDP,0.9,1,1,0
2023-02-28,M&M,MACRO,GDP,0.9,1,1,0
2023-02-28,BHARTIARTL,MACRO,GDP,0.9,1,1,0
2023-02-28,EICHERMOT,MACRO,GDP,0.9,1,1,0
2023-02-28,HEROMOTOCO,MACRO,GDP,0.9,1,1,0
2023-02-28,BAJAJ-AUTO,MACRO,GDP,0.9,1,1,0
2023-02-28,SUNPHARMA,MACRO,GDP,0.9,1,1,0
2023-02-28,CIPLA,MACRO,GDP,0.9,1,1,0
2023-02-28,DRREDDY,MACRO,GDP,0.9,1,1,0
2023-02-28,TATASTEEL,MACRO,GDP,0.9,1,1,0
2023-02-28,JSWSTEEL,MACRO,GDP,0.9,1,1,0
2023-02-28,HINDALCO,MACRO,GDP,0.9,1,1,0
2023-02-28,COALINDIA,MACRO,GDP,0.9,1,1,0
2023-02-28,LT,MACRO,GDP,0.9,1,1,0
2023-02-28,ULTRACEMCO,MACRO,GDP,0.9,1,1,0
2023-02-28,GRASIM,MACRO,GDP,0.9,1,1,0
2023-02-28,ASIANPAINT,MACRO,GDP,0.9,1,1,0
2023-02-28,TITAN,MACRO,GDP,0.9,1,1,0
2023-03-01,HDFCBANK,MACRO,PMI,0.8,1,1,0
2023-03-01,ICICIBANK,MACRO,PMI,0.8,1,1,0
2023-03-01,SBIN,MACRO,PMI,0.8,1,1,0
2023-03-01,AXISBANK,MACRO,PMI,0.8,1,1,0
2023-03-01,KOTAKBANK,MACRO,PMI,0.8,1,1,0
2023-03-01,BAJFINANCE,MACRO,PMI,0.8,1,1,0
2023-03-01,BAJAJFINSV,MACRO,PMI,0.8,1,1,0
2023-03-01,INDUSINDBK,MACRO,PMI,0.8,1,1,0
2023-03-01,TCS,MACRO,PMI,0.8,1,1,0
2023-03-01,INFY,MACRO,PMI,0.8,1,1,0
2023-03-01,HCLTECH,MACRO,PMI,0.8,1,1,0
2023-03-01,WIPRO,MACRO,PMI,0.8,1,1,0
2023-03-01,TECHM,MACRO,PMI,0.8,1,1,0
2023-03-01,RELIANCE,MACRO,PMI,0.8,1,1,0
2023-03-01,ONGC,MACRO,PMI,0.8,1,1,0
2023-03-01,NTPC,MACRO,PMI,0.8,1,1,0
2023-03-01,POWERGRID,MACRO,PMI,0.8,1,1,0
2023-03-01,BPCL,MACRO,PMI,0.8,1,1,0
2023-03-01,HINDUNILVR,MACRO,PMI,0.8,1,1,0
2023-03-01,ITC,MACRO,PMI,0.8,1,1,0
2023-03-01,NESTLEIND,MACRO,PMI,0.8,1,1,0
2023-03-01,BRITANNIA,MACRO,PMI,0.8,1,1,0
2023-03-01,MARUTI,MACRO,PMI,0.8,1,1,0
2023-03-01,M&M,MACRO,PMI,0.8,1,1,0
2023-03-01,BHARTIARTL,MACRO,PMI,0.8,1,1,0
2023-03-01,EICHERMOT,MACRO,PMI,0.8,1,1,0
2023-03-01,HEROMOTOCO,MACRO,PMI,0.8,1,1,0
2023-03-01,BAJAJ-AUTO,MACRO,PMI,0.8,1,1,0
2023-03-01,SUNPHARMA,MACRO,PMI,0.8,1,1,0
2023-03-01,CIPLA,MACRO,PMI,0.8,1,1,0
2023-03-01,DRREDDY,MACRO,PMI,0.8,1,1,0
2023-03-01,TATASTEEL,MACRO,PMI,0.8,1,1,0
2023-03-01,JSWSTEEL,MACRO,PMI,0.8,1,1,0
2023-03-01,HINDALCO,MACRO,PMI,0.8,1,1,0
2023-03-01,COALINDIA,MACRO,PMI,0.8,1,1,0
2023-03-01,LT,MACRO,PMI,0.8,1,1,0
2023-03-01,ULTRACEMCO,MACRO,PMI,0.8,1,1,0
2023-03-01,GRASIM,MACRO,PMI,0.8,1,1,0
2023-03-01,ASIANPAINT,MACRO,PMI,0.8,1,1,0
2023-03-01,TITAN,MACRO,PMI,0.8,1,1,0
2023-03-13,HDFCBANK,MACRO,CPI,0.8,1,1,0
2023-03-13,ICICIBANK,MACRO,CPI,0.8,1,1,0
2023-03-13,SBIN,MACRO,CPI,0.8,1,1,0
2023-03-13,AXISBANK,MACRO,CPI,0.8,1,1,0
2023-03-13,KOTAKBANK,MACRO,CPI,0.8,1,1,0
2023-03-13,BAJFINANCE,MACRO,CPI,0.8,1,1,0
2023-03-13,BAJAJFINSV,MACRO,CPI,0.8,1,1,0
2023-03-13,INDUSINDBK,MACRO,CPI,0.8,1,1,0
2023-03-13,TCS,MACRO,CPI,0.8,1,1,0
2023-03-13,INFY,MACRO,CPI,0.8,1,1,0
2023-03-13,HCLTECH,MACRO,CPI,0.8,1,1,0
2023-03-13,WIPRO,MACRO,CPI,0.8,1,1,0
2023-03-13,TECHM,MACRO,CPI,0.8,1,1,0
2023-03-13,RELIANCE,MACRO,CPI,0.8,1,1,0
2023-03-13,ONGC,MACRO,CPI,0.8,1,1,0
2023-03-13,NTPC,MACRO,CPI,0.8,1,1,0
2023-03-13,POWERGRID,MACRO,CPI,0.8,1,1,0
2023-03-13,BPCL,MACRO,CPI,0.8,1,1,0
2023-03-13,HINDUNILVR,MACRO,CPI,0.8,1,1,0
2023-03-13,ITC,MACRO,CPI,0.8,1,1,0
2023-03-13,NESTLEIND,MACRO,CPI,0.8,1,1,0
2023-03-13,BRITANNIA,MACRO,CPI,0.8,1,1,0
2023-03-13,MARUTI,MACRO,CPI,0.8,1,1,0
2023-03-13,M&M,MACRO,CPI,0.8,1,1,0
2023-03-13,BHARTIARTL,MACRO,CPI,0.8,1,1,0
2023-03-13,EICHERMOT,MACRO,CPI,0.8,1,1,0
2023-03-13,HEROMOTOCO,MACRO,CPI,0.8,1,1,0
2023-03-13,BAJAJ-AUTO,MACRO,CPI,0.8,1,1,0
2023-03-13,SUNPHARMA,MACRO,CPI,0.8,1,1,0
2023-03-13,CIPLA,MACRO,CPI,0.8,1,1,0
2023-03-13,DRREDDY,MACRO,CPI,0.8,1,1,0
2023-03-13,TATASTEEL,MACRO,CPI,0.8,1,1,0
2023-03-13,JSWSTEEL,MACRO,CPI,0.8,1,1,0
2023-03-13,HINDALCO,MACRO,CPI,0.8,1,1,0
2023-03-13,COALINDIA,MACRO,CPI,0.8,1,1,0
2023-03-13,LT,MACRO,CPI,0.8,1,1,0
2023-03-13,ULTRACEMCO,MACRO,CPI,0.8,1,1,0
2023-03-13,GRASIM,MACRO,CPI,0.8,1,1,0
2023-03-13,ASIANPAINT,MACRO,CPI,0.8,1,1,0
2023-03-13,TITAN,MACRO,CPI,0.8,1,1,0
2023-04-03,HDFCBANK,MACRO,PMI,0.8,1,1,0
2023-04-03,ICICIBANK,MACRO,PMI,0.8,1,1,0
2023-04-03,SBIN,MACRO,PMI,0.8,1,1,0
2023-04-03,AXISBANK,MACRO,PMI,0.8,1,1,0
2023-04-03,KOTAKBANK,MACRO,PMI,0.8,1,1,0
2023-04-03,BAJFINANCE,MACRO,PMI,0.8,1,1,0
2023-04-03,BAJAJFINSV,MACRO,PMI,0.8,1,1,0
2023-04-03,INDUSINDBK,MACRO,PMI,0.8,1,1,0
2023-04-03,TCS,MACRO,PMI,0.8,1,1,0
2023-04-03,INFY,MACRO,PMI,0.8,1,1,0
2023-04-03,HCLTECH,MACRO,PMI,0.8,1,1,0
2023-04-03,WIPRO,MACRO,PMI,0.8,1,1,0
2023-04-03,TECHM,MACRO,PMI,0.8,1,1,0
2023-04-03,RELIANCE,MACRO,PMI,0.8,1,1,0
2023-04-03,ONGC,MACRO,PMI,0.8,1,1,0
2023-04-03,NTPC,MACRO,PMI,0.8,1,1,0
2023-04-03,POWERGRID,MACRO,PMI,0.8,1,1,0
2023-04-03,BPCL,MACRO,PMI,0.8,1,1,0
2023-04-03,HINDUNILVR,MACRO,PMI,0.8,1,1,0
2023-04-03,ITC,MACRO,PMI,0.8,1,1,0
2023-04-03,NESTLEIND,MACRO,PMI,0.8,1,1,0
2023-04-03,BRITANNIA,MACRO,PMI,0.8,1,1,0
2023-04-03,MARUTI,MACRO,PMI,0.8,1,1,0
2023-04-03,M&M,MACRO,PMI,0.8,1,1,0
2023-04-03,BHARTIARTL,MACRO,PMI,0.8,1,1,0
2023-04-03,EICHERMOT,MACRO,PMI,0.8,1,1,0
2023-04-03,HEROMOTOCO,MACRO,PMI,0.8,1,1,0
2023-04-03,BAJAJ-AUTO,MACRO,PMI,0.8,1,1,0
2023-04-03,SUNPHARMA,MACRO,PMI,0.8,1,1,0
2023-04-03,CIPLA,MACRO,PMI,0.8,1,1,0
2023-04-03,DRREDDY,MACRO,PMI,0.8,1,1,0
2023-04-03,TATASTEEL,MACRO,PMI,0.8,1,1,0
2023-04-03,JSWSTEEL,MACRO,PMI,0.8,1,1,0
2023-04-03,HINDALCO,MACRO,PMI,0.8,1,1,0
2023-04-03,COALINDIA,MACRO,PMI,0.8,1,1,0
2023-04-03,LT,MACRO,PMI,0.8,1,1,0
2023-04-03,ULTRACEMCO,MACRO,PMI,0.8,1,1,0
2023-04-03,GRASIM,MACRO,PMI,0.8,1,1,0
2023-04-03,ASIANPAINT,MACRO,PMI,0.8,1,1,0
2023-04-03,TITAN,MACRO,PMI,0.8,1,1,0
2023-04-04,BRITANNIA,STOCK,DIVIDEND,0.7,1,1,0
2023-04-06,HDFCBANK,GOVT,RBI_POLICY,1.0,1,1,0
2023-04-06,ICICIBANK,GOVT,RBI_POLICY,1.0,1,1,0
2023-04-06,SBIN,GOVT,RBI_POLICY,1.0,1,1,0
2023-04-06,AXISBANK,GOVT,RBI_POLICY,1.0,1,1,0
2023-04-06,KOTAKBANK,GOVT,RBI_POLICY,1.0,1,1,0
2023-04-06,BAJFINANCE,GOVT,RBI_POLICY,1.0,1,1,0
2023-04-06,BAJAJFINSV,GOVT,RBI_POLICY,1.0,1,1,0
2023-04-06,INDUSINDBK,GOVT,RBI_POLICY,1.0,1,1,0
2023-04-06,TCS,GOVT,RBI_POLICY,1.0,1,1,0
2023-04-06,INFY,GOVT,RBI_POLICY,1.0,1,1,0
2023-04-06,HCLTECH,GOVT,RBI_POLICY,1.0,1,1,0
2023-04-06,WIPRO,GOVT,RBI_POLICY,1.0,1,1,0
2023-04-06,TECHM,GOVT,RBI_POLICY,1.0,1,1,0
2023-04-06,RELIANCE,GOVT,RBI_POLICY,1.0,1,1,0
2023-04-06,ONGC,GOVT,RBI_POLICY,1.0,1,1,0
2023-04-06,NTPC,GOVT,RBI_POLICY,1.0,1,1,0
2023-04-06,POWERGRID,GOVT,RBI_POLICY,1.0,1,1,0
2023-04-06,BPCL,GOVT,RBI_POLICY,1.0,1,1,0
2023-04-06,HINDUNILVR,GOVT,RBI_POLICY,1.0,1,1,0
2023-04-06,ITC,GOVT,RBI_POLICY,1.0,1,1,0
2023-04-06,NESTLEIND,GOVT,RBI_POLICY,1.0,1,1,0
2023-04-06,BRITANNIA,GOVT,RBI_POLICY,1.0,1,1,0
2023-04-06,MARUTI,GOVT,RBI_POLICY,1.0,1,1,0
2023-04-06,M&M,GOVT,RBI_POLICY,1.0,1,1,0
2023-04-06,BHARTIARTL,GOVT,RBI_POLICY,1.0,1,1,0
2023-04-06,EICHERMOT,GOVT,RBI_POLICY,1.0,1,1,0
2023-04-06,HEROMOTOCO,GOVT,RBI_POLICY,1.0,1,1,0
2023-04-06,BAJAJ-AUTO,GOVT,RBI_POLICY,1.0,1,1,0
2023-04-06,SUNPHARMA,GOVT,RBI_POLICY,1.0,1,1,0
2023-04-06,CIPLA,GOVT,RBI_POLICY,1.0,1,1,0
2023-04-06,DRREDDY,GOVT,RBI_POLICY,1.0,1,1,0
2023-04-06,TATASTEEL,GOVT,RBI_POLICY,1.0,1,1,0
2023-04-06,JSWSTEEL,GOVT,RBI_POLICY,1.0,1,1,0
2023-04-06,HINDALCO,GOVT,RBI_POLICY,1.0,1,1,0
2023-04-06,COALINDIA,GOVT,RBI_POLICY,1.0,1,1,0
2023-04-06,LT,GOVT,RBI_POLICY,1.0,1,1,0
2023-04-06,ULTRACEMCO,GOVT,RBI_POLICY,1.0,1,1,0
2023-04-06,GRASIM,GOVT,RBI_POLICY,1.0,1,1,0
2023-04-06,ASIANPAINT,GOVT,RBI_POLICY,1.0,1,1,0
2023-04-06,TITAN,GOVT,RBI_POLICY,1.0,1,1,0
2023-04-12,HDFCBANK,MACRO,CPI,0.8,1,1,0
2023-04-12,ICICIBANK,MACRO,CPI,0.8,1,1,0
2023-04-12,SBIN,MACRO,CPI,0.8,1,1,0
2023-04-12,AXISBANK,MACRO,CPI,0.8,1,1,0
2023-04-12,KOTAKBANK,MACRO,CPI,0.8,1,1,0
2023-04-12,BAJFINANCE,MACRO,CPI,0.8,1,1,0
2023-04-12,BAJAJFINSV,MACRO,CPI,0.8,1,1,0
2023-04-12,INDUSINDBK,MACRO,CPI,0.8,1,1,0
2023-04-12,TCS,MACRO|STOCK,CPI|EARNINGS,1.0,2,1,0
2023-04-12,INFY,MACRO,CPI,0.8,1,1,0
2023-04-12,HCLTECH,MACRO,CPI,0.8,1,1,0
2023-04-12,WIPRO,MACRO,CPI,0.8,1,1,0
2023-04-12,TECHM,MACRO,CPI,0.8,1,1,0
2023-04-12,RELIANCE,MACRO,CPI,0.8,1,1,0
2023-04-12,ONGC,MACRO,CPI,0.8,1,1,0
2023-04-12,NTPC,MACRO,CPI,0.8,1,1,0
2023-04-12,POWERGRID,MACRO,CPI,0.8,1,1,0
2023-04-12,BPCL,MACRO,CPI,0.8,1,1,0
2023-04-12,HINDUNILVR,MACRO,CPI,0.8,1,1,0
2023-04-12,ITC,MACRO,CPI,0.8,1,1,0
2023-04-12,NESTLEIND,MACRO,CPI,0.8,1,1,0
2023-04-12,BRITANNIA,MACRO,CPI,0.8,1,1,0
2023-04-12,MARUTI,MACRO,CPI,0.8,1,1,0
2023-04-12,M&M,MACRO,CPI,0.8,1,1,0
2023-04-12,BHARTIARTL,MACRO,CPI,0.8,1,1,0
2023-04-12,EICHERMOT,MACRO,CPI,0.8,1,1,0
2023-04-12,HEROMOTOCO,MACRO,CPI,0.8,1,1,0
2023-04-12,BAJAJ-AUTO,MACRO,CPI,0.8,1,1,0
2023-04-12,SUNPHARMA,MACRO,CPI,0.8,1,1,0
2023-04-12,CIPLA,MACRO,CPI,0.8,1,1,0
2023-04-12,DRREDDY,MACRO,CPI,0.8,1,1,0
2023-04-12,TATASTEEL,MACRO,CPI,0.8,1,1,0
2023-04-12,JSWSTEEL,MACRO,CPI,0.8,1,1,0
2023-04-12,HINDALCO,MACRO,CPI,0.8,1,1,0
2023-04-12,COALINDIA,MACRO,CPI,0.8,1,1,0
2023-04-12,LT,MACRO,CPI,0.8,1,1,0
2023-04-12,ULTRACEMCO,MACRO,CPI,0.8,1,1,0
2023-04-12,GRASIM,MACRO,CPI,0.8,1,1,0
2023-04-12,ASIANPAINT,MACRO,CPI,0.8,1,1,0
2023-04-12,TITAN,MACRO,CPI,0.8,1,1,0
2023-04-13,INFY,STOCK,EARNINGS,1.0,1,1,0
2023-04-20,HCLTECH,STOCK,EARNINGS,1.0,1,1,0
2023-04-21,RELIANCE,STOCK,EARNINGS,1.0,1,1,0
2023-04-24,INDUSINDBK,STOCK,DIVIDEND|EARNINGS,1.0,2,1,0
2023-04-25,BAJAJ-AUTO,STOCK,EARNINGS,1.0,1,1,0
2023-04-26,BAJFINANCE,STOCK,EARNINGS,1.0,1,1,0
2023-04-26,MARUTI,STOCK,EARNINGS,1.0,1,1,0
2023-04-27,AXISBANK,STOCK,EARNINGS,1.0,1,1,0
2023-04-27,BAJAJFINSV,STOCK,EARNINGS,1.0,1,1,0
2023-04-27,WIPRO,STOCK,EARNINGS,1.0,1,1,0
2023-04-27,TECHM,STOCK,EARNINGS,1.0,1,1,0
2023-04-27,HINDUNILVR,STOCK,EARNINGS,1.0,1,1,0
2023-04-28,ULTRACEMCO,STOCK,EARNINGS,1.0,1,1,0
2023-05-02,HDFCBANK,MACRO,PMI,0.8,1,1,0
2023-05-02,ICICIBANK,MACRO,PMI,0.8,1,1,0
2023-05-02,SBIN,MACRO,PMI,0.8,1,1,0
2023-05-02,AXISBANK,MACRO,PMI,0.8,1,1,0
2023-05-02,KOTAKBANK,MACRO,PMI,0.8,1,1,0
2023-05-02,BAJFINANCE,MACRO,PMI,0.8,1,1,0
2023-05-02,BAJAJFINSV,MACRO,PMI,0.8,1,1,0
2023-05-02,INDUSINDBK,MACRO,PMI,0.8,1,1,0
2023-05-02,TCS,MACRO,PMI,0.8,1,1,0
2023-05-02,INFY,MACRO,PMI,0.8,1,1,0
2023-05-02,HCLTECH,MACRO,PMI,0.8,1,1,0
2023-05-02,WIPRO,MACRO,PMI,0.8,1,1,0
2023-05-02,TECHM,MACRO,PMI,0.8,1,1,0
2023-05-02,RELIANCE,MACRO,PMI,0.8,1,1,0
2023-05-02,ONGC,MACRO,PMI,0.8,1,1,0
2023-05-02,NTPC,MACRO,PMI,0.8,1,1,0
2023-05-02,POWERGRID,MACRO,PMI,0.8,1,1,0
2023-05-02,BPCL,MACRO,PMI,0.8,1,1,0
2023-05-02,HINDUNILVR,MACRO,PMI,0.8,1,1,0
2023-05-02,ITC,MACRO,PMI,0.8,1,1,0
2023-05-02,NESTLEIND,MACRO,PMI,0.8,1,1,0
2023-05-02,BRITANNIA,MACRO,PMI,0.8,1,1,0
2023-05-02,MARUTI,MACRO,PMI,0.8,1,1,0
2023-05-02,M&M,MACRO,PMI,0.8,1,1,0
2023-05-02,BHARTIARTL,MACRO,PMI,0.8,1,1,0
2023-05-02,EICHERMOT,MACRO,PMI,0.8,1,1,0
2023-05-02,HEROMOTOCO,MACRO,PMI,0.8,1,1,0
2023-05-02,BAJAJ-AUTO,MACRO,PMI,0.8,1,1,0
2023-05-02,SUNPHARMA,MACRO,PMI,0.8,1,1,0
2023-05-02,CIPLA,MACRO,PMI,0.8,1,1,0
2023-05-02,DRREDDY,MACRO,PMI,0.8,1,1,0
2023-05-02,TATASTEEL,MACRO|STOCK,EARNINGS|PMI,1.0,2,1,0
2023-05-02,JSWSTEEL,MACRO,PMI,0.8,1,1,0
2023-05-02,HINDALCO,MACRO,PMI,0.8,1,1,0
2023-05-02,COALINDIA,MACRO,PMI,0.8,1,1,0
2023-05-02,LT,MACRO,PMI,0.8,1,1,0
2023-05-02,ULTRACEMCO,MACRO,PMI,0.8,1,1,0
2023-05-02,GRASIM,MACRO,PMI,0.8,1,1,0
2023-05-02,ASIANPAINT,MACRO,PMI,0.8,1,1,0
2023-05-02,TITAN,MACRO,PMI,0.8,1,1,0
2023-05-03,TITAN,STOCK,EARNINGS,1.0,1,1,0
2023-05-04,HEROMOTOCO,STOCK,EARNINGS,1.0,1,1,0
2023-05-05,BRITANNIA,STOCK,EARNINGS,1.0,1,1,0
2023-05-08,COALINDIA,STOCK,EARNINGS,1.0,1,1,0
2023-05-10,DRREDDY,STOCK,EARNINGS,1.0,1,1,0
2023-05-10,LT,STOCK,EARNINGS,1.0,1,1,0
2023-05-11,EICHERMOT,STOCK,EARNINGS,1.0,1,1,0
2023-05-11,ASIANPAINT,STOCK,EARNINGS,1.0,1,1,0
2023-05-12,HDFCBANK,MACRO,CPI,0.8,1,1,0
2023-05-12,ICICIBANK,MACRO,CPI,0.8,1,1,0
2023-05-12,SBIN,MACRO,CPI,0.8,1,1,0
2023-05-12,AXISBANK,MACRO,CPI,0.8,1,1,0
2023-05-12,KOTAKBANK,MACRO,CPI,0.8,1,1,0
2023-05-12,BAJFINANCE,MACRO,CPI,0.8,1,1,0
2023-05-12,BAJAJFINSV,MACRO,CPI,0.8,1,1,0
2023-05-12,INDUSINDBK,MACRO,CPI,0.8,1,1,0
2023-05-12,TCS,MACRO,CPI,0.8,1,1,0
2023-05-12,INFY,MACRO,CPI,0.8,1,1,0
2023-05-12,HCLTECH,MACRO,CPI,0.8,1,1,0
2023-05-12,WIPRO,MACRO,CPI,0.8,1,1,0
2023-05-12,TECHM,MACRO,CPI,0.8,1,1,0
2023-05-12,RELIANCE,MACRO,CPI,0.8,1,1,0
2023-05-12,ONGC,MACRO,CPI,0.8,1,1,0
2023-05-12,NTPC,MACRO,CPI,0.8,1,1,0
2023-05-12,POWERGRID,MACRO,CPI,0.8,1,1,0
2023-05-12,BPCL,MACRO,CPI,0.8,1,1,0
2023-05-12,HINDUNILVR,MACRO,CPI,0.8,1,1,0
2023-05-12,ITC,MACRO,CPI,0.8,1,1,0
2023-05-12,NESTLEIND,MACRO,CPI,0.8,1,1,0
2023-05-12,BRITANNIA,MACRO,CPI,0.8,1,1,0
2023-05-12,MARUTI,MACRO,CPI,0.8,1,1,0
2023-05-12,M&M,MACRO,CPI,0.8,1,1,0
2023-05-12,BHARTIARTL,MACRO,CPI,0.8,1,1,0
2023-05-12,EICHERMOT,MACRO,CPI,0.8,1,1,0
2023-05-12,HEROMOTOCO,MACRO,CPI,0.8,1,1,0
2023-05-12,BAJAJ-AUTO,MACRO,CPI,0.8,1,1,0
2023-05-12,SUNPHARMA,MACRO,CPI,0.8,1,1,0
2023-05-12,CIPLA,MACRO|STOCK,CPI|EARNINGS,1.0,2,1,0
2023-05-12,DRREDDY,MACRO,CPI,0.8,1,1,0
2023-05-12,TATASTEEL,MACRO,CPI,0.8,1,1,0
2023-05-12,JSWSTEEL,MACRO,CPI,0.8,1,1,0
2023-05-12,HINDALCO,MACRO,CPI,0.8,1,1,0
2023-05-12,COALINDIA,MACRO,CPI,0.8,1,1,0
2023-05-12,LT,MACRO,CPI,0.8,1,1,0
2023-05-12,ULTRACEMCO,MACRO,CPI,0.8,1,1,0
2023-05-12,GRASIM,MACRO,CPI,0.8,1,1,0
2023-05-12,ASIANPAINT,MACRO,CPI,0.8,1,1,0
2023-05-12,TITAN,MACRO,CPI,0.8,1,1,0
2023-05-16,BHARTIARTL,STOCK,DIVIDEND|EARNINGS,1.0,2,1,0
2023-05-18,SBIN,STOCK,EARNINGS,1.0,1,1,0
2023-05-18,ITC,STOCK,EARNINGS,1.0,1,1,0
2023-05-19,NTPC,STOCK,EARNINGS,1.0,1,1,0
2023-05-19,POWERGRID,STOCK,EARNINGS,1.0,1,1,0
2023-05-19,JSWSTEEL,STOCK,EARNINGS,1.0,1,1,0
2023-05-22,BPCL,STOCK,EARNINGS,1.0,1,1,0
2023-05-24,HINDALCO,STOCK,EARNINGS,1.0,1,1,0
2023-05-26,ONGC,STOCK,EARNINGS,1.0,1,1,0
2023-05-26,M&M,STOCK,EARNINGS,1.0,1,1,0
2023-05-26,SUNPHARMA,STOCK,EARNINGS,1.0,1,1,0
2023-05-26,GRASIM,STOCK,EARNINGS,1.0,1,1,0
2023-05-31,HDFCBANK,MACRO,GDP,0.9,1,1,0
2023-05-31,ICICIBANK,MACRO,GDP,0.9,1,1,0
2023-05-31,SBIN,MACRO,GDP,0.9,1,1,0
2023-05-31,AXISBANK,MACRO,GDP,0.9,1,1,0
2023-05-31,KOTAKBANK,MACRO,GDP,0.9,1,1,0
2023-05-31,BAJFINANCE,MACRO,GDP,0.9,1,1,0
2023-05-31,BAJAJFINSV,MACRO,GDP,0.9,1,1,0
2023-05-31,INDUSINDBK,MACRO,GDP,0.9,1,1,0
2023-05-31,TCS,MACRO,GDP,0.9,1,1,0
2023-05-31,INFY,MACRO,GDP,0.9,1,1,0
2023-05-31,HCLTECH,MACRO,GDP,0.9,1,1,0
2023-05-31,WIPRO,MACRO,GDP,0.9,1,1,0
2023-05-31,TECHM,MACRO,GDP,0.9,1,1,0
2023-05-31,RELIANCE,MACRO,GDP,0.9,1,1,0
2023-05-31,ONGC,MACRO,GDP,0.9,1,1,0
2023-05-31,NTPC,MACRO,GDP,0.9,1,1,0
2023-05-31,POWERGRID,MACRO,GDP,0.9,1,1,0
2023-05-31,BPCL,MACRO,GDP,0.9,1,1,0
2023-05-31,HINDUNILVR,MACRO,GDP,0.9,1,1,0
2023-05-31,ITC,MACRO,GDP,0.9,1,1,0
2023-05-31,NESTLEIND,MACRO,GDP,0.9,1,1,0
2023-05-31,BRITANNIA,MACRO,GDP,0.9,1,1,0
2023-05-31,MARUTI,MACRO,GDP,0.9,1,1,0
2023-05-31,M&M,MACRO,GDP,0.9,1,1,0
2023-05-31,BHARTIARTL,MACRO,GDP,0.9,1,1,0
2023-05-31,EICHERMOT,MACRO,GDP,0.9,1,1,0
2023-05-31,HEROMOTOCO,MACRO,GDP,0.9,1,1,0
2023-05-31,BAJAJ-AUTO,MACRO,GDP,0.9,1,1,0
2023-05-31,SUNPHARMA,MACRO,GDP,0.9,1,1,0
2023-05-31,CIPLA,MACRO,GDP,0.9,1,1,0
2023-05-31,DRREDDY,MACRO,GDP,0.9,1,1,0
2023-05-31,TATASTEEL,MACRO,GDP,0.9,1,1,0
2023-05-31,JSWSTEEL,MACRO,GDP,0.9,1,1,0
2023-05-31,HINDALCO,MACRO,GDP,0.9,1,1,0
2023-05-31,COALINDIA,MACRO,GDP,0.9,1,1,0
2023-05-31,LT,MACRO,GDP,0.9,1,1,0
2023-05-31,ULTRACEMCO,MACRO,GDP,0.9,1,1,0
2023-05-31,GRASIM,MACRO,GDP,0.9,1,1,0
2023-05-31,ASIANPAINT,MACRO,GDP,0.9,1,1,0
2023-05-31,TITAN,MACRO,GDP,0.9,1,1,0
2023-06-01,HDFCBANK,MACRO,PMI,0.8,1,1,0
2023-06-01,ICICIBANK,MACRO,PMI,0.8,1,1,0
2023-06-01,SBIN,MACRO,PMI,0.8,1,1,0
2023-06-01,AXISBANK,MACRO,PMI,0.8,1,1,0
2023-06-01,KOTAKBANK,MACRO,PMI,0.8,1,1,0
2023-06-01,BAJFINANCE,MACRO,PMI,0.8,1,1,0
2023-06-01,BAJAJFINSV,MACRO,PMI,0.8,1,1,0
2023-06-01,INDUSINDBK,MACRO,PMI,0.8,1,1,0
2023-06-01,TCS,MACRO,PMI,0.8,1,1,0
2023-06-01,INFY,MACRO,PMI,0.8,1,1,0
2023-06-01,HCLTECH,MACRO,PMI,0.8,1,1,0
2023-06-01,WIPRO,MACRO,PMI,0.8,1,1,0
2023-06-01,TECHM,MACRO,PMI,0.8,1,1,0
2023-06-01,RELIANCE,MACRO,PMI,0.8,1,1,0
2023-06-01,ONGC,MACRO,PMI,0.8,1,1,0
2023-06-01,NTPC,MACRO,PMI,0.8,1,1,0
2023-06-01,POWERGRID,MACRO,PMI,0.8,1,1,0
2023-06-01,BPCL,MACRO,PMI,0.8,1,1,0
2023-06-01,HINDUNILVR,MACRO,PMI,0.8,1,1,0
2023-06-01,ITC,MACRO,PMI,0.8,1,1,0
2023-06-01,NESTLEIND,MACRO,PMI,0.8,1,1,0
2023-06-01,BRITANNIA,MACRO,PMI,0.8,1,1,0
2023-06-01,MARUTI,MACRO,PMI,0.8,1,1,0
2023-06-01,M&M,MACRO,PMI,0.8,1,1,0
2023-06-01,BHARTIARTL,MACRO,PMI,0.8,1,1,0
2023-06-01,EICHERMOT,MACRO,PMI,0.8,1,1,0
2023-06-01,HEROMOTOCO,MACRO,PMI,0.8,1,1,0
2023-06-01,BAJAJ-AUTO,MACRO,PMI,0.8,1,1,0
2023-06-01,SUNPHARMA,MACRO,PMI,0.8,1,1,0
2023-06-01,CIPLA,MACRO,PMI,0.8,1,1,0
2023-06-01,DRREDDY,MACRO,PMI,0.8,1,1,0
2023-06-01,TATASTEEL,MACRO,PMI,0.8,1,1,0
2023-06-01,JSWSTEEL,MACRO,PMI,0.8,1,1,0
2023-06-01,HINDALCO,MACRO,PMI,0.8,1,1,0
2023-06-01,COALINDIA,MACRO,PMI,0.8,1,1,0
2023-06-01,LT,MACRO,PMI,0.8,1,1,0
2023-06-01,ULTRACEMCO,MACRO,PMI,0.8,1,1,0
2023-06-01,GRASIM,MACRO,PMI,0.8,1,1,0
2023-06-01,ASIANPAINT,MACRO,PMI,0.8,1,1,0
2023-06-01,TITAN,MACRO,PMI,0.8,1,1,0
2023-06-08,HDFCBANK,GOVT,RBI_POLICY,1.0,1,1,0
2023-06-08,ICICIBANK,GOVT,RBI_POLICY,1.0,1,1,0
2023-06-08,SBIN,GOVT,RBI_POLICY,1.0,1,1,0
2023-06-08,AXISBANK,GOVT,RBI_POLICY,1.0,1,1,0
2023-06-08,KOTAKBANK,GOVT,RBI_POLICY,1.0,1,1,0
2023-06-08,BAJFINANCE,GOVT,RBI_POLICY,1.0,1,1,0
2023-06-08,BAJAJFINSV,GOVT,RBI_POLICY,1.0,1,1,0
2023-06-08,INDUSINDBK,GOVT,RBI_POLICY,1.0,1,1,0
2023-06-08,TCS,GOVT,RBI_POLICY,1.0,1,1,0
2023-06-08,INFY,GOVT,RBI_POLICY,1.0,1,1,0
2023-06-08,HCLTECH,GOVT,RBI_POLICY,1.0,1,1,0
2023-06-08,WIPRO,GOVT,RBI_POLICY,1.0,1,1,0
2023-06-08,TECHM,GOVT,RBI_POLICY,1.0,1,1,0
2023-06-08,RELIANCE,GOVT,RBI_POLICY,1.0,1,1,0
2023-06-08,ONGC,GOVT,RBI_POLICY,1.0,1,1,0
2023-06-08,NTPC,GOVT,RBI_POLICY,1.0,1,1,0
2023-06-08,POWERGRID,GOVT,RBI_POLICY,1.0,1,1,0
2023-06-08,BPCL,GOVT,RBI_POLICY,1.0,1,1,0
2023-06-08,HINDUNILVR,GOVT,RBI_POLICY,1.0,1,1,0
2023-06-08,ITC,GOVT,RBI_POLICY,1.0,1,1,0
2023-06-08,NESTLEIND,GOVT,RBI_POLICY,1.0,1,1,0
2023-06-08,BRITANNIA,GOVT,RBI_POLICY,1.0,1,1,0
2023-06-08,MARUTI,GOVT,RBI_POLICY,1.0,1,1,0
2023-06-08,M&M,GOVT,RBI_POLICY,1.0,1,1,0
2023-06-08,BHARTIARTL,GOVT,RBI_POLICY,1.0,1,1,0
2023-06-08,EICHERMOT,GOVT,RBI_POLICY,1.0,1,1,0
2023-06-08,HEROMOTOCO,GOVT,RBI_POLICY,1.0,1,1,0
2023-06-08,BAJAJ-AUTO,GOVT,RBI_POLICY,1.0,1,1,0
2023-06-08,SUNPHARMA,GOVT,RBI_POLICY,1.0,1,1,0
2023-06-08,CIPLA,GOVT,RBI_POLICY,1.0,1,1,0
2023-06-08,DRREDDY,GOVT,RBI_POLICY,1.0,1,1,0
2023-06-08,TATASTEEL,GOVT,RBI_POLICY,1.0,1,1,0
2023-06-08,JSWSTEEL,GOVT,RBI_POLICY,1.0,1,1,0
2023-06-08,HINDALCO,GOVT,RBI_POLICY,1.0,1,1,0
2023-06-08,COALINDIA,GOVT,RBI_POLICY,1.0,1,1,0
2023-06-08,LT,GOVT,RBI_POLICY,1.0,1,1,0
2023-06-08,ULTRACEMCO,GOVT,RBI_POLICY,1.0,1,1,0
2023-06-08,GRASIM,GOVT,RBI_POLICY,1.0,1,1,0
2023-06-08,ASIANPAINT,GOVT,RBI_POLICY,1.0,1,1,0
2023-06-08,TITAN,GOVT,RBI_POLICY,1.0,1,1,0
2023-06-12,HDFCBANK,MACRO,CPI,0.8,1,1,0
2023-06-12,ICICIBANK,MACRO,CPI,0.8,1,1,0
2023-06-12,SBIN,MACRO,CPI,0.8,1,1,0
2023-06-12,AXISBANK,MACRO,CPI,0.8,1,1,0
2023-06-12,KOTAKBANK,MACRO,CPI,0.8,1,1,0
2023-06-12,BAJFINANCE,MACRO,CPI,0.8,1,1,0
2023-06-12,BAJAJFINSV,MACRO,CPI,0.8,1,1,0
2023-06-12,INDUSINDBK,MACRO,CPI,0.8,1,1,0
2023-06-12,TCS,MACRO,CPI,0.8,1,1,0
2023-06-12,INFY,MACRO,CPI,0.8,1,1,0
2023-06-12,HCLTECH,MACRO,CPI,0.8,1,1,0
2023-06-12,WIPRO,MACRO,CPI,0.8,1,1,0
2023-06-12,TECHM,MACRO,CPI,0.8,1,1,0
2023-06-12,RELIANCE,MACRO,CPI,0.8,1,1,0
2023-06-12,ONGC,MACRO,CPI,0.8,1,1,0
2023-06-12,NTPC,MACRO,CPI,0.8,1,1,0
2023-06-12,POWERGRID,MACRO,CPI,0.8,1,1,0
2023-06-12,BPCL,MACRO,CPI,0.8,1,1,0
2023-06-12,HINDUNILVR,MACRO,CPI,0.8,1,1,0
2023-06-12,ITC,MACRO,CPI,0.8,1,1,0
2023-06-12,NESTLEIND,MACRO,CPI,0.8,1,1,0
2023-06-12,BRITANNIA,MACRO,CPI,0.8,1,1,0
2023-06-12,MARUTI,MACRO,CPI,0.8,1,1,0
2023-06-12,M&M,MACRO,CPI,0.8,1,1,0
2023-06-12,BHARTIARTL,MACRO,CPI,0.8,1,1,0
2023-06-12,EICHERMOT,MACRO,CPI,0.8,1,1,0
2023-06-12,HEROMOTOCO,MACRO,CPI,0.8,1,1,0
2023-06-12,BAJAJ-AUTO,MACRO,CPI,0.8,1,1,0
2023-06-12,SUNPHARMA,MACRO,CPI,0.8,1,1,0
2023-06-12,CIPLA,MACRO,CPI,0.8,1,1,0
2023-06-12,DRREDDY,MACRO,CPI,0.8,1,1,0
2023-06-12,TATASTEEL,MACRO,CPI,0.8,1,1,0
2023-06-12,JSWSTEEL,MACRO,CPI,0.8,1,1,0
2023-06-12,HINDALCO,MACRO,CPI,0.8,1,1,0
2023-06-12,COALINDIA,MACRO,CPI,0.8,1,1,0
2023-06-12,LT,MACRO,CPI,0.8,1,1,0
2023-06-12,ULTRACEMCO,MACRO,CPI,0.8,1,1,0
2023-06-12,GRASIM,MACRO,CPI,0.8,1,1,0
2023-06-12,ASIANPAINT,MACRO,CPI,0.8,1,1,0
2023-06-12,TITAN,MACRO,CPI,0.8,1,1,0
2023-07-03,HDFCBANK,MACRO,PMI,0.8,1,1,0
2023-07-03,ICICIBANK,MACRO,PMI,0.8,1,1,0
2023-07-03,SBIN,MACRO,PMI,0.8,1,1,0
2023-07-03,AXISBANK,MACRO,PMI,0.8,1,1,0
2023-07-03,KOTAKBANK,MACRO,PMI,0.8,1,1,0
2023-07-03,BAJFINANCE,MACRO,PMI,0.8,1,1,0
2023-07-03,BAJAJFINSV,MACRO,PMI,0.8,1,1,0
2023-07-03,INDUSINDBK,MACRO,PMI,0.8,1,1,0
2023-07-03,TCS,MACRO,PMI,0.8,1,1,0
2023-07-03,INFY,MACRO,PMI,0.8,1,1,0
2023-07-03,HCLTECH,MACRO,PMI,0.8,1,1,0
2023-07-03,WIPRO,MACRO,PMI,0.8,1,1,0
2023-07-03,TECHM,MACRO,PMI,0.8,1,1,0
2023-07-03,RELIANCE,MACRO,PMI,0.8,1,1,0
2023-07-03,ONGC,MACRO,PMI,0.8,1,1,0
2023-07-03,NTPC,MACRO,PMI,0.8,1,1,0
2023-07-03,POWERGRID,MACRO,PMI,0.8,1,1,0
2023-07-03,BPCL,MACRO,PMI,0.8,1,1,0
2023-07-03,HINDUNILVR,MACRO,PMI,0.8,1,1,0
2023-07-03,ITC,MACRO,PMI,0.8,1,1,0
2023-07-03,NESTLEIND,MACRO,PMI,0.8,1,1,0
2023-07-03,BRITANNIA,MACRO,PMI,0.8,1,1,0
2023-07-03,MARUTI,MACRO,PMI,0.8,1,1,0
2023-07-03,M&M,MACRO,PMI,0.8,1,1,0
2023-07-03,BHARTIARTL,MACRO,PMI,0.8,1,1,0
2023-07-03,EICHERMOT,MACRO,PMI,0.8,1,1,0
2023-07-03,HEROMOTOCO,MACRO,PMI,0.8,1,1,0
2023-07-03,BAJAJ-AUTO,MACRO,PMI,0.8,1,1,0
2023-07-03,SUNPHARMA,MACRO,PMI,0.8,1,1,0
2023-07-03,CIPLA,MACRO,PMI,0.8,1,1,0
2023-07-03,DRREDDY,MACRO,PMI,0.8,1,1,0
2023-07-03,TATASTEEL,MACRO,PMI,0.8,1,1,0
2023-07-03,JSWSTEEL,MACRO,PMI,0.8,1,1,0
2023-07-03,HINDALCO,MACRO,PMI,0.8,1,1,0
2023-07-03,COALINDIA,MACRO,PMI,0.8,1,1,0
2023-07-03,LT,MACRO,PMI,0.8,1,1,0
2023-07-03,ULTRACEMCO,MACRO,PMI,0.8,1,1,0
2023-07-03,GRASIM,MACRO,PMI,0.8,1,1,0
2023-07-03,ASIANPAINT,MACRO,PMI,0.8,1,1,0
2023-07-03,TITAN,MACRO,PMI,0.8,1,1,0
2023-07-12,HDFCBANK,MACRO,CPI,0.8,1,1,0
2023-07-12,ICICIBANK,MACRO,CPI,0.8,1,1,0
2023-07-12,SBIN,MACRO,CPI,0.8,1,1,0
2023-07-12,AXISBANK,MACRO,CPI,0.8,1,1,0
2023-07-12,KOTAKBANK,MACRO,CPI,0.8,1,1,0
2023-07-12,BAJFINANCE,MACRO,CPI,0.8,1,1,0
2023-07-12,BAJAJFINSV,MACRO,CPI,0.8,1,1,0
2023-07-12,INDUSINDBK,MACRO,CPI,0.8,1,1,0
2023-07-12,TCS,MACRO,CPI,0.8,1,1,0
2023-07-12,INFY,MACRO,CPI,0.8,1,1,0
2023-07-12,HCLTECH,MACRO|STOCK,CPI|DIVIDEND,0.8,2,1,0
2023-07-12,WIPRO,MACRO,CPI,0.8,1,1,0
2023-07-12,TECHM,MACRO,CPI,0.8,1,1,0
2023-07-12,RELIANCE,MACRO,CPI,0.8,1,1,0
2023-07-12,ONGC,MACRO,CPI,0.8,1,1,0
2023-07-12,NTPC,MACRO,CPI,0.8,1,1,0
2023-07-12,POWERGRID,MACRO,CPI,0.8,1,1,0
2023-07-12,BPCL,MACRO,CPI,0.8,1,1,0
2023-07-12,HINDUNILVR,MACRO,CPI,0.8,1,1,0
2023-07-12,ITC,MACRO,CPI,0.8,1,1,0
2023-07-12,NESTLEIND,MACRO,CPI,0.8,1,1,0
2023-07-12,BRITANNIA,MACRO,CPI,0.8,1,1,0
2023-07-12,MARUTI,MACRO,CPI,0.8,1,1,0
2023-07-12,M&M,MACRO,CPI,0.8,1,1,0
2023-07-12,BHARTIARTL,MACRO,CPI,0.8,1,1,0
2023-07-12,EICHERMOT,MACRO,CPI,0.8,1,1,0
2023-07-12,HEROMOTOCO,MACRO,CPI,0.8,1,1,0
2023-07-12,BAJAJ-AUTO,MACRO,CPI,0.8,1,1,0
2023-07-12,SUNPHARMA,MACRO,CPI,0.8,1,1,0
2023-07-12,CIPLA,MACRO,CPI,0.8,1,1,0
2023-07-12,DRREDDY,MACRO,CPI,0.8,1,1,0
2023-07-12,TATASTEEL,MACRO,CPI,0.8,1,1,0
2023-07-12,JSWSTEEL,MACRO,CPI,0.8,1,1,0
2023-07-12,HINDALCO,MACRO,CPI,0.8,1,1,0
2023-07-12,COALINDIA,MACRO,CPI,0.8,1,1,0
2023-07-12,LT,MACRO,CPI,0.8,1,1,0
2023-07-12,ULTRACEMCO,MACRO,CPI,0.8,1,1,0
2023-07-12,GRASIM,MACRO,CPI,0.8,1,1,0
2023-07-12,ASIANPAINT,MACRO,CPI,0.8,1,1,0
2023-07-12,TITAN,MACRO,CPI,0.8,1,1,0
2023-07-13,WIPRO,STOCK,EARNINGS,1.0,1,1,0
2023-07-17,HDFCBANK,STOCK,EARNINGS,1.0,1,1,0
2023-07-18,INDUSINDBK,STOCK,EARNINGS,1.0,1,1,0
2023-07-20,INFY,STOCK,EARNINGS,1.0,1,1,0
2023-07-20,HINDUNILVR,STOCK,EARNINGS,1.0,1,1,0
2023-07-21,RELIANCE,STOCK,DIVIDEND|EARNINGS,1.0,2,1,0
2023-07-21,ULTRACEMCO,STOCK,EARNINGS,1.0,1,1,0
2023-07-24,TATASTEEL,STOCK,EARNINGS,1.0,1,1,0
2023-07-25,BAJAJ-AUTO,STOCK,EARNINGS,1.0,1,1,0
2023-07-25,LT,STOCK,EARNINGS,1.0,1,1,0
2023-07-26,AXISBANK,STOCK,EARNINGS,1.0,1,1,0
2023-07-26,BAJFINANCE,STOCK,EARNINGS,1.0,1,1,0
2023-07-26,BPCL,STOCK,EARNINGS,1.0,1,1,0
2023-07-26,CIPLA,STOCK,EARNINGS,1.0,1,1,0
2023-07-26,DRREDDY,STOCK,EARNINGS,1.0,1,1,0
2023-07-27,BAJAJFINSV,STOCK,EARNINGS,1.0,1,1,0
2023-07-31,POWERGRID,STOCK,EARNINGS,1.0,1,1,0
2023-07-31,MARUTI,STOCK,EARNINGS,1.0,1,1,0
2023-08-01,HDFCBANK,MACRO,PMI,0.8,1,1,0
2023-08-01,ICICIBANK,MACRO,PMI,0.8,1,1,0
2023-08-01,SBIN,MACRO,PMI,0.8,1,1,0
2023-08-01,AXISBANK,MACRO,PMI,0.8,1,1,0
2023-08-01,KOTAKBANK,MACRO,PMI,0.8,1,1,0
2023-08-01,BAJFINANCE,MACRO,PMI,0.8,1,1,0
2023-08-01,BAJAJFINSV,MACRO,PMI,0.8,1,1,0
2023-08-01,INDUSINDBK,MACRO,PMI,0.8,1,1,0
2023-08-01,TCS,MACRO,PMI,0.8,1,1,0
2023-08-01,INFY,MACRO,PMI,0.8,1,1,0
2023-08-01,HCLTECH,MACRO,PMI,0.8,1,1,0
2023-08-01,WIPRO,MACRO,PMI,0.8,1,1,0
2023-08-01,TECHM,MACRO,PMI,0.8,1,1,0
2023-08-01,RELIANCE,MACRO,PMI,0.8,1,1,0
2023-08-01,ONGC,MACRO,PMI,0.8,1,1,0
2023-08-01,NTPC,MACRO,PMI,0.8,1,1,0
2023-08-01,POWERGRID,MACRO,PMI,0.8,1,1,0
2023-08-01,BPCL,MACRO,PMI,0.8,1,1,0
2023-08-01,HINDUNILVR,MACRO,PMI,0.8,1,1,0
2023-08-01,ITC,MACRO,PMI,0.8,1,1,0
2023-08-01,NESTLEIND,MACRO,PMI,0.8,1,1,0
2023-08-01,BRITANNIA,MACRO,PMI,0.8,1,1,0
2023-08-01,MARUTI,MACRO,PMI,0.8,1,1,0
2023-08-01,M&M,MACRO,PMI,0.8,1,1,0
2023-08-01,BHARTIARTL,MACRO,PMI,0.8,1,1,0
2023-08-01,EICHERMOT,MACRO,PMI,0.8,1,1,0
2023-08-01,HEROMOTOCO,MACRO,PMI,0.8,1,1,0
2023-08-01,BAJAJ-AUTO,MACRO,PMI,0.8,1,1,0
2023-08-01,SUNPHARMA,MACRO,PMI,0.8,1,1,0
2023-08-01,CIPLA,MACRO,PMI,0.8,1,1,0
2023-08-01,DRREDDY,MACRO,PMI,0.8,1,1,0
2023-08-01,TATASTEEL,MACRO,PMI,0.8,1,1,0
2023-08-01,JSWSTEEL,MACRO,PMI,0.8,1,1,0
2023-08-01,HINDALCO,MACRO,PMI,0.8,1,1,0
2023-08-01,COALINDIA,MACRO,PMI,0.8,1,1,0
2023-08-01,LT,MACRO,PMI,0.8,1,1,0
2023-08-01,ULTRACEMCO,MACRO,PMI,0.8,1,1,0
2023-08-01,GRASIM,MACRO,PMI,0.8,1,1,0
2023-08-01,ASIANPAINT,MACRO,PMI,0.8,1,1,0
2023-08-01,TITAN,MACRO,PMI,0.8,1,1,0
2023-08-02,TITAN,STOCK,EARNINGS,1.0,1,1,0
2023-08-03,BHARTIARTL,STOCK,EARNINGS,1.0,1,1,0
2023-08-03,EICHERMOT,STOCK,EARNINGS,1.0,1,1,0
2023-08-03,SUNPHARMA,STOCK,EARNINGS,1.0,1,1,0
2023-08-04,SBIN,STOCK,EARNINGS,1.0,1,1,0
2023-08-04,BRITANNIA,STOCK,EARNINGS,1.0,1,1,0
2023-08-04,M&M,STOCK,EARNINGS,1.0,1,1,0
2023-08-08,HINDALCO,STOCK,EARNINGS,1.0,1,1,0
2023-08-08,COALINDIA,STOCK,EARNINGS,1.0,1,1,0
2023-08-10,HDFCBANK,GOVT,RBI_POLICY,1.0,1,1,0
2023-08-10,ICICIBANK,GOVT,RBI_POLICY,1.0,1,1,0
2023-08-10,SBIN,GOVT,RBI_POLICY,1.0,1,1,0
2023-08-10,AXISBANK,GOVT,RBI_POLICY,1.0,1,1,0
2023-08-10,KOTAKBANK,GOVT,RBI_POLICY,1.0,1,1,0
2023-08-10,BAJFINANCE,GOVT,RBI_POLICY,1.0,1,1,0
2023-08-10,BAJAJFINSV,GOVT,RBI_POLICY,1.0,1,1,0
2023-08-10,INDUSINDBK,GOVT,RBI_POLICY,1.0,1,1,0
2023-08-10,TCS,GOVT,RBI_POLICY,1.0,1,1,0
2023-08-10,INFY,GOVT,RBI_POLICY,1.0,1,1,0
2023-08-10,HCLTECH,GOVT,RBI_POLICY,1.0,1,1,0
2023-08-10,WIPRO,GOVT,RBI_POLICY,1.0,1,1,0
2023-08-10,TECHM,GOVT,RBI_POLICY,1.0,1,1,0
2023-08-10,RELIANCE,GOVT,RBI_POLICY,1.0,1,1,0
2023-08-10,ONGC,GOVT,RBI_POLICY,1.0,1,1,0
2023-08-10,NTPC,GOVT,RBI_POLICY,1.0,1,1,0
2023-08-10,POWERGRID,GOVT,RBI_POLICY,1.0,1,1,0
2023-08-10,BPCL,GOVT,RBI_POLICY,1.0,1,1,0
2023-08-10,HINDUNILVR,GOVT,RBI_POLICY,1.0,1,1,0
2023-08-10,ITC,GOVT,RBI_POLICY,1.0,1,1,0
2023-08-10,NESTLEIND,GOVT,RBI_POLICY,1.0,1,1,0
2023-08-10,BRITANNIA,GOVT,RBI_POLICY,1.0,1,1,0
2023-08-10,MARUTI,GOVT,RBI_POLICY,1.0,1,1,0
2023-08-10,M&M,GOVT,RBI_POLICY,1.0,1,1,0
2023-08-10,BHARTIARTL,GOVT,RBI_POLICY,1.0,1,1,0
2023-08-10,EICHERMOT,GOVT,RBI_POLICY,1.0,1,1,0
2023-08-10,HEROMOTOCO,GOVT|STOCK,EARNINGS|RBI_POLICY,1.0,2,1,0
2023-08-10,BAJAJ-AUTO,GOVT,RBI_POLICY,1.0,1,1,0
2023-08-10,SUNPHARMA,GOVT,RBI_POLICY,1.0,1,1,0
2023-08-10,CIPLA,GOVT,RBI_POLICY,1.0,1,1,0
2023-08-10,DRREDDY,GOVT,RBI_POLICY,1.0,1,1,0
2023-08-10,TATASTEEL,GOVT,RBI_POLICY,1.0,1,1,0
2023-08-10,JSWSTEEL,GOVT,RBI_POLICY,1.0,1,1,0
2023-08-10,HINDALCO,GOVT,RBI_POLICY,1.0,1,1,0
2023-08-10,COALINDIA,GOVT,RBI_POLICY,1.0,1,1,0
2023-08-10,LT,GOVT,RBI_POLICY,1.0,1,1,0
2023-08-10,ULTRACEMCO,GOVT,RBI_POLICY,1.0,1,1,0
2023-08-10,GRASIM,GOVT|STOCK,EARNINGS|RBI_POLICY,1.0,2,1,0
2023-08-10,ASIANPAINT,GOVT,RBI_POLICY,1.0,1,1,0
2023-08-10,TITAN,GOVT,RBI_POLICY,1.0,1,1,0
2023-08-11,ONGC,STOCK,EARNINGS,1.0,1,1,0
2023-08-14,HDFCBANK,MACRO,CPI,0.8,1,1,0
2023-08-14,ICICIBANK,MACRO,CPI,0.8,1,1,0
2023-08-14,SBIN,MACRO,CPI,0.8,1,1,0
2023-08-14,AXISBANK,MACRO,CPI,0.8,1,1,0
2023-08-14,KOTAKBANK,MACRO,CPI,0.8,1,1,0
2023-08-14,BAJFINANCE,MACRO,CPI,0.8,1,1,0
2023-08-14,BAJAJFINSV,MACRO,CPI,0.8,1,1,0
2023-08-14,INDUSINDBK,MACRO,CPI,0.8,1,1,0
2023-08-14,TCS,MACRO,CPI,0.8,1,1,0
2023-08-14,INFY,MACRO,CPI,0.8,1,1,0
2023-08-14,HCLTECH,MACRO,CPI,0.8,1,1,0
2023-08-14,WIPRO,MACRO,CPI,0.8,1,1,0
2023-08-14,TECHM,MACRO,CPI,0.8,1,1,0
2023-08-14,RELIANCE,MACRO,CPI,0.8,1,1,0
2023-08-14,ONGC,MACRO,CPI,0.8,1,1,0
2023-08-14,NTPC,MACRO,CPI,0.8,1,1,0
2023-08-14,POWERGRID,MACRO,CPI,0.8,1,1,0
2023-08-14,BPCL,MACRO,CPI,0.8,1,1,0
2023-08-14,HINDUNILVR,MACRO,CPI,0.8,1,1,0
2023-08-14,ITC,MACRO|STOCK,CPI|EARNINGS,1.0,2,1,0
2023-08-14,NESTLEIND,MACRO,CPI,0.8,1,1,0
2023-08-14,BRITANNIA,MACRO,CPI,0.8,1,1,0
2023-08-14,MARUTI,MACRO,CPI,0.8,1,1,0
2023-08-14,M&M,MACRO,CPI,0.8,1,1,0
2023-08-14,BHARTIARTL,MACRO,CPI,0.8,1,1,0
2023-08-14,EICHERMOT,MACRO,CPI,0.8,1,1,0
2023-08-14,HEROMOTOCO,MACRO,CPI,0.8,1,1,0
2023-08-14,BAJAJ-AUTO,MACRO,CPI,0.8,1,1,0
2023-08-14,SUNPHARMA,MACRO,CPI,0.8,1,1,0
2023-08-14,CIPLA,MACRO,CPI,0.8,1,1,0
2023-08-14,DRREDDY,MACRO,CPI,0.8,1,1,0
2023-08-14,TATASTEEL,MACRO,CPI,0.8,1,1,0
2023-08-14,JSWSTEEL,MACRO,CPI,0.8,1,1,0
2023-08-14,HINDALCO,MACRO,CPI,0.8,1,1,0
2023-08-14,COALINDIA,MACRO,CPI,0.8,1,1,0
2023-08-14,LT,MACRO,CPI,0.8,1,1,0
2023-08-14,ULTRACEMCO,MACRO,CPI,0.8,1,1,0
2023-08-14,GRASIM,MACRO,CPI,0.8,1,1,0
2023-08-14,ASIANPAINT,MACRO,CPI,0.8,1,1,0
2023-08-14,TITAN,MACRO,CPI,0.8,1,1,0
2023-08-31,HDFCBANK,MACRO,GDP,0.9,1,1,0
2023-08-31,ICICIBANK,MACRO,GDP,0.9,1,1,0
2023-08-31,SBIN,MACRO,GDP,0.9,1,1,0
2023-08-31,AXISBANK,MACRO,GDP,0.9,1,1,0
2023-08-31,KOTAKBANK,MACRO,GDP,0.9,1,1,0
2023-08-31,BAJFINANCE,MACRO,GDP,0.9,1,1,0
2023-08-31,BAJAJFINSV,MACRO,GDP,0.9,1,1,0
2023-08-31,INDUSINDBK,MACRO,GDP,0.9,1,1,0
2023-08-31,TCS,MACRO,GDP,0.9,1,1,0
2023-08-31,INFY,MACRO,GDP,0.9,1,1,0
2023-08-31,HCLTECH,MACRO,GDP,0.9,1,1,0
2023-08-31,WIPRO,MACRO,GDP,0.9,1,1,0
2023-08-31,TECHM,MACRO,GDP,0.9,1,1,0
2023-08-31,RELIANCE,MACRO,GDP,0.9,1,1,0
2023-08-31,ONGC,MACRO,GDP,0.9,1,1,0
2023-08-31,NTPC,MACRO,GDP,0.9,1,1,0
2023-08-31,POWERGRID,MACRO,GDP,0.9,1,1,0
2023-08-31,BPCL,MACRO,GDP,0.9,1,1,0
2023-08-31,HINDUNILVR,MACRO,GDP,0.9,1,1,0
2023-08-31,ITC,MACRO,GDP,0.9,1,1,0
2023-08-31,NESTLEIND,MACRO,GDP,0.9,1,1,0
2023-08-31,BRITANNIA,MACRO,GDP,0.9,1,1,0
2023-08-31,MARUTI,MACRO,GDP,0.9,1,1,0
2023-08-31,M&M,MACRO,GDP,0.9,1,1,0
2023-08-31,BHARTIARTL,MACRO,GDP,0.9,1,1,0
2023-08-31,EICHERMOT,MACRO,GDP,0.9,1,1,0
2023-08-31,HEROMOTOCO,MACRO,GDP,0.9,1,1,0
2023-08-31,BAJAJ-AUTO,MACRO,GDP,0.9,1,1,0
2023-08-31,SUNPHARMA,MACRO,GDP,0.9,1,1,0
2023-08-31,CIPLA,MACRO,GDP,0.9,1,1,0
2023-08-31,DRREDDY,MACRO,GDP,0.9,1,1,0
2023-08-31,TATASTEEL,MACRO,GDP,0.9,1,1,0
2023-08-31,JSWSTEEL,MACRO,GDP,0.9,1,1,0
2023-08-31,HINDALCO,MACRO,GDP,0.9,1,1,0
2023-08-31,COALINDIA,MACRO,GDP,0.9,1,1,0
2023-08-31,LT,MACRO,GDP,0.9,1,1,0
2023-08-31,ULTRACEMCO,MACRO,GDP,0.9,1,1,0
2023-08-31,GRASIM,MACRO,GDP,0.9,1,1,0
2023-08-31,ASIANPAINT,MACRO,GDP,0.9,1,1,0
2023-08-31,TITAN,MACRO,GDP,0.9,1,1,0
2023-09-01,HDFCBANK,MACRO,PMI,0.8,1,1,0
2023-09-01,ICICIBANK,MACRO,PMI,0.8,1,1,0
2023-09-01,SBIN,MACRO,PMI,0.8,1,1,0
2023-09-01,AXISBANK,MACRO,PMI,0.8,1,1,0
2023-09-01,KOTAKBANK,MACRO,PMI,0.8,1,1,0
2023-09-01,BAJFINANCE,MACRO,PMI,0.8,1,1,0
2023-09-01,BAJAJFINSV,MACRO,PMI,0.8,1,1,0
2023-09-01,INDUSINDBK,MACRO,PMI,0.8,1,1,0
2023-09-01,TCS,MACRO,PMI,0.8,1,1,0
2023-09-01,INFY,MACRO,PMI,0.8,1,1,0
2023-09-01,HCLTECH,MACRO,PMI,0.8,1,1,0
2023-09-01,WIPRO,MACRO,PMI,0.8,1,1,0
2023-09-01,TECHM,MACRO,PMI,0.8,1,1,0
2023-09-01,RELIANCE,MACRO,PMI,0.8,1,1,0
2023-09-01,ONGC,MACRO,PMI,0.8,1,1,0
2023-09-01,NTPC,MACRO,PMI,0.8,1,1,0
2023-09-01,POWERGRID,MACRO,PMI,0.8,1,1,0
2023-09-01,BPCL,MACRO,PMI,0.8,1,1,0
2023-09-01,HINDUNILVR,MACRO,PMI,0.8,1,1,0
2023-09-01,ITC,MACRO,PMI,0.8,1,1,0
2023-09-01,NESTLEIND,MACRO,PMI,0.8,1,1,0
2023-09-01,BRITANNIA,MACRO,PMI,0.8,1,1,0
2023-09-01,MARUTI,MACRO,PMI,0.8,1,1,0
2023-09-01,M&M,MACRO,PMI,0.8,1,1,0
2023-09-01,BHARTIARTL,MACRO,PMI,0.8,1,1,0
2023-09-01,EICHERMOT,MACRO,PMI,0.8,1,1,0
2023-09-01,HEROMOTOCO,MACRO,PMI,0.8,1,1,0
2023-09-01,BAJAJ-AUTO,MACRO,PMI,0.8,1,1,0
2023-09-01,SUNPHARMA,MACRO,PMI,0.8,1,1,0
2023-09-01,CIPLA,MACRO,PMI,0.8,1,1,0
2023-09-01,DRREDDY,MACRO,PMI,0.8,1,1,0
2023-09-01,TATASTEEL,MACRO,PMI,0.8,1,1,0
2023-09-01,JSWSTEEL,MACRO,PMI,0.8,1,1,0
2023-09-01,HINDALCO,MACRO,PMI,0.8,1,1,0
2023-09-01,COALINDIA,MACRO,PMI,0.8,1,1,0
2023-09-01,LT,MACRO,PMI,0.8,1,1,0
2023-09-01,ULTRACEMCO,MACRO,PMI,0.8,1,1,0
2023-09-01,GRASIM,MACRO,PMI,0.8,1,1,0
2023-09-01,ASIANPAINT,MACRO,PMI,0.8,1,1,0
2023-09-01,TITAN,MACRO,PMI,0.8,1,1,0
2023-09-12,HDFCBANK,MACRO,CPI,0.8,1,1,0
2023-09-12,ICICIBANK,MACRO,CPI,0.8,1,1,0
2023-09-12,SBIN,MACRO,CPI,0.8,1,1,0
2023-09-12,AXISBANK,MACRO,CPI,0.8,1,1,0
2023-09-12,KOTAKBANK,MACRO,CPI,0.8,1,1,0
2023-09-12,BAJFINANCE,MACRO,CPI,0.8,1,1,0
2023-09-12,BAJAJFINSV,MACRO,CPI,0.8,1,1,0
2023-09-12,INDUSINDBK,MACRO,CPI,0.8,1,1,0
2023-09-12,TCS,MACRO,CPI,0.8,1,1,0
2023-09-12,INFY,MACRO,CPI,0.8,1,1,0
2023-09-12,HCLTECH,MACRO,CPI,0.8,1,1,0
2023-09-12,WIPRO,MACRO,CPI,0.8,1,1,0
2023-09-12,TECHM,MACRO,CPI,0.8,1,1,0
2023-09-12,RELIANCE,MACRO,CPI,0.8,1,1,0
2023-09-12,ONGC,MACRO,CPI,0.8,1,1,0
2023-09-12,NTPC,MACRO,CPI,0.8,1,1,0
2023-09-12,POWERGRID,MACRO,CPI,0.8,1,1,0
2023-09-12,BPCL,MACRO,CPI,0.8,1,1,0
2023-09-12,HINDUNILVR,MACRO,CPI,0.8,1,1,0
2023-09-12,ITC,MACRO,CPI,0.8,1,1,0
2023-09-12,NESTLEIND,MACRO,CPI,0.8,1,1,0
2023-09-12,BRITANNIA,MACRO,CPI,0.8,1,1,0
2023-09-12,MARUTI,MACRO,CPI,0.8,1,1,0
2023-09-12,M&M,MACRO,CPI,0.8,1,1,0
2023-09-12,BHARTIARTL,MACRO,CPI,0.8,1,1,0
2023-09-12,EICHERMOT,MACRO,CPI,0.8,1,1,0
2023-09-12,HEROMOTOCO,MACRO,CPI,0.8,1,1,0
2023-09-12,BAJAJ-AUTO,MACRO,CPI,0.8,1,1,0
2023-09-12,SUNPHARMA,MACRO,CPI,0.8,1,1,0
2023-09-12,CIPLA,MACRO,CPI,0.8,1,1,0
2023-09-12,DRREDDY,MACRO,CPI,0.8,1,1,0
2023-09-12,TATASTEEL,MACRO,CPI,0.8,1,1,0
2023-09-12,JSWSTEEL,MACRO,CPI,0.8,1,1,0
2023-09-12,HINDALCO,MACRO,CPI,0.8,1,1,0
2023-09-12,COALINDIA,MACRO,CPI,0.8,1,1,0
2023-09-12,LT,MACRO,CPI,0.8,1,1,0
2023-09-12,ULTRACEMCO,MACRO,CPI,0.8,1,1,0
2023-09-12,GRASIM,MACRO,CPI,0.8,1,1,0
2023-09-12,ASIANPAINT,MACRO,CPI,0.8,1,1,0
2023-09-12,TITAN,MACRO,CPI,0.8,1,1,0
2023-10-03,HDFCBANK,MACRO,PMI,0.8,1,1,0
2023-10-03,ICICIBANK,MACRO,PMI,0.8,1,1,0
2023-10-03,SBIN,MACRO,PMI,0.8,1,1,0
2023-10-03,AXISBANK,MACRO,PMI,0.8,1,1,0
2023-10-03,KOTAKBANK,MACRO,PMI,0.8,1,1,0
2023-10-03,BAJFINANCE,MACRO,PMI,0.8,1,1,0
2023-10-03,BAJAJFINSV,MACRO,PMI,0.8,1,1,0
2023-10-03,INDUSINDBK,MACRO,PMI,0.8,1,1,0
2023-10-03,TCS,MACRO,PMI,0.8,1,1,0
2023-10-03,INFY,MACRO,PMI,0.8,1,1,0
2023-10-03,HCLTECH,MACRO,PMI,0.8,1,1,0
2023-10-03,WIPRO,MACRO,PMI,0.8,1,1,0
2023-10-03,TECHM,MACRO,PMI,0.8,1,1,0
2023-10-03,RELIANCE,MACRO,PMI,0.8,1,1,0
2023-10-03,ONGC,MACRO,PMI,0.8,1,1,0
2023-10-03,NTPC,MACRO,PMI,0.8,1,1,0
2023-10-03,POWERGRID,MACRO,PMI,0.8,1,1,0
2023-10-03,BPCL,MACRO,PMI,0.8,1,1,0
2023-10-03,HINDUNILVR,MACRO,PMI,0.8,1,1,0
2023-10-03,ITC,MACRO,PMI,0.8,1,1,0
2023-10-03,NESTLEIND,MACRO,PMI,0.8,1,1,0
2023-10-03,BRITANNIA,MACRO,PMI,0.8,1,1,0
2023-10-03,MARUTI,MACRO,PMI,0.8,1,1,0
2023-10-03,M&M,MACRO,PMI,0.8,1,1,0
2023-10-03,BHARTIARTL,MACRO,PMI,0.8,1,1,0
2023-10-03,EICHERMOT,MACRO,PMI,0.8,1,1,0
2023-10-03,HEROMOTOCO,MACRO,PMI,0.8,1,1,0
2023-10-03,BAJAJ-AUTO,MACRO,PMI,0.8,1,1,0
2023-10-03,SUNPHARMA,MACRO,PMI,0.8,1,1,0
2023-10-03,CIPLA,MACRO,PMI,0.8,1,1,0
2023-10-03,DRREDDY,MACRO,PMI,0.8,1,1,0
2023-10-03,TATASTEEL,MACRO,PMI,0.8,1,1,0
2023-10-03,JSWSTEEL,MACRO,PMI,0.8,1,1,0
2023-10-03,HINDALCO,MACRO,PMI,0.8,1,1,0
2023-10-03,COALINDIA,MACRO,PMI,0.8,1,1,0
2023-10-03,LT,MACRO,PMI,0.8,1,1,0
2023-10-03,ULTRACEMCO,MACRO,PMI,0.8,1,1,0
2023-10-03,GRASIM,MACRO,PMI,0.8,1,1,0
2023-10-03,ASIANPAINT,MACRO,PMI,0.8,1,1,0
2023-10-03,TITAN,MACRO,PMI,0.8,1,1,0
2023-10-06,HDFCBANK,GOVT,RBI_POLICY,1.0,1,1,0
2023-10-06,ICICIBANK,GOVT,RBI_POLICY,1.0,1,1,0
2023-10-06,SBIN,GOVT,RBI_POLICY,1.0,1,1,0
2023-10-06,AXISBANK,GOVT,RBI_POLICY,1.0,1,1,0
2023-10-06,KOTAKBANK,GOVT,RBI_POLICY,1.0,1,1,0
2023-10-06,BAJFINANCE,GOVT,RBI_POLICY,1.0,1,1,0
2023-10-06,BAJAJFINSV,GOVT,RBI_POLICY,1.0,1,1,0
2023-10-06,INDUSINDBK,GOVT,RBI_POLICY,1.0,1,1,0
2023-10-06,TCS,GOVT,RBI_POLICY,1.0,1,1,0
2023-10-06,INFY,GOVT,RBI_POLICY,1.0,1,1,0
2023-10-06,HCLTECH,GOVT,RBI_POLICY,1.0,1,1,0
2023-10-06,WIPRO,GOVT,RBI_POLICY,1.0,1,1,0
2023-10-06,TECHM,GOVT,RBI_POLICY,1.0,1,1,0
2023-10-06,RELIANCE,GOVT,RBI_POLICY,1.0,1,1,0
2023-10-06,ONGC,GOVT,RBI_POLICY,1.0,1,1,0
2023-10-06,NTPC,GOVT,RBI_POLICY,1.0,1,1,0
2023-10-06,POWERGRID,GOVT,RBI_POLICY,1.0,1,1,0
2023-10-06,BPCL,GOVT,RBI_POLICY,1.0,1,1,0
2023-10-06,HINDUNILVR,GOVT,RBI_POLICY,1.0,1,1,0
2023-10-06,ITC,GOVT,RBI_POLICY,1.0,1,1,0
2023-10-06,NESTLEIND,GOVT,RBI_POLICY,1.0,1,1,0
2023-10-06,BRITANNIA,GOVT,RBI_POLICY,1.0,1,1,0
2023-10-06,MARUTI,GOVT,RBI_POLICY,1.0,1,1,0
2023-10-06,M&M,GOVT,RBI_POLICY,1.0,1,1,0
2023-10-06,BHARTIARTL,GOVT,RBI_POLICY,1.0,1,1,0
2023-10-06,EICHERMOT,GOVT,RBI_POLICY,1.0,1,1,0
2023-10-06,HEROMOTOCO,GOVT,RBI_POLICY,1.0,1,1,0
2023-10-06,BAJAJ-AUTO,GOVT,RBI_POLICY,1.0,1,1,0
2023-10-06,SUNPHARMA,GOVT,RBI_POLICY,1.0,1,1,0
2023-10-06,CIPLA,GOVT,RBI_POLICY,1.0,1,1,0
2023-10-06,DRREDDY,GOVT,RBI_POLICY,1.0,1,1,0
2023-10-06,TATASTEEL,GOVT,RBI_POLICY,1.0,1,1,0
2023-10-06,JSWSTEEL,GOVT,RBI_POLICY,1.0,1,1,0
2023-10-06,HINDALCO,GOVT,RBI_POLICY,1.0,1,1,0
2023-10-06,COALINDIA,GOVT,RBI_POLICY,1.0,1,1,0
2023-10-06,LT,GOVT,RBI_POLICY,1.0,1,1,0
2023-10-06,ULTRACEMCO,GOVT,RBI_POLICY,1.0,1,1,0
2023-10-06,GRASIM,GOVT,RBI_POLICY,1.0,1,1,0
2023-10-06,ASIANPAINT,GOVT,RBI_POLICY,1.0,1,1,0
2023-10-06,TITAN,GOVT,RBI_POLICY,1.0,1,1,0
2023-10-11,TCS,STOCK,EARNINGS,1.0,1,1,0
2023-10-12,HDFCBANK,MACRO,CPI,0.8,1,1,0
2023-10-12,ICICIBANK,MACRO,CPI,0.8,1,1,0
2023-10-12,SBIN,MACRO,CPI,0.8,1,1,0
2023-10-12,AXISBANK,MACRO,CPI,0.8,1,1,0
2023-10-12,KOTAKBANK,MACRO,CPI,0.8,1,1,0
2023-10-12,BAJFINANCE,MACRO,CPI,0.8,1,1,0
2023-10-12,BAJAJFINSV,MACRO,CPI,0.8,1,1,0
2023-10-12,INDUSINDBK,MACRO,CPI,0.8,1,1,0
2023-10-12,TCS,MACRO,CPI,0.8,1,1,0
2023-10-12,INFY,MACRO|STOCK,CPI|EARNINGS,1.0,2,1,0
2023-10-12,HCLTECH,MACRO|STOCK,CPI|EARNINGS,1.0,2,1,0
2023-10-12,WIPRO,MACRO,CPI,0.8,1,1,0
2023-10-12,TECHM,MACRO,CPI,0.8,1,1,0
2023-10-12,RELIANCE,MACRO,CPI,0.8,1,1,0
2023-10-12,ONGC,MACRO,CPI,0.8,1,1,0
2023-10-12,NTPC,MACRO,CPI,0.8,1,1,0
2023-10-12,POWERGRID,MACRO,CPI,0.8,1,1,0
2023-10-12,BPCL,MACRO,CPI,0.8,1,1,0
2023-10-12,HINDUNILVR,MACRO,CPI,0.8,1,1,0
2023-10-12,ITC,MACRO,CPI,0.8,1,1,0
2023-10-12,NESTLEIND,MACRO,CPI,0.8,1,1,0
2023-10-12,BRITANNIA,MACRO,CPI,0.8,1,1,0
2023-10-12,MARUTI,MACRO,CPI,0.8,1,1,0
2023-10-12,M&M,MACRO,CPI,0.8,1,1,0
2023-10-12,BHARTIARTL,MACRO,CPI,0.8,1,1,0
2023-10-12,EICHERMOT,MACRO,CPI,0.8,1,1,0
2023-10-12,HEROMOTOCO,MACRO,CPI,0.8,1,1,0
2023-10-12,BAJAJ-AUTO,MACRO,CPI,0.8,1,1,0
2023-10-12,SUNPHARMA,MACRO,CPI,0.8,1,1,0
2023-10-12,CIPLA,MACRO,CPI,0.8,1,1,0
2023-10-12,DRREDDY,MACRO,CPI,0.8,1,1,0
2023-10-12,TATASTEEL,MACRO,CPI,0.8,1,1,0
2023-10-12,JSWSTEEL,MACRO,CPI,0.8,1,1,0
2023-10-12,HINDALCO,MACRO,CPI,0.8,1,1,0
2023-10-12,COALINDIA,MACRO,CPI,0.8,1,1,0
2023-10-12,LT,MACRO,CPI,0.8,1,1,0
2023-10-12,ULTRACEMCO,MACRO,CPI,0.8,1,1,0
2023-10-12,GRASIM,MACRO,CPI,0.8,1,1,0
2023-10-12,ASIANPAINT,MACRO,CPI,0.8,1,1,0
2023-10-12,TITAN,MACRO,CPI,0.8,1,1,0
2023-10-17,BAJFINANCE,STOCK,EARNINGS,1.0,1,1,0
2023-10-18,INDUSINDBK,STOCK,EARNINGS,1.0,1,1,0
2023-10-18,WIPRO,STOCK,EARNINGS,1.0,1,1,0
2023-10-18,BAJAJ-AUTO,STOCK,EARNINGS,1.0,1,1,0
2023-10-19,HINDUNILVR,STOCK,EARNINGS,1.0,1,1,0
2023-10-19,ITC,STOCK,EARNINGS,1.0,1,1,0
2023-10-19,NESTLEIND,STOCK,DIVIDEND|EARNINGS,1.0,2,1,0
2023-10-19,ULTRACEMCO,STOCK,EARNINGS,1.0,1,1,0
2023-10-20,JSWSTEEL,STOCK,EARNINGS,1.0,1,1,0
2023-10-25,AXISBANK,STOCK,EARNINGS,1.0,1,1,0
2023-10-25,TECHM,STOCK,DIVIDEND|EARNINGS,1.0,2,1,0
2023-10-26,ASIANPAINT,STOCK,EARNINGS,1.0,1,1,0
2023-10-27,BAJAJFINSV,STOCK,EARNINGS,1.0,1,1,0
2023-10-27,RELIANCE,STOCK,EARNINGS,1.0,1,1,0
2023-10-27,BPCL,STOCK,EARNINGS,1.0,1,1,0
2023-10-27,MARUTI,STOCK,EARNINGS,1.0,1,1,0
2023-10-27,CIPLA,STOCK,EARNINGS,1.0,1,1,0
2023-10-27,DRREDDY,STOCK,EARNINGS,1.0,1,1,0
2023-10-31,LT,STOCK,EARNINGS,1.0,1,1,0
2023-11-01,HDFCBANK,MACRO,PMI,0.8,1,1,0
2023-11-01,ICICIBANK,MACRO,PMI,0.8,1,1,0
2023-11-01,SBIN,MACRO,PMI,0.8,1,1,0
2023-11-01,AXISBANK,MACRO,PMI,0.8,1,1,0
2023-11-01,KOTAKBANK,MACRO,PMI,0.8,1,1,0
2023-11-01,BAJFINANCE,MACRO,PMI,0.8,1,1,0
2023-11-01,BAJAJFINSV,MACRO,PMI,0.8,1,1,0
2023-11-01,INDUSINDBK,MACRO,PMI,0.8,1,1,0
2023-11-01,TCS,MACRO,PMI,0.8,1,1,0
2023-11-01,INFY,MACRO,PMI,0.8,1,1,0
2023-11-01,HCLTECH,MACRO,PMI,0.8,1,1,0
2023-11-01,WIPRO,MACRO,PMI,0.8,1,1,0
2023-11-01,TECHM,MACRO,PMI,0.8,1,1,0
2023-11-01,RELIANCE,MACRO,PMI,0.8,1,1,0
2023-11-01,ONGC,MACRO,PMI,0.8,1,1,0
2023-11-01,NTPC,MACRO,PMI,0.8,1,1,0
2023-11-01,POWERGRID,MACRO,PMI,0.8,1,1,0
2023-11-01,BPCL,MACRO,PMI,0.8,1,1,0
2023-11-01,HINDUNILVR,MACRO,PMI,0.8,1,1,0
2023-11-01,ITC,MACRO,PMI,0.8,1,1,0
2023-11-01,NESTLEIND,MACRO,PMI,0.8,1,1,0
2023-11-01,BRITANNIA,MACRO,PMI,0.8,1,1,0
2023-11-01,MARUTI,MACRO,PMI,0.8,1,1,0
2023-11-01,M&M,MACRO,PMI,0.8,1,1,0
2023-11-01,BHARTIARTL,MACRO,PMI,0.8,1,1,0
2023-11-01,EICHERMOT,MACRO,PMI,0.8,1,1,0
2023-11-01,HEROMOTOCO,MACRO|STOCK,EARNINGS|PMI,1.0,2,1,0
2023-11-01,BAJAJ-AUTO,MACRO,PMI,0.8,1,1,0
2023-11-01,SUNPHARMA,MACRO|STOCK,EARNINGS|PMI,1.0,2,1,0
2023-11-01,CIPLA,MACRO,PMI,0.8,1,1,0
2023-11-01,DRREDDY,MACRO,PMI,0.8,1,1,0
2023-11-01,TATASTEEL,MACRO|STOCK,EARNINGS|PMI,1.0,2,1,0
2023-11-01,JSWSTEEL,MACRO,PMI,0.8,1,1,0
2023-11-01,HINDALCO,MACRO,PMI,0.8,1,1,0
2023-11-01,COALINDIA,MACRO,PMI,0.8,1,1,0
2023-11-01,LT,MACRO,PMI,0.8,1,1,0
2023-11-01,ULTRACEMCO,MACRO,PMI,0.8,1,1,0
2023-11-01,GRASIM,MACRO,PMI,0.8,1,1,0
2023-11-01,ASIANPAINT,MACRO,PMI,0.8,1,1,0
2023-11-01,TITAN,MACRO,PMI,0.8,1,1,0
2023-11-03,BRITANNIA,STOCK,EARNINGS,1.0,1,1,0
2023-11-03,TITAN,STOCK,EARNINGS,1.0,1,1,0
2023-11-07,POWERGRID,STOCK,EARNINGS,1.0,1,1,0
2023-11-09,M&M,STOCK,EARNINGS,1.0,1,1,0
2023-11-10,ONGC,STOCK,EARNINGS,1.0,1,1,0
2023-11-10,EICHERMOT,STOCK,EARNINGS,1.0,1,1,0
2023-11-10,HINDALCO,STOCK,EARNINGS,1.0,1,1,0
2023-11-10,COALINDIA,STOCK,EARNINGS,1.0,1,1,0
2023-11-13,HDFCBANK,MACRO,CPI,0.8,1,1,0
2023-11-13,ICICIBANK,MACRO,CPI,0.8,1,1,0
2023-11-13,SBIN,MACRO,CPI,0.8,1,1,0
2023-11-13,AXISBANK,MACRO,CPI,0.8,1,1,0
2023-11-13,KOTAKBANK,MACRO,CPI,0.8,1,1,0
2023-11-13,BAJFINANCE,MACRO,CPI,0.8,1,1,0
2023-11-13,BAJAJFINSV,MACRO,CPI,0.8,1,1,0
2023-11-13,INDUSINDBK,MACRO,CPI,0.8,1,1,0
2023-11-13,TCS,MACRO,CPI,0.8,1,1,0
2023-11-13,INFY,MACRO,CPI,0.8,1,1,0
2023-11-13,HCLTECH,MACRO,CPI,0.8,1,1,0
2023-11-13,WIPRO,MACRO,CPI,0.8,1,1,0
2023-11-13,TECHM,MACRO,CPI,0.8,1,1,0
2023-11-13,RELIANCE,MACRO,CPI,0.8,1,1,0
2023-11-13,ONGC,MACRO,CPI,0.8,1,1,0
2023-11-13,NTPC,MACRO,CPI,0.8,1,1,0
2023-11-13,POWERGRID,MACRO,CPI,0.8,1,1,0
2023-11-13,BPCL,MACRO,CPI,0.8,1,1,0
2023-11-13,HINDUNILVR,MACRO,CPI,0.8,1,1,0
2023-11-13,ITC,MACRO,CPI,0.8,1,1,0
2023-11-13,NESTLEIND,MACRO,CPI,0.8,1,1,0
2023-11-13,BRITANNIA,MACRO,CPI,0.8,1,1,0
2023-11-13,MARUTI,MACRO,CPI,0.8,1,1,0
2023-11-13,M&M,MACRO,CPI,0.8,1,1,0
2023-11-13,BHARTIARTL,MACRO,CPI,0.8,1,1,0
2023-11-13,EICHERMOT,MACRO,CPI,0.8,1,1,0
2023-11-13,HEROMOTOCO,MACRO,CPI,0.8,1,1,0
2023-11-13,BAJAJ-AUTO,MACRO,CPI,0.8,1,1,0
2023-11-13,SUNPHARMA,MACRO,CPI,0.8,1,1,0
2023-11-13,CIPLA,MACRO,CPI,0.8,1,1,0
2023-11-13,DRREDDY,MACRO,CPI,0.8,1,1,0
2023-11-13,TATASTEEL,MACRO,CPI,0.8,1,1,0
2023-11-13,JSWSTEEL,MACRO,CPI,0.8,1,1,0
2023-11-13,HINDALCO,MACRO,CPI,0.8,1,1,0
2023-11-13,COALINDIA,MACRO,CPI,0.8,1,1,0
2023-11-13,LT,MACRO,CPI,0.8,1,1,0
2023-11-13,ULTRACEMCO,MACRO,CPI,0.8,1,1,0
2023-11-13,GRASIM,MACRO|STOCK,CPI|EARNINGS,1.0,2,1,0
2023-11-13,ASIANPAINT,MACRO,CPI,0.8,1,1,0
2023-11-13,TITAN,MACRO,CPI,0.8,1,1,0
2023-11-29,BPCL,STOCK,DIVIDEND,0.7,1,1,0
2023-11-30,HDFCBANK,MACRO,GDP,0.9,1,1,0
2023-11-30,ICICIBANK,MACRO,GDP,0.9,1,1,0
2023-11-30,SBIN,MACRO,GDP,0.9,1,1,0
2023-11-30,AXISBANK,MACRO,GDP,0.9,1,1,0
2023-11-30,KOTAKBANK,MACRO,GDP,0.9,1,1,0
2023-11-30,BAJFINANCE,MACRO,GDP,0.9,1,1,0
2023-11-30,BAJAJFINSV,MACRO,GDP,0.9,1,1,0
2023-11-30,INDUSINDBK,MACRO,GDP,0.9,1,1,0
2023-11-30,TCS,MACRO,GDP,0.9,1,1,0
2023-11-30,INFY,MACRO,GDP,0.9,1,1,0
2023-11-30,HCLTECH,MACRO,GDP,0.9,1,1,0
2023-11-30,WIPRO,MACRO,GDP,0.9,1,1,0
2023-11-30,TECHM,MACRO,GDP,0.9,1,1,0
2023-11-30,RELIANCE,MACRO,GDP,0.9,1,1,0
2023-11-30,ONGC,MACRO,GDP,0.9,1,1,0
2023-11-30,NTPC,MACRO,GDP,0.9,1,1,0
2023-11-30,POWERGRID,MACRO,GDP,0.9,1,1,0
2023-11-30,BPCL,MACRO,GDP,0.9,1,1,0
2023-11-30,HINDUNILVR,MACRO,GDP,0.9,1,1,0
2023-11-30,ITC,MACRO,GDP,0.9,1,1,0
2023-11-30,NESTLEIND,MACRO,GDP,0.9,1,1,0
2023-11-30,BRITANNIA,MACRO,GDP,0.9,1,1,0
2023-11-30,MARUTI,MACRO,GDP,0.9,1,1,0
2023-11-30,M&M,MACRO,GDP,0.9,1,1,0
2023-11-30,BHARTIARTL,MACRO,GDP,0.9,1,1,0
2023-11-30,EICHERMOT,MACRO,GDP,0.9,1,1,0
2023-11-30,HEROMOTOCO,MACRO,GDP,0.9,1,1,0
2023-11-30,BAJAJ-AUTO,MACRO,GDP,0.9,1,1,0
2023-11-30,SUNPHARMA,MACRO,GDP,0.9,1,1,0
2023-11-30,CIPLA,MACRO,GDP,0.9,1,1,0
2023-11-30,DRREDDY,MACRO,GDP,0.9,1,1,0
2023-11-30,TATASTEEL,MACRO,GDP,0.9,1,1,0
2023-11-30,JSWSTEEL,MACRO,GDP,0.9,1,1,0
2023-11-30,HINDALCO,MACRO,GDP,0.9,1,1,0
2023-11-30,COALINDIA,MACRO,GDP,0.9,1,1,0
2023-11-30,LT,MACRO,GDP,0.9,1,1,0
2023-11-30,ULTRACEMCO,MACRO,GDP,0.9,1,1,0
2023-11-30,GRASIM,MACRO,GDP,0.9,1,1,0
2023-11-30,ASIANPAINT,MACRO,GDP,0.9,1,1,0
2023-11-30,TITAN,MACRO,GDP,0.9,1,1,0
2023-12-01,HDFCBANK,MACRO,PMI,0.8,1,1,0
2023-12-01,ICICIBANK,MACRO,PMI,0.8,1,1,0
2023-12-01,SBIN,MACRO,PMI,0.8,1,1,0
2023-12-01,AXISBANK,MACRO,PMI,0.8,1,1,0
2023-12-01,KOTAKBANK,MACRO,PMI,0.8,1,1,0
2023-12-01,BAJFINANCE,MACRO,PMI,0.8,1,1,0
2023-12-01,BAJAJFINSV,MACRO,PMI,0.8,1,1,0
2023-12-01,INDUSINDBK,MACRO,PMI,0.8,1,1,0
2023-12-01,TCS,MACRO,PMI,0.8,1,1,0
2023-12-01,INFY,MACRO,PMI,0.8,1,1,0
2023-12-01,HCLTECH,MACRO,PMI,0.8,1,1,0
2023-12-01,WIPRO,MACRO,PMI,0.8,1,1,0
2023-12-01,TECHM,MACRO,PMI,0.8,1,1,0
2023-12-01,RELIANCE,MACRO,PMI,0.8,1,1,0
2023-12-01,ONGC,MACRO,PMI,0.8,1,1,0
2023-12-01,NTPC,MACRO,PMI,0.8,1,1,0
2023-12-01,POWERGRID,MACRO,PMI,0.8,1,1,0
2023-12-01,BPCL,MACRO,PMI,0.8,1,1,0
2023-12-01,HINDUNILVR,MACRO,PMI,0.8,1,1,0
2023-12-01,ITC,MACRO,PMI,0.8,1,1,0
2023-12-01,NESTLEIND,MACRO,PMI,0.8,1,1,0
2023-12-01,BRITANNIA,MACRO,PMI,0.8,1,1,0
2023-12-01,MARUTI,MACRO,PMI,0.8,1,1,0
2023-12-01,M&M,MACRO,PMI,0.8,1,1,0
2023-12-01,BHARTIARTL,MACRO,PMI,0.8,1,1,0
2023-12-01,EICHERMOT,MACRO,PMI,0.8,1,1,0
2023-12-01,HEROMOTOCO,MACRO,PMI,0.8,1,1,0
2023-12-01,BAJAJ-AUTO,MACRO,PMI,0.8,1,1,0
2023-12-01,SUNPHARMA,MACRO,PMI,0.8,1,1,0
2023-12-01,CIPLA,MACRO,PMI,0.8,1,1,0
2023-12-01,DRREDDY,MACRO,PMI,0.8,1,1,0
2023-12-01,TATASTEEL,MACRO,PMI,0.8,1,1,0
2023-12-01,JSWSTEEL,MACRO,PMI,0.8,1,1,0
2023-12-01,HINDALCO,MACRO,PMI,0.8,1,1,0
2023-12-01,COALINDIA,MACRO,PMI,0.8,1,1,0
2023-12-01,LT,MACRO,PMI,0.8,1,1,0
2023-12-01,ULTRACEMCO,MACRO,PMI,0.8,1,1,0
2023-12-01,GRASIM,MACRO,PMI,0.8,1,1,0
2023-12-01,ASIANPAINT,MACRO,PMI,0.8,1,1,0
2023-12-01,TITAN,MACRO,PMI,0.8,1,1,0
2023-12-08,HDFCBANK,GOVT,RBI_POLICY,1.0,1,1,0
2023-12-08,ICICIBANK,GOVT,RBI_POLICY,1.0,1,1,0
2023-12-08,SBIN,GOVT,RBI_POLICY,1.0,1,1,0
2023-12-08,AXISBANK,GOVT,RBI_POLICY,1.0,1,1,0
2023-12-08,KOTAKBANK,GOVT,RBI_POLICY,1.0,1,1,0
2023-12-08,BAJFINANCE,GOVT,RBI_POLICY,1.0,1,1,0
2023-12-08,BAJAJFINSV,GOVT,RBI_POLICY,1.0,1,1,0
2023-12-08,INDUSINDBK,GOVT,RBI_POLICY,1.0,1,1,0
2023-12-08,TCS,GOVT,RBI_POLICY,1.0,1,1,0
2023-12-08,INFY,GOVT,RBI_POLICY,1.0,1,1,0
2023-12-08,HCLTECH,GOVT,RBI_POLICY,1.0,1,1,0
2023-12-08,WIPRO,GOVT,RBI_POLICY,1.0,1,1,0
2023-12-08,TECHM,GOVT,RBI_POLICY,1.0,1,1,0
2023-12-08,RELIANCE,GOVT,RBI_POLICY,1.0,1,1,0
2023-12-08,ONGC,GOVT,RBI_POLICY,1.0,1,1,0
2023-12-08,NTPC,GOVT,RBI_POLICY,1.0,1,1,0
2023-12-08,POWERGRID,GOVT,RBI_POLICY,1.0,1,1,0
2023-12-08,BPCL,GOVT,RBI_POLICY,1.0,1,1,0
2023-12-08,HINDUNILVR,GOVT,RBI_POLICY,1.0,1,1,0
2023-12-08,ITC,GOVT,RBI_POLICY,1.0,1,1,0
2023-12-08,NESTLEIND,GOVT,RBI_POLICY,1.0,1,1,0
2023-12-08,BRITANNIA,GOVT,RBI_POLICY,1.0,1,1,0
2023-12-08,MARUTI,GOVT,RBI_POLICY,1.0,1,1,0
2023-12-08,M&M,GOVT,RBI_POLICY,1.0,1,1,0
2023-12-08,BHARTIARTL,GOVT,RBI_POLICY,1.0,1,1,0
2023-12-08,EICHERMOT,GOVT,RBI_POLICY,1.0,1,1,0
2023-12-08,HEROMOTOCO,GOVT,RBI_POLICY,1.0,1,1,0
2023-12-08,BAJAJ-AUTO,GOVT,RBI_POLICY,1.0,1,1,0
2023-12-08,SUNPHARMA,GOVT,RBI_POLICY,1.0,1,1,0
2023-12-08,CIPLA,GOVT,RBI_POLICY,1.0,1,1,0
2023-12-08,DRREDDY,GOVT,RBI_POLICY,1.0,1,1,0
2023-12-08,TATASTEEL,GOVT,RBI_POLICY,1.0,1,1,0
2023-12-08,JSWSTEEL,GOVT,RBI_POLICY,1.0,1,1,0
2023-12-08,HINDALCO,GOVT,RBI_POLICY,1.0,1,1,0
2023-12-08,COALINDIA,GOVT,RBI_POLICY,1.0,1,1,0
2023-12-08,LT,GOVT,RBI_POLICY,1.0,1,1,0
2023-12-08,ULTRACEMCO,GOVT,RBI_POLICY,1.0,1,1,0
2023-12-08,GRASIM,GOVT,RBI_POLICY,1.0,1,1,0
2023-12-08,ASIANPAINT,GOVT,RBI_POLICY,1.0,1,1,0
2023-12-08,TITAN,GOVT,RBI_POLICY,1.0,1,1,0
2023-12-12,HDFCBANK,MACRO,CPI,0.8,1,1,0
2023-12-12,ICICIBANK,MACRO,CPI,0.8,1,1,0
2023-12-12,SBIN,MACRO,CPI,0.8,1,1,0
2023-12-12,AXISBANK,MACRO,CPI,0.8,1,1,0
2023-12-12,KOTAKBANK,MACRO,CPI,0.8,1,1,0
2023-12-12,BAJFINANCE,MACRO,CPI,0.8,1,1,0
2023-12-12,BAJAJFINSV,MACRO,CPI,0.8,1,1,0
2023-12-12,INDUSINDBK,MACRO,CPI,0.8,1,1,0
2023-12-12,TCS,MACRO,CPI,0.8,1,1,0
2023-12-12,INFY,MACRO,CPI,0.8,1,1,0
2023-12-12,HCLTECH,MACRO,CPI,0.8,1,1,0
2023-12-12,WIPRO,MACRO,CPI,0.8,1,1,0
2023-12-12,TECHM,MACRO,CPI,0.8,1,1,0
2023-12-12,RELIANCE,MACRO,CPI,0.8,1,1,0
2023-12-12,ONGC,MACRO,CPI,0.8,1,1,0
2023-12-12,NTPC,MACRO,CPI,0.8,1,1,0
2023-12-12,POWERGRID,MACRO,CPI,0.8,1,1,0
2023-12-12,BPCL,MACRO,CPI,0.8,1,1,0
2023-12-12,HINDUNILVR,MACRO,CPI,0.8,1,1,0
2023-12-12,ITC,MACRO,CPI,0.8,1,1,0
2023-12-12,NESTLEIND,MACRO,CPI,0.8,1,1,0
2023-12-12,BRITANNIA,MACRO,CPI,0.8,1,1,0
2023-12-12,MARUTI,MACRO,CPI,0.8,1,1,0
2023-12-12,M&M,MACRO,CPI,0.8,1,1,0
2023-12-12,BHARTIARTL,MACRO,CPI,0.8,1,1,0
2023-12-12,EICHERMOT,MACRO,CPI,0.8,1,1,0
2023-12-12,HEROMOTOCO,MACRO,CPI,0.8,1,1,0
2023-12-12,BAJAJ-AUTO,MACRO,CPI,0.8,1,1,0
2023-12-12,SUNPHARMA,MACRO,CPI,0.8,1,1,0
2023-12-12,CIPLA,MACRO,CPI,0.8,1,1,0
2023-12-12,DRREDDY,MACRO,CPI,0.8,1,1,0
2023-12-12,TATASTEEL,MACRO,CPI,0.8,1,1,0
2023-12-12,JSWSTEEL,MACRO,CPI,0.8,1,1,0
2023-12-12,HINDALCO,MACRO,CPI,0.8,1,1,0
2023-12-12,COALINDIA,MACRO,CPI,0.8,1,1,0
2023-12-12,LT,MACRO,CPI,0.8,1,1,0
2023-12-12,ULTRACEMCO,MACRO,CPI,0.8,1,1,0
2023-12-12,GRASIM,MACRO,CPI,0.8,1,1,0
2023-12-12,ASIANPAINT,MACRO,CPI,0.8,1,1,0
2023-12-12,TITAN,MACRO,CPI,0.8,1,1,0
2024-01-02,HDFCBANK,MACRO,PMI,0.8,1,1,0
2024-01-02,ICICIBANK,MACRO,PMI,0.8,1,1,0
2024-01-02,SBIN,MACRO,PMI,0.8,1,1,0
2024-01-02,AXISBANK,MACRO,PMI,0.8,1,1,0
2024-01-02,KOTAKBANK,MACRO,PMI,0.8,1,1,0
2024-01-02,BAJFINANCE,MACRO,PMI,0.8,1,1,0
2024-01-02,BAJAJFINSV,MACRO,PMI,0.8,1,1,0
2024-01-02,INDUSINDBK,MACRO,PMI,0.8,1,1,0
2024-01-02,TCS,MACRO,PMI,0.8,1,1,0
2024-01-02,INFY,MACRO,PMI,0.8,1,1,0
2024-01-02,HCLTECH,MACRO,PMI,0.8,1,1,0
2024-01-02,WIPRO,MACRO,PMI,0.8,1,1,0
2024-01-02,TECHM,MACRO,PMI,0.8,1,1,0
2024-01-02,RELIANCE,MACRO,PMI,0.8,1,1,0
2024-01-02,ONGC,MACRO,PMI,0.8,1,1,0
2024-01-02,NTPC,MACRO,PMI,0.8,1,1,0
2024-01-02,POWERGRID,MACRO,PMI,0.8,1,1,0
2024-01-02,BPCL,MACRO,PMI,0.8,1,1,0
2024-01-02,HINDUNILVR,MACRO,PMI,0.8,1,1,0
2024-01-02,ITC,MACRO,PMI,0.8,1,1,0
2024-01-02,NESTLEIND,MACRO,PMI,0.8,1,1,0
2024-01-02,BRITANNIA,MACRO,PMI,0.8,1,1,0
2024-01-02,MARUTI,MACRO,PMI,0.8,1,1,0
2024-01-02,M&M,MACRO,PMI,0.8,1,1,0
2024-01-02,BHARTIARTL,MACRO,PMI,0.8,1,1,0
2024-01-02,EICHERMOT,MACRO,PMI,0.8,1,1,0
2024-01-02,HEROMOTOCO,MACRO,PMI,0.8,1,1,0
2024-01-02,BAJAJ-AUTO,MACRO,PMI,0.8,1,1,0
2024-01-02,SUNPHARMA,MACRO,PMI,0.8,1,1,0
2024-01-02,CIPLA,MACRO,PMI,0.8,1,1,0
2024-01-02,DRREDDY,MACRO,PMI,0.8,1,1,0
2024-01-02,TATASTEEL,MACRO,PMI,0.8,1,1,0
2024-01-02,JSWSTEEL,MACRO,PMI,0.8,1,1,0
2024-01-02,HINDALCO,MACRO,PMI,0.8,1,1,0
2024-01-02,COALINDIA,MACRO,PMI,0.8,1,1,0
2024-01-02,LT,MACRO,PMI,0.8,1,1,0
2024-01-02,ULTRACEMCO,MACRO,PMI,0.8,1,1,0
2024-01-02,GRASIM,MACRO,PMI,0.8,1,1,0
2024-01-02,ASIANPAINT,MACRO,PMI,0.8,1,1,0
2024-01-02,TITAN,MACRO,PMI,0.8,1,1,0
2024-01-11,TCS,STOCK,EARNINGS,1.0,1,1,0
2024-01-11,INFY,STOCK,EARNINGS,1.0,1,1,0
2024-01-12,HDFCBANK,MACRO,CPI,0.8,1,1,0
2024-01-12,ICICIBANK,MACRO,CPI,0.8,1,1,0
2024-01-12,SBIN,MACRO,CPI,0.8,1,1,0
2024-01-12,AXISBANK,MACRO,CPI,0.8,1,1,0
2024-01-12,KOTAKBANK,MACRO,CPI,0.8,1,1,0
2024-01-12,BAJFINANCE,MACRO,CPI,0.8,1,1,0
2024-01-12,BAJAJFINSV,MACRO,CPI,0.8,1,1,0
2024-01-12,INDUSINDBK,MACRO,CPI,0.8,1,1,0
2024-01-12,TCS,MACRO,CPI,0.8,1,1,0
2024-01-12,INFY,MACRO,CPI,0.8,1,1,0
2024-01-12,HCLTECH,MACRO|STOCK,CPI|EARNINGS,1.0,2,1,0
2024-01-12,WIPRO,MACRO|STOCK,CPI|EARNINGS,1.0,2,1,0
2024-01-12,TECHM,MACRO,CPI,0.8,1,1,0
2024-01-12,RELIANCE,MACRO,CPI,0.8,1,1,0
2024-01-12,ONGC,MACRO,CPI,0.8,1,1,0
2024-01-12,NTPC,MACRO,CPI,0.8,1,1,0
2024-01-12,POWERGRID,MACRO,CPI,0.8,1,1,0
2024-01-12,BPCL,MACRO,CPI,0.8,1,1,0
2024-01-12,HINDUNILVR,MACRO,CPI,0.8,1,1,0
2024-01-12,ITC,MACRO,CPI,0.8,1,1,0
2024-01-12,NESTLEIND,MACRO,CPI,0.8,1,1,0
2024-01-12,BRITANNIA,MACRO,CPI,0.8,1,1,0
2024-01-12,MARUTI,MACRO,CPI,0.8,1,1,0
2024-01-12,M&M,MACRO,CPI,0.8,1,1,0
2024-01-12,BHARTIARTL,MACRO,CPI,0.8,1,1,0
2024-01-12,EICHERMOT,MACRO,CPI,0.8,1,1,0
2024-01-12,HEROMOTOCO,MACRO,CPI,0.8,1,1,0
2024-01-12,BAJAJ-AUTO,MACRO,CPI,0.8,1,1,0
2024-01-12,SUNPHARMA,MACRO,CPI,0.8,1,1,0
2024-01-12,CIPLA,MACRO,CPI,0.8,1,1,0
2024-01-12,DRREDDY,MACRO,CPI,0.8,1,1,0
2024-01-12,TATASTEEL,MACRO,CPI,0.8,1,1,0
2024-01-12,JSWSTEEL,MACRO,CPI,0.8,1,1,0
2024-01-12,HINDALCO,MACRO,CPI,0.8,1,1,0
2024-01-12,COALINDIA,MACRO,CPI,0.8,1,1,0
2024-01-12,LT,MACRO,CPI,0.8,1,1,0
2024-01-12,ULTRACEMCO,MACRO,CPI,0.8,1,1,0
2024-01-12,GRASIM,MACRO,CPI,0.8,1,1,0
2024-01-12,ASIANPAINT,MACRO,CPI,0.8,1,1,0
2024-01-12,TITAN,MACRO,CPI,0.8,1,1,0
2024-01-16,HDFCBANK,STOCK,EARNINGS,1.0,1,1,0
2024-01-17,ASIANPAINT,STOCK,EARNINGS,1.0,1,1,0
2024-01-18,INDUSINDBK,STOCK,EARNINGS,1.0,1,1,0
2024-01-19,RELIANCE,STOCK,EARNINGS,1.0,1,1,0
2024-01-19,HINDUNILVR,STOCK,EARNINGS,1.0,1,1,0
2024-01-19,ULTRACEMCO,STOCK,EARNINGS,1.0,1,1,0
2024-01-23,AXISBANK,STOCK,EARNINGS,1.0,1,1,0
2024-01-24,TECHM,STOCK,EARNINGS,1.0,1,1,0
2024-01-24,BAJAJ-AUTO,STOCK,EARNINGS,1.0,1,1,0
2024-01-24,TATASTEEL,STOCK,EARNINGS,1.0,1,1,0
2024-01-25,CIPLA,STOCK,EARNINGS,1.0,1,1,0
2024-01-25,JSWSTEEL,STOCK,EARNINGS,1.0,1,1,0
2024-01-29,BAJFINANCE,STOCK,EARNINGS,1.0,1,1,0
2024-01-29,BPCL,STOCK,EARNINGS,1.0,1,1,0
2024-01-29,ITC,STOCK,EARNINGS,1.0,1,1,0
2024-01-30,BAJAJFINSV,STOCK,EARNINGS,1.0,1,1,0
2024-01-30,DRREDDY,STOCK,EARNINGS,1.0,1,1,0
2024-01-30,LT,STOCK,EARNINGS,1.0,1,1,0
2024-01-31,MARUTI,STOCK,EARNINGS,1.0,1,1,0
2024-01-31,SUNPHARMA,STOCK,EARNINGS,1.0,1,1,0
2024-02-01,HDFCBANK,GOVT|MACRO,PMI|UNION_BUDGET,1.0,2,1,0
2024-02-01,ICICIBANK,GOVT|MACRO,PMI|UNION_BUDGET,1.0,2,1,0
2024-02-01,SBIN,GOVT|MACRO,PMI|UNION_BUDGET,1.0,2,1,0
2024-02-01,AXISBANK,GOVT|MACRO,PMI|UNION_BUDGET,1.0,2,1,0
2024-02-01,KOTAKBANK,GOVT|MACRO,PMI|UNION_BUDGET,1.0,2,1,0
2024-02-01,BAJFINANCE,GOVT|MACRO,PMI|UNION_BUDGET,1.0,2,1,0
2024-02-01,BAJAJFINSV,GOVT|MACRO,PMI|UNION_BUDGET,1.0,2,1,0
2024-02-01,INDUSINDBK,GOVT|MACRO,PMI|UNION_BUDGET,1.0,2,1,0
2024-02-01,TCS,GOVT|MACRO,PMI|UNION_BUDGET,1.0,2,1,0
2024-02-01,INFY,GOVT|MACRO,PMI|UNION_BUDGET,1.0,2,1,0
2024-02-01,HCLTECH,GOVT|MACRO,PMI|UNION_BUDGET,1.0,2,1,0
2024-02-01,WIPRO,GOVT|MACRO,PMI|UNION_BUDGET,1.0,2,1,0
2024-02-01,TECHM,GOVT|MACRO,PMI|UNION_BUDGET,1.0,2,1,0
2024-02-01,RELIANCE,GOVT|MACRO,PMI|UNION_BUDGET,1.0,2,1,0
2024-02-01,ONGC,GOVT|MACRO,PMI|UNION_BUDGET,1.0,2,1,0
2024-02-01,NTPC,GOVT|MACRO,PMI|UNION_BUDGET,1.0,2,1,0
2024-02-01,POWERGRID,GOVT|MACRO,PMI|UNION_BUDGET,1.0,2,1,0
2024-02-01,BPCL,GOVT|MACRO,PMI|UNION_BUDGET,1.0,2,1,0
2024-02-01,HINDUNILVR,GOVT|MACRO,PMI|UNION_BUDGET,1.0,2,1,0
2024-02-01,ITC,GOVT|MACRO,PMI|UNION_BUDGET,1.0,2,1,0
2024-02-01,NESTLEIND,GOVT|MACRO,PMI|UNION_BUDGET,1.0,2,1,0
2024-02-01,BRITANNIA,GOVT|MACRO,PMI|UNION_BUDGET,1.0,2,1,0
2024-02-01,MARUTI,GOVT|MACRO,PMI|UNION_BUDGET,1.0,2,1,0
2024-02-01,M&M,GOVT|MACRO,PMI|UNION_BUDGET,1.0,2,1,0
2024-02-01,BHARTIARTL,GOVT|MACRO,PMI|UNION_BUDGET,1.0,2,1,0
2024-02-01,EICHERMOT,GOVT|MACRO,PMI|UNION_BUDGET,1.0,2,1,0
2024-02-01,HEROMOTOCO,GOVT|MACRO,PMI|UNION_BUDGET,1.0,2,1,0
2024-02-01,BAJAJ-AUTO,GOVT|MACRO,PMI|UNION_BUDGET,1.0,2,1,0
2024-02-01,SUNPHARMA,GOVT|MACRO,PMI|UNION_BUDGET,1.0,2,1,0
2024-02-01,CIPLA,GOVT|MACRO,PMI|UNION_BUDGET,1.0,2,1,0
2024-02-01,DRREDDY,GOVT|MACRO,PMI|UNION_BUDGET,1.0,2,1,0
2024-02-01,TATASTEEL,GOVT|MACRO,PMI|UNION_BUDGET,1.0,2,1,0
2024-02-01,JSWSTEEL,GOVT|MACRO,PMI|UNION_BUDGET,1.0,2,1,0
2024-02-01,HINDALCO,GOVT|MACRO,PMI|UNION_BUDGET,1.0,2,1,0
2024-02-01,COALINDIA,GOVT|MACRO,PMI|UNION_BUDGET,1.0,2,1,0
2024-02-01,LT,GOVT|MACRO,PMI|UNION_BUDGET,1.0,2,1,0
2024-02-01,ULTRACEMCO,GOVT|MACRO,PMI|UNION_BUDGET,1.0,2,1,0
2024-02-01,GRASIM,GOVT|MACRO,PMI|UNION_BUDGET,1.0,2,1,0
2024-02-01,ASIANPAINT,GOVT|MACRO,PMI|UNION_BUDGET,1.0,2,1,0
2024-02-01,TITAN,GOVT|MACRO|STOCK,EARNINGS|PMI|UNION_BUDGET,1.0,3,1,0
2024-02-05,BHARTIARTL,STOCK,EARNINGS,1.0,1,1,0
2024-02-06,BRITANNIA,STOCK,EARNINGS,1.0,1,1,0
2024-02-07,POWERGRID,STOCK,EARNINGS,1.0,1,1,0
2024-02-07,NESTLEIND,STOCK,EARNINGS,1.0,1,1,0
2024-02-08,HDFCBANK,GOVT,RBI_POLICY,1.0,1,1,0
2024-02-08,ICICIBANK,GOVT,RBI_POLICY,1.0,1,1,0
2024-02-08,SBIN,GOVT,RBI_POLICY,1.0,1,1,0
2024-02-08,AXISBANK,GOVT,RBI_POLICY,1.0,1,1,0
2024-02-08,KOTAKBANK,GOVT,RBI_POLICY,1.0,1,1,0
2024-02-08,BAJFINANCE,GOVT,RBI_POLICY,1.0,1,1,0
2024-02-08,BAJAJFINSV,GOVT,RBI_POLICY,1.0,1,1,0
2024-02-08,INDUSINDBK,GOVT,RBI_POLICY,1.0,1,1,0
2024-02-08,TCS,GOVT,RBI_POLICY,1.0,1,1,0
2024-02-08,INFY,GOVT,RBI_POLICY,1.0,1,1,0
2024-02-08,HCLTECH,GOVT,RBI_POLICY,1.0,1,1,0
2024-02-08,WIPRO,GOVT,RBI_POLICY,1.0,1,1,0
2024-02-08,TECHM,GOVT,RBI_POLICY,1.0,1,1,0
2024-02-08,RELIANCE,GOVT,RBI_POLICY,1.0,1,1,0
2024-02-08,ONGC,GOVT,RBI_POLICY,1.0,1,1,0
2024-02-08,NTPC,GOVT,RBI_POLICY,1.0,1,1,0
2024-02-08,POWERGRID,GOVT,RBI_POLICY,1.0,1,1,0
2024-02-08,BPCL,GOVT,RBI_POLICY,1.0,1,1,0
2024-02-08,HINDUNILVR,GOVT,RBI_POLICY,1.0,1,1,0
2024-02-08,ITC,GOVT,RBI_POLICY,1.0,1,1,0
2024-02-08,NESTLEIND,GOVT,RBI_POLICY,1.0,1,1,0
2024-02-08,BRITANNIA,GOVT,RBI_POLICY,1.0,1,1,0
2024-02-08,MARUTI,GOVT,RBI_POLICY,1.0,1,1,0
2024-02-08,M&M,GOVT,RBI_POLICY,1.0,1,1,0
2024-02-08,BHARTIARTL,GOVT,RBI_POLICY,1.0,1,1,0
2024-02-08,EICHERMOT,GOVT,RBI_POLICY,1.0,1,1,0
2024-02-08,HEROMOTOCO,GOVT,RBI_POLICY,1.0,1,1,0
2024-02-08,BAJAJ-AUTO,GOVT,RBI_POLICY,1.0,1,1,0
2024-02-08,SUNPHARMA,GOVT,RBI_POLICY,1.0,1,1,0
2024-02-08,CIPLA,GOVT,RBI_POLICY,1.0,1,1,0
2024-02-08,DRREDDY,GOVT,RBI_POLICY,1.0,1,1,0
2024-02-08,TATASTEEL,GOVT,RBI_POLICY,1.0,1,1,0
2024-02-08,JSWSTEEL,GOVT,RBI_POLICY,1.0,1,1,0
2024-02-08,HINDALCO,GOVT,RBI_POLICY,1.0,1,1,0
2024-02-08,COALINDIA,GOVT,RBI_POLICY,1.0,1,1,0
2024-02-08,LT,GOVT,RBI_POLICY,1.0,1,1,0
2024-02-08,ULTRACEMCO,GOVT,RBI_POLICY,1.0,1,1,0
2024-02-08,GRASIM,GOVT|STOCK,EARNINGS|RBI_POLICY,1.0,2,1,0
2024-02-08,ASIANPAINT,GOVT,RBI_POLICY,1.0,1,1,0
2024-02-08,TITAN,GOVT,RBI_POLICY,1.0,1,1,0
2024-02-09,HEROMOTOCO,STOCK,EARNINGS,1.0,1,1,0
2024-02-12,HDFCBANK,MACRO,CPI,0.8,1,1,0
2024-02-12,ICICIBANK,MACRO,CPI,0.8,1,1,0
2024-02-12,SBIN,MACRO,CPI,0.8,1,1,0
2024-02-12,AXISBANK,MACRO,CPI,0.8,1,1,0
2024-02-12,KOTAKBANK,MACRO,CPI,0.8,1,1,0
2024-02-12,BAJFINANCE,MACRO,CPI,0.8,1,1,0
2024-02-12,BAJAJFINSV,MACRO,CPI,0.8,1,1,0
2024-02-12,INDUSINDBK,MACRO,CPI,0.8,1,1,0
2024-02-12,TCS,MACRO,CPI,0.8,1,1,0
2024-02-12,INFY,MACRO,CPI,0.8,1,1,0
2024-02-12,HCLTECH,MACRO,CPI,0.8,1,1,0
2024-02-12,WIPRO,MACRO,CPI,0.8,1,1,0
2024-02-12,TECHM,MACRO,CPI,0.8,1,1,0
2024-02-12,RELIANCE,MACRO,CPI,0.8,1,1,0
2024-02-12,ONGC,MACRO,CPI,0.8,1,1,0
2024-02-12,NTPC,MACRO,CPI,0.8,1,1,0
2024-02-12,POWERGRID,MACRO,CPI,0.8,1,1,0
2024-02-12,BPCL,MACRO,CPI,0.8,1,1,0
2024-02-12,HINDUNILVR,MACRO,CPI,0.8,1,1,0
2024-02-12,ITC,MACRO,CPI,0.8,1,1,0
2024-02-12,NESTLEIND,MACRO,CPI,0.8,1,1,0
2024-02-12,BRITANNIA,MACRO,CPI,0.8,1,1,0
2024-02-12,MARUTI,MACRO,CPI,0.8,1,1,0
2024-02-12,M&M,MACRO,CPI,0.8,1,1,0
2024-02-12,BHARTIARTL,MACRO,CPI,0.8,1,1,0
2024-02-12,EICHERMOT,MACRO,CPI,0.8,1,1,0
2024-02-12,HEROMOTOCO,MACRO,CPI,0.8,1,1,0
2024-02-12,BAJAJ-AUTO,MACRO,CPI,0.8,1,1,0
2024-02-12,SUNPHARMA,MACRO,CPI,0.8,1,1,0
2024-02-12,CIPLA,MACRO,CPI,0.8,1,1,0
2024-02-12,DRREDDY,MACRO,CPI,0.8,1,1,0
2024-02-12,TATASTEEL,MACRO,CPI,0.8,1,1,0
2024-02-12,JSWSTEEL,MACRO,CPI,0.8,1,1,0
2024-02-12,HINDALCO,MACRO,CPI,0.8,1,1,0
2024-02-12,COALINDIA,MACRO|STOCK,CPI|EARNINGS,1.0,2,1,0
2024-02-12,LT,MACRO,CPI,0.8,1,1,0
2024-02-12,ULTRACEMCO,MACRO,CPI,0.8,1,1,0
2024-02-12,GRASIM,MACRO,CPI,0.8,1,1,0
2024-02-12,ASIANPAINT,MACRO,CPI,0.8,1,1,0
2024-02-12,TITAN,MACRO,CPI,0.8,1,1,0
2024-02-13,ONGC,STOCK,EARNINGS,1.0,1,1,0
2024-02-13,EICHERMOT,STOCK,EARNINGS,1.0,1,1,0
2024-02-13,HINDALCO,STOCK,EARNINGS,1.0,1,1,0
2024-02-14,M&M,STOCK,EARNINGS,1.0,1,1,0
2024-02-22,KOTAKBANK,STOCK,DIVIDEND,0.7,1,1,0
2024-02-29,HDFCBANK,MACRO,GDP,0.9,1,1,0
2024-02-29,ICICIBANK,MACRO,GDP,0.9,1,1,0
2024-02-29,SBIN,MACRO,GDP,0.9,1,1,0
2024-02-29,AXISBANK,MACRO,GDP,0.9,1,1,0
2024-02-29,KOTAKBANK,MACRO,GDP,0.9,1,1,0
2024-02-29,BAJFINANCE,MACRO,GDP,0.9,1,1,0
2024-02-29,BAJAJFINSV,MACRO,GDP,0.9,1,1,0
2024-02-29,INDUSINDBK,MACRO,GDP,0.9,1,1,0
2024-02-29,TCS,MACRO,GDP,0.9,1,1,0
2024-02-29,INFY,MACRO,GDP,0.9,1,1,0
2024-02-29,HCLTECH,MACRO,GDP,0.9,1,1,0
2024-02-29,WIPRO,MACRO,GDP,0.9,1,1,0
2024-02-29,TECHM,MACRO,GDP,0.9,1,1,0
2024-02-29,RELIANCE,MACRO,GDP,0.9,1,1,0
2024-02-29,ONGC,MACRO,GDP,0.9,1,1,0
2024-02-29,NTPC,MACRO,GDP,0.9,1,1,0
2024-02-29,POWERGRID,MACRO,GDP,0.9,1,1,0
2024-02-29,BPCL,MACRO,GDP,0.9,1,1,0
2024-02-29,HINDUNILVR,MACRO,GDP,0.9,1,1,0
2024-02-29,ITC,MACRO,GDP,0.9,1,1,0
2024-02-29,NESTLEIND,MACRO,GDP,0.9,1,1,0
2024-02-29,BRITANNIA,MACRO,GDP,0.9,1,1,0
2024-02-29,MARUTI,MACRO,GDP,0.9,1,1,0
2024-02-29,M&M,MACRO,GDP,0.9,1,1,0
2024-02-29,BHARTIARTL,MACRO,GDP,0.9,1,1,0
2024-02-29,EICHERMOT,MACRO,GDP,0.9,1,1,0
2024-02-29,HEROMOTOCO,MACRO,GDP,0.9,1,1,0
2024-02-29,BAJAJ-AUTO,MACRO,GDP,0.9,1,1,0
2024-02-29,SUNPHARMA,MACRO,GDP,0.9,1,1,0
2024-02-29,CIPLA,MACRO,GDP,0.9,1,1,0
2024-02-29,DRREDDY,MACRO,GDP,0.9,1,1,0
2024-02-29,TATASTEEL,MACRO,GDP,0.9,1,1,0
2024-02-29,JSWSTEEL,MACRO,GDP,0.9,1,1,0
2024-02-29,HINDALCO,MACRO,GDP,0.9,1,1,0
2024-02-29,COALINDIA,MACRO,GDP,0.9,1,1,0
2024-02-29,LT,MACRO,GDP,0.9,1,1,0
2024-02-29,ULTRACEMCO,MACRO,GDP,0.9,1,1,0
2024-02-29,GRASIM,MACRO,GDP,0.9,1,1,0
2024-02-29,ASIANPAINT,MACRO,GDP,0.9,1,1,0
2024-02-29,TITAN,MACRO,GDP,0.9,1,1,0
2024-03-01,HDFCBANK,MACRO,PMI,0.8,1,1,0
2024-03-01,ICICIBANK,MACRO,PMI,0.8,1,1,0
2024-03-01,SBIN,MACRO,PMI,0.8,1,1,0
2024-03-01,AXISBANK,MACRO,PMI,0.8,1,1,0
2024-03-01,KOTAKBANK,MACRO,PMI,0.8,1,1,0
2024-03-01,BAJFINANCE,MACRO,PMI,0.8,1,1,0
2024-03-01,BAJAJFINSV,MACRO,PMI,0.8,1,1,0
2024-03-01,INDUSINDBK,MACRO,PMI,0.8,1,1,0
2024-03-01,TCS,MACRO,PMI,0.8,1,1,0
2024-03-01,INFY,MACRO,PMI,0.8,1,1,0
2024-03-01,HCLTECH,MACRO,PMI,0.8,1,1,0
2024-03-01,WIPRO,MACRO,PMI,0.8,1,1,0
2024-03-01,TECHM,MACRO,PMI,0.8,1,1,0
2024-03-01,RELIANCE,MACRO,PMI,0.8,1,1,0
2024-03-01,ONGC,MACRO,PMI,0.8,1,1,0
2024-03-01,NTPC,MACRO,PMI,0.8,1,1,0
2024-03-01,POWERGRID,MACRO,PMI,0.8,1,1,0
2024-03-01,BPCL,MACRO,PMI,0.8,1,1,0
2024-03-01,HINDUNILVR,MACRO,PMI,0.8,1,1,0
2024-03-01,ITC,MACRO,PMI,0.8,1,1,0
2024-03-01,NESTLEIND,MACRO,PMI,0.8,1,1,0
2024-03-01,BRITANNIA,MACRO,PMI,0.8,1,1,0
2024-03-01,MARUTI,MACRO,PMI,0.8,1,1,0
2024-03-01,M&M,MACRO,PMI,0.8,1,1,0
2024-03-01,BHARTIARTL,MACRO,PMI,0.8,1,1,0
2024-03-01,EICHERMOT,MACRO,PMI,0.8,1,1,0
2024-03-01,HEROMOTOCO,MACRO,PMI,0.8,1,1,0
2024-03-01,BAJAJ-AUTO,MACRO,PMI,0.8,1,1,0
2024-03-01,SUNPHARMA,MACRO,PMI,0.8,1,1,0
2024-03-01,CIPLA,MACRO,PMI,0.8,1,1,0
2024-03-01,DRREDDY,MACRO,PMI,0.8,1,1,0
2024-03-01,TATASTEEL,MACRO,PMI,0.8,1,1,0
2024-03-01,JSWSTEEL,MACRO,PMI,0.8,1,1,0
2024-03-01,HINDALCO,MACRO,PMI,0.8,1,1,0
2024-03-01,COALINDIA,MACRO,PMI,0.8,1,1,0
2024-03-01,LT,MACRO,PMI,0.8,1,1,0
2024-03-01,ULTRACEMCO,MACRO,PMI,0.8,1,1,0
2024-03-01,GRASIM,MACRO,PMI,0.8,1,1,0
2024-03-01,ASIANPAINT,MACRO,PMI,0.8,1,1,0
2024-03-01,TITAN,MACRO,PMI,0.8,1,1,0
2024-03-12,HDFCBANK,MACRO,CPI,0.8,1,1,0
2024-03-12,ICICIBANK,MACRO,CPI,0.8,1,1,0
2024-03-12,SBIN,MACRO,CPI,0.8,1,1,0
2024-03-12,AXISBANK,MACRO,CPI,0.8,1,1,0
2024-03-12,KOTAKBANK,MACRO,CPI,0.8,1,1,0
2024-03-12,BAJFINANCE,MACRO,CPI,0.8,1,1,0
2024-03-12,BAJAJFINSV,MACRO,CPI,0.8,1,1,0
2024-03-12,INDUSINDBK,MACRO,CPI,0.8,1,1,0
2024-03-12,TCS,MACRO,CPI,0.8,1,1,0
2024-03-12,INFY,MACRO,CPI,0.8,1,1,0
2024-03-12,HCLTECH,MACRO,CPI,0.8,1,1,0
2024-03-12,WIPRO,MACRO,CPI,0.8,1,1,0
2024-03-12,TECHM,MACRO,CPI,0.8,1,1,0
2024-03-12,RELIANCE,MACRO,CPI,0.8,1,1,0
2024-03-12,ONGC,MACRO,CPI,0.8,1,1,0
2024-03-12,NTPC,MACRO,CPI,0.8,1,1,0
2024-03-12,POWERGRID,MACRO,CPI,0.8,1,1,0
2024-03-12,BPCL,MACRO,CPI,0.8,1,1,0
2024-03-12,HINDUNILVR,MACRO,CPI,0.8,1,1,0
2024-03-12,ITC,MACRO,CPI,0.8,1,1,0
2024-03-12,NESTLEIND,MACRO,CPI,0.8,1,1,0
2024-03-12,BRITANNIA,MACRO,CPI,0.8,1,1,0
2024-03-12,MARUTI,MACRO,CPI,0.8,1,1,0
2024-03-12,M&M,MACRO,CPI,0.8,1,1,0
2024-03-12,BHARTIARTL,MACRO,CPI,0.8,1,1,0
2024-03-12,EICHERMOT,MACRO,CPI,0.8,1,1,0
2024-03-12,HEROMOTOCO,MACRO,CPI,0.8,1,1,0
2024-03-12,BAJAJ-AUTO,MACRO,CPI,0.8,1,1,0
2024-03-12,SUNPHARMA,MACRO,CPI,0.8,1,1,0
2024-03-12,CIPLA,MACRO,CPI,0.8,1,1,0
2024-03-12,DRREDDY,MACRO,CPI,0.8,1,1,0
2024-03-12,TATASTEEL,MACRO,CPI,0.8,1,1,0
2024-03-12,JSWSTEEL,MACRO,CPI,0.8,1,1,0
2024-03-12,HINDALCO,MACRO,CPI,0.8,1,1,0
2024-03-12,COALINDIA,MACRO,CPI,0.8,1,1,0
2024-03-12,LT,MACRO,CPI,0.8,1,1,0
2024-03-12,ULTRACEMCO,MACRO,CPI,0.8,1,1,0
2024-03-12,GRASIM,MACRO,CPI,0.8,1,1,0
2024-03-12,ASIANPAINT,MACRO,CPI,0.8,1,1,0
2024-03-12,TITAN,MACRO,CPI,0.8,1,1,0
2024-04-01,HDFCBANK,MACRO,PMI,0.8,1,1,0
2024-04-01,ICICIBANK,MACRO,PMI,0.8,1,1,0
2024-04-01,SBIN,MACRO,PMI,0.8,1,1,0
2024-04-01,AXISBANK,MACRO,PMI,0.8,1,1,0
2024-04-01,KOTAKBANK,MACRO,PMI,0.8,1,1,0
2024-04-01,BAJFINANCE,MACRO,PMI,0.8,1,1,0
2024-04-01,BAJAJFINSV,MACRO,PMI,0.8,1,1,0
2024-04-01,INDUSINDBK,MACRO,PMI,0.8,1,1,0
2024-04-01,TCS,MACRO,PMI,0.8,1,1,0
2024-04-01,INFY,MACRO,PMI,0.8,1,1,0
2024-04-01,HCLTECH,MACRO,PMI,0.8,1,1,0
2024-04-01,WIPRO,MACRO,PMI,0.8,1,1,0
2024-04-01,TECHM,MACRO,PMI,0.8,1,1,0
2024-04-01,RELIANCE,MACRO,PMI,0.8,1,1,0
2024-04-01,ONGC,MACRO,PMI,0.8,1,1,0
2024-04-01,NTPC,MACRO,PMI,0.8,1,1,0
2024-04-01,POWERGRID,MACRO,PMI,0.8,1,1,0
2024-04-01,BPCL,MACRO,PMI,0.8,1,1,0
2024-04-01,HINDUNILVR,MACRO,PMI,0.8,1,1,0
2024-04-01,ITC,MACRO,PMI,0.8,1,1,0
2024-04-01,NESTLEIND,MACRO,PMI,0.8,1,1,0
2024-04-01,BRITANNIA,MACRO,PMI,0.8,1,1,0
2024-04-01,MARUTI,MACRO,PMI,0.8,1,1,0
2024-04-01,M&M,MACRO,PMI,0.8,1,1,0
2024-04-01,BHARTIARTL,MACRO,PMI,0.8,1,1,0
2024-04-01,EICHERMOT,MACRO,PMI,0.8,1,1,0
2024-04-01,HEROMOTOCO,MACRO,PMI,0.8,1,1,0
2024-04-01,BAJAJ-AUTO,MACRO,PMI,0.8,1,1,0
2024-04-01,SUNPHARMA,MACRO,PMI,0.8,1,1,0
2024-04-01,CIPLA,MACRO,PMI,0.8,1,1,0
2024-04-01,DRREDDY,MACRO,PMI,0.8,1,1,0
2024-04-01,TATASTEEL,MACRO,PMI,0.8,1,1,0
2024-04-01,JSWSTEEL,MACRO,PMI,0.8,1,1,0
2024-04-01,HINDALCO,MACRO,PMI,0.8,1,1,0
2024-04-01,COALINDIA,MACRO,PMI,0.8,1,1,0
2024-04-01,LT,MACRO,PMI,0.8,1,1,0
2024-04-01,ULTRACEMCO,MACRO,PMI,0.8,1,1,0
2024-04-01,GRASIM,MACRO,PMI,0.8,1,1,0
2024-04-01,ASIANPAINT,MACRO,PMI,0.8,1,1,0
2024-04-01,TITAN,MACRO,PMI,0.8,1,1,0
2024-04-05,HDFCBANK,GOVT,RBI_POLICY,1.0,1,1,0
2024-04-05,ICICIBANK,GOVT,RBI_POLICY,1.0,1,1,0
2024-04-05,SBIN,GOVT,RBI_POLICY,1.0,1,1,0
2024-04-05,AXISBANK,GOVT,RBI_POLICY,1.0,1,1,0
2024-04-05,KOTAKBANK,GOVT,RBI_POLICY,1.0,1,1,0
2024-04-05,BAJFINANCE,GOVT,RBI_POLICY,1.0,1,1,0
2024-04-05,BAJAJFINSV,GOVT,RBI_POLICY,1.0,1,1,0
2024-04-05,INDUSINDBK,GOVT,RBI_POLICY,1.0,1,1,0
2024-04-05,TCS,GOVT,RBI_POLICY,1.0,1,1,0
2024-04-05,INFY,GOVT,RBI_POLICY,1.0,1,1,0
2024-04-05,HCLTECH,GOVT,RBI_POLICY,1.0,1,1,0
2024-04-05,WIPRO,GOVT,RBI_POLICY,1.0,1,1,0
2024-04-05,TECHM,GOVT,RBI_POLICY,1.0,1,1,0
2024-04-05,RELIANCE,GOVT,RBI_POLICY,1.0,1,1,0
2024-04-05,ONGC,GOVT,RBI_POLICY,1.0,1,1,0
2024-04-05,NTPC,GOVT,RBI_POLICY,1.0,1,1,0
2024-04-05,POWERGRID,GOVT,RBI_POLICY,1.0,1,1,0
2024-04-05,BPCL,GOVT,RBI_POLICY,1.0,1,1,0
2024-04-05,HINDUNILVR,GOVT,RBI_POLICY,1.0,1,1,0
2024-04-05,ITC,GOVT,RBI_POLICY,1.0,1,1,0
2024-04-05,NESTLEIND,GOVT,RBI_POLICY,1.0,1,1,0
2024-04-05,BRITANNIA,GOVT,RBI_POLICY,1.0,1,1,0
2024-04-05,MARUTI,GOVT,RBI_POLICY,1.0,1,1,0
2024-04-05,M&M,GOVT,RBI_POLICY,1.0,1,1,0
2024-04-05,BHARTIARTL,GOVT,RBI_POLICY,1.0,1,1,0
2024-04-05,EICHERMOT,GOVT,RBI_POLICY,1.0,1,1,0
2024-04-05,HEROMOTOCO,GOVT,RBI_POLICY,1.0,1,1,0
2024-04-05,BAJAJ-AUTO,GOVT,RBI_POLICY,1.0,1,1,0
2024-04-05,SUNPHARMA,GOVT,RBI_POLICY,1.0,1,1,0
2024-04-05,CIPLA,GOVT,RBI_POLICY,1.0,1,1,0
2024-04-05,DRREDDY,GOVT,RBI_POLICY,1.0,1,1,0
2024-04-05,TATASTEEL,GOVT,RBI_POLICY,1.0,1,1,0
2024-04-05,JSWSTEEL,GOVT,RBI_POLICY,1.0,1,1,0
2024-04-05,HINDALCO,GOVT,RBI_POLICY,1.0,1,1,0
2024-04-05,COALINDIA,GOVT,RBI_POLICY,1.0,1,1,0
2024-04-05,LT,GOVT,RBI_POLICY,1.0,1,1,0
2024-04-05,ULTRACEMCO,GOVT,RBI_POLICY,1.0,1,1,0
2024-04-05,GRASIM,GOVT,RBI_POLICY,1.0,1,1,0
2024-04-05,ASIANPAINT,GOVT,RBI_POLICY,1.0,1,1,0
2024-04-05,TITAN,GOVT,RBI_POLICY,1.0,1,1,0
2024-04-12,HDFCBANK,MACRO,CPI,0.8,1,1,0
2024-04-12,ICICIBANK,MACRO,CPI,0.8,1,1,0
2024-04-12,SBIN,MACRO,CPI,0.8,1,1,0
2024-04-12,AXISBANK,MACRO,CPI,0.8,1,1,0
2024-04-12,KOTAKBANK,MACRO,CPI,0.8,1,1,0
2024-04-12,BAJFINANCE,MACRO,CPI,0.8,1,1,0
2024-04-12,BAJAJFINSV,MACRO,CPI,0.8,1,1,0
2024-04-12,INDUSINDBK,MACRO,CPI,0.8,1,1,0
2024-04-12,TCS,MACRO|STOCK,CPI|EARNINGS,1.0,2,1,0
2024-04-12,INFY,MACRO,CPI,0.8,1,1,0
2024-04-12,HCLTECH,MACRO,CPI,0.8,1,1,0
2024-04-12,WIPRO,MACRO,CPI,0.8,1,1,0
2024-04-12,TECHM,MACRO,CPI,0.8,1,1,0
2024-04-12,RELIANCE,MACRO,CPI,0.8,1,1,0
2024-04-12,ONGC,MACRO,CPI,0.8,1,1,0
2024-04-12,NTPC,MACRO,CPI,0.8,1,1,0
2024-04-12,POWERGRID,MACRO,CPI,0.8,1,1,0
2024-04-12,BPCL,MACRO,CPI,0.8,1,1,0
2024-04-12,HINDUNILVR,MACRO,CPI,0.8,1,1,0
2024-04-12,ITC,MACRO,CPI,0.8,1,1,0
2024-04-12,NESTLEIND,MACRO,CPI,0.8,1,1,0
2024-04-12,BRITANNIA,MACRO,CPI,0.8,1,1,0
2024-04-12,MARUTI,MACRO,CPI,0.8,1,1,0
2024-04-12,M&M,MACRO,CPI,0.8,1,1,0
2024-04-12,BHARTIARTL,MACRO,CPI,0.8,1,1,0
2024-04-12,EICHERMOT,MACRO,CPI,0.8,1,1,0
2024-04-12,HEROMOTOCO,MACRO,CPI,0.8,1,1,0
2024-04-12,BAJAJ-AUTO,MACRO,CPI,0.8,1,1,0
2024-04-12,SUNPHARMA,MACRO,CPI,0.8,1,1,0
2024-04-12,CIPLA,MACRO,CPI,0.8,1,1,0
2024-04-12,DRREDDY,MACRO,CPI,0.8,1,1,0
2024-04-12,TATASTEEL,MACRO,CPI,0.8,1,1,0
2024-04-12,JSWSTEEL,MACRO,CPI,0.8,1,1,0
2024-04-12,HINDALCO,MACRO,CPI,0.8,1,1,0
2024-04-12,COALINDIA,MACRO,CPI,0.8,1,1,0
2024-04-12,LT,MACRO,CPI,0.8,1,1,0
2024-04-12,ULTRACEMCO,MACRO,CPI,0.8,1,1,0
2024-04-12,GRASIM,MACRO,CPI,0.8,1,1,0
2024-04-12,ASIANPAINT,MACRO,CPI,0.8,1,1,0
2024-04-12,TITAN,MACRO,CPI,0.8,1,1,0
2024-04-18,INFY,STOCK,EARNINGS,1.0,1,1,0
2024-04-18,BAJAJ-AUTO,STOCK,EARNINGS,1.0,1,1,0
2024-04-19,WIPRO,STOCK,EARNINGS,1.0,1,1,0
2024-04-22,RELIANCE,STOCK,EARNINGS,1.0,1,1,0
2024-04-24,AXISBANK,STOCK,EARNINGS,1.0,1,1,0
2024-04-24,HINDUNILVR,STOCK,EARNINGS,1.0,1,1,0
2024-04-25,BAJFINANCE,STOCK,EARNINGS,1.0,1,1,0
2024-04-25,INDUSINDBK,STOCK,EARNINGS,1.0,1,1,0
2024-04-25,TECHM,STOCK,EARNINGS,1.0,1,1,0
2024-04-25,NESTLEIND,STOCK,DIVIDEND|EARNINGS,1.0,2,1,0
2024-04-26,BAJAJFINSV,STOCK,EARNINGS,1.0,1,1,0
2024-04-26,HCLTECH,STOCK,EARNINGS,1.0,1,1,0
2024-04-26,MARUTI,STOCK,EARNINGS,1.0,1,1,0
2024-04-29,ULTRACEMCO,STOCK,EARNINGS,1.0,1,1,0
2024-05-02,HDFCBANK,MACRO,PMI,0.8,1,1,0
2024-05-02,ICICIBANK,MACRO,PMI,0.8,1,1,0
2024-05-02,SBIN,MACRO,PMI,0.8,1,1,0
2024-05-02,AXISBANK,MACRO,PMI,0.8,1,1,0
2024-05-02,KOTAKBANK,MACRO,PMI,0.8,1,1,0
2024-05-02,BAJFINANCE,MACRO,PMI,0.8,1,1,0
2024-05-02,BAJAJFINSV,MACRO,PMI,0.8,1,1,0
2024-05-02,INDUSINDBK,MACRO,PMI,0.8,1,1,0
2024-05-02,TCS,MACRO,PMI,0.8,1,1,0
2024-05-02,INFY,MACRO,PMI,0.8,1,1,0
2024-05-02,HCLTECH,MACRO,PMI,0.8,1,1,0
2024-05-02,WIPRO,MACRO,PMI,0.8,1,1,0
2024-05-02,TECHM,MACRO,PMI,0.8,1,1,0
2024-05-02,RELIANCE,MACRO,PMI,0.8,1,1,0
2024-05-02,ONGC,MACRO,PMI,0.8,1,1,0
2024-05-02,NTPC,MACRO,PMI,0.8,1,1,0
2024-05-02,POWERGRID,MACRO,PMI,0.8,1,1,0
2024-05-02,BPCL,MACRO,PMI,0.8,1,1,0
2024-05-02,HINDUNILVR,MACRO,PMI,0.8,1,1,0
2024-05-02,ITC,MACRO,PMI,0.8,1,1,0
2024-05-02,NESTLEIND,MACRO,PMI,0.8,1,1,0
2024-05-02,BRITANNIA,MACRO,PMI,0.8,1,1,0
2024-05-02,MARUTI,MACRO,PMI,0.8,1,1,0
2024-05-02,M&M,MACRO,PMI,0.8,1,1,0
2024-05-02,BHARTIARTL,MACRO,PMI,0.8,1,1,0
2024-05-02,EICHERMOT,MACRO,PMI,0.8,1,1,0
2024-05-02,HEROMOTOCO,MACRO,PMI,0.8,1,1,0
2024-05-02,BAJAJ-AUTO,MACRO,PMI,0.8,1,1,0
2024-05-02,SUNPHARMA,MACRO,PMI,0.8,1,1,0
2024-05-02,CIPLA,MACRO,PMI,0.8,1,1,0
2024-05-02,DRREDDY,MACRO,PMI,0.8,1,1,0
2024-05-02,TATASTEEL,MACRO,PMI,0.8,1,1,0
2024-05-02,JSWSTEEL,MACRO,PMI,0.8,1,1,0
2024-05-02,HINDALCO,MACRO,PMI,0.8,1,1,0
2024-05-02,COALINDIA,MACRO|STOCK,EARNINGS|PMI,1.0,2,1,0
2024-05-02,LT,MACRO,PMI,0.8,1,1,0
2024-05-02,ULTRACEMCO,MACRO,PMI,0.8,1,1,0
2024-05-02,GRASIM,MACRO,PMI,0.8,1,1,0
2024-05-02,ASIANPAINT,MACRO,PMI,0.8,1,1,0
2024-05-02,TITAN,MACRO,PMI,0.8,1,1,0
2024-05-03,BRITANNIA,STOCK,EARNINGS,1.0,1,1,0
2024-05-03,TITAN,STOCK,EARNINGS,1.0,1,1,0
2024-05-07,DRREDDY,STOCK,EARNINGS,1.0,1,1,0
2024-05-08,HEROMOTOCO,STOCK,EARNINGS,1.0,1,1,0
2024-05-08,LT,STOCK,EARNINGS,1.0,1,1,0
2024-05-09,SBIN,STOCK,EARNINGS,1.0,1,1,0
2024-05-09,BPCL,STOCK,BONUS|EARNINGS,1.0,2,1,0
2024-05-09,ASIANPAINT,STOCK,EARNINGS,1.0,1,1,0
2024-05-10,EICHERMOT,STOCK,EARNINGS,1.0,1,1,0
2024-05-10,CIPLA,STOCK,EARNINGS,1.0,1,1,0
2024-05-13,HDFCBANK,MACRO,CPI,0.8,1,1,0
2024-05-13,ICICIBANK,MACRO,CPI,0.8,1,1,0
2024-05-13,SBIN,MACRO,CPI,0.8,1,1,0
2024-05-13,AXISBANK,MACRO,CPI,0.8,1,1,0
2024-05-13,KOTAKBANK,MACRO,CPI,0.8,1,1,0
2024-05-13,BAJFINANCE,MACRO,CPI,0.8,1,1,0
2024-05-13,BAJAJFINSV,MACRO,CPI,0.8,1,1,0
2024-05-13,INDUSINDBK,MACRO,CPI,0.8,1,1,0
2024-05-13,TCS,MACRO,CPI,0.8,1,1,0
2024-05-13,INFY,MACRO,CPI,0.8,1,1,0
2024-05-13,HCLTECH,MACRO,CPI,0.8,1,1,0
2024-05-13,WIPRO,MACRO,CPI,0.8,1,1,0
2024-05-13,TECHM,MACRO,CPI,0.8,1,1,0
2024-05-13,RELIANCE,MACRO,CPI,0.8,1,1,0
2024-05-13,ONGC,MACRO,CPI,0.8,1,1,0
2024-05-13,NTPC,MACRO,CPI,0.8,1,1,0
2024-05-13,POWERGRID,MACRO,CPI,0.8,1,1,0
2024-05-13,BPCL,MACRO,CPI,0.8,1,1,0
2024-05-13,HINDUNILVR,MACRO,CPI,0.8,1,1,0
2024-05-13,ITC,MACRO,CPI,0.8,1,1,0
2024-05-13,NESTLEIND,MACRO,CPI,0.8,1,1,0
2024-05-13,BRITANNIA,MACRO,CPI,0.8,1,1,0
2024-05-13,MARUTI,MACRO,CPI,0.8,1,1,0
2024-05-13,M&M,MACRO,CPI,0.8,1,1,0
2024-05-13,BHARTIARTL,MACRO,CPI,0.8,1,1,0
2024-05-13,EICHERMOT,MACRO,CPI,0.8,1,1,0
2024-05-13,HEROMOTOCO,MACRO,CPI,0.8,1,1,0
2024-05-13,BAJAJ-AUTO,MACRO,CPI,0.8,1,1,0
2024-05-13,SUNPHARMA,MACRO,CPI,0.8,1,1,0
2024-05-13,CIPLA,MACRO,CPI,0.8,1,1,0
2024-05-13,DRREDDY,MACRO,CPI,0.8,1,1,0
2024-05-13,TATASTEEL,MACRO,CPI,0.8,1,1,0
2024-05-13,JSWSTEEL,MACRO,CPI,0.8,1,1,0
2024-05-13,HINDALCO,MACRO,CPI,0.8,1,1,0
2024-05-13,COALINDIA,MACRO,CPI,0.8,1,1,0
2024-05-13,LT,MACRO,CPI,0.8,1,1,0
2024-05-13,ULTRACEMCO,MACRO,CPI,0.8,1,1,0
2024-05-13,GRASIM,MACRO,CPI,0.8,1,1,0
2024-05-13,ASIANPAINT,MACRO,CPI,0.8,1,1,0
2024-05-13,TITAN,MACRO,CPI,0.8,1,1,0
2024-05-14,BHARTIARTL,STOCK,DIVIDEND|EARNINGS,1.0,2,1,0
2024-05-16,M&M,STOCK,EARNINGS,1.0,1,1,0
2024-05-17,JSWSTEEL,STOCK,EARNINGS,1.0,1,1,0
2024-05-20,ONGC,STOCK,EARNINGS,1.0,1,1,0
2024-05-22,POWERGRID,STOCK,EARNINGS,1.0,1,1,0
2024-05-22,SUNPHARMA,STOCK,EARNINGS,1.0,1,1,0
2024-05-22,GRASIM,STOCK,EARNINGS,1.0,1,1,0
2024-05-23,ITC,STOCK,EARNINGS,1.0,1,1,0
2024-05-24,NTPC,STOCK,EARNINGS,1.0,1,1,0
2024-05-24,HINDALCO,STOCK,EARNINGS,1.0,1,1,0
2024-05-29,TATASTEEL,STOCK,EARNINGS,1.0,1,1,0
2024-05-31,HDFCBANK,MACRO,GDP,0.9,1,1,0
2024-05-31,ICICIBANK,MACRO,GDP,0.9,1,1,0
2024-05-31,SBIN,MACRO,GDP,0.9,1,1,0
2024-05-31,AXISBANK,MACRO,GDP,0.9,1,1,0
2024-05-31,KOTAKBANK,MACRO,GDP,0.9,1,1,0
2024-05-31,BAJFINANCE,MACRO,GDP,0.9,1,1,0
2024-05-31,BAJAJFINSV,MACRO,GDP,0.9,1,1,0
2024-05-31,INDUSINDBK,MACRO,GDP,0.9,1,1,0
2024-05-31,TCS,MACRO,GDP,0.9,1,1,0
2024-05-31,INFY,MACRO,GDP,0.9,1,1,0
2024-05-31,HCLTECH,MACRO,GDP,0.9,1,1,0
2024-05-31,WIPRO,MACRO,GDP,0.9,1,1,0
2024-05-31,TECHM,MACRO,GDP,0.9,1,1,0
2024-05-31,RELIANCE,MACRO,GDP,0.9,1,1,0
2024-05-31,ONGC,MACRO,GDP,0.9,1,1,0
2024-05-31,NTPC,MACRO,GDP,0.9,1,1,0
2024-05-31,POWERGRID,MACRO,GDP,0.9,1,1,0
2024-05-31,BPCL,MACRO,GDP,0.9,1,1,0
2024-05-31,HINDUNILVR,MACRO,GDP,0.9,1,1,0
2024-05-31,ITC,MACRO,GDP,0.9,1,1,0
2024-05-31,NESTLEIND,MACRO,GDP,0.9,1,1,0
2024-05-31,BRITANNIA,MACRO,GDP,0.9,1,1,0
2024-05-31,MARUTI,MACRO,GDP,0.9,1,1,0
2024-05-31,M&M,MACRO,GDP,0.9,1,1,0
2024-05-31,BHARTIARTL,MACRO,GDP,0.9,1,1,0
2024-05-31,EICHERMOT,MACRO,GDP,0.9,1,1,0
2024-05-31,HEROMOTOCO,MACRO,GDP,0.9,1,1,0
2024-05-31,BAJAJ-AUTO,MACRO,GDP,0.9,1,1,0
2024-05-31,SUNPHARMA,MACRO,GDP,0.9,1,1,0
2024-05-31,CIPLA,MACRO,GDP,0.9,1,1,0
2024-05-31,DRREDDY,MACRO,GDP,0.9,1,1,0
2024-05-31,TATASTEEL,MACRO,GDP,0.9,1,1,0
2024-05-31,JSWSTEEL,MACRO,GDP,0.9,1,1,0
2024-05-31,HINDALCO,MACRO,GDP,0.9,1,1,0
2024-05-31,COALINDIA,MACRO,GDP,0.9,1,1,0
2024-05-31,LT,MACRO,GDP,0.9,1,1,0
2024-05-31,ULTRACEMCO,MACRO,GDP,0.9,1,1,0
2024-05-31,GRASIM,MACRO,GDP,0.9,1,1,0
2024-05-31,ASIANPAINT,MACRO,GDP,0.9,1,1,0
2024-05-31,TITAN,MACRO,GDP,0.9,1,1,0
2024-06-03,HDFCBANK,MACRO,PMI,0.8,1,1,0
2024-06-03,ICICIBANK,MACRO,PMI,0.8,1,1,0
2024-06-03,SBIN,MACRO,PMI,0.8,1,1,0
2024-06-03,AXISBANK,MACRO,PMI,0.8,1,1,0
2024-06-03,KOTAKBANK,MACRO,PMI,0.8,1,1,0
2024-06-03,BAJFINANCE,MACRO,PMI,0.8,1,1,0
2024-06-03,BAJAJFINSV,MACRO,PMI,0.8,1,1,0
2024-06-03,INDUSINDBK,MACRO,PMI,0.8,1,1,0
2024-06-03,TCS,MACRO,PMI,0.8,1,1,0
2024-06-03,INFY,MACRO,PMI,0.8,1,1,0
2024-06-03,HCLTECH,MACRO,PMI,0.8,1,1,0
2024-06-03,WIPRO,MACRO,PMI,0.8,1,1,0
2024-06-03,TECHM,MACRO,PMI,0.8,1,1,0
2024-06-03,RELIANCE,MACRO,PMI,0.8,1,1,0
2024-06-03,ONGC,MACRO,PMI,0.8,1,1,0
2024-06-03,NTPC,MACRO,PMI,0.8,1,1,0
2024-06-03,POWERGRID,MACRO,PMI,0.8,1,1,0
2024-06-03,BPCL,MACRO,PMI,0.8,1,1,0
2024-06-03,HINDUNILVR,MACRO,PMI,0.8,1,1,0
2024-06-03,ITC,MACRO,PMI,0.8,1,1,0
2024-06-03,NESTLEIND,MACRO,PMI,0.8,1,1,0
2024-06-03,BRITANNIA,MACRO,PMI,0.8,1,1,0
2024-06-03,MARUTI,MACRO,PMI,0.8,1,1,0
2024-06-03,M&M,MACRO,PMI,0.8,1,1,0
2024-06-03,BHARTIARTL,MACRO,PMI,0.8,1,1,0
2024-06-03,EICHERMOT,MACRO,PMI,0.8,1,1,0
2024-06-03,HEROMOTOCO,MACRO,PMI,0.8,1,1,0
2024-06-03,BAJAJ-AUTO,MACRO,PMI,0.8,1,1,0
2024-06-03,SUNPHARMA,MACRO,PMI,0.8,1,1,0
2024-06-03,CIPLA,MACRO,PMI,0.8,1,1,0
2024-06-03,DRREDDY,MACRO,PMI,0.8,1,1,0
2024-06-03,TATASTEEL,MACRO,PMI,0.8,1,1,0
2024-06-03,JSWSTEEL,MACRO,PMI,0.8,1,1,0
2024-06-03,HINDALCO,MACRO,PMI,0.8,1,1,0
2024-06-03,COALINDIA,MACRO,PMI,0.8,1,1,0
2024-06-03,LT,MACRO,PMI,0.8,1,1,0
2024-06-03,ULTRACEMCO,MACRO,PMI,0.8,1,1,0
2024-06-03,GRASIM,MACRO,PMI,0.8,1,1,0
2024-06-03,ASIANPAINT,MACRO,PMI,0.8,1,1,0
2024-06-03,TITAN,MACRO,PMI,0.8,1,1,0
2024-06-07,HDFCBANK,GOVT,RBI_POLICY,1.0,1,1,0
2024-06-07,ICICIBANK,GOVT,RBI_POLICY,1.0,1,1,0
2024-06-07,SBIN,GOVT,RBI_POLICY,1.0,1,1,0
2024-06-07,AXISBANK,GOVT,RBI_POLICY,1.0,1,1,0
2024-06-07,KOTAKBANK,GOVT,RBI_POLICY,1.0,1,1,0
2024-06-07,BAJFINANCE,GOVT,RBI_POLICY,1.0,1,1,0
2024-06-07,BAJAJFINSV,GOVT,RBI_POLICY,1.0,1,1,0
2024-06-07,INDUSINDBK,GOVT,RBI_POLICY,1.0,1,1,0
2024-06-07,TCS,GOVT,RBI_POLICY,1.0,1,1,0
2024-06-07,INFY,GOVT,RBI_POLICY,1.0,1,1,0
2024-06-07,HCLTECH,GOVT,RBI_POLICY,1.0,1,1,0
2024-06-07,WIPRO,GOVT,RBI_POLICY,1.0,1,1,0
2024-06-07,TECHM,GOVT,RBI_POLICY,1.0,1,1,0
2024-06-07,RELIANCE,GOVT,RBI_POLICY,1.0,1,1,0
2024-06-07,ONGC,GOVT,RBI_POLICY,1.0,1,1,0
2024-06-07,NTPC,GOVT,RBI_POLICY,1.0,1,1,0
2024-06-07,POWERGRID,GOVT,RBI_POLICY,1.0,1,1,0
2024-06-07,BPCL,GOVT,RBI_POLICY,1.0,1,1,0
2024-06-07,HINDUNILVR,GOVT,RBI_POLICY,1.0,1,1,0
2024-06-07,ITC,GOVT,RBI_POLICY,1.0,1,1,0
2024-06-07,NESTLEIND,GOVT,RBI_POLICY,1.0,1,1,0
2024-06-07,BRITANNIA,GOVT,RBI_POLICY,1.0,1,1,0
2024-06-07,MARUTI,GOVT,RBI_POLICY,1.0,1,1,0
2024-06-07,M&M,GOVT,RBI_POLICY,1.0,1,1,0
2024-06-07,BHARTIARTL,GOVT,RBI_POLICY,1.0,1,1,0
2024-06-07,EICHERMOT,GOVT,RBI_POLICY,1.0,1,1,0
2024-06-07,HEROMOTOCO,GOVT,RBI_POLICY,1.0,1,1,0
2024-06-07,BAJAJ-AUTO,GOVT,RBI_POLICY,1.0,1,1,0
2024-06-07,SUNPHARMA,GOVT,RBI_POLICY,1.0,1,1,0
2024-06-07,CIPLA,GOVT,RBI_POLICY,1.0,1,1,0
2024-06-07,DRREDDY,GOVT,RBI_POLICY,1.0,1,1,0
2024-06-07,TATASTEEL,GOVT,RBI_POLICY,1.0,1,1,0
2024-06-07,JSWSTEEL,GOVT,RBI_POLICY,1.0,1,1,0
2024-06-07,HINDALCO,GOVT,RBI_POLICY,1.0,1,1,0
2024-06-07,COALINDIA,GOVT,RBI_POLICY,1.0,1,1,0
2024-06-07,LT,GOVT,RBI_POLICY,1.0,1,1,0
2024-06-07,ULTRACEMCO,GOVT,RBI_POLICY,1.0,1,1,0
2024-06-07,GRASIM,GOVT,RBI_POLICY,1.0,1,1,0
2024-06-07,ASIANPAINT,GOVT,RBI_POLICY,1.0,1,1,0
2024-06-07,TITAN,GOVT,RBI_POLICY,1.0,1,1,0
2024-06-12,HDFCBANK,MACRO,CPI,0.8,1,1,0
2024-06-12,ICICIBANK,MACRO,CPI,0.8,1,1,0
2024-06-12,SBIN,MACRO,CPI,0.8,1,1,0
2024-06-12,AXISBANK,MACRO,CPI,0.8,1,1,0
2024-06-12,KOTAKBANK,MACRO,CPI,0.8,1,1,0
2024-06-12,BAJFINANCE,MACRO,CPI,0.8,1,1,0
2024-06-12,BAJAJFINSV,MACRO,CPI,0.8,1,1,0
2024-06-12,INDUSINDBK,MACRO,CPI,0.8,1,1,0
2024-06-12,TCS,MACRO,CPI,0.8,1,1,0
2024-06-12,INFY,MACRO,CPI,0.8,1,1,0
2024-06-12,HCLTECH,MACRO,CPI,0.8,1,1,0
2024-06-12,WIPRO,MACRO,CPI,0.8,1,1,0
2024-06-12,TECHM,MACRO,CPI,0.8,1,1,0
2024-06-12,RELIANCE,MACRO,CPI,0.8,1,1,0
2024-06-12,ONGC,MACRO,CPI,0.8,1,1,0
2024-06-12,NTPC,MACRO,CPI,0.8,1,1,0
2024-06-12,POWERGRID,MACRO,CPI,0.8,1,1,0
2024-06-12,BPCL,MACRO,CPI,0.8,1,1,0
2024-06-12,HINDUNILVR,MACRO,CPI,0.8,1,1,0
2024-06-12,ITC,MACRO,CPI,0.8,1,1,0
2024-06-12,NESTLEIND,MACRO,CPI,0.8,1,1,0
2024-06-12,BRITANNIA,MACRO,CPI,0.8,1,1,0
2024-06-12,MARUTI,MACRO,CPI,0.8,1,1,0
2024-06-12,M&M,MACRO,CPI,0.8,1,1,0
2024-06-12,BHARTIARTL,MACRO,CPI,0.8,1,1,0
2024-06-12,EICHERMOT,MACRO,CPI,0.8,1,1,0
2024-06-12,HEROMOTOCO,MACRO,CPI,0.8,1,1,0
2024-06-12,BAJAJ-AUTO,MACRO,CPI,0.8,1,1,0
2024-06-12,SUNPHARMA,MACRO,CPI,0.8,1,1,0
2024-06-12,CIPLA,MACRO,CPI,0.8,1,1,0
2024-06-12,DRREDDY,MACRO,CPI,0.8,1,1,0
2024-06-12,TATASTEEL,MACRO,CPI,0.8,1,1,0
2024-06-12,JSWSTEEL,MACRO,CPI,0.8,1,1,0
2024-06-12,HINDALCO,MACRO,CPI,0.8,1,1,0
2024-06-12,COALINDIA,MACRO,CPI,0.8,1,1,0
2024-06-12,LT,MACRO,CPI,0.8,1,1,0
2024-06-12,ULTRACEMCO,MACRO,CPI,0.8,1,1,0
2024-06-12,GRASIM,MACRO,CPI,0.8,1,1,0
2024-06-12,ASIANPAINT,MACRO,CPI,0.8,1,1,0
2024-06-12,TITAN,MACRO,CPI,0.8,1,1,0
2024-07-01,HDFCBANK,MACRO,PMI,0.8,1,1,0
2024-07-01,ICICIBANK,MACRO,PMI,0.8,1,1,0
2024-07-01,SBIN,MACRO,PMI,0.8,1,1,0
2024-07-01,AXISBANK,MACRO,PMI,0.8,1,1,0
2024-07-01,KOTAKBANK,MACRO,PMI,0.8,1,1,0
2024-07-01,BAJFINANCE,MACRO,PMI,0.8,1,1,0
2024-07-01,BAJAJFINSV,MACRO,PMI,0.8,1,1,0
2024-07-01,INDUSINDBK,MACRO,PMI,0.8,1,1,0
2024-07-01,TCS,MACRO,PMI,0.8,1,1,0
2024-07-01,INFY,MACRO,PMI,0.8,1,1,0
2024-07-01,HCLTECH,MACRO,PMI,0.8,1,1,0
2024-07-01,WIPRO,MACRO,PMI,0.8,1,1,0
2024-07-01,TECHM,MACRO,PMI,0.8,1,1,0
2024-07-01,RELIANCE,MACRO,PMI,0.8,1,1,0
2024-07-01,ONGC,MACRO,PMI,0.8,1,1,0
2024-07-01,NTPC,MACRO,PMI,0.8,1,1,0
2024-07-01,POWERGRID,MACRO,PMI,0.8,1,1,0
2024-07-01,BPCL,MACRO,PMI,0.8,1,1,0
2024-07-01,HINDUNILVR,MACRO,PMI,0.8,1,1,0
2024-07-01,ITC,MACRO,PMI,0.8,1,1,0
2024-07-01,NESTLEIND,MACRO,PMI,0.8,1,1,0
2024-07-01,BRITANNIA,MACRO,PMI,0.8,1,1,0
2024-07-01,MARUTI,MACRO,PMI,0.8,1,1,0
2024-07-01,M&M,MACRO,PMI,0.8,1,1,0
2024-07-01,BHARTIARTL,MACRO,PMI,0.8,1,1,0
2024-07-01,EICHERMOT,MACRO,PMI,0.8,1,1,0
2024-07-01,HEROMOTOCO,MACRO,PMI,0.8,1,1,0
2024-07-01,BAJAJ-AUTO,MACRO,PMI,0.8,1,1,0
2024-07-01,SUNPHARMA,MACRO,PMI,0.8,1,1,0
2024-07-01,CIPLA,MACRO,PMI,0.8,1,1,0
2024-07-01,DRREDDY,MACRO,PMI,0.8,1,1,0
2024-07-01,TATASTEEL,MACRO,PMI,0.8,1,1,0
2024-07-01,JSWSTEEL,MACRO,PMI,0.8,1,1,0
2024-07-01,HINDALCO,MACRO,PMI,0.8,1,1,0
2024-07-01,COALINDIA,MACRO,PMI,0.8,1,1,0
2024-07-01,LT,MACRO,PMI,0.8,1,1,0
2024-07-01,ULTRACEMCO,MACRO,PMI,0.8,1,1,0
2024-07-01,GRASIM,MACRO,PMI,0.8,1,1,0
2024-07-01,ASIANPAINT,MACRO,PMI,0.8,1,1,0
2024-07-01,TITAN,MACRO,PMI,0.8,1,1,0
2024-07-08,NESTLEIND,STOCK,DIVIDEND,0.7,1,1,0
2024-07-11,TCS,STOCK,DIVIDEND,0.7,1,1,0
2024-07-12,HDFCBANK,MACRO,CPI,0.8,1,1,0
2024-07-12,ICICIBANK,MACRO,CPI,0.8,1,1,0
2024-07-12,SBIN,MACRO,CPI,0.8,1,1,0
2024-07-12,AXISBANK,MACRO,CPI,0.8,1,1,0
2024-07-12,KOTAKBANK,MACRO,CPI,0.8,1,1,0
2024-07-12,BAJFINANCE,MACRO,CPI,0.8,1,1,0
2024-07-12,BAJAJFINSV,MACRO,CPI,0.8,1,1,0
2024-07-12,INDUSINDBK,MACRO,CPI,0.8,1,1,0
2024-07-12,TCS,MACRO,CPI,0.8,1,1,0
2024-07-12,INFY,MACRO,CPI,0.8,1,1,0
2024-07-12,HCLTECH,MACRO,CPI,0.8,1,1,0
2024-07-12,WIPRO,MACRO,CPI,0.8,1,1,0
2024-07-12,TECHM,MACRO,CPI,0.8,1,1,0
2024-07-12,RELIANCE,MACRO,CPI,0.8,1,1,0
2024-07-12,ONGC,MACRO,CPI,0.8,1,1,0
2024-07-12,NTPC,MACRO,CPI,0.8,1,1,0
2024-07-12,POWERGRID,MACRO,CPI,0.8,1,1,0
2024-07-12,BPCL,MACRO,CPI,0.8,1,1,0
2024-07-12,HINDUNILVR,MACRO,CPI,0.8,1,1,0
2024-07-12,ITC,MACRO,CPI,0.8,1,1,0
2024-07-12,NESTLEIND,MACRO,CPI,0.8,1,1,0
2024-07-12,BRITANNIA,MACRO,CPI,0.8,1,1,0
2024-07-12,MARUTI,MACRO,CPI,0.8,1,1,0
2024-07-12,M&M,MACRO,CPI,0.8,1,1,0
2024-07-12,BHARTIARTL,MACRO,CPI,0.8,1,1,0
2024-07-12,EICHERMOT,MACRO,CPI,0.8,1,1,0
2024-07-12,HEROMOTOCO,MACRO,CPI,0.8,1,1,0
2024-07-12,BAJAJ-AUTO,MACRO,CPI,0.8,1,1,0
2024-07-12,SUNPHARMA,MACRO,CPI,0.8,1,1,0
2024-07-12,CIPLA,MACRO,CPI,0.8,1,1,0
2024-07-12,DRREDDY,MACRO,CPI,0.8,1,1,0
2024-07-12,TATASTEEL,MACRO,CPI,0.8,1,1,0
2024-07-12,JSWSTEEL,MACRO,CPI,0.8,1,1,0
2024-07-12,HINDALCO,MACRO,CPI,0.8,1,1,0
2024-07-12,COALINDIA,MACRO,CPI,0.8,1,1,0
2024-07-12,LT,MACRO,CPI,0.8,1,1,0
2024-07-12,ULTRACEMCO,MACRO,CPI,0.8,1,1,0
2024-07-12,GRASIM,MACRO,CPI,0.8,1,1,0
2024-07-12,ASIANPAINT,MACRO,CPI,0.8,1,1,0
2024-07-12,TITAN,MACRO,CPI,0.8,1,1,0
2024-07-16,BAJAJ-AUTO,STOCK,EARNINGS,1.0,1,1,0
2024-07-19,WIPRO,STOCK,EARNINGS,1.0,1,1,0
2024-07-19,RELIANCE,STOCK,EARNINGS,1.0,1,1,0
2024-07-19,BPCL,STOCK,EARNINGS,1.0,1,1,0
2024-07-19,JSWSTEEL,STOCK,EARNINGS,1.0,1,1,0
2024-07-19,ULTRACEMCO,STOCK,EARNINGS,1.0,1,1,0
2024-07-23,HDFCBANK,GOVT,UNION_BUDGET,1.0,1,1,0
2024-07-23,ICICIBANK,GOVT,UNION_BUDGET,1.0,1,1,0
2024-07-23,SBIN,GOVT,UNION_BUDGET,1.0,1,1,0
2024-07-23,AXISBANK,GOVT,UNION_BUDGET,1.0,1,1,0
2024-07-23,KOTAKBANK,GOVT,UNION_BUDGET,1.0,1,1,0
2024-07-23,BAJFINANCE,GOVT|STOCK,EARNINGS|UNION_BUDGET,1.0,2,1,0
2024-07-23,BAJAJFINSV,GOVT,UNION_BUDGET,1.0,1,1,0
2024-07-23,INDUSINDBK,GOVT,UNION_BUDGET,1.0,1,1,0
2024-07-23,TCS,GOVT,UNION_BUDGET,1.0,1,1,0
2024-07-23,INFY,GOVT,UNION_BUDGET,1.0,1,1,0
2024-07-23,HCLTECH,GOVT,UNION_BUDGET,1.0,1,1,0
2024-07-23,WIPRO,GOVT,UNION_BUDGET,1.0,1,1,0
2024-07-23,TECHM,GOVT,UNION_BUDGET,1.0,1,1,0
2024-07-23,RELIANCE,GOVT,UNION_BUDGET,1.0,1,1,0
2024-07-23,ONGC,GOVT,UNION_BUDGET,1.0,1,1,0
2024-07-23,NTPC,GOVT,UNION_BUDGET,1.0,1,1,0
2024-07-23,POWERGRID,GOVT,UNION_BUDGET,1.0,1,1,0
2024-07-23,BPCL,GOVT,UNION_BUDGET,1.0,1,1,0
2024-07-23,HINDUNILVR,GOVT|STOCK,EARNINGS|UNION_BUDGET,1.0,2,1,0
2024-07-23,ITC,GOVT,UNION_BUDGET,1.0,1,1,0
2024-07-23,NESTLEIND,GOVT,UNION_BUDGET,1.0,1,1,0
2024-07-23,BRITANNIA,GOVT,UNION_BUDGET,1.0,1,1,0
2024-07-23,MARUTI,GOVT,UNION_BUDGET,1.0,1,1,0
2024-07-23,M&M,GOVT,UNION_BUDGET,1.0,1,1,0
2024-07-23,BHARTIARTL,GOVT,UNION_BUDGET,1.0,1,1,0
2024-07-23,EICHERMOT,GOVT,UNION_BUDGET,1.0,1,1,0
2024-07-23,HEROMOTOCO,GOVT,UNION_BUDGET,1.0,1,1,0
2024-07-23,BAJAJ-AUTO,GOVT,UNION_BUDGET,1.0,1,1,0
2024-07-23,SUNPHARMA,GOVT,UNION_BUDGET,1.0,1,1,0
2024-07-23,CIPLA,GOVT,UNION_BUDGET,1.0,1,1,0
2024-07-23,DRREDDY,GOVT,UNION_BUDGET,1.0,1,1,0
2024-07-23,TATASTEEL,GOVT,UNION_BUDGET,1.0,1,1,0
2024-07-23,JSWSTEEL,GOVT,UNION_BUDGET,1.0,1,1,0
2024-07-23,HINDALCO,GOVT,UNION_BUDGET,1.0,1,1,0
2024-07-23,COALINDIA,GOVT,UNION_BUDGET,1.0,1,1,0
2024-07-23,LT,GOVT,UNION_BUDGET,1.0,1,1,0
2024-07-23,ULTRACEMCO,GOVT,UNION_BUDGET,1.0,1,1,0
2024-07-23,GRASIM,GOVT,UNION_BUDGET,1.0,1,1,0
2024-07-23,ASIANPAINT,GOVT,UNION_BUDGET,1.0,1,1,0
2024-07-23,TITAN,GOVT,UNION_BUDGET,1.0,1,1,0
2024-07-24,AXISBANK,STOCK,EARNINGS,1.0,1,1,0
2024-07-24,LT,STOCK,EARNINGS,1.0,1,1,0
2024-07-25,TECHM,STOCK,EARNINGS,1.0,1,1,0
2024-07-25,NESTLEIND,STOCK,EARNINGS,1.0,1,1,0
2024-07-26,INDUSINDBK,STOCK,EARNINGS,1.0,1,1,0
2024-07-26,POWERGRID,STOCK,EARNINGS,1.0,1,1,0
2024-07-26,CIPLA,STOCK,EARNINGS,1.0,1,1,0
2024-07-31,MARUTI,STOCK,EARNINGS,1.0,1,1,0
2024-07-31,M&M,STOCK,EARNINGS,1.0,1,1,0
2024-07-31,TATASTEEL,STOCK,EARNINGS,1.0,1,1,0
2024-07-31,COALINDIA,STOCK,EARNINGS,1.0,1,1,0
2024-08-01,HDFCBANK,MACRO,PMI,0.8,1,1,0
2024-08-01,ICICIBANK,MACRO,PMI,0.8,1,1,0
2024-08-01,SBIN,MACRO,PMI,0.8,1,1,0
2024-08-01,AXISBANK,MACRO,PMI,0.8,1,1,0
2024-08-01,KOTAKBANK,MACRO,PMI,0.8,1,1,0
2024-08-01,BAJFINANCE,MACRO,PMI,0.8,1,1,0
2024-08-01,BAJAJFINSV,MACRO,PMI,0.8,1,1,0
2024-08-01,INDUSINDBK,MACRO,PMI,0.8,1,1,0
2024-08-01,TCS,MACRO,PMI,0.8,1,1,0
2024-08-01,INFY,MACRO,PMI,0.8,1,1,0
2024-08-01,HCLTECH,MACRO,PMI,0.8,1,1,0
2024-08-01,WIPRO,MACRO,PMI,0.8,1,1,0
2024-08-01,TECHM,MACRO,PMI,0.8,1,1,0
2024-08-01,RELIANCE,MACRO,PMI,0.8,1,1,0
2024-08-01,ONGC,MACRO,PMI,0.8,1,1,0
2024-08-01,NTPC,MACRO,PMI,0.8,1,1,0
2024-08-01,POWERGRID,MACRO,PMI,0.8,1,1,0
2024-08-01,BPCL,MACRO,PMI,0.8,1,1,0
2024-08-01,HINDUNILVR,MACRO,PMI,0.8,1,1,0
2024-08-01,ITC,MACRO|STOCK,EARNINGS|PMI,1.0,2,1,0
2024-08-01,NESTLEIND,MACRO,PMI,0.8,1,1,0
2024-08-01,BRITANNIA,MACRO,PMI,0.8,1,1,0
2024-08-01,MARUTI,MACRO,PMI,0.8,1,1,0
2024-08-01,M&M,MACRO,PMI,0.8,1,1,0
2024-08-01,BHARTIARTL,MACRO,PMI,0.8,1,1,0
2024-08-01,EICHERMOT,MACRO,PMI,0.8,1,1,0
2024-08-01,HEROMOTOCO,MACRO,PMI,0.8,1,1,0
2024-08-01,BAJAJ-AUTO,MACRO,PMI,0.8,1,1,0
2024-08-01,SUNPHARMA,MACRO|STOCK,EARNINGS|PMI,1.0,2,1,0
2024-08-01,CIPLA,MACRO,PMI,0.8,1,1,0
2024-08-01,DRREDDY,MACRO,PMI,0.8,1,1,0
2024-08-01,TATASTEEL,MACRO,PMI,0.8,1,1,0
2024-08-01,JSWSTEEL,MACRO,PMI,0.8,1,1,0
2024-08-01,HINDALCO,MACRO,PMI,0.8,1,1,0
2024-08-01,COALINDIA,MACRO,PMI,0.8,1,1,0
2024-08-01,LT,MACRO,PMI,0.8,1,1,0
2024-08-01,ULTRACEMCO,MACRO,PMI,0.8,1,1,0
2024-08-01,GRASIM,MACRO,PMI,0.8,1,1,0
2024-08-01,ASIANPAINT,MACRO,PMI,0.8,1,1,0
2024-08-01,TITAN,MACRO,PMI,0.8,1,1,0
2024-08-02,BRITANNIA,STOCK,EARNINGS,1.0,1,1,0
2024-08-02,TITAN,STOCK,EARNINGS,1.0,1,1,0
2024-08-05,ONGC,STOCK,EARNINGS,1.0,1,1,0
2024-08-05,BHARTIARTL,STOCK,EARNINGS,1.0,1,1,0
2024-08-08,HDFCBANK,GOVT,RBI_POLICY,1.0,1,1,0
2024-08-08,ICICIBANK,GOVT,RBI_POLICY,1.0,1,1,0
2024-08-08,SBIN,GOVT,RBI_POLICY,1.0,1,1,0
2024-08-08,AXISBANK,GOVT,RBI_POLICY,1.0,1,1,0
2024-08-08,KOTAKBANK,GOVT,RBI_POLICY,1.0,1,1,0
2024-08-08,BAJFINANCE,GOVT,RBI_POLICY,1.0,1,1,0
2024-08-08,BAJAJFINSV,GOVT,RBI_POLICY,1.0,1,1,0
2024-08-08,INDUSINDBK,GOVT,RBI_POLICY,1.0,1,1,0
2024-08-08,TCS,GOVT,RBI_POLICY,1.0,1,1,0
2024-08-08,INFY,GOVT,RBI_POLICY,1.0,1,1,0
2024-08-08,HCLTECH,GOVT,RBI_POLICY,1.0,1,1,0
2024-08-08,WIPRO,GOVT,RBI_POLICY,1.0,1,1,0
2024-08-08,TECHM,GOVT,RBI_POLICY,1.0,1,1,0
2024-08-08,RELIANCE,GOVT,RBI_POLICY,1.0,1,1,0
2024-08-08,ONGC,GOVT,RBI_POLICY,1.0,1,1,0
2024-08-08,NTPC,GOVT,RBI_POLICY,1.0,1,1,0
2024-08-08,POWERGRID,GOVT,RBI_POLICY,1.0,1,1,0
2024-08-08,BPCL,GOVT,RBI_POLICY,1.0,1,1,0
2024-08-08,HINDUNILVR,GOVT,RBI_POLICY,1.0,1,1,0
2024-08-08,ITC,GOVT,RBI_POLICY,1.0,1,1,0
2024-08-08,NESTLEIND,GOVT,RBI_POLICY,1.0,1,1,0
2024-08-08,BRITANNIA,GOVT,RBI_POLICY,1.0,1,1,0
2024-08-08,MARUTI,GOVT,RBI_POLICY,1.0,1,1,0
2024-08-08,M&M,GOVT,RBI_POLICY,1.0,1,1,0
2024-08-08,BHARTIARTL,GOVT,RBI_POLICY,1.0,1,1,0
2024-08-08,EICHERMOT,GOVT|STOCK,EARNINGS|RBI_POLICY,1.0,2,1,0
2024-08-08,HEROMOTOCO,GOVT,RBI_POLICY,1.0,1,1,0
2024-08-08,BAJAJ-AUTO,GOVT,RBI_POLICY,1.0,1,1,0
2024-08-08,SUNPHARMA,GOVT,RBI_POLICY,1.0,1,1,0
2024-08-08,CIPLA,GOVT,RBI_POLICY,1.0,1,1,0
2024-08-08,DRREDDY,GOVT,RBI_POLICY,1.0,1,1,0
2024-08-08,TATASTEEL,GOVT,RBI_POLICY,1.0,1,1,0
2024-08-08,JSWSTEEL,GOVT,RBI_POLICY,1.0,1,1,0
2024-08-08,HINDALCO,GOVT,RBI_POLICY,1.0,1,1,0
2024-08-08,COALINDIA,GOVT,RBI_POLICY,1.0,1,1,0
2024-08-08,LT,GOVT,RBI_POLICY,1.0,1,1,0
2024-08-08,ULTRACEMCO,GOVT,RBI_POLICY,1.0,1,1,0
2024-08-08,GRASIM,GOVT,RBI_POLICY,1.0,1,1,0
2024-08-08,ASIANPAINT,GOVT,RBI_POLICY,1.0,1,1,0
2024-08-08,TITAN,GOVT,RBI_POLICY,1.0,1,1,0
2024-08-09,GRASIM,STOCK,EARNINGS,1.0,1,1,0
2024-08-12,HDFCBANK,MACRO,CPI,0.8,1,1,0
2024-08-12,ICICIBANK,MACRO,CPI,0.8,1,1,0
2024-08-12,SBIN,MACRO,CPI,0.8,1,1,0
2024-08-12,AXISBANK,MACRO,CPI,0.8,1,1,0
2024-08-12,KOTAKBANK,MACRO,CPI,0.8,1,1,0
2024-08-12,BAJFINANCE,MACRO,CPI,0.8,1,1,0
2024-08-12,BAJAJFINSV,MACRO,CPI,0.8,1,1,0
2024-08-12,INDUSINDBK,MACRO,CPI,0.8,1,1,0
2024-08-12,TCS,MACRO,CPI,0.8,1,1,0
2024-08-12,INFY,MACRO,CPI,0.8,1,1,0
2024-08-12,HCLTECH,MACRO,CPI,0.8,1,1,0
2024-08-12,WIPRO,MACRO,CPI,0.8,1,1,0
2024-08-12,TECHM,MACRO,CPI,0.8,1,1,0
2024-08-12,RELIANCE,MACRO,CPI,0.8,1,1,0
2024-08-12,ONGC,MACRO,CPI,0.8,1,1,0
2024-08-12,NTPC,MACRO,CPI,0.8,1,1,0
2024-08-12,POWERGRID,MACRO,CPI,0.8,1,1,0
2024-08-12,BPCL,MACRO,CPI,0.8,1,1,0
2024-08-12,HINDUNILVR,MACRO,CPI,0.8,1,1,0
2024-08-12,ITC,MACRO,CPI,0.8,1,1,0
2024-08-12,NESTLEIND,MACRO,CPI,0.8,1,1,0
2024-08-12,BRITANNIA,MACRO,CPI,0.8,1,1,0
2024-08-12,MARUTI,MACRO,CPI,0.8,1,1,0
2024-08-12,M&M,MACRO,CPI,0.8,1,1,0
2024-08-12,BHARTIARTL,MACRO,CPI,0.8,1,1,0
2024-08-12,EICHERMOT,MACRO,CPI,0.8,1,1,0
2024-08-12,HEROMOTOCO,MACRO,CPI,0.8,1,1,0
2024-08-12,BAJAJ-AUTO,MACRO,CPI,0.8,1,1,0
2024-08-12,SUNPHARMA,MACRO,CPI,0.8,1,1,0
2024-08-12,CIPLA,MACRO,CPI,0.8,1,1,0
2024-08-12,DRREDDY,MACRO,CPI,0.8,1,1,0
2024-08-12,TATASTEEL,MACRO,CPI,0.8,1,1,0
2024-08-12,JSWSTEEL,MACRO,CPI,0.8,1,1,0
2024-08-12,HINDALCO,MACRO,CPI,0.8,1,1,0
2024-08-12,COALINDIA,MACRO,CPI,0.8,1,1,0
2024-08-12,LT,MACRO,CPI,0.8,1,1,0
2024-08-12,ULTRACEMCO,MACRO,CPI,0.8,1,1,0
2024-08-12,GRASIM,MACRO,CPI,0.8,1,1,0
2024-08-12,ASIANPAINT,MACRO,CPI,0.8,1,1,0
2024-08-12,TITAN,MACRO,CPI,0.8,1,1,0
2024-08-13,HEROMOTOCO,STOCK,EARNINGS,1.0,1,1,0
2024-08-30,HDFCBANK,MACRO,GDP,0.9,1,1,0
2024-08-30,ICICIBANK,MACRO,GDP,0.9,1,1,0
2024-08-30,SBIN,MACRO,GDP,0.9,1,1,0
2024-08-30,AXISBANK,MACRO,GDP,0.9,1,1,0
2024-08-30,KOTAKBANK,MACRO,GDP,0.9,1,1,0
2024-08-30,BAJFINANCE,MACRO,GDP,0.9,1,1,0
2024-08-30,BAJAJFINSV,MACRO,GDP,0.9,1,1,0
2024-08-30,INDUSINDBK,MACRO,GDP,0.9,1,1,0
2024-08-30,TCS,MACRO,GDP,0.9,1,1,0
2024-08-30,INFY,MACRO,GDP,0.9,1,1,0
2024-08-30,HCLTECH,MACRO,GDP,0.9,1,1,0
2024-08-30,WIPRO,MACRO,GDP,0.9,1,1,0
2024-08-30,TECHM,MACRO,GDP,0.9,1,1,0
2024-08-30,RELIANCE,MACRO,GDP,0.9,1,1,0
2024-08-30,ONGC,MACRO,GDP,0.9,1,1,0
2024-08-30,NTPC,MACRO,GDP,0.9,1,1,0
2024-08-30,POWERGRID,MACRO,GDP,0.9,1,1,0
2024-08-30,BPCL,MACRO,GDP,0.9,1,1,0
2024-08-30,HINDUNILVR,MACRO,GDP,0.9,1,1,0
2024-08-30,ITC,MACRO,GDP,0.9,1,1,0
2024-08-30,NESTLEIND,MACRO,GDP,0.9,1,1,0
2024-08-30,BRITANNIA,MACRO,GDP,0.9,1,1,0
2024-08-30,MARUTI,MACRO,GDP,0.9,1,1,0
2024-08-30,M&M,MACRO,GDP,0.9,1,1,0
2024-08-30,BHARTIARTL,MACRO,GDP,0.9,1,1,0
2024-08-30,EICHERMOT,MACRO,GDP,0.9,1,1,0
2024-08-30,HEROMOTOCO,MACRO,GDP,0.9,1,1,0
2024-08-30,BAJAJ-AUTO,MACRO,GDP,0.9,1,1,0
2024-08-30,SUNPHARMA,MACRO,GDP,0.9,1,1,0
2024-08-30,CIPLA,MACRO,GDP,0.9,1,1,0
2024-08-30,DRREDDY,MACRO,GDP,0.9,1,1,0
2024-08-30,TATASTEEL,MACRO,GDP,0.9,1,1,0
2024-08-30,JSWSTEEL,MACRO,GDP,0.9,1,1,0
2024-08-30,HINDALCO,MACRO,GDP,0.9,1,1,0
2024-08-30,COALINDIA,MACRO,GDP,0.9,1,1,0
2024-08-30,LT,MACRO,GDP,0.9,1,1,0
2024-08-30,ULTRACEMCO,MACRO,GDP,0.9,1,1,0
2024-08-30,GRASIM,MACRO,GDP,0.9,1,1,0
2024-08-30,ASIANPAINT,MACRO,GDP,0.9,1,1,0
2024-08-30,TITAN,MACRO,GDP,0.9,1,1,0
2024-09-02,HDFCBANK,MACRO,PMI,0.8,1,1,0
2024-09-02,ICICIBANK,MACRO,PMI,0.8,1,1,0
2024-09-02,SBIN,MACRO,PMI,0.8,1,1,0
2024-09-02,AXISBANK,MACRO,PMI,0.8,1,1,0
2024-09-02,KOTAKBANK,MACRO,PMI,0.8,1,1,0
2024-09-02,BAJFINANCE,MACRO,PMI,0.8,1,1,0
2024-09-02,BAJAJFINSV,MACRO,PMI,0.8,1,1,0
2024-09-02,INDUSINDBK,MACRO,PMI,0.8,1,1,0
2024-09-02,TCS,MACRO,PMI,0.8,1,1,0
2024-09-02,INFY,MACRO,PMI,0.8,1,1,0
2024-09-02,HCLTECH,MACRO,PMI,0.8,1,1,0
2024-09-02,WIPRO,MACRO,PMI,0.8,1,1,0
2024-09-02,TECHM,MACRO,PMI,0.8,1,1,0
2024-09-02,RELIANCE,MACRO,PMI,0.8,1,1,0
2024-09-02,ONGC,MACRO,PMI,0.8,1,1,0
2024-09-02,NTPC,MACRO,PMI,0.8,1,1,0
2024-09-02,POWERGRID,MACRO,PMI,0.8,1,1,0
2024-09-02,BPCL,MACRO,PMI,0.8,1,1,0
2024-09-02,HINDUNILVR,MACRO,PMI,0.8,1,1,0
2024-09-02,ITC,MACRO,PMI,0.8,1,1,0
2024-09-02,NESTLEIND,MACRO,PMI,0.8,1,1,0
2024-09-02,BRITANNIA,MACRO,PMI,0.8,1,1,0
2024-09-02,MARUTI,MACRO,PMI,0.8,1,1,0
2024-09-02,M&M,MACRO,PMI,0.8,1,1,0
2024-09-02,BHARTIARTL,MACRO,PMI,0.8,1,1,0
2024-09-02,EICHERMOT,MACRO,PMI,0.8,1,1,0
2024-09-02,HEROMOTOCO,MACRO,PMI,0.8,1,1,0
2024-09-02,BAJAJ-AUTO,MACRO,PMI,0.8,1,1,0
2024-09-02,SUNPHARMA,MACRO,PMI,0.8,1,1,0
2024-09-02,CIPLA,MACRO,PMI,0.8,1,1,0
2024-09-02,DRREDDY,MACRO,PMI,0.8,1,1,0
2024-09-02,TATASTEEL,MACRO,PMI,0.8,1,1,0
2024-09-02,JSWSTEEL,MACRO,PMI,0.8,1,1,0
2024-09-02,HINDALCO,MACRO,PMI,0.8,1,1,0
2024-09-02,COALINDIA,MACRO,PMI,0.8,1,1,0
2024-09-02,LT,MACRO,PMI,0.8,1,1,0
2024-09-02,ULTRACEMCO,MACRO,PMI,0.8,1,1,0
2024-09-02,GRASIM,MACRO,PMI,0.8,1,1,0
2024-09-02,ASIANPAINT,MACRO,PMI,0.8,1,1,0
2024-09-02,TITAN,MACRO,PMI,0.8,1,1,0
2024-09-05,RELIANCE,STOCK,BONUS,0.9,1,1,0
2024-09-12,HDFCBANK,MACRO,CPI,0.8,1,1,0
2024-09-12,ICICIBANK,MACRO,CPI,0.8,1,1,0
2024-09-12,SBIN,MACRO,CPI,0.8,1,1,0
2024-09-12,AXISBANK,MACRO,CPI,0.8,1,1,0
2024-09-12,KOTAKBANK,MACRO,CPI,0.8,1,1,0
2024-09-12,BAJFINANCE,MACRO,CPI,0.8,1,1,0
2024-09-12,BAJAJFINSV,MACRO,CPI,0.8,1,1,0
2024-09-12,INDUSINDBK,MACRO,CPI,0.8,1,1,0
2024-09-12,TCS,MACRO,CPI,0.8,1,1,0
2024-09-12,INFY,MACRO,CPI,0.8,1,1,0
2024-09-12,HCLTECH,MACRO,CPI,0.8,1,1,0
2024-09-12,WIPRO,MACRO,CPI,0.8,1,1,0
2024-09-12,TECHM,MACRO,CPI,0.8,1,1,0
2024-09-12,RELIANCE,MACRO,CPI,0.8,1,1,0
2024-09-12,ONGC,MACRO,CPI,0.8,1,1,0
2024-09-12,NTPC,MACRO,CPI,0.8,1,1,0
2024-09-12,POWERGRID,MACRO,CPI,0.8,1,1,0
2024-09-12,BPCL,MACRO,CPI,0.8,1,1,0
2024-09-12,HINDUNILVR,MACRO,CPI,0.8,1,1,0
2024-09-12,ITC,MACRO,CPI,0.8,1,1,0
2024-09-12,NESTLEIND,MACRO,CPI,0.8,1,1,0
2024-09-12,BRITANNIA,MACRO,CPI,0.8,1,1,0
2024-09-12,MARUTI,MACRO,CPI,0.8,1,1,0
2024-09-12,M&M,MACRO,CPI,0.8,1,1,0
2024-09-12,BHARTIARTL,MACRO,CPI,0.8,1,1,0
2024-09-12,EICHERMOT,MACRO,CPI,0.8,1,1,0
2024-09-12,HEROMOTOCO,MACRO,CPI,0.8,1,1,0
2024-09-12,BAJAJ-AUTO,MACRO,CPI,0.8,1,1,0
2024-09-12,SUNPHARMA,MACRO,CPI,0.8,1,1,0
2024-09-12,CIPLA,MACRO,CPI,0.8,1,1,0
2024-09-12,DRREDDY,MACRO,CPI,0.8,1,1,0
2024-09-12,TATASTEEL,MACRO,CPI,0.8,1,1,0
2024-09-12,JSWSTEEL,MACRO,CPI,0.8,1,1,0
2024-09-12,HINDALCO,MACRO,CPI,0.8,1,1,0
2024-09-12,COALINDIA,MACRO,CPI,0.8,1,1,0
2024-09-12,LT,MACRO,CPI,0.8,1,1,0
2024-09-12,ULTRACEMCO,MACRO,CPI,0.8,1,1,0
2024-09-12,GRASIM,MACRO,CPI,0.8,1,1,0
2024-09-12,ASIANPAINT,MACRO,CPI,0.8,1,1,0
2024-09-12,TITAN,MACRO,CPI,0.8,1,1,0
2024-10-01,HDFCBANK,MACRO,PMI,0.8,1,1,0
2024-10-01,ICICIBANK,MACRO,PMI,0.8,1,1,0
2024-10-01,SBIN,MACRO,PMI,0.8,1,1,0
2024-10-01,AXISBANK,MACRO,PMI,0.8,1,1,0
2024-10-01,KOTAKBANK,MACRO,PMI,0.8,1,1,0
2024-10-01,BAJFINANCE,MACRO,PMI,0.8,1,1,0
2024-10-01,BAJAJFINSV,MACRO,PMI,0.8,1,1,0
2024-10-01,INDUSINDBK,MACRO,PMI,0.8,1,1,0
2024-10-01,TCS,MACRO,PMI,0.8,1,1,0
2024-10-01,INFY,MACRO,PMI,0.8,1,1,0
2024-10-01,HCLTECH,MACRO,PMI,0.8,1,1,0
2024-10-01,WIPRO,MACRO,PMI,0.8,1,1,0
2024-10-01,TECHM,MACRO,PMI,0.8,1,1,0
2024-10-01,RELIANCE,MACRO,PMI,0.8,1,1,0
2024-10-01,ONGC,MACRO,PMI,0.8,1,1,0
2024-10-01,NTPC,MACRO,PMI,0.8,1,1,0
2024-10-01,POWERGRID,MACRO,PMI,0.8,1,1,0
2024-10-01,BPCL,MACRO,PMI,0.8,1,1,0
2024-10-01,HINDUNILVR,MACRO,PMI,0.8,1,1,0
2024-10-01,ITC,MACRO,PMI,0.8,1,1,0
2024-10-01,NESTLEIND,MACRO,PMI,0.8,1,1,0
2024-10-01,BRITANNIA,MACRO,PMI,0.8,1,1,0
2024-10-01,MARUTI,MACRO,PMI,0.8,1,1,0
2024-10-01,M&M,MACRO,PMI,0.8,1,1,0
2024-10-01,BHARTIARTL,MACRO,PMI,0.8,1,1,0
2024-10-01,EICHERMOT,MACRO,PMI,0.8,1,1,0
2024-10-01,HEROMOTOCO,MACRO,PMI,0.8,1,1,0
2024-10-01,BAJAJ-AUTO,MACRO,PMI,0.8,1,1,0
2024-10-01,SUNPHARMA,MACRO,PMI,0.8,1,1,0
2024-10-01,CIPLA,MACRO,PMI,0.8,1,1,0
2024-10-01,DRREDDY,MACRO,PMI,0.8,1,1,0
2024-10-01,TATASTEEL,MACRO,PMI,0.8,1,1,0
2024-10-01,JSWSTEEL,MACRO,PMI,0.8,1,1,0
2024-10-01,HINDALCO,MACRO,PMI,0.8,1,1,0
2024-10-01,COALINDIA,MACRO,PMI,0.8,1,1,0
2024-10-01,LT,MACRO,PMI,0.8,1,1,0
2024-10-01,ULTRACEMCO,MACRO,PMI,0.8,1,1,0
2024-10-01,GRASIM,MACRO,PMI,0.8,1,1,0
2024-10-01,ASIANPAINT,MACRO,PMI,0.8,1,1,0
2024-10-01,TITAN,MACRO,PMI,0.8,1,1,0
2024-10-09,HDFCBANK,GOVT,RBI_POLICY,1.0,1,1,0
2024-10-09,ICICIBANK,GOVT,RBI_POLICY,1.0,1,1,0
2024-10-09,SBIN,GOVT,RBI_POLICY,1.0,1,1,0
2024-10-09,AXISBANK,GOVT,RBI_POLICY,1.0,1,1,0
2024-10-09,KOTAKBANK,GOVT,RBI_POLICY,1.0,1,1,0
2024-10-09,BAJFINANCE,GOVT,RBI_POLICY,1.0,1,1,0
2024-10-09,BAJAJFINSV,GOVT,RBI_POLICY,1.0,1,1,0
2024-10-09,INDUSINDBK,GOVT,RBI_POLICY,1.0,1,1,0
2024-10-09,TCS,GOVT,RBI_POLICY,1.0,1,1,0
2024-10-09,INFY,GOVT,RBI_POLICY,1.0,1,1,0
2024-10-09,HCLTECH,GOVT,RBI_POLICY,1.0,1,1,0
2024-10-09,WIPRO,GOVT,RBI_POLICY,1.0,1,1,0
2024-10-09,TECHM,GOVT,RBI_POLICY,1.0,1,1,0
2024-10-09,RELIANCE,GOVT,RBI_POLICY,1.0,1,1,0
2024-10-09,ONGC,GOVT,RBI_POLICY,1.0,1,1,0
2024-10-09,NTPC,GOVT,RBI_POLICY,1.0,1,1,0
2024-10-09,POWERGRID,GOVT,RBI_POLICY,1.0,1,1,0
2024-10-09,BPCL,GOVT,RBI_POLICY,1.0,1,1,0
2024-10-09,HINDUNILVR,GOVT,RBI_POLICY,1.0,1,1,0
2024-10-09,ITC,GOVT,RBI_POLICY,1.0,1,1,0
2024-10-09,NESTLEIND,GOVT,RBI_POLICY,1.0,1,1,0
2024-10-09,BRITANNIA,GOVT,RBI_POLICY,1.0,1,1,0
2024-10-09,MARUTI,GOVT,RBI_POLICY,1.0,1,1,0
2024-10-09,M&M,GOVT,RBI_POLICY,1.0,1,1,0
2024-10-09,BHARTIARTL,GOVT,RBI_POLICY,1.0,1,1,0
2024-10-09,EICHERMOT,GOVT,RBI_POLICY,1.0,1,1,0
2024-10-09,HEROMOTOCO,GOVT,RBI_POLICY,1.0,1,1,0
2024-10-09,BAJAJ-AUTO,GOVT,RBI_POLICY,1.0,1,1,0
2024-10-09,SUNPHARMA,GOVT,RBI_POLICY,1.0,1,1,0
2024-10-09,CIPLA,GOVT,RBI_POLICY,1.0,1,1,0
2024-10-09,DRREDDY,GOVT,RBI_POLICY,1.0,1,1,0
2024-10-09,TATASTEEL,GOVT,RBI_POLICY,1.0,1,1,0
2024-10-09,JSWSTEEL,GOVT,RBI_POLICY,1.0,1,1,0
2024-10-09,HINDALCO,GOVT,RBI_POLICY,1.0,1,1,0
2024-10-09,COALINDIA,GOVT,RBI_POLICY,1.0,1,1,0
2024-10-09,LT,GOVT,RBI_POLICY,1.0,1,1,0
2024-10-09,ULTRACEMCO,GOVT,RBI_POLICY,1.0,1,1,0
2024-10-09,GRASIM,GOVT,RBI_POLICY,1.0,1,1,0
2024-10-09,ASIANPAINT,GOVT,RBI_POLICY,1.0,1,1,0
2024-10-09,TITAN,GOVT,RBI_POLICY,1.0,1,1,0
2024-10-10,TCS,STOCK,EARNINGS,1.0,1,1,0
2024-10-14,HDFCBANK,MACRO,CPI,0.8,1,1,0
2024-10-14,ICICIBANK,MACRO,CPI,0.8,1,1,0
2024-10-14,SBIN,MACRO,CPI,0.8,1,1,0
2024-10-14,AXISBANK,MACRO,CPI,0.8,1,1,0
2024-10-14,KOTAKBANK,MACRO,CPI,0.8,1,1,0
2024-10-14,BAJFINANCE,MACRO,CPI,0.8,1,1,0
2024-10-14,BAJAJFINSV,MACRO,CPI,0.8,1,1,0
2024-10-14,INDUSINDBK,MACRO,CPI,0.8,1,1,0
2024-10-14,TCS,MACRO,CPI,0.8,1,1,0
2024-10-14,INFY,MACRO,CPI,0.8,1,1,0
2024-10-14,HCLTECH,MACRO,CPI,0.8,1,1,0
2024-10-14,WIPRO,MACRO,CPI,0.8,1,1,0
2024-10-14,TECHM,MACRO,CPI,0.8,1,1,0
2024-10-14,RELIANCE,MACRO|STOCK,CPI|EARNINGS,1.0,2,1,0
2024-10-14,ONGC,MACRO,CPI,0.8,1,1,0
2024-10-14,NTPC,MACRO,CPI,0.8,1,1,0
2024-10-14,POWERGRID,MACRO,CPI,0.8,1,1,0
2024-10-14,BPCL,MACRO,CPI,0.8,1,1,0
2024-10-14,HINDUNILVR,MACRO,CPI,0.8,1,1,0
2024-10-14,ITC,MACRO,CPI,0.8,1,1,0
2024-10-14,NESTLEIND,MACRO,CPI,0.8,1,1,0
2024-10-14,BRITANNIA,MACRO,CPI,0.8,1,1,0
2024-10-14,MARUTI,MACRO,CPI,0.8,1,1,0
2024-10-14,M&M,MACRO,CPI,0.8,1,1,0
2024-10-14,BHARTIARTL,MACRO,CPI,0.8,1,1,0
2024-10-14,EICHERMOT,MACRO,CPI,0.8,1,1,0
2024-10-14,HEROMOTOCO,MACRO,CPI,0.8,1,1,0
2024-10-14,BAJAJ-AUTO,MACRO,CPI,0.8,1,1,0
2024-10-14,SUNPHARMA,MACRO,CPI,0.8,1,1,0
2024-10-14,CIPLA,MACRO,CPI,0.8,1,1,0
2024-10-14,DRREDDY,MACRO,CPI,0.8,1,1,0
2024-10-14,TATASTEEL,MACRO,CPI,0.8,1,1,0
2024-10-14,JSWSTEEL,MACRO,CPI,0.8,1,1,0
2024-10-14,HINDALCO,MACRO,CPI,0.8,1,1,0
2024-10-14,COALINDIA,MACRO,CPI,0.8,1,1,0
2024-10-14,LT,MACRO,CPI,0.8,1,1,0
2024-10-14,ULTRACEMCO,MACRO,CPI,0.8,1,1,0
2024-10-14,GRASIM,MACRO,CPI,0.8,1,1,0
2024-10-14,ASIANPAINT,MACRO,CPI,0.8,1,1,0
2024-10-14,TITAN,MACRO,CPI,0.8,1,1,0
2024-10-16,BAJAJ-AUTO,STOCK,EARNINGS,1.0,1,1,0
2024-10-17,AXISBANK,STOCK,EARNINGS,1.0,1,1,0
2024-10-17,INFY,STOCK,EARNINGS,1.0,1,1,0
2024-10-17,WIPRO,STOCK,BONUS|EARNINGS,1.0,2,1,0
2024-10-17,NESTLEIND,STOCK,EARNINGS,1.0,1,1,0
2024-10-21,ULTRACEMCO,STOCK,EARNINGS,1.0,1,1,0
2024-10-22,BAJFINANCE,STOCK,EARNINGS,1.0,1,1,0
2024-10-23,BAJAJFINSV,STOCK,EARNINGS,1.0,1,1,0
2024-10-23,HINDUNILVR,STOCK,EARNINGS,1.0,1,1,0
2024-10-23,ASIANPAINT,STOCK,EARNINGS,1.0,1,1,0
2024-10-24,INDUSINDBK,STOCK,EARNINGS,1.0,1,1,0
2024-10-24,NTPC,STOCK,EARNINGS,1.0,1,1,0
2024-10-24,ITC,STOCK,EARNINGS,1.0,1,1,0
2024-10-25,BPCL,STOCK,EARNINGS,1.0,1,1,0
2024-10-25,JSWSTEEL,STOCK,EARNINGS,1.0,1,1,0
2024-10-25,COALINDIA,STOCK,EARNINGS,1.0,1,1,0
2024-10-28,BHARTIARTL,STOCK,EARNINGS,1.0,1,1,0
2024-10-28,SUNPHARMA,STOCK,EARNINGS,1.0,1,1,0
2024-10-29,MARUTI,STOCK,EARNINGS,1.0,1,1,0
2024-10-29,CIPLA,STOCK,EARNINGS,1.0,1,1,0
2024-10-30,LT,STOCK,EARNINGS,1.0,1,1,0
2024-11-01,HDFCBANK,MACRO,PMI,0.8,1,1,0
2024-11-01,ICICIBANK,MACRO,PMI,0.8,1,1,0
2024-11-01,SBIN,MACRO,PMI,0.8,1,1,0
2024-11-01,AXISBANK,MACRO,PMI,0.8,1,1,0
2024-11-01,KOTAKBANK,MACRO,PMI,0.8,1,1,0
2024-11-01,BAJFINANCE,MACRO,PMI,0.8,1,1,0
2024-11-01,BAJAJFINSV,MACRO,PMI,0.8,1,1,0
2024-11-01,INDUSINDBK,MACRO,PMI,0.8,1,1,0
2024-11-01,TCS,MACRO,PMI,0.8,1,1,0
2024-11-01,INFY,MACRO,PMI,0.8,1,1,0
2024-11-01,HCLTECH,MACRO,PMI,0.8,1,1,0
2024-11-01,WIPRO,MACRO,PMI,0.8,1,1,0
2024-11-01,TECHM,MACRO,PMI,0.8,1,1,0
2024-11-01,RELIANCE,MACRO,PMI,0.8,1,1,0
2024-11-01,ONGC,MACRO,PMI,0.8,1,1,0
2024-11-01,NTPC,MACRO,PMI,0.8,1,1,0
2024-11-01,POWERGRID,MACRO,PMI,0.8,1,1,0
2024-11-01,BPCL,MACRO,PMI,0.8,1,1,0
2024-11-01,HINDUNILVR,MACRO,PMI,0.8,1,1,0
2024-11-01,ITC,MACRO,PMI,0.8,1,1,0
2024-11-01,NESTLEIND,MACRO,PMI,0.8,1,1,0
2024-11-01,BRITANNIA,MACRO,PMI,0.8,1,1,0
2024-11-01,MARUTI,MACRO,PMI,0.8,1,1,0
2024-11-01,M&M,MACRO,PMI,0.8,1,1,0
2024-11-01,BHARTIARTL,MACRO,PMI,0.8,1,1,0
2024-11-01,EICHERMOT,MACRO,PMI,0.8,1,1,0
2024-11-01,HEROMOTOCO,MACRO,PMI,0.8,1,1,0
2024-11-01,BAJAJ-AUTO,MACRO,PMI,0.8,1,1,0
2024-11-01,SUNPHARMA,MACRO,PMI,0.8,1,1,0
2024-11-01,CIPLA,MACRO,PMI,0.8,1,1,0
2024-11-01,DRREDDY,MACRO,PMI,0.8,1,1,0
2024-11-01,TATASTEEL,MACRO,PMI,0.8,1,1,0
2024-11-01,JSWSTEEL,MACRO,PMI,0.8,1,1,0
2024-11-01,HINDALCO,MACRO,PMI,0.8,1,1,0
2024-11-01,COALINDIA,MACRO,PMI,0.8,1,1,0
2024-11-01,LT,MACRO,PMI,0.8,1,1,0
2024-11-01,ULTRACEMCO,MACRO,PMI,0.8,1,1,0
2024-11-01,GRASIM,MACRO,PMI,0.8,1,1,0
2024-11-01,ASIANPAINT,MACRO,PMI,0.8,1,1,0
2024-11-01,TITAN,MACRO,PMI,0.8,1,1,0
2024-11-05,DRREDDY,STOCK,EARNINGS,1.0,1,1,0
2024-11-05,TITAN,STOCK,EARNINGS,1.0,1,1,0
2024-11-06,POWERGRID,STOCK,EARNINGS,1.0,1,1,0
2024-11-06,TATASTEEL,STOCK,EARNINGS,1.0,1,1,0
2024-11-07,M&M,STOCK,EARNINGS,1.0,1,1,0
2024-11-08,SBIN,STOCK,EARNINGS,1.0,1,1,0
2024-11-11,ONGC,STOCK,DIVIDEND|EARNINGS,1.0,2,1,0
2024-11-11,BRITANNIA,STOCK,EARNINGS,1.0,1,1,0
2024-11-11,HINDALCO,STOCK,EARNINGS,1.0,1,1,0
2024-11-12,HDFCBANK,MACRO,CPI,0.8,1,1,0
2024-11-12,ICICIBANK,MACRO,CPI,0.8,1,1,0
2024-11-12,SBIN,MACRO,CPI,0.8,1,1,0
2024-11-12,AXISBANK,MACRO,CPI,0.8,1,1,0
2024-11-12,KOTAKBANK,MACRO,CPI,0.8,1,1,0
2024-11-12,BAJFINANCE,MACRO,CPI,0.8,1,1,0
2024-11-12,BAJAJFINSV,MACRO,CPI,0.8,1,1,0
2024-11-12,INDUSINDBK,MACRO,CPI,0.8,1,1,0
2024-11-12,TCS,MACRO,CPI,0.8,1,1,0
2024-11-12,INFY,MACRO,CPI,0.8,1,1,0
2024-11-12,HCLTECH,MACRO,CPI,0.8,1,1,0
2024-11-12,WIPRO,MACRO,CPI,0.8,1,1,0
2024-11-12,TECHM,MACRO,CPI,0.8,1,1,0
2024-11-12,RELIANCE,MACRO,CPI,0.8,1,1,0
2024-11-12,ONGC,MACRO,CPI,0.8,1,1,0
2024-11-12,NTPC,MACRO,CPI,0.8,1,1,0
2024-11-12,POWERGRID,MACRO,CPI,0.8,1,1,0
2024-11-12,BPCL,MACRO,CPI,0.8,1,1,0
2024-11-12,HINDUNILVR,MACRO,CPI,0.8,1,1,0
2024-11-12,ITC,MACRO,CPI,0.8,1,1,0
2024-11-12,NESTLEIND,MACRO,CPI,0.8,1,1,0
2024-11-12,BRITANNIA,MACRO,CPI,0.8,1,1,0
2024-11-12,MARUTI,MACRO,CPI,0.8,1,1,0
2024-11-12,M&M,MACRO,CPI,0.8,1,1,0
2024-11-12,BHARTIARTL,MACRO,CPI,0.8,1,1,0
2024-11-12,EICHERMOT,MACRO,CPI,0.8,1,1,0
2024-11-12,HEROMOTOCO,MACRO,CPI,0.8,1,1,0
2024-11-12,BAJAJ-AUTO,MACRO,CPI,0.8,1,1,0
2024-11-12,SUNPHARMA,MACRO,CPI,0.8,1,1,0
2024-11-12,CIPLA,MACRO,CPI,0.8,1,1,0
2024-11-12,DRREDDY,MACRO,CPI,0.8,1,1,0
2024-11-12,TATASTEEL,MACRO,CPI,0.8,1,1,0
2024-11-12,JSWSTEEL,MACRO,CPI,0.8,1,1,0
2024-11-12,HINDALCO,MACRO,CPI,0.8,1,1,0
2024-11-12,COALINDIA,MACRO,CPI,0.8,1,1,0
2024-11-12,LT,MACRO,CPI,0.8,1,1,0
2024-11-12,ULTRACEMCO,MACRO,CPI,0.8,1,1,0
2024-11-12,GRASIM,MACRO,CPI,0.8,1,1,0
2024-11-12,ASIANPAINT,MACRO,CPI,0.8,1,1,0
2024-11-12,TITAN,MACRO,CPI,0.8,1,1,0
2024-11-13,EICHERMOT,STOCK,EARNINGS,1.0,1,1,0
2024-11-14,HEROMOTOCO,STOCK,EARNINGS,1.0,1,1,0
2024-11-14,GRASIM,STOCK,EARNINGS,1.0,1,1,0
2024-11-29,HDFCBANK,MACRO,GDP,0.9,1,1,0
2024-11-29,ICICIBANK,MACRO,GDP,0.9,1,1,0
2024-11-29,SBIN,MACRO,GDP,0.9,1,1,0
2024-11-29,AXISBANK,MACRO,GDP,0.9,1,1,0
2024-11-29,KOTAKBANK,MACRO,GDP,0.9,1,1,0
2024-11-29,BAJFINANCE,MACRO,GDP,0.9,1,1,0
2024-11-29,BAJAJFINSV,MACRO,GDP,0.9,1,1,0
2024-11-29,INDUSINDBK,MACRO,GDP,0.9,1,1,0
2024-11-29,TCS,MACRO,GDP,0.9,1,1,0
2024-11-29,INFY,MACRO,GDP,0.9,1,1,0
2024-11-29,HCLTECH,MACRO,GDP,0.9,1,1,0
2024-11-29,WIPRO,MACRO,GDP,0.9,1,1,0
2024-11-29,TECHM,MACRO,GDP,0.9,1,1,0
2024-11-29,RELIANCE,MACRO,GDP,0.9,1,1,0
2024-11-29,ONGC,MACRO,GDP,0.9,1,1,0
2024-11-29,NTPC,MACRO,GDP,0.9,1,1,0
2024-11-29,POWERGRID,MACRO,GDP,0.9,1,1,0
2024-11-29,BPCL,MACRO,GDP,0.9,1,1,0
2024-11-29,HINDUNILVR,MACRO,GDP,0.9,1,1,0
2024-11-29,ITC,MACRO,GDP,0.9,1,1,0
2024-11-29,NESTLEIND,MACRO,GDP,0.9,1,1,0
2024-11-29,BRITANNIA,MACRO,GDP,0.9,1,1,0
2024-11-29,MARUTI,MACRO,GDP,0.9,1,1,0
2024-11-29,M&M,MACRO,GDP,0.9,1,1,0
2024-11-29,BHARTIARTL,MACRO,GDP,0.9,1,1,0
2024-11-29,EICHERMOT,MACRO,GDP,0.9,1,1,0
2024-11-29,HEROMOTOCO,MACRO,GDP,0.9,1,1,0
2024-11-29,BAJAJ-AUTO,MACRO,GDP,0.9,1,1,0
2024-11-29,SUNPHARMA,MACRO,GDP,0.9,1,1,0
2024-11-29,CIPLA,MACRO,GDP,0.9,1,1,0
2024-11-29,DRREDDY,MACRO,GDP,0.9,1,1,0
2024-11-29,TATASTEEL,MACRO,GDP,0.9,1,1,0
2024-11-29,JSWSTEEL,MACRO,GDP,0.9,1,1,0
2024-11-29,HINDALCO,MACRO,GDP,0.9,1,1,0
2024-11-29,COALINDIA,MACRO,GDP,0.9,1,1,0
2024-11-29,LT,MACRO,GDP,0.9,1,1,0
2024-11-29,ULTRACEMCO,MACRO,GDP,0.9,1,1,0
2024-11-29,GRASIM,MACRO,GDP,0.9,1,1,0
2024-11-29,ASIANPAINT,MACRO,GDP,0.9,1,1,0
2024-11-29,TITAN,MACRO,GDP,0.9,1,1,0
2024-12-02,HDFCBANK,MACRO,PMI,0.8,1,1,0
2024-12-02,ICICIBANK,MACRO,PMI,0.8,1,1,0
2024-12-02,SBIN,MACRO,PMI,0.8,1,1,0
2024-12-02,AXISBANK,MACRO,PMI,0.8,1,1,0
2024-12-02,KOTAKBANK,MACRO,PMI,0.8,1,1,0
2024-12-02,BAJFINANCE,MACRO,PMI,0.8,1,1,0
2024-12-02,BAJAJFINSV,MACRO,PMI,0.8,1,1,0
2024-12-02,INDUSINDBK,MACRO,PMI,0.8,1,1,0
2024-12-02,TCS,MACRO,PMI,0.8,1,1,0
2024-12-02,INFY,MACRO,PMI,0.8,1,1,0
2024-12-02,HCLTECH,MACRO,PMI,0.8,1,1,0
2024-12-02,WIPRO,MACRO,PMI,0.8,1,1,0
2024-12-02,TECHM,MACRO,PMI,0.8,1,1,0
2024-12-02,RELIANCE,MACRO,PMI,0.8,1,1,0
2024-12-02,ONGC,MACRO,PMI,0.8,1,1,0
2024-12-02,NTPC,MACRO,PMI,0.8,1,1,0
2024-12-02,POWERGRID,MACRO,PMI,0.8,1,1,0
2024-12-02,BPCL,MACRO,PMI,0.8,1,1,0
2024-12-02,HINDUNILVR,MACRO,PMI,0.8,1,1,0
2024-12-02,ITC,MACRO,PMI,0.8,1,1,0
2024-12-02,NESTLEIND,MACRO,PMI,0.8,1,1,0
2024-12-02,BRITANNIA,MACRO,PMI,0.8,1,1,0
2024-12-02,MARUTI,MACRO,PMI,0.8,1,1,0
2024-12-02,M&M,MACRO,PMI,0.8,1,1,0
2024-12-02,BHARTIARTL,MACRO,PMI,0.8,1,1,0
2024-12-02,EICHERMOT,MACRO,PMI,0.8,1,1,0
2024-12-02,HEROMOTOCO,MACRO,PMI,0.8,1,1,0
2024-12-02,BAJAJ-AUTO,MACRO,PMI,0.8,1,1,0
2024-12-02,SUNPHARMA,MACRO,PMI,0.8,1,1,0
2024-12-02,CIPLA,MACRO,PMI,0.8,1,1,0
2024-12-02,DRREDDY,MACRO,PMI,0.8,1,1,0
2024-12-02,TATASTEEL,MACRO,PMI,0.8,1,1,0
2024-12-02,JSWSTEEL,MACRO,PMI,0.8,1,1,0
2024-12-02,HINDALCO,MACRO,PMI,0.8,1,1,0
2024-12-02,COALINDIA,MACRO,PMI,0.8,1,1,0
2024-12-02,LT,MACRO,PMI,0.8,1,1,0
2024-12-02,ULTRACEMCO,MACRO,PMI,0.8,1,1,0
2024-12-02,GRASIM,MACRO,PMI,0.8,1,1,0
2024-12-02,ASIANPAINT,MACRO,PMI,0.8,1,1,0
2024-12-02,TITAN,MACRO,PMI,0.8,1,1,0
2024-12-06,HDFCBANK,GOVT,RBI_POLICY,1.0,1,1,0
2024-12-06,ICICIBANK,GOVT,RBI_POLICY,1.0,1,1,0
2024-12-06,SBIN,GOVT,RBI_POLICY,1.0,1,1,0
2024-12-06,AXISBANK,GOVT,RBI_POLICY,1.0,1,1,0
2024-12-06,KOTAKBANK,GOVT,RBI_POLICY,1.0,1,1,0
2024-12-06,BAJFINANCE,GOVT,RBI_POLICY,1.0,1,1,0
2024-12-06,BAJAJFINSV,GOVT,RBI_POLICY,1.0,1,1,0
2024-12-06,INDUSINDBK,GOVT,RBI_POLICY,1.0,1,1,0
2024-12-06,TCS,GOVT,RBI_POLICY,1.0,1,1,0
2024-12-06,INFY,GOVT,RBI_POLICY,1.0,1,1,0
2024-12-06,HCLTECH,GOVT,RBI_POLICY,1.0,1,1,0
2024-12-06,WIPRO,GOVT,RBI_POLICY,1.0,1,1,0
2024-12-06,TECHM,GOVT,RBI_POLICY,1.0,1,1,0
2024-12-06,RELIANCE,GOVT,RBI_POLICY,1.0,1,1,0
2024-12-06,ONGC,GOVT,RBI_POLICY,1.0,1,1,0
2024-12-06,NTPC,GOVT,RBI_POLICY,1.0,1,1,0
2024-12-06,POWERGRID,GOVT,RBI_POLICY,1.0,1,1,0
2024-12-06,BPCL,GOVT,RBI_POLICY,1.0,1,1,0
2024-12-06,HINDUNILVR,GOVT,RBI_POLICY,1.0,1,1,0
2024-12-06,ITC,GOVT,RBI_POLICY,1.0,1,1,0
2024-12-06,NESTLEIND,GOVT,RBI_POLICY,1.0,1,1,0
2024-12-06,BRITANNIA,GOVT,RBI_POLICY,1.0,1,1,0
2024-12-06,MARUTI,GOVT,RBI_POLICY,1.0,1,1,0
2024-12-06,M&M,GOVT,RBI_POLICY,1.0,1,1,0
2024-12-06,BHARTIARTL,GOVT,RBI_POLICY,1.0,1,1,0
2024-12-06,EICHERMOT,GOVT,RBI_POLICY,1.0,1,1,0
2024-12-06,HEROMOTOCO,GOVT,RBI_POLICY,1.0,1,1,0
2024-12-06,BAJAJ-AUTO,GOVT,RBI_POLICY,1.0,1,1,0
2024-12-06,SUNPHARMA,GOVT,RBI_POLICY,1.0,1,1,0
2024-12-06,CIPLA,GOVT,RBI_POLICY,1.0,1,1,0
2024-12-06,DRREDDY,GOVT,RBI_POLICY,1.0,1,1,0
2024-12-06,TATASTEEL,GOVT,RBI_POLICY,1.0,1,1,0
2024-12-06,JSWSTEEL,GOVT,RBI_POLICY,1.0,1,1,0
2024-12-06,HINDALCO,GOVT,RBI_POLICY,1.0,1,1,0
2024-12-06,COALINDIA,GOVT,RBI_POLICY,1.0,1,1,0
2024-12-06,LT,GOVT,RBI_POLICY,1.0,1,1,0
2024-12-06,ULTRACEMCO,GOVT,RBI_POLICY,1.0,1,1,0
2024-12-06,GRASIM,GOVT,RBI_POLICY,1.0,1,1,0
2024-12-06,ASIANPAINT,GOVT,RBI_POLICY,1.0,1,1,0
2024-12-06,TITAN,GOVT,RBI_POLICY,1.0,1,1,0
2024-12-12,HDFCBANK,MACRO,CPI,0.8,1,1,0
2024-12-12,ICICIBANK,MACRO,CPI,0.8,1,1,0
2024-12-12,SBIN,MACRO,CPI,0.8,1,1,0
2024-12-12,AXISBANK,MACRO,CPI,0.8,1,1,0
2024-12-12,KOTAKBANK,MACRO,CPI,0.8,1,1,0
2024-12-12,BAJFINANCE,MACRO,CPI,0.8,1,1,0
2024-12-12,BAJAJFINSV,MACRO,CPI,0.8,1,1,0
2024-12-12,INDUSINDBK,MACRO,CPI,0.8,1,1,0
2024-12-12,TCS,MACRO,CPI,0.8,1,1,0
2024-12-12,INFY,MACRO,CPI,0.8,1,1,0
2024-12-12,HCLTECH,MACRO,CPI,0.8,1,1,0
2024-12-12,WIPRO,MACRO,CPI,0.8,1,1,0
2024-12-12,TECHM,MACRO,CPI,0.8,1,1,0
2024-12-12,RELIANCE,MACRO,CPI,0.8,1,1,0
2024-12-12,ONGC,MACRO,CPI,0.8,1,1,0
2024-12-12,NTPC,MACRO,CPI,0.8,1,1,0
2024-12-12,POWERGRID,MACRO,CPI,0.8,1,1,0
2024-12-12,BPCL,MACRO,CPI,0.8,1,1,0
2024-12-12,HINDUNILVR,MACRO,CPI,0.8,1,1,0
2024-12-12,ITC,MACRO,CPI,0.8,1,1,0
2024-12-12,NESTLEIND,MACRO,CPI,0.8,1,1,0
2024-12-12,BRITANNIA,MACRO,CPI,0.8,1,1,0
2024-12-12,MARUTI,MACRO,CPI,0.8,1,1,0
2024-12-12,M&M,MACRO,CPI,0.8,1,1,0
2024-12-12,BHARTIARTL,MACRO,CPI,0.8,1,1,0
2024-12-12,EICHERMOT,MACRO,CPI,0.8,1,1,0
2024-12-12,HEROMOTOCO,MACRO,CPI,0.8,1,1,0
2024-12-12,BAJAJ-AUTO,MACRO,CPI,0.8,1,1,0
2024-12-12,SUNPHARMA,MACRO,CPI,0.8,1,1,0
2024-12-12,CIPLA,MACRO,CPI,0.8,1,1,0
2024-12-12,DRREDDY,MACRO,CPI,0.8,1,1,0
2024-12-12,TATASTEEL,MACRO,CPI,0.8,1,1,0
2024-12-12,JSWSTEEL,MACRO,CPI,0.8,1,1,0
2024-12-12,HINDALCO,MACRO,CPI,0.8,1,1,0
2024-12-12,COALINDIA,MACRO,CPI,0.8,1,1,0
2024-12-12,LT,MACRO,CPI,0.8,1,1,0
2024-12-12,ULTRACEMCO,MACRO,CPI,0.8,1,1,0
2024-12-12,GRASIM,MACRO,CPI,0.8,1,1,0
2024-12-12,ASIANPAINT,MACRO,CPI,0.8,1,1,0
2024-12-12,TITAN,MACRO,CPI,0.8,1,1,0
2025-01-02,HDFCBANK,MACRO,PMI,0.8,1,1,0
2025-01-02,ICICIBANK,MACRO,PMI,0.8,1,1,0
2025-01-02,SBIN,MACRO,PMI,0.8,1,1,0
2025-01-02,AXISBANK,MACRO,PMI,0.8,1,1,0
2025-01-02,KOTAKBANK,MACRO,PMI,0.8,1,1,0
2025-01-02,BAJFINANCE,MACRO,PMI,0.8,1,1,0
2025-01-02,BAJAJFINSV,MACRO,PMI,0.8,1,1,0
2025-01-02,INDUSINDBK,MACRO,PMI,0.8,1,1,0
2025-01-02,TCS,MACRO,PMI,0.8,1,1,0
2025-01-02,INFY,MACRO,PMI,0.8,1,1,0
2025-01-02,HCLTECH,MACRO,PMI,0.8,1,1,0
2025-01-02,WIPRO,MACRO,PMI,0.8,1,1,0
2025-01-02,TECHM,MACRO,PMI,0.8,1,1,0
2025-01-02,RELIANCE,MACRO,PMI,0.8,1,1,0
2025-01-02,ONGC,MACRO,PMI,0.8,1,1,0
2025-01-02,NTPC,MACRO,PMI,0.8,1,1,0
2025-01-02,POWERGRID,MACRO,PMI,0.8,1,1,0
2025-01-02,BPCL,MACRO,PMI,0.8,1,1,0
2025-01-02,HINDUNILVR,MACRO,PMI,0.8,1,1,0
2025-01-02,ITC,MACRO,PMI,0.8,1,1,0
2025-01-02,NESTLEIND,MACRO,PMI,0.8,1,1,0
2025-01-02,BRITANNIA,MACRO,PMI,0.8,1,1,0
2025-01-02,MARUTI,MACRO,PMI,0.8,1,1,0
2025-01-02,M&M,MACRO,PMI,0.8,1,1,0
2025-01-02,BHARTIARTL,MACRO,PMI,0.8,1,1,0
2025-01-02,EICHERMOT,MACRO,PMI,0.8,1,1,0
2025-01-02,HEROMOTOCO,MACRO,PMI,0.8,1,1,0
2025-01-02,BAJAJ-AUTO,MACRO,PMI,0.8,1,1,0
2025-01-02,SUNPHARMA,MACRO,PMI,0.8,1,1,0
2025-01-02,CIPLA,MACRO,PMI,0.8,1,1,0
2025-01-02,DRREDDY,MACRO,PMI,0.8,1,1,0
2025-01-02,TATASTEEL,MACRO,PMI,0.8,1,1,0
2025-01-02,JSWSTEEL,MACRO,PMI,0.8,1,1,0
2025-01-02,HINDALCO,MACRO,PMI,0.8,1,1,0
2025-01-02,COALINDIA,MACRO,PMI,0.8,1,1,0
2025-01-02,LT,MACRO,PMI,0.8,1,1,0
2025-01-02,ULTRACEMCO,MACRO,PMI,0.8,1,1,0
2025-01-02,GRASIM,MACRO,PMI,0.8,1,1,0
2025-01-02,ASIANPAINT,MACRO,PMI,0.8,1,1,0
2025-01-02,TITAN,MACRO,PMI,0.8,1,1,0
2025-01-09,TCS,STOCK,EARNINGS,1.0,1,1,0
2025-01-13,HDFCBANK,MACRO,CPI,0.8,1,1,0
2025-01-13,ICICIBANK,MACRO,CPI,0.8,1,1,0
2025-01-13,SBIN,MACRO,CPI,0.8,1,1,0
2025-01-13,AXISBANK,MACRO,CPI,0.8,1,1,0
2025-01-13,KOTAKBANK,MACRO,CPI,0.8,1,1,0
2025-01-13,BAJFINANCE,MACRO,CPI,0.8,1,1,0
2025-01-13,BAJAJFINSV,MACRO,CPI,0.8,1,1,0
2025-01-13,INDUSINDBK,MACRO,CPI,0.8,1,1,0
2025-01-13,TCS,MACRO,CPI,0.8,1,1,0
2025-01-13,INFY,MACRO,CPI,0.8,1,1,0
2025-01-13,HCLTECH,MACRO|STOCK,CPI|EARNINGS,1.0,2,1,0
2025-01-13,WIPRO,MACRO,CPI,0.8,1,1,0
2025-01-13,TECHM,MACRO,CPI,0.8,1,1,0
2025-01-13,RELIANCE,MACRO,CPI,0.8,1,1,0
2025-01-13,ONGC,MACRO,CPI,0.8,1,1,0
2025-01-13,NTPC,MACRO,CPI,0.8,1,1,0
2025-01-13,POWERGRID,MACRO,CPI,0.8,1,1,0
2025-01-13,BPCL,MACRO,CPI,0.8,1,1,0
2025-01-13,HINDUNILVR,MACRO,CPI,0.8,1,1,0
2025-01-13,ITC,MACRO,CPI,0.8,1,1,0
2025-01-13,NESTLEIND,MACRO,CPI,0.8,1,1,0
2025-01-13,BRITANNIA,MACRO,CPI,0.8,1,1,0
2025-01-13,MARUTI,MACRO,CPI,0.8,1,1,0
2025-01-13,M&M,MACRO,CPI,0.8,1,1,0
2025-01-13,BHARTIARTL,MACRO,CPI,0.8,1,1,0
2025-01-13,EICHERMOT,MACRO,CPI,0.8,1,1,0
2025-01-13,HEROMOTOCO,MACRO,CPI,0.8,1,1,0
2025-01-13,BAJAJ-AUTO,MACRO,CPI,0.8,1,1,0
2025-01-13,SUNPHARMA,MACRO,CPI,0.8,1,1,0
2025-01-13,CIPLA,MACRO,CPI,0.8,1,1,0
2025-01-13,DRREDDY,MACRO,CPI,0.8,1,1,0
2025-01-13,TATASTEEL,MACRO,CPI,0.8,1,1,0
2025-01-13,JSWSTEEL,MACRO,CPI,0.8,1,1,0
2025-01-13,HINDALCO,MACRO,CPI,0.8,1,1,0
2025-01-13,COALINDIA,MACRO,CPI,0.8,1,1,0
2025-01-13,LT,MACRO,CPI,0.8,1,1,0
2025-01-13,ULTRACEMCO,MACRO,CPI,0.8,1,1,0
2025-01-13,GRASIM,MACRO,CPI,0.8,1,1,0
2025-01-13,ASIANPAINT,MACRO,CPI,0.8,1,1,0
2025-01-13,TITAN,MACRO,CPI,0.8,1,1,0
2025-01-16,AXISBANK,STOCK,EARNINGS,1.0,1,1,0
2025-01-16,INFY,STOCK,EARNINGS,1.0,1,1,0
2025-01-16,RELIANCE,STOCK,EARNINGS,1.0,1,1,0
2025-01-17,WIPRO,STOCK,EARNINGS,1.0,1,1,0
2025-01-17,TECHM,STOCK,EARNINGS,1.0,1,1,0
2025-01-21,ULTRACEMCO,STOCK,EARNINGS,1.0,1,1,0
2025-01-22,HDFCBANK,STOCK,EARNINGS,1.0,1,1,0
2025-01-22,BPCL,STOCK,DIVIDEND|EARNINGS,1.0,2,1,0
2025-01-22,HINDUNILVR,STOCK,EARNINGS,1.0,1,1,0
2025-01-23,DRREDDY,STOCK,EARNINGS,1.0,1,1,0
2025-01-23,ULTRACEMCO,STOCK,EARNINGS,1.0,1,1,0
2025-01-24,JSWSTEEL,STOCK,EARNINGS,1.0,1,1,0
2025-01-27,TATASTEEL,STOCK,EARNINGS,1.0,1,1,0
2025-01-27,COALINDIA,STOCK,EARNINGS,1.0,1,1,0
2025-01-28,BAJAJ-AUTO,STOCK,EARNINGS,1.0,1,1,0
2025-01-28,CIPLA,STOCK,EARNINGS,1.0,1,1,0
2025-01-29,BAJFINANCE,STOCK,EARNINGS,1.0,1,1,0
2025-01-29,MARUTI,STOCK,EARNINGS,1.0,1,1,0
2025-01-30,BAJAJFINSV,STOCK,EARNINGS,1.0,1,1,0
2025-01-30,LT,STOCK,EARNINGS,1.0,1,1,0
2025-01-31,INDUSINDBK,STOCK,EARNINGS,1.0,1,1,0
2025-01-31,ONGC,STOCK,EARNINGS,1.0,1,1,0
2025-01-31,NESTLEIND,STOCK,DIVIDEND|EARNINGS,1.0,2,1,0
2025-01-31,SUNPHARMA,STOCK,EARNINGS,1.0,1,1,0
2025-02-03,HDFCBANK,MACRO,PMI,0.8,1,1,0
2025-02-03,ICICIBANK,MACRO,PMI,0.8,1,1,0
2025-02-03,SBIN,MACRO,PMI,0.8,1,1,0
2025-02-03,AXISBANK,MACRO,PMI,0.8,1,1,0
2025-02-03,KOTAKBANK,MACRO,PMI,0.8,1,1,0
2025-02-03,BAJFINANCE,MACRO,PMI,0.8,1,1,0
2025-02-03,BAJAJFINSV,MACRO,PMI,0.8,1,1,0
2025-02-03,INDUSINDBK,MACRO,PMI,0.8,1,1,0
2025-02-03,TCS,MACRO,PMI,0.8,1,1,0
2025-02-03,INFY,MACRO,PMI,0.8,1,1,0
2025-02-03,HCLTECH,MACRO,PMI,0.8,1,1,0
2025-02-03,WIPRO,MACRO,PMI,0.8,1,1,0
2025-02-03,TECHM,MACRO,PMI,0.8,1,1,0
2025-02-03,RELIANCE,MACRO,PMI,0.8,1,1,0
2025-02-03,ONGC,MACRO,PMI,0.8,1,1,0
2025-02-03,NTPC,MACRO,PMI,0.8,1,1,0
2025-02-03,POWERGRID,MACRO|STOCK,EARNINGS|PMI,1.0,2,1,0
2025-02-03,BPCL,MACRO,PMI,0.8,1,1,0
2025-02-03,HINDUNILVR,MACRO,PMI,0.8,1,1,0
2025-02-03,ITC,MACRO,PMI,0.8,1,1,0
2025-02-03,NESTLEIND,MACRO,PMI,0.8,1,1,0
2025-02-03,BRITANNIA,MACRO,PMI,0.8,1,1,0
2025-02-03,MARUTI,MACRO,PMI,0.8,1,1,0
2025-02-03,M&M,MACRO,PMI,0.8,1,1,0
2025-02-03,BHARTIARTL,MACRO,PMI,0.8,1,1,0
2025-02-03,EICHERMOT,MACRO,PMI,0.8,1,1,0
2025-02-03,HEROMOTOCO,MACRO,PMI,0.8,1,1,0
2025-02-03,BAJAJ-AUTO,MACRO,PMI,0.8,1,1,0
2025-02-03,SUNPHARMA,MACRO,PMI,0.8,1,1,0
2025-02-03,CIPLA,MACRO,PMI,0.8,1,1,0
2025-02-03,DRREDDY,MACRO,PMI,0.8,1,1,0
2025-02-03,TATASTEEL,MACRO,PMI,0.8,1,1,0
2025-02-03,JSWSTEEL,MACRO,PMI,0.8,1,1,0
2025-02-03,HINDALCO,MACRO,PMI,0.8,1,1,0
2025-02-03,COALINDIA,MACRO,PMI,0.8,1,1,0
2025-02-03,LT,MACRO,PMI,0.8,1,1,0
2025-02-03,ULTRACEMCO,MACRO,PMI,0.8,1,1,0
2025-02-03,GRASIM,MACRO,PMI,0.8,1,1,0
2025-02-03,ASIANPAINT,MACRO,PMI,0.8,1,1,0
2025-02-03,TITAN,MACRO,PMI,0.8,1,1,0
2025-02-04,ASIANPAINT,STOCK,EARNINGS,1.0,1,1,0
2025-02-04,TITAN,STOCK,EARNINGS,1.0,1,1,0
2025-02-06,SBIN,STOCK,EARNINGS,1.0,1,1,0
2025-02-06,ITC,STOCK,EARNINGS,1.0,1,1,0
2025-02-06,BRITANNIA,STOCK,EARNINGS,1.0,1,1,0
2025-02-06,BHARTIARTL,STOCK,EARNINGS,1.0,1,1,0
2025-02-06,HEROMOTOCO,STOCK,DIVIDEND|EARNINGS,1.0,2,1,0
2025-02-07,HDFCBANK,GOVT,RBI_POLICY|REPO_RATE,1.0,2,1,0
2025-02-07,ICICIBANK,GOVT,RBI_POLICY|REPO_RATE,1.0,2,1,0
2025-02-07,SBIN,GOVT,RBI_POLICY|REPO_RATE,1.0,2,1,0
2025-02-07,AXISBANK,GOVT,RBI_POLICY|REPO_RATE,1.0,2,1,0
2025-02-07,KOTAKBANK,GOVT,RBI_POLICY|REPO_RATE,1.0,2,1,0
2025-02-07,BAJFINANCE,GOVT,RBI_POLICY|REPO_RATE,1.0,2,1,0
2025-02-07,BAJAJFINSV,GOVT,RBI_POLICY|REPO_RATE,1.0,2,1,0
2025-02-07,INDUSINDBK,GOVT,RBI_POLICY|REPO_RATE,1.0,2,1,0
2025-02-07,TCS,GOVT,RBI_POLICY|REPO_RATE,1.0,2,1,0
2025-02-07,INFY,GOVT,RBI_POLICY|REPO_RATE,1.0,2,1,0
2025-02-07,HCLTECH,GOVT,RBI_POLICY|REPO_RATE,1.0,2,1,0
2025-02-07,WIPRO,GOVT,RBI_POLICY|REPO_RATE,1.0,2,1,0
2025-02-07,TECHM,GOVT,RBI_POLICY|REPO_RATE,1.0,2,1,0
2025-02-07,RELIANCE,GOVT,RBI_POLICY|REPO_RATE,1.0,2,1,0
2025-02-07,ONGC,GOVT,RBI_POLICY|REPO_RATE,1.0,2,1,0
2025-02-07,NTPC,GOVT,RBI_POLICY|REPO_RATE,1.0,2,1,0
2025-02-07,POWERGRID,GOVT,RBI_POLICY|REPO_RATE,1.0,2,1,0
2025-02-07,BPCL,GOVT,RBI_POLICY|REPO_RATE,1.0,2,1,0
2025-02-07,HINDUNILVR,GOVT,RBI_POLICY|REPO_RATE,1.0,2,1,0
2025-02-07,ITC,GOVT,RBI_POLICY|REPO_RATE,1.0,2,1,0
2025-02-07,NESTLEIND,GOVT,RBI_POLICY|REPO_RATE,1.0,2,1,0
2025-02-07,BRITANNIA,GOVT,RBI_POLICY|REPO_RATE,1.0,2,1,0
2025-02-07,MARUTI,GOVT,RBI_POLICY|REPO_RATE,1.0,2,1,0
2025-02-07,M&M,GOVT|STOCK,EARNINGS|RBI_POLICY|REPO_RATE,1.0,3,1,0
2025-02-07,BHARTIARTL,GOVT,RBI_POLICY|REPO_RATE,1.0,2,1,0
2025-02-07,EICHERMOT,GOVT,RBI_POLICY|REPO_RATE,1.0,2,1,0
2025-02-07,HEROMOTOCO,GOVT,RBI_POLICY|REPO_RATE,1.0,2,1,0
2025-02-07,BAJAJ-AUTO,GOVT,RBI_POLICY|REPO_RATE,1.0,2,1,0
2025-02-07,SUNPHARMA,GOVT,RBI_POLICY|REPO_RATE,1.0,2,1,0
2025-02-07,CIPLA,GOVT,RBI_POLICY|REPO_RATE,1.0,2,1,0
2025-02-07,DRREDDY,GOVT,RBI_POLICY|REPO_RATE,1.0,2,1,0
2025-02-07,TATASTEEL,GOVT,RBI_POLICY|REPO_RATE,1.0,2,1,0
2025-02-07,JSWSTEEL,GOVT,RBI_POLICY|REPO_RATE,1.0,2,1,0
2025-02-07,HINDALCO,GOVT,RBI_POLICY|REPO_RATE,1.0,2,1,0
2025-02-07,COALINDIA,GOVT,RBI_POLICY|REPO_RATE,1.0,2,1,0
2025-02-07,LT,GOVT,RBI_POLICY|REPO_RATE,1.0,2,1,0
2025-02-07,ULTRACEMCO,GOVT,RBI_POLICY|REPO_RATE,1.0,2,1,0
2025-02-07,GRASIM,GOVT,RBI_POLICY|REPO_RATE,1.0,2,1,0
2025-02-07,ASIANPAINT,GOVT,RBI_POLICY|REPO_RATE,1.0,2,1,0
2025-02-07,TITAN,GOVT,RBI_POLICY|REPO_RATE,1.0,2,1,0
2025-02-10,EICHERMOT,STOCK,EARNINGS,1.0,1,1,0
2025-02-10,GRASIM,STOCK,EARNINGS,1.0,1,1,0
2025-02-12,HDFCBANK,MACRO,CPI,0.8,1,1,0
2025-02-12,ICICIBANK,MACRO,CPI,0.8,1,1,0
2025-02-12,SBIN,MACRO,CPI,0.8,1,1,0
2025-02-12,AXISBANK,MACRO,CPI,0.8,1,1,0
2025-02-12,KOTAKBANK,MACRO,CPI,0.8,1,1,0
2025-02-12,BAJFINANCE,MACRO,CPI,0.8,1,1,0
2025-02-12,BAJAJFINSV,MACRO,CPI,0.8,1,1,0
2025-02-12,INDUSINDBK,MACRO,CPI,0.8,1,1,0
2025-02-12,TCS,MACRO,CPI,0.8,1,1,0
2025-02-12,INFY,MACRO,CPI,0.8,1,1,0
2025-02-12,HCLTECH,MACRO,CPI,0.8,1,1,0
2025-02-12,WIPRO,MACRO,CPI,0.8,1,1,0
2025-02-12,TECHM,MACRO,CPI,0.8,1,1,0
2025-02-12,RELIANCE,MACRO,CPI,0.8,1,1,0
2025-02-12,ONGC,MACRO,CPI,0.8,1,1,0
2025-02-12,NTPC,MACRO,CPI,0.8,1,1,0
2025-02-12,POWERGRID,MACRO,CPI,0.8,1,1,0
2025-02-12,BPCL,MACRO,CPI,0.8,1,1,0
2025-02-12,HINDUNILVR,MACRO,CPI,0.8,1,1,0
2025-02-12,ITC,MACRO,CPI,0.8,1,1,0
2025-02-12,NESTLEIND,MACRO,CPI,0.8,1,1,0
2025-02-12,BRITANNIA,MACRO,CPI,0.8,1,1,0
2025-02-12,MARUTI,MACRO,CPI,0.8,1,1,0
2025-02-12,M&M,MACRO,CPI,0.8,1,1,0
2025-02-12,BHARTIARTL,MACRO,CPI,0.8,1,1,0
2025-02-12,EICHERMOT,MACRO,CPI,0.8,1,1,0
2025-02-12,HEROMOTOCO,MACRO,CPI,0.8,1,1,0
2025-02-12,BAJAJ-AUTO,MACRO,CPI,0.8,1,1,0
2025-02-12,SUNPHARMA,MACRO,CPI,0.8,1,1,0
2025-02-12,CIPLA,MACRO,CPI,0.8,1,1,0
2025-02-12,DRREDDY,MACRO,CPI,0.8,1,1,0
2025-02-12,TATASTEEL,MACRO,CPI,0.8,1,1,0
2025-02-12,JSWSTEEL,MACRO,CPI,0.8,1,1,0
2025-02-12,HINDALCO,MACRO,CPI,0.8,1,1,0
2025-02-12,COALINDIA,MACRO,CPI,0.8,1,1,0
2025-02-12,LT,MACRO,CPI,0.8,1,1,0
2025-02-12,ULTRACEMCO,MACRO,CPI,0.8,1,1,0
2025-02-12,GRASIM,MACRO,CPI,0.8,1,1,0
2025-02-12,ASIANPAINT,MACRO,CPI,0.8,1,1,0
2025-02-12,TITAN,MACRO,CPI,0.8,1,1,0
2025-02-13,HINDALCO,STOCK,EARNINGS,1.0,1,1,0
2025-02-28,HDFCBANK,MACRO,GDP,0.9,1,1,0
2025-02-28,ICICIBANK,MACRO,GDP,0.9,1,1,0
2025-02-28,SBIN,MACRO,GDP,0.9,1,1,0
2025-02-28,AXISBANK,MACRO,GDP,0.9,1,1,0
2025-02-28,KOTAKBANK,MACRO,GDP,0.9,1,1,0
2025-02-28,BAJFINANCE,MACRO,GDP,0.9,1,1,0
2025-02-28,BAJAJFINSV,MACRO,GDP,0.9,1,1,0
2025-02-28,INDUSINDBK,MACRO,GDP,0.9,1,1,0
2025-02-28,TCS,MACRO,GDP,0.9,1,1,0
2025-02-28,INFY,MACRO,GDP,0.9,1,1,0
2025-02-28,HCLTECH,MACRO,GDP,0.9,1,1,0
2025-02-28,WIPRO,MACRO,GDP,0.9,1,1,0
2025-02-28,TECHM,MACRO,GDP,0.9,1,1,0
2025-02-28,RELIANCE,MACRO,GDP,0.9,1,1,0
2025-02-28,ONGC,MACRO,GDP,0.9,1,1,0
2025-02-28,NTPC,MACRO,GDP,0.9,1,1,0
2025-02-28,POWERGRID,MACRO,GDP,0.9,1,1,0
2025-02-28,BPCL,MACRO,GDP,0.9,1,1,0
2025-02-28,HINDUNILVR,MACRO,GDP,0.9,1,1,0
2025-02-28,ITC,MACRO,GDP,0.9,1,1,0
2025-02-28,NESTLEIND,MACRO,GDP,0.9,1,1,0
2025-02-28,BRITANNIA,MACRO,GDP,0.9,1,1,0
2025-02-28,MARUTI,MACRO,GDP,0.9,1,1,0
2025-02-28,M&M,MACRO,GDP,0.9,1,1,0
2025-02-28,BHARTIARTL,MACRO,GDP,0.9,1,1,0
2025-02-28,EICHERMOT,MACRO,GDP,0.9,1,1,0
2025-02-28,HEROMOTOCO,MACRO,GDP,0.9,1,1,0
2025-02-28,BAJAJ-AUTO,MACRO,GDP,0.9,1,1,0
2025-02-28,SUNPHARMA,MACRO,GDP,0.9,1,1,0
2025-02-28,CIPLA,MACRO,GDP,0.9,1,1,0
2025-02-28,DRREDDY,MACRO,GDP,0.9,1,1,0
2025-02-28,TATASTEEL,MACRO,GDP,0.9,1,1,0
2025-02-28,JSWSTEEL,MACRO,GDP,0.9,1,1,0
2025-02-28,HINDALCO,MACRO,GDP,0.9,1,1,0
2025-02-28,COALINDIA,MACRO,GDP,0.9,1,1,0
2025-02-28,LT,MACRO,GDP,0.9,1,1,0
2025-02-28,ULTRACEMCO,MACRO,GDP,0.9,1,1,0
2025-02-28,GRASIM,MACRO,GDP,0.9,1,1,0
2025-02-28,ASIANPAINT,MACRO,GDP,0.9,1,1,0
2025-02-28,TITAN,MACRO,GDP,0.9,1,1,0
2025-03-03,HDFCBANK,MACRO,PMI,0.8,1,1,0
2025-03-03,ICICIBANK,MACRO,PMI,0.8,1,1,0
2025-03-03,SBIN,MACRO,PMI,0.8,1,1,0
2025-03-03,AXISBANK,MACRO,PMI,0.8,1,1,0
2025-03-03,KOTAKBANK,MACRO,PMI,0.8,1,1,0
2025-03-03,BAJFINANCE,MACRO,PMI,0.8,1,1,0
2025-03-03,BAJAJFINSV,MACRO,PMI,0.8,1,1,0
2025-03-03,INDUSINDBK,MACRO,PMI,0.8,1,1,0
2025-03-03,TCS,MACRO,PMI,0.8,1,1,0
2025-03-03,INFY,MACRO,PMI,0.8,1,1,0
2025-03-03,HCLTECH,MACRO,PMI,0.8,1,1,0
2025-03-03,WIPRO,MACRO,PMI,0.8,1,1,0
2025-03-03,TECHM,MACRO,PMI,0.8,1,1,0
2025-03-03,RELIANCE,MACRO,PMI,0.8,1,1,0
2025-03-03,ONGC,MACRO,PMI,0.8,1,1,0
2025-03-03,NTPC,MACRO,PMI,0.8,1,1,0
2025-03-03,POWERGRID,MACRO,PMI,0.8,1,1,0
2025-03-03,BPCL,MACRO,PMI,0.8,1,1,0
2025-03-03,HINDUNILVR,MACRO,PMI,0.8,1,1,0
2025-03-03,ITC,MACRO,PMI,0.8,1,1,0
2025-03-03,NESTLEIND,MACRO,PMI,0.8,1,1,0
2025-03-03,BRITANNIA,MACRO,PMI,0.8,1,1,0
2025-03-03,MARUTI,MACRO,PMI,0.8,1,1,0
2025-03-03,M&M,MACRO,PMI,0.8,1,1,0
2025-03-03,BHARTIARTL,MACRO,PMI,0.8,1,1,0
2025-03-03,EICHERMOT,MACRO,PMI,0.8,1,1,0
2025-03-03,HEROMOTOCO,MACRO,PMI,0.8,1,1,0
2025-03-03,BAJAJ-AUTO,MACRO,PMI,0.8,1,1,0
2025-03-03,SUNPHARMA,MACRO,PMI,0.8,1,1,0
2025-03-03,CIPLA,MACRO,PMI,0.8,1,1,0
2025-03-03,DRREDDY,MACRO,PMI,0.8,1,1,0
2025-03-03,TATASTEEL,MACRO,PMI,0.8,1,1,0
2025-03-03,JSWSTEEL,MACRO,PMI,0.8,1,1,0
2025-03-03,HINDALCO,MACRO,PMI,0.8,1,1,0
2025-03-03,COALINDIA,MACRO,PMI,0.8,1,1,0
2025-03-03,LT,MACRO,PMI,0.8,1,1,0
2025-03-03,ULTRACEMCO,MACRO,PMI,0.8,1,1,0
2025-03-03,GRASIM,MACRO,PMI,0.8,1,1,0
2025-03-03,ASIANPAINT,MACRO,PMI,0.8,1,1,0
2025-03-03,TITAN,MACRO,PMI,0.8,1,1,0
2025-03-12,HDFCBANK,MACRO,CPI,0.8,1,1,0
2025-03-12,ICICIBANK,MACRO,CPI,0.8,1,1,0
2025-03-12,SBIN,MACRO,CPI,0.8,1,1,0
2025-03-12,AXISBANK,MACRO,CPI,0.8,1,1,0
2025-03-12,KOTAKBANK,MACRO,CPI,0.8,1,1,0
2025-03-12,BAJFINANCE,MACRO,CPI,0.8,1,1,0
2025-03-12,BAJAJFINSV,MACRO,CPI,0.8,1,1,0
2025-03-12,INDUSINDBK,MACRO,CPI,0.8,1,1,0
2025-03-12,TCS,MACRO,CPI,0.8,1,1,0
2025-03-12,INFY,MACRO,CPI,0.8,1,1,0
2025-03-12,HCLTECH,MACRO,CPI,0.8,1,1,0
2025-03-12,WIPRO,MACRO,CPI,0.8,1,1,0
2025-03-12,TECHM,MACRO,CPI,0.8,1,1,0
2025-03-12,RELIANCE,MACRO,CPI,0.8,1,1,0
2025-03-12,ONGC,MACRO,CPI,0.8,1,1,0
2025-03-12,NTPC,MACRO,CPI,0.8,1,1,0
2025-03-12,POWERGRID,MACRO,CPI,0.8,1,1,0
2025-03-12,BPCL,MACRO,CPI,0.8,1,1,0
2025-03-12,HINDUNILVR,MACRO,CPI,0.8,1,1,0
2025-03-12,ITC,MACRO,CPI,0.8,1,1,0
2025-03-12,NESTLEIND,MACRO,CPI,0.8,1,1,0
2025-03-12,BRITANNIA,MACRO,CPI,0.8,1,1,0
2025-03-12,MARUTI,MACRO,CPI,0.8,1,1,0
2025-03-12,M&M,MACRO,CPI,0.8,1,1,0
2025-03-12,BHARTIARTL,MACRO,CPI,0.8,1,1,0
2025-03-12,EICHERMOT,MACRO,CPI,0.8,1,1,0
2025-03-12,HEROMOTOCO,MACRO,CPI,0.8,1,1,0
2025-03-12,BAJAJ-AUTO,MACRO,CPI,0.8,1,1,0
2025-03-12,SUNPHARMA,MACRO,CPI,0.8,1,1,0
2025-03-12,CIPLA,MACRO,CPI,0.8,1,1,0
2025-03-12,DRREDDY,MACRO,CPI,0.8,1,1,0
2025-03-12,TATASTEEL,MACRO,CPI,0.8,1,1,0
2025-03-12,JSWSTEEL,MACRO,CPI,0.8,1,1,0
2025-03-12,HINDALCO,MACRO,CPI,0.8,1,1,0
2025-03-12,COALINDIA,MACRO,CPI,0.8,1,1,0
2025-03-12,LT,MACRO,CPI,0.8,1,1,0
2025-03-12,ULTRACEMCO,MACRO,CPI,0.8,1,1,0
2025-03-12,GRASIM,MACRO,CPI,0.8,1,1,0
2025-03-12,ASIANPAINT,MACRO,CPI,0.8,1,1,0
2025-03-12,TITAN,MACRO,CPI,0.8,1,1,0
2025-04-01,HDFCBANK,MACRO,PMI,0.8,1,1,0
2025-04-01,ICICIBANK,MACRO,PMI,0.8,1,1,0
2025-04-01,SBIN,MACRO,PMI,0.8,1,1,0
2025-04-01,AXISBANK,MACRO,PMI,0.8,1,1,0
2025-04-01,KOTAKBANK,MACRO,PMI,0.8,1,1,0
2025-04-01,BAJFINANCE,MACRO,PMI,0.8,1,1,0
2025-04-01,BAJAJFINSV,MACRO,PMI,0.8,1,1,0
2025-04-01,INDUSINDBK,MACRO,PMI,0.8,1,1,0
2025-04-01,TCS,MACRO,PMI,0.8,1,1,0
2025-04-01,INFY,MACRO,PMI,0.8,1,1,0
2025-04-01,HCLTECH,MACRO,PMI,0.8,1,1,0
2025-04-01,WIPRO,MACRO,PMI,0.8,1,1,0
2025-04-01,TECHM,MACRO,PMI,0.8,1,1,0
2025-04-01,RELIANCE,MACRO,PMI,0.8,1,1,0
2025-04-01,ONGC,MACRO,PMI,0.8,1,1,0
2025-04-01,NTPC,MACRO,PMI,0.8,1,1,0
2025-04-01,POWERGRID,MACRO,PMI,0.8,1,1,0
2025-04-01,BPCL,MACRO,PMI,0.8,1,1,0
2025-04-01,HINDUNILVR,MACRO,PMI,0.8,1,1,0
2025-04-01,ITC,MACRO,PMI,0.8,1,1,0
2025-04-01,NESTLEIND,MACRO,PMI,0.8,1,1,0
2025-04-01,BRITANNIA,MACRO,PMI,0.8,1,1,0
2025-04-01,MARUTI,MACRO,PMI,0.8,1,1,0
2025-04-01,M&M,MACRO,PMI,0.8,1,1,0
2025-04-01,BHARTIARTL,MACRO,PMI,0.8,1,1,0
2025-04-01,EICHERMOT,MACRO,PMI,0.8,1,1,0
2025-04-01,HEROMOTOCO,MACRO,PMI,0.8,1,1,0
2025-04-01,BAJAJ-AUTO,MACRO,PMI,0.8,1,1,0
2025-04-01,SUNPHARMA,MACRO,PMI,0.8,1,1,0
2025-04-01,CIPLA,MACRO,PMI,0.8,1,1,0
2025-04-01,DRREDDY,MACRO,PMI,0.8,1,1,0
2025-04-01,TATASTEEL,MACRO,PMI,0.8,1,1,0
2025-04-01,JSWSTEEL,MACRO,PMI,0.8,1,1,0
2025-04-01,HINDALCO,MACRO,PMI,0.8,1,1,0
2025-04-01,COALINDIA,MACRO,PMI,0.8,1,1,0
2025-04-01,LT,MACRO,PMI,0.8,1,1,0
2025-04-01,ULTRACEMCO,MACRO,PMI,0.8,1,1,0
2025-04-01,GRASIM,MACRO,PMI,0.8,1,1,0
2025-04-01,ASIANPAINT,MACRO,PMI,0.8,1,1,0
2025-04-01,TITAN,MACRO,PMI,0.8,1,1,0
2025-04-09,HDFCBANK,GOVT,RBI_POLICY|REPO_RATE,1.0,2,1,0
2025-04-09,ICICIBANK,GOVT,RBI_POLICY|REPO_RATE,1.0,2,1,0
2025-04-09,SBIN,GOVT,RBI_POLICY|REPO_RATE,1.0,2,1,0
2025-04-09,AXISBANK,GOVT,RBI_POLICY|REPO_RATE,1.0,2,1,0
2025-04-09,KOTAKBANK,GOVT,RBI_POLICY|REPO_RATE,1.0,2,1,0
2025-04-09,BAJFINANCE,GOVT,RBI_POLICY|REPO_RATE,1.0,2,1,0
2025-04-09,BAJAJFINSV,GOVT,RBI_POLICY|REPO_RATE,1.0,2,1,0
2025-04-09,INDUSINDBK,GOVT,RBI_POLICY|REPO_RATE,1.0,2,1,0
2025-04-09,TCS,GOVT,RBI_POLICY|REPO_RATE,1.0,2,1,0
2025-04-09,INFY,GOVT,RBI_POLICY|REPO_RATE,1.0,2,1,0
2025-04-09,HCLTECH,GOVT,RBI_POLICY|REPO_RATE,1.0,2,1,0
2025-04-09,WIPRO,GOVT,RBI_POLICY|REPO_RATE,1.0,2,1,0
2025-04-09,TECHM,GOVT,RBI_POLICY|REPO_RATE,1.0,2,1,0
2025-04-09,RELIANCE,GOVT,RBI_POLICY|REPO_RATE,1.0,2,1,0
2025-04-09,ONGC,GOVT,RBI_POLICY|REPO_RATE,1.0,2,1,0
2025-04-09,NTPC,GOVT,RBI_POLICY|REPO_RATE,1.0,2,1,0
2025-04-09,POWERGRID,GOVT,RBI_POLICY|REPO_RATE,1.0,2,1,0
2025-04-09,BPCL,GOVT,RBI_POLICY|REPO_RATE,1.0,2,1,0
2025-04-09,HINDUNILVR,GOVT,RBI_POLICY|REPO_RATE,1.0,2,1,0
2025-04-09,ITC,GOVT,RBI_POLICY|REPO_RATE,1.0,2,1,0
2025-04-09,NESTLEIND,GOVT,RBI_POLICY|REPO_RATE,1.0,2,1,0
2025-04-09,BRITANNIA,GOVT,RBI_POLICY|REPO_RATE,1.0,2,1,0
2025-04-09,MARUTI,GOVT,RBI_POLICY|REPO_RATE,1.0,2,1,0
2025-04-09,M&M,GOVT,RBI_POLICY|REPO_RATE,1.0,2,1,0
2025-04-09,BHARTIARTL,GOVT,RBI_POLICY|REPO_RATE,1.0,2,1,0
2025-04-09,EICHERMOT,GOVT,RBI_POLICY|REPO_RATE,1.0,2,1,0
2025-04-09,HEROMOTOCO,GOVT,RBI_POLICY|REPO_RATE,1.0,2,1,0
2025-04-09,BAJAJ-AUTO,GOVT,RBI_POLICY|REPO_RATE,1.0,2,1,0
2025-04-09,SUNPHARMA,GOVT,RBI_POLICY|REPO_RATE,1.0,2,1,0
2025-04-09,CIPLA,GOVT,RBI_POLICY|REPO_RATE,1.0,2,1,0
2025-04-09,DRREDDY,GOVT,RBI_POLICY|REPO_RATE,1.0,2,1,0
2025-04-09,TATASTEEL,GOVT,RBI_POLICY|REPO_RATE,1.0,2,1,0
2025-04-09,JSWSTEEL,GOVT,RBI_POLICY|REPO_RATE,1.0,2,1,0
2025-04-09,HINDALCO,GOVT,RBI_POLICY|REPO_RATE,1.0,2,1,0
2025-04-09,COALINDIA,GOVT,RBI_POLICY|REPO_RATE,1.0,2,1,0
2025-04-09,LT,GOVT,RBI_POLICY|REPO_RATE,1.0,2,1,0
2025-04-09,ULTRACEMCO,GOVT,RBI_POLICY|REPO_RATE,1.0,2,1,0
2025-04-09,GRASIM,GOVT,RBI_POLICY|REPO_RATE,1.0,2,1,0
2025-04-09,ASIANPAINT,GOVT,RBI_POLICY|REPO_RATE,1.0,2,1,0
2025-04-09,TITAN,GOVT,RBI_POLICY|REPO_RATE,1.0,2,1,0
2025-04-10,TCS,STOCK,EARNINGS,1.0,1,1,0
2025-04-15,HDFCBANK,MACRO,CPI,0.8,1,1,0
2025-04-15,ICICIBANK,MACRO,CPI,0.8,1,1,0
2025-04-15,SBIN,MACRO,CPI,0.8,1,1,0
2025-04-15,AXISBANK,MACRO,CPI,0.8,1,1,0
2025-04-15,KOTAKBANK,MACRO,CPI,0.8,1,1,0
2025-04-15,BAJFINANCE,MACRO,CPI,0.8,1,1,0
2025-04-15,BAJAJFINSV,MACRO,CPI,0.8,1,1,0
2025-04-15,INDUSINDBK,MACRO,CPI,0.8,1,1,0
2025-04-15,TCS,MACRO,CPI,0.8,1,1,0
2025-04-15,INFY,MACRO,CPI,0.8,1,1,0
2025-04-15,HCLTECH,MACRO,CPI,0.8,1,1,0
2025-04-15,WIPRO,MACRO,CPI,0.8,1,1,0
2025-04-15,TECHM,MACRO,CPI,0.8,1,1,0
2025-04-15,RELIANCE,MACRO,CPI,0.8,1,1,0
2025-04-15,ONGC,MACRO,CPI,0.8,1,1,0
2025-04-15,NTPC,MACRO,CPI,0.8,1,1,0
2025-04-15,POWERGRID,MACRO,CPI,0.8,1,1,0
2025-04-15,BPCL,MACRO,CPI,0.8,1,1,0
2025-04-15,HINDUNILVR,MACRO,CPI,0.8,1,1,0
2025-04-15,ITC,MACRO,CPI,0.8,1,1,0
2025-04-15,NESTLEIND,MACRO,CPI,0.8,1,1,0
2025-04-15,BRITANNIA,MACRO,CPI,0.8,1,1,0
2025-04-15,MARUTI,MACRO,CPI,0.8,1,1,0
2025-04-15,M&M,MACRO,CPI,0.8,1,1,0
2025-04-15,BHARTIARTL,MACRO,CPI,0.8,1,1,0
2025-04-15,EICHERMOT,MACRO,CPI,0.8,1,1,0
2025-04-15,HEROMOTOCO,MACRO,CPI,0.8,1,1,0
2025-04-15,BAJAJ-AUTO,MACRO,CPI,0.8,1,1,0
2025-04-15,SUNPHARMA,MACRO,CPI,0.8,1,1,0
2025-04-15,CIPLA,MACRO,CPI,0.8,1,1,0
2025-04-15,DRREDDY,MACRO,CPI,0.8,1,1,0
2025-04-15,TATASTEEL,MACRO,CPI,0.8,1,1,0
2025-04-15,JSWSTEEL,MACRO,CPI,0.8,1,1,0
2025-04-15,HINDALCO,MACRO,CPI,0.8,1,1,0
2025-04-15,COALINDIA,MACRO,CPI,0.8,1,1,0
2025-04-15,LT,MACRO,CPI,0.8,1,1,0
2025-04-15,ULTRACEMCO,MACRO,CPI,0.8,1,1,0
2025-04-15,GRASIM,MACRO,CPI,0.8,1,1,0
2025-04-15,ASIANPAINT,MACRO,CPI,0.8,1,1,0
2025-04-15,TITAN,MACRO,CPI,0.8,1,1,0
2025-04-16,WIPRO,STOCK,EARNINGS,1.0,1,1,0
2025-04-17,INFY,STOCK,EARNINGS,1.0,1,1,0
2025-04-22,HCLTECH,STOCK,EARNINGS,1.0,1,1,0
2025-04-24,AXISBANK,STOCK,EARNINGS,1.0,1,1,0
2025-04-24,TECHM,STOCK,EARNINGS,1.0,1,1,0
2025-04-24,HINDUNILVR,STOCK,EARNINGS,1.0,1,1,0
2025-04-24,NESTLEIND,STOCK,DIVIDEND|EARNINGS,1.0,2,1,0
2025-04-25,RELIANCE,STOCK,EARNINGS,1.0,1,1,0
2025-04-25,MARUTI,STOCK,EARNINGS,1.0,1,1,0
2025-04-28,ULTRACEMCO,STOCK,EARNINGS,1.0,1,1,0
2025-04-29,BAJFINANCE,STOCK,BONUS|DIVIDEND|EARNINGS|STOCK_SPLIT,1.0,4,1,0
2025-04-29,BAJAJFINSV,STOCK,EARNINGS,1.0,1,1,0
2025-04-29,BPCL,STOCK,EARNINGS,1.0,1,1,0
2025-05-02,HDFCBANK,MACRO,PMI,0.8,1,1,0
2025-05-02,ICICIBANK,MACRO,PMI,0.8,1,1,0
2025-05-02,SBIN,MACRO,PMI,0.8,1,1,0
2025-05-02,AXISBANK,MACRO,PMI,0.8,1,1,0
2025-05-02,KOTAKBANK,MACRO,PMI,0.8,1,1,0
2025-05-02,BAJFINANCE,MACRO,PMI,0.8,1,1,0
2025-05-02,BAJAJFINSV,MACRO,PMI,0.8,1,1,0
2025-05-02,INDUSINDBK,MACRO,PMI,0.8,1,1,0
2025-05-02,TCS,MACRO,PMI,0.8,1,1,0
2025-05-02,INFY,MACRO,PMI,0.8,1,1,0
2025-05-02,HCLTECH,MACRO,PMI,0.8,1,1,0
2025-05-02,WIPRO,MACRO,PMI,0.8,1,1,0
2025-05-02,TECHM,MACRO,PMI,0.8,1,1,0
2025-05-02,RELIANCE,MACRO,PMI,0.8,1,1,0
2025-05-02,ONGC,MACRO,PMI,0.8,1,1,0
2025-05-02,NTPC,MACRO,PMI,0.8,1,1,0
2025-05-02,POWERGRID,MACRO,PMI,0.8,1,1,0
2025-05-02,BPCL,MACRO,PMI,0.8,1,1,0
2025-05-02,HINDUNILVR,MACRO,PMI,0.8,1,1,0
2025-05-02,ITC,MACRO,PMI,0.8,1,1,0
2025-05-02,NESTLEIND,MACRO,PMI,0.8,1,1,0
2025-05-02,BRITANNIA,MACRO,PMI,0.8,1,1,0
2025-05-02,MARUTI,MACRO,PMI,0.8,1,1,0
2025-05-02,M&M,MACRO,PMI,0.8,1,1,0
2025-05-02,BHARTIARTL,MACRO,PMI,0.8,1,1,0
2025-05-02,EICHERMOT,MACRO,PMI,0.8,1,1,0
2025-05-02,HEROMOTOCO,MACRO,PMI,0.8,1,1,0
2025-05-02,BAJAJ-AUTO,MACRO,PMI,0.8,1,1,0
2025-05-02,SUNPHARMA,MACRO,PMI,0.8,1,1,0
2025-05-02,CIPLA,MACRO,PMI,0.8,1,1,0
2025-05-02,DRREDDY,MACRO,PMI,0.8,1,1,0
2025-05-02,TATASTEEL,MACRO,PMI,0.8,1,1,0
2025-05-02,JSWSTEEL,MACRO,PMI,0.8,1,1,0
2025-05-02,HINDALCO,MACRO,PMI,0.8,1,1,0
2025-05-02,COALINDIA,MACRO,PMI,0.8,1,1,0
2025-05-02,LT,MACRO,PMI,0.8,1,1,0
2025-05-02,ULTRACEMCO,MACRO,PMI,0.8,1,1,0
2025-05-02,GRASIM,MACRO,PMI,0.8,1,1,0
2025-05-02,ASIANPAINT,MACRO,PMI,0.8,1,1,0
2025-05-02,TITAN,MACRO,PMI,0.8,1,1,0
2025-05-05,M&M,STOCK,EARNINGS,1.0,1,1,0
2025-05-07,COALINDIA,STOCK,EARNINGS,1.0,1,1,0
2025-05-08,BRITANNIA,STOCK,EARNINGS,1.0,1,1,0
2025-05-08,LT,STOCK,EARNINGS,1.0,1,1,0
2025-05-08,ASIANPAINT,STOCK,EARNINGS,1.0,1,1,0
2025-05-08,TITAN,STOCK,EARNINGS,1.0,1,1,0
2025-05-09,DRREDDY,STOCK,EARNINGS,1.0,1,1,0
2025-05-12,TATASTEEL,STOCK,EARNINGS,1.0,1,1,0
2025-05-13,HDFCBANK,MACRO,CPI,0.8,1,1,0
2025-05-13,ICICIBANK,MACRO,CPI,0.8,1,1,0
2025-05-13,SBIN,MACRO,CPI,0.8,1,1,0
2025-05-13,AXISBANK,MACRO,CPI,0.8,1,1,0
2025-05-13,KOTAKBANK,MACRO,CPI,0.8,1,1,0
2025-05-13,BAJFINANCE,MACRO,CPI,0.8,1,1,0
2025-05-13,BAJAJFINSV,MACRO,CPI,0.8,1,1,0
2025-05-13,INDUSINDBK,MACRO,CPI,0.8,1,1,0
2025-05-13,TCS,MACRO,CPI,0.8,1,1,0
2025-05-13,INFY,MACRO,CPI,0.8,1,1,0
2025-05-13,HCLTECH,MACRO,CPI,0.8,1,1,0
2025-05-13,WIPRO,MACRO,CPI,0.8,1,1,0
2025-05-13,TECHM,MACRO,CPI,0.8,1,1,0
2025-05-13,RELIANCE,MACRO,CPI,0.8,1,1,0
2025-05-13,ONGC,MACRO,CPI,0.8,1,1,0
2025-05-13,NTPC,MACRO,CPI,0.8,1,1,0
2025-05-13,POWERGRID,MACRO,CPI,0.8,1,1,0
2025-05-13,BPCL,MACRO,CPI,0.8,1,1,0
2025-05-13,HINDUNILVR,MACRO,CPI,0.8,1,1,0
2025-05-13,ITC,MACRO,CPI,0.8,1,1,0
2025-05-13,NESTLEIND,MACRO,CPI,0.8,1,1,0
2025-05-13,BRITANNIA,MACRO,CPI,0.8,1,1,0
2025-05-13,MARUTI,MACRO,CPI,0.8,1,1,0
2025-05-13,M&M,MACRO,CPI,0.8,1,1,0
2025-05-13,BHARTIARTL,MACRO|STOCK,CPI|DIVIDEND|EARNINGS,1.0,3,1,0
2025-05-13,EICHERMOT,MACRO,CPI,0.8,1,1,0
2025-05-13,HEROMOTOCO,MACRO|STOCK,CPI|EARNINGS,1.0,2,1,0
2025-05-13,BAJAJ-AUTO,MACRO,CPI,0.8,1,1,0
2025-05-13,SUNPHARMA,MACRO,CPI,0.8,1,1,0
2025-05-13,CIPLA,MACRO|STOCK,CPI|EARNINGS,1.0,2,1,0
2025-05-13,DRREDDY,MACRO,CPI,0.8,1,1,0
2025-05-13,TATASTEEL,MACRO,CPI,0.8,1,1,0
2025-05-13,JSWSTEEL,MACRO,CPI,0.8,1,1,0
2025-05-13,HINDALCO,MACRO,CPI,0.8,1,1,0
2025-05-13,COALINDIA,MACRO,CPI,0.8,1,1,0
2025-05-13,LT,MACRO,CPI,0.8,1,1,0
2025-05-13,ULTRACEMCO,MACRO,CPI,0.8,1,1,0
2025-05-13,GRASIM,MACRO,CPI,0.8,1,1,0
2025-05-13,ASIANPAINT,MACRO,CPI,0.8,1,1,0
2025-05-13,TITAN,MACRO,CPI,0.8,1,1,0
2025-05-14,EICHERMOT,STOCK,EARNINGS,1.0,1,1,0
2025-05-19,POWERGRID,STOCK,EARNINGS,1.0,1,1,0
2025-05-20,HINDALCO,STOCK,EARNINGS,1.0,1,1,0
2025-05-21,INDUSINDBK,STOCK,EARNINGS,1.0,1,1,0
2025-05-21,ONGC,STOCK,EARNINGS,1.0,1,1,0
2025-05-22,ITC,STOCK,EARNINGS,1.0,1,1,0
2025-05-22,SUNPHARMA,STOCK,EARNINGS,1.0,1,1,0
2025-05-22,GRASIM,STOCK,EARNINGS,1.0,1,1,0
2025-05-23,JSWSTEEL,STOCK,EARNINGS,1.0,1,1,0
2025-05-29,BAJAJ-AUTO,STOCK,EARNINGS,1.0,1,1,0
2025-05-30,HDFCBANK,MACRO,GDP,0.9,1,1,0
2025-05-30,ICICIBANK,MACRO,GDP,0.9,1,1,0
2025-05-30,SBIN,MACRO,GDP,0.9,1,1,0
2025-05-30,AXISBANK,MACRO,GDP,0.9,1,1,0
2025-05-30,KOTAKBANK,MACRO,GDP,0.9,1,1,0
2025-05-30,BAJFINANCE,MACRO,GDP,0.9,1,1,0
2025-05-30,BAJAJFINSV,MACRO,GDP,0.9,1,1,0
2025-05-30,INDUSINDBK,MACRO,GDP,0.9,1,1,0
2025-05-30,TCS,MACRO,GDP,0.9,1,1,0
2025-05-30,INFY,MACRO,GDP,0.9,1,1,0
2025-05-30,HCLTECH,MACRO,GDP,0.9,1,1,0
2025-05-30,WIPRO,MACRO,GDP,0.9,1,1,0
2025-05-30,TECHM,MACRO,GDP,0.9,1,1,0
2025-05-30,RELIANCE,MACRO,GDP,0.9,1,1,0
2025-05-30,ONGC,MACRO,GDP,0.9,1,1,0
2025-05-30,NTPC,MACRO,GDP,0.9,1,1,0
2025-05-30,POWERGRID,MACRO,GDP,0.9,1,1,0
2025-05-30,BPCL,MACRO,GDP,0.9,1,1,0
2025-05-30,HINDUNILVR,MACRO,GDP,0.9,1,1,0
2025-05-30,ITC,MACRO,GDP,0.9,1,1,0
2025-05-30,NESTLEIND,MACRO,GDP,0.9,1,1,0
2025-05-30,BRITANNIA,MACRO,GDP,0.9,1,1,0
2025-05-30,MARUTI,MACRO,GDP,0.9,1,1,0
2025-05-30,M&M,MACRO,GDP,0.9,1,1,0
2025-05-30,BHARTIARTL,MACRO,GDP,0.9,1,1,0
2025-05-30,EICHERMOT,MACRO,GDP,0.9,1,1,0
2025-05-30,HEROMOTOCO,MACRO,GDP,0.9,1,1,0
2025-05-30,BAJAJ-AUTO,MACRO,GDP,0.9,1,1,0
2025-05-30,SUNPHARMA,MACRO,GDP,0.9,1,1,0
2025-05-30,CIPLA,MACRO,GDP,0.9,1,1,0
2025-05-30,DRREDDY,MACRO,GDP,0.9,1,1,0
2025-05-30,TATASTEEL,MACRO,GDP,0.9,1,1,0
2025-05-30,JSWSTEEL,MACRO,GDP,0.9,1,1,0
2025-05-30,HINDALCO,MACRO,GDP,0.9,1,1,0
2025-05-30,COALINDIA,MACRO,GDP,0.9,1,1,0
2025-05-30,LT,MACRO,GDP,0.9,1,1,0
2025-05-30,ULTRACEMCO,MACRO,GDP,0.9,1,1,0
2025-05-30,GRASIM,MACRO,GDP,0.9,1,1,0
2025-05-30,ASIANPAINT,MACRO,GDP,0.9,1,1,0
2025-05-30,TITAN,MACRO,GDP,0.9,1,1,0
2025-06-02,HDFCBANK,MACRO,PMI,0.8,1,1,0
2025-06-02,ICICIBANK,MACRO,PMI,0.8,1,1,0
2025-06-02,SBIN,MACRO,PMI,0.8,1,1,0
2025-06-02,AXISBANK,MACRO,PMI,0.8,1,1,0
2025-06-02,KOTAKBANK,MACRO,PMI,0.8,1,1,0
2025-06-02,BAJFINANCE,MACRO,PMI,0.8,1,1,0
2025-06-02,BAJAJFINSV,MACRO,PMI,0.8,1,1,0
2025-06-02,INDUSINDBK,MACRO,PMI,0.8,1,1,0
2025-06-02,TCS,MACRO,PMI,0.8,1,1,0
2025-06-02,INFY,MACRO,PMI,0.8,1,1,0
2025-06-02,HCLTECH,MACRO,PMI,0.8,1,1,0
2025-06-02,WIPRO,MACRO,PMI,0.8,1,1,0
2025-06-02,TECHM,MACRO,PMI,0.8,1,1,0
2025-06-02,RELIANCE,MACRO,PMI,0.8,1,1,0
2025-06-02,ONGC,MACRO,PMI,0.8,1,1,0
2025-06-02,NTPC,MACRO,PMI,0.8,1,1,0
2025-06-02,POWERGRID,MACRO,PMI,0.8,1,1,0
2025-06-02,BPCL,MACRO,PMI,0.8,1,1,0
2025-06-02,HINDUNILVR,MACRO,PMI,0.8,1,1,0
2025-06-02,ITC,MACRO,PMI,0.8,1,1,0
2025-06-02,NESTLEIND,MACRO,PMI,0.8,1,1,0
2025-06-02,BRITANNIA,MACRO,PMI,0.8,1,1,0
2025-06-02,MARUTI,MACRO,PMI,0.8,1,1,0
2025-06-02,M&M,MACRO,PMI,0.8,1,1,0
2025-06-02,BHARTIARTL,MACRO,PMI,0.8,1,1,0
2025-06-02,EICHERMOT,MACRO,PMI,0.8,1,1,0
2025-06-02,HEROMOTOCO,MACRO,PMI,0.8,1,1,0
2025-06-02,BAJAJ-AUTO,MACRO,PMI,0.8,1,1,0
2025-06-02,SUNPHARMA,MACRO,PMI,0.8,1,1,0
2025-06-02,CIPLA,MACRO,PMI,0.8,1,1,0
2025-06-02,DRREDDY,MACRO,PMI,0.8,1,1,0
2025-06-02,TATASTEEL,MACRO,PMI,0.8,1,1,0
2025-06-02,JSWSTEEL,MACRO,PMI,0.8,1,1,0
2025-06-02,HINDALCO,MACRO,PMI,0.8,1,1,0
2025-06-02,COALINDIA,MACRO,PMI,0.8,1,1,0
2025-06-02,LT,MACRO,PMI,0.8,1,1,0
2025-06-02,ULTRACEMCO,MACRO,PMI,0.8,1,1,0
2025-06-02,GRASIM,MACRO,PMI,0.8,1,1,0
2025-06-02,ASIANPAINT,MACRO,PMI,0.8,1,1,0
2025-06-02,TITAN,MACRO,PMI,0.8,1,1,0
2025-06-06,HDFCBANK,GOVT,RBI_POLICY,1.0,1,1,0
2025-06-06,ICICIBANK,GOVT,RBI_POLICY,1.0,1,1,0
2025-06-06,SBIN,GOVT,RBI_POLICY,1.0,1,1,0
2025-06-06,AXISBANK,GOVT,RBI_POLICY,1.0,1,1,0
2025-06-06,KOTAKBANK,GOVT,RBI_POLICY,1.0,1,1,0
2025-06-06,BAJFINANCE,GOVT,RBI_POLICY,1.0,1,1,0
2025-06-06,BAJAJFINSV,GOVT,RBI_POLICY,1.0,1,1,0
2025-06-06,INDUSINDBK,GOVT,RBI_POLICY,1.0,1,1,0
2025-06-06,TCS,GOVT,RBI_POLICY,1.0,1,1,0
2025-06-06,INFY,GOVT,RBI_POLICY,1.0,1,1,0
2025-06-06,HCLTECH,GOVT,RBI_POLICY,1.0,1,1,0
2025-06-06,WIPRO,GOVT,RBI_POLICY,1.0,1,1,0
2025-06-06,TECHM,GOVT,RBI_POLICY,1.0,1,1,0
2025-06-06,RELIANCE,GOVT,RBI_POLICY,1.0,1,1,0
2025-06-06,ONGC,GOVT,RBI_POLICY,1.0,1,1,0
2025-06-06,NTPC,GOVT,RBI_POLICY,1.0,1,1,0
2025-06-06,POWERGRID,GOVT,RBI_POLICY,1.0,1,1,0
2025-06-06,BPCL,GOVT,RBI_POLICY,1.0,1,1,0
2025-06-06,HINDUNILVR,GOVT,RBI_POLICY,1.0,1,1,0
2025-06-06,ITC,GOVT,RBI_POLICY,1.0,1,1,0
2025-06-06,NESTLEIND,GOVT,RBI_POLICY,1.0,1,1,0
2025-06-06,BRITANNIA,GOVT,RBI_POLICY,1.0,1,1,0
2025-06-06,MARUTI,GOVT,RBI_POLICY,1.0,1,1,0
2025-06-06,M&M,GOVT,RBI_POLICY,1.0,1,1,0
2025-06-06,BHARTIARTL,GOVT,RBI_POLICY,1.0,1,1,0
2025-06-06,EICHERMOT,GOVT,RBI_POLICY,1.0,1,1,0
2025-06-06,HEROMOTOCO,GOVT,RBI_POLICY,1.0,1,1,0
2025-06-06,BAJAJ-AUTO,GOVT,RBI_POLICY,1.0,1,1,0
2025-06-06,SUNPHARMA,GOVT,RBI_POLICY,1.0,1,1,0
2025-06-06,CIPLA,GOVT,RBI_POLICY,1.0,1,1,0
2025-06-06,DRREDDY,GOVT,RBI_POLICY,1.0,1,1,0
2025-06-06,TATASTEEL,GOVT,RBI_POLICY,1.0,1,1,0
2025-06-06,JSWSTEEL,GOVT,RBI_POLICY,1.0,1,1,0
2025-06-06,HINDALCO,GOVT,RBI_POLICY,1.0,1,1,0
2025-06-06,COALINDIA,GOVT,RBI_POLICY,1.0,1,1,0
2025-06-06,LT,GOVT,RBI_POLICY,1.0,1,1,0
2025-06-06,ULTRACEMCO,GOVT,RBI_POLICY,1.0,1,1,0
2025-06-06,GRASIM,GOVT,RBI_POLICY,1.0,1,1,0
2025-06-06,ASIANPAINT,GOVT,RBI_POLICY,1.0,1,1,0
2025-06-06,TITAN,GOVT,RBI_POLICY,1.0,1,1,0
2025-06-12,HDFCBANK,MACRO,CPI,0.8,1,1,0
2025-06-12,ICICIBANK,MACRO,CPI,0.8,1,1,0
2025-06-12,SBIN,MACRO,CPI,0.8,1,1,0
2025-06-12,AXISBANK,MACRO,CPI,0.8,1,1,0
2025-06-12,KOTAKBANK,MACRO,CPI,0.8,1,1,0
2025-06-12,BAJFINANCE,MACRO,CPI,0.8,1,1,0
2025-06-12,BAJAJFINSV,MACRO,CPI,0.8,1,1,0
2025-06-12,INDUSINDBK,MACRO,CPI,0.8,1,1,0
2025-06-12,TCS,MACRO,CPI,0.8,1,1,0
2025-06-12,INFY,MACRO,CPI,0.8,1,1,0
2025-06-12,HCLTECH,MACRO,CPI,0.8,1,1,0
2025-06-12,WIPRO,MACRO,CPI,0.8,1,1,0
2025-06-12,TECHM,MACRO,CPI,0.8,1,1,0
2025-06-12,RELIANCE,MACRO,CPI,0.8,1,1,0
2025-06-12,ONGC,MACRO,CPI,0.8,1,1,0
2025-06-12,NTPC,MACRO,CPI,0.8,1,1,0
2025-06-12,POWERGRID,MACRO,CPI,0.8,1,1,0
2025-06-12,BPCL,MACRO,CPI,0.8,1,1,0
2025-06-12,HINDUNILVR,MACRO,CPI,0.8,1,1,0
2025-06-12,ITC,MACRO,CPI,0.8,1,1,0
2025-06-12,NESTLEIND,MACRO,CPI,0.8,1,1,0
2025-06-12,BRITANNIA,MACRO,CPI,0.8,1,1,0
2025-06-12,MARUTI,MACRO,CPI,0.8,1,1,0
2025-06-12,M&M,MACRO,CPI,0.8,1,1,0
2025-06-12,BHARTIARTL,MACRO,CPI,0.8,1,1,0
2025-06-12,EICHERMOT,MACRO,CPI,0.8,1,1,0
2025-06-12,HEROMOTOCO,MACRO,CPI,0.8,1,1,0
2025-06-12,BAJAJ-AUTO,MACRO,CPI,0.8,1,1,0
2025-06-12,SUNPHARMA,MACRO,CPI,0.8,1,1,0
2025-06-12,CIPLA,MACRO,CPI,0.8,1,1,0
2025-06-12,DRREDDY,MACRO,CPI,0.8,1,1,0
2025-06-12,TATASTEEL,MACRO,CPI,0.8,1,1,0
2025-06-12,JSWSTEEL,MACRO,CPI,0.8,1,1,0
2025-06-12,HINDALCO,MACRO,CPI,0.8,1,1,0
2025-06-12,COALINDIA,MACRO,CPI,0.8,1,1,0
2025-06-12,LT,MACRO,CPI,0.8,1,1,0
2025-06-12,ULTRACEMCO,MACRO,CPI,0.8,1,1,0
2025-06-12,GRASIM,MACRO,CPI,0.8,1,1,0
2025-06-12,ASIANPAINT,MACRO,CPI,0.8,1,1,0
2025-06-12,TITAN,MACRO,CPI,0.8,1,1,0
2025-06-26,NESTLEIND,STOCK,BONUS,0.9,1,1,0
2025-07-01,HDFCBANK,MACRO,PMI,0.8,1,1,0
2025-07-01,ICICIBANK,MACRO,PMI,0.8,1,1,0
2025-07-01,SBIN,MACRO,PMI,0.8,1,1,0
2025-07-01,AXISBANK,MACRO,PMI,0.8,1,1,0
2025-07-01,KOTAKBANK,MACRO,PMI,0.8,1,1,0
2025-07-01,BAJFINANCE,MACRO,PMI,0.8,1,1,0
2025-07-01,BAJAJFINSV,MACRO,PMI,0.8,1,1,0
2025-07-01,INDUSINDBK,MACRO,PMI,0.8,1,1,0
2025-07-01,TCS,MACRO,PMI,0.8,1,1,0
2025-07-01,INFY,MACRO,PMI,0.8,1,1,0
2025-07-01,HCLTECH,MACRO,PMI,0.8,1,1,0
2025-07-01,WIPRO,MACRO,PMI,0.8,1,1,0
2025-07-01,TECHM,MACRO,PMI,0.8,1,1,0
2025-07-01,RELIANCE,MACRO,PMI,0.8,1,1,0
2025-07-01,ONGC,MACRO,PMI,0.8,1,1,0
2025-07-01,NTPC,MACRO,PMI,0.8,1,1,0
2025-07-01,POWERGRID,MACRO,PMI,0.8,1,1,0
2025-07-01,BPCL,MACRO,PMI,0.8,1,1,0
2025-07-01,HINDUNILVR,MACRO,PMI,0.8,1,1,0
2025-07-01,ITC,MACRO,PMI,0.8,1,1,0
2025-07-01,NESTLEIND,MACRO,PMI,0.8,1,1,0
2025-07-01,BRITANNIA,MACRO,PMI,0.8,1,1,0
2025-07-01,MARUTI,MACRO,PMI,0.8,1,1,0
2025-07-01,M&M,MACRO,PMI,0.8,1,1,0
2025-07-01,BHARTIARTL,MACRO,PMI,0.8,1,1,0
2025-07-01,EICHERMOT,MACRO,PMI,0.8,1,1,0
2025-07-01,HEROMOTOCO,MACRO,PMI,0.8,1,1,0
2025-07-01,BAJAJ-AUTO,MACRO,PMI,0.8,1,1,0
2025-07-01,SUNPHARMA,MACRO,PMI,0.8,1,1,0
2025-07-01,CIPLA,MACRO,PMI,0.8,1,1,0
2025-07-01,DRREDDY,MACRO,PMI,0.8,1,1,0
2025-07-01,TATASTEEL,MACRO,PMI,0.8,1,1,0
2025-07-01,JSWSTEEL,MACRO,PMI,0.8,1,1,0
2025-07-01,HINDALCO,MACRO,PMI,0.8,1,1,0
2025-07-01,COALINDIA,MACRO,PMI,0.8,1,1,0
2025-07-01,LT,MACRO,PMI,0.8,1,1,0
2025-07-01,ULTRACEMCO,MACRO,PMI,0.8,1,1,0
2025-07-01,GRASIM,MACRO,PMI,0.8,1,1,0
2025-07-01,ASIANPAINT,MACRO,PMI,0.8,1,1,0
2025-07-01,TITAN,MACRO,PMI,0.8,1,1,0
2025-07-10,TCS,STOCK,DIVIDEND,0.7,1,1,0
2025-07-14,HDFCBANK,MACRO,CPI,0.8,1,1,0
2025-07-14,ICICIBANK,MACRO,CPI,0.8,1,1,0
2025-07-14,SBIN,MACRO,CPI,0.8,1,1,0
2025-07-14,AXISBANK,MACRO,CPI,0.8,1,1,0
2025-07-14,KOTAKBANK,MACRO,CPI,0.8,1,1,0
2025-07-14,BAJFINANCE,MACRO,CPI,0.8,1,1,0
2025-07-14,BAJAJFINSV,MACRO,CPI,0.8,1,1,0
2025-07-14,INDUSINDBK,MACRO,CPI,0.8,1,1,0
2025-07-14,TCS,MACRO,CPI,0.8,1,1,0
2025-07-14,INFY,MACRO,CPI,0.8,1,1,0
2025-07-14,HCLTECH,MACRO|STOCK,CPI|EARNINGS,1.0,2,1,0
2025-07-14,WIPRO,MACRO,CPI,0.8,1,1,0
2025-07-14,TECHM,MACRO,CPI,0.8,1,1,0
2025-07-14,RELIANCE,MACRO,CPI,0.8,1,1,0
2025-07-14,ONGC,MACRO,CPI,0.8,1,1,0
2025-07-14,NTPC,MACRO,CPI,0.8,1,1,0
2025-07-14,POWERGRID,MACRO,CPI,0.8,1,1,0
2025-07-14,BPCL,MACRO,CPI,0.8,1,1,0
2025-07-14,HINDUNILVR,MACRO,CPI,0.8,1,1,0
2025-07-14,ITC,MACRO,CPI,0.8,1,1,0
2025-07-14,NESTLEIND,MACRO,CPI,0.8,1,1,0
2025-07-14,BRITANNIA,MACRO,CPI,0.8,1,1,0
2025-07-14,MARUTI,MACRO,CPI,0.8,1,1,0
2025-07-14,M&M,MACRO,CPI,0.8,1,1,0
2025-07-14,BHARTIARTL,MACRO,CPI,0.8,1,1,0
2025-07-14,EICHERMOT,MACRO,CPI,0.8,1,1,0
2025-07-14,HEROMOTOCO,MACRO,CPI,0.8,1,1,0
2025-07-14,BAJAJ-AUTO,MACRO,CPI,0.8,1,1,0
2025-07-14,SUNPHARMA,MACRO,CPI,0.8,1,1,0
2025-07-14,CIPLA,MACRO,CPI,0.8,1,1,0
2025-07-14,DRREDDY,MACRO,CPI,0.8,1,1,0
2025-07-14,TATASTEEL,MACRO,CPI,0.8,1,1,0
2025-07-14,JSWSTEEL,MACRO,CPI,0.8,1,1,0
2025-07-14,HINDALCO,MACRO,CPI,0.8,1,1,0
2025-07-14,COALINDIA,MACRO,CPI,0.8,1,1,0
2025-07-14,LT,MACRO,CPI,0.8,1,1,0
2025-07-14,ULTRACEMCO,MACRO,CPI,0.8,1,1,0
2025-07-14,GRASIM,MACRO,CPI,0.8,1,1,0
2025-07-14,ASIANPAINT,MACRO,CPI,0.8,1,1,0
2025-07-14,TITAN,MACRO,CPI,0.8,1,1,0
2025-07-17,AXISBANK,STOCK,EARNINGS,1.0,1,1,0
2025-07-17,WIPRO,STOCK,EARNINGS,1.0,1,1,0
2025-07-18,RELIANCE,STOCK,EARNINGS,1.0,1,1,0
2025-07-18,JSWSTEEL,STOCK,EARNINGS,1.0,1,1,0
2025-07-21,ULTRACEMCO,STOCK,EARNINGS,1.0,1,1,0
2025-07-23,INFY,STOCK,EARNINGS,1.0,1,1,0
2025-07-24,NESTLEIND,STOCK,EARNINGS,1.0,1,1,0
2025-07-25,CIPLA,STOCK,EARNINGS,1.0,1,1,0
2025-07-28,INDUSINDBK,STOCK,EARNINGS,1.0,1,1,0
2025-07-29,NTPC,STOCK,EARNINGS,1.0,1,1,0
2025-07-29,LT,STOCK,EARNINGS,1.0,1,1,0
2025-07-30,POWERGRID,STOCK,EARNINGS,1.0,1,1,0
2025-07-30,M&M,STOCK,EARNINGS,1.0,1,1,0
2025-07-30,TATASTEEL,STOCK,EARNINGS,1.0,1,1,0
2025-07-31,HINDUNILVR,STOCK,EARNINGS,1.0,1,1,0
2025-07-31,MARUTI,STOCK,EARNINGS,1.0,1,1,0
2025-07-31,M&M,STOCK,EARNINGS,1.0,1,1,0
2025-07-31,EICHERMOT,STOCK,EARNINGS,1.0,1,1,0
2025-07-31,SUNPHARMA,STOCK,EARNINGS,1.0,1,1,0
2025-07-31,COALINDIA,STOCK,EARNINGS,1.0,1,1,0
2025-08-01,HDFCBANK,MACRO,PMI,0.8,1,1,0
2025-08-01,ICICIBANK,MACRO,PMI,0.8,1,1,0
2025-08-01,SBIN,MACRO,PMI,0.8,1,1,0
2025-08-01,AXISBANK,MACRO,PMI,0.8,1,1,0
2025-08-01,KOTAKBANK,MACRO,PMI,0.8,1,1,0
2025-08-01,BAJFINANCE,MACRO,PMI,0.8,1,1,0
2025-08-01,BAJAJFINSV,MACRO,PMI,0.8,1,1,0
2025-08-01,INDUSINDBK,MACRO,PMI,0.8,1,1,0
2025-08-01,TCS,MACRO,PMI,0.8,1,1,0
2025-08-01,INFY,MACRO,PMI,0.8,1,1,0
2025-08-01,HCLTECH,MACRO,PMI,0.8,1,1,0
2025-08-01,WIPRO,MACRO,PMI,0.8,1,1,0
2025-08-01,TECHM,MACRO,PMI,0.8,1,1,0
2025-08-01,RELIANCE,MACRO,PMI,0.8,1,1,0
2025-08-01,ONGC,MACRO,PMI,0.8,1,1,0
2025-08-01,NTPC,MACRO,PMI,0.8,1,1,0
2025-08-01,POWERGRID,MACRO,PMI,0.8,1,1,0
2025-08-01,BPCL,MACRO,PMI,0.8,1,1,0
2025-08-01,HINDUNILVR,MACRO,PMI,0.8,1,1,0
2025-08-01,ITC,MACRO|STOCK,EARNINGS|PMI,1.0,2,1,0
2025-08-01,NESTLEIND,MACRO,PMI,0.8,1,1,0
2025-08-01,BRITANNIA,MACRO,PMI,0.8,1,1,0
2025-08-01,MARUTI,MACRO,PMI,0.8,1,1,0
2025-08-01,M&M,MACRO,PMI,0.8,1,1,0
2025-08-01,BHARTIARTL,MACRO,PMI,0.8,1,1,0
2025-08-01,EICHERMOT,MACRO,PMI,0.8,1,1,0
2025-08-01,HEROMOTOCO,MACRO,PMI,0.8,1,1,0
2025-08-01,BAJAJ-AUTO,MACRO,PMI,0.8,1,1,0
2025-08-01,SUNPHARMA,MACRO,PMI,0.8,1,1,0
2025-08-01,CIPLA,MACRO,PMI,0.8,1,1,0
2025-08-01,DRREDDY,MACRO,PMI,0.8,1,1,0
2025-08-01,TATASTEEL,MACRO,PMI,0.8,1,1,0
2025-08-01,JSWSTEEL,MACRO,PMI,0.8,1,1,0
2025-08-01,HINDALCO,MACRO,PMI,0.8,1,1,0
2025-08-01,COALINDIA,MACRO,PMI,0.8,1,1,0
2025-08-01,LT,MACRO,PMI,0.8,1,1,0
2025-08-01,ULTRACEMCO,MACRO,PMI,0.8,1,1,0
2025-08-01,GRASIM,MACRO,PMI,0.8,1,1,0
2025-08-01,ASIANPAINT,MACRO,PMI,0.8,1,1,0
2025-08-01,TITAN,MACRO,PMI,0.8,1,1,0
2025-08-05,BRITANNIA,STOCK,EARNINGS,1.0,1,1,0
2025-08-05,BHARTIARTL,STOCK,EARNINGS,1.0,1,1,0
2025-08-06,HDFCBANK,GOVT,RBI_POLICY,1.0,1,1,0
2025-08-06,ICICIBANK,GOVT,RBI_POLICY,1.0,1,1,0
2025-08-06,SBIN,GOVT,RBI_POLICY,1.0,1,1,0
2025-08-06,AXISBANK,GOVT,RBI_POLICY,1.0,1,1,0
2025-08-06,KOTAKBANK,GOVT,RBI_POLICY,1.0,1,1,0
2025-08-06,BAJFINANCE,GOVT,RBI_POLICY,1.0,1,1,0
2025-08-06,BAJAJFINSV,GOVT,RBI_POLICY,1.0,1,1,0
2025-08-06,INDUSINDBK,GOVT,RBI_POLICY,1.0,1,1,0
2025-08-06,TCS,GOVT,RBI_POLICY,1.0,1,1,0
2025-08-06,INFY,GOVT,RBI_POLICY,1.0,1,1,0
2025-08-06,HCLTECH,GOVT,RBI_POLICY,1.0,1,1,0
2025-08-06,WIPRO,GOVT,RBI_POLICY,1.0,1,1,0
2025-08-06,TECHM,GOVT,RBI_POLICY,1.0,1,1,0
2025-08-06,RELIANCE,GOVT,RBI_POLICY,1.0,1,1,0
2025-08-06,ONGC,GOVT,RBI_POLICY,1.0,1,1,0
2025-08-06,NTPC,GOVT,RBI_POLICY,1.0,1,1,0
2025-08-06,POWERGRID,GOVT,RBI_POLICY,1.0,1,1,0
2025-08-06,BPCL,GOVT,RBI_POLICY,1.0,1,1,0
2025-08-06,HINDUNILVR,GOVT,RBI_POLICY,1.0,1,1,0
2025-08-06,ITC,GOVT,RBI_POLICY,1.0,1,1,0
2025-08-06,NESTLEIND,GOVT,RBI_POLICY,1.0,1,1,0
2025-08-06,BRITANNIA,GOVT,RBI_POLICY,1.0,1,1,0
2025-08-06,MARUTI,GOVT,RBI_POLICY,1.0,1,1,0
2025-08-06,M&M,GOVT,RBI_POLICY,1.0,1,1,0
2025-08-06,BHARTIARTL,GOVT,RBI_POLICY,1.0,1,1,0
2025-08-06,EICHERMOT,GOVT,RBI_POLICY,1.0,1,1,0
2025-08-06,HEROMOTOCO,GOVT|STOCK,EARNINGS|RBI_POLICY,1.0,2,1,0
2025-08-06,BAJAJ-AUTO,GOVT|STOCK,EARNINGS|RBI_POLICY,1.0,2,1,0
2025-08-06,SUNPHARMA,GOVT,RBI_POLICY,1.0,1,1,0
2025-08-06,CIPLA,GOVT,RBI_POLICY,1.0,1,1,0
2025-08-06,DRREDDY,GOVT,RBI_POLICY,1.0,1,1,0
2025-08-06,TATASTEEL,GOVT,RBI_POLICY,1.0,1,1,0
2025-08-06,JSWSTEEL,GOVT,RBI_POLICY,1.0,1,1,0
2025-08-06,HINDALCO,GOVT,RBI_POLICY,1.0,1,1,0
2025-08-06,COALINDIA,GOVT,RBI_POLICY,1.0,1,1,0
2025-08-06,LT,GOVT,RBI_POLICY,1.0,1,1,0
2025-08-06,ULTRACEMCO,GOVT,RBI_POLICY,1.0,1,1,0
2025-08-06,GRASIM,GOVT,RBI_POLICY,1.0,1,1,0
2025-08-06,ASIANPAINT,GOVT,RBI_POLICY,1.0,1,1,0
2025-08-06,TITAN,GOVT,RBI_POLICY,1.0,1,1,0
2025-08-07,TITAN,STOCK,EARNINGS,1.0,1,1,0
2025-08-08,SBIN,STOCK,EARNINGS,1.0,1,1,0
2025-08-08,GRASIM,STOCK,EARNINGS,1.0,1,1,0
2025-08-12,HDFCBANK,MACRO,CPI,0.8,1,1,0
2025-08-12,ICICIBANK,MACRO,CPI,0.8,1,1,0
2025-08-12,SBIN,MACRO,CPI,0.8,1,1,0
2025-08-12,AXISBANK,MACRO,CPI,0.8,1,1,0
2025-08-12,KOTAKBANK,MACRO,CPI,0.8,1,1,0
2025-08-12,BAJFINANCE,MACRO,CPI,0.8,1,1,0
2025-08-12,BAJAJFINSV,MACRO,CPI,0.8,1,1,0
2025-08-12,INDUSINDBK,MACRO,CPI,0.8,1,1,0
2025-08-12,TCS,MACRO,CPI,0.8,1,1,0
2025-08-12,INFY,MACRO,CPI,0.8,1,1,0
2025-08-12,HCLTECH,MACRO,CPI,0.8,1,1,0
2025-08-12,WIPRO,MACRO,CPI,0.8,1,1,0
2025-08-12,TECHM,MACRO,CPI,0.8,1,1,0
2025-08-12,RELIANCE,MACRO,CPI,0.8,1,1,0
2025-08-12,ONGC,MACRO|STOCK,CPI|EARNINGS,1.0,2,1,0
2025-08-12,NTPC,MACRO,CPI,0.8,1,1,0
2025-08-12,POWERGRID,MACRO,CPI,0.8,1,1,0
2025-08-12,BPCL,MACRO,CPI,0.8,1,1,0
2025-08-12,HINDUNILVR,MACRO,CPI,0.8,1,1,0
2025-08-12,ITC,MACRO,CPI,0.8,1,1,0
2025-08-12,NESTLEIND,MACRO,CPI,0.8,1,1,0
2025-08-12,BRITANNIA,MACRO,CPI,0.8,1,1,0
2025-08-12,MARUTI,MACRO,CPI,0.8,1,1,0
2025-08-12,M&M,MACRO,CPI,0.8,1,1,0
2025-08-12,BHARTIARTL,MACRO,CPI,0.8,1,1,0
2025-08-12,EICHERMOT,MACRO,CPI,0.8,1,1,0
2025-08-12,HEROMOTOCO,MACRO,CPI,0.8,1,1,0
2025-08-12,BAJAJ-AUTO,MACRO,CPI,0.8,1,1,0
2025-08-12,SUNPHARMA,MACRO,CPI,0.8,1,1,0
2025-08-12,CIPLA,MACRO,CPI,0.8,1,1,0
2025-08-12,DRREDDY,MACRO,CPI,0.8,1,1,0
2025-08-12,TATASTEEL,MACRO,CPI,0.8,1,1,0
2025-08-12,JSWSTEEL,MACRO,CPI,0.8,1,1,0
2025-08-12,HINDALCO,MACRO,CPI,0.8,1,1,0
2025-08-12,COALINDIA,MACRO,CPI,0.8,1,1,0
2025-08-12,LT,MACRO,CPI,0.8,1,1,0
2025-08-12,ULTRACEMCO,MACRO,CPI,0.8,1,1,0
2025-08-12,GRASIM,MACRO,CPI,0.8,1,1,0
2025-08-12,ASIANPAINT,MACRO,CPI,0.8,1,1,0
2025-08-12,TITAN,MACRO,CPI,0.8,1,1,0
2025-08-13,BPCL,STOCK,EARNINGS,1.0,1,1,0
2025-08-29,HDFCBANK,MACRO,GDP,0.9,1,1,0
2025-08-29,ICICIBANK,MACRO,GDP,0.9,1,1,0
2025-08-29,SBIN,MACRO,GDP,0.9,1,1,0
2025-08-29,AXISBANK,MACRO,GDP,0.9,1,1,0
2025-08-29,KOTAKBANK,MACRO,GDP,0.9,1,1,0
2025-08-29,BAJFINANCE,MACRO,GDP,0.9,1,1,0
2025-08-29,BAJAJFINSV,MACRO,GDP,0.9,1,1,0
2025-08-29,INDUSINDBK,MACRO,GDP,0.9,1,1,0
2025-08-29,TCS,MACRO,GDP,0.9,1,1,0
2025-08-29,INFY,MACRO,GDP,0.9,1,1,0
2025-08-29,HCLTECH,MACRO,GDP,0.9,1,1,0
2025-08-29,WIPRO,MACRO,GDP,0.9,1,1,0
2025-08-29,TECHM,MACRO,GDP,0.9,1,1,0
2025-08-29,RELIANCE,MACRO,GDP,0.9,1,1,0
2025-08-29,ONGC,MACRO,GDP,0.9,1,1,0
2025-08-29,NTPC,MACRO,GDP,0.9,1,1,0
2025-08-29,POWERGRID,MACRO,GDP,0.9,1,1,0
2025-08-29,BPCL,MACRO,GDP,0.9,1,1,0
2025-08-29,HINDUNILVR,MACRO,GDP,0.9,1,1,0
2025-08-29,ITC,MACRO,GDP,0.9,1,1,0
2025-08-29,NESTLEIND,MACRO,GDP,0.9,1,1,0
2025-08-29,BRITANNIA,MACRO,GDP,0.9,1,1,0
2025-08-29,MARUTI,MACRO,GDP,0.9,1,1,0
2025-08-29,M&M,MACRO,GDP,0.9,1,1,0
2025-08-29,BHARTIARTL,MACRO,GDP,0.9,1,1,0
2025-08-29,EICHERMOT,MACRO,GDP,0.9,1,1,0
2025-08-29,HEROMOTOCO,MACRO,GDP,0.9,1,1,0
2025-08-29,BAJAJ-AUTO,MACRO,GDP,0.9,1,1,0
2025-08-29,SUNPHARMA,MACRO,GDP,0.9,1,1,0
2025-08-29,CIPLA,MACRO,GDP,0.9,1,1,0
2025-08-29,DRREDDY,MACRO,GDP,0.9,1,1,0
2025-08-29,TATASTEEL,MACRO,GDP,0.9,1,1,0
2025-08-29,JSWSTEEL,MACRO,GDP,0.9,1,1,0
2025-08-29,HINDALCO,MACRO,GDP,0.9,1,1,0
2025-08-29,COALINDIA,MACRO,GDP,0.9,1,1,0
2025-08-29,LT,MACRO,GDP,0.9,1,1,0
2025-08-29,ULTRACEMCO,MACRO,GDP,0.9,1,1,0
2025-08-29,GRASIM,MACRO,GDP,0.9,1,1,0
2025-08-29,ASIANPAINT,MACRO,GDP,0.9,1,1,0
2025-08-29,TITAN,MACRO,GDP,0.9,1,1,0
2025-09-01,HDFCBANK,MACRO,PMI,0.8,1,1,0
2025-09-01,ICICIBANK,MACRO,PMI,0.8,1,1,0
2025-09-01,SBIN,MACRO,PMI,0.8,1,1,0
2025-09-01,AXISBANK,MACRO,PMI,0.8,1,1,0
2025-09-01,KOTAKBANK,MACRO,PMI,0.8,1,1,0
2025-09-01,BAJFINANCE,MACRO,PMI,0.8,1,1,0
2025-09-01,BAJAJFINSV,MACRO,PMI,0.8,1,1,0
2025-09-01,INDUSINDBK,MACRO,PMI,0.8,1,1,0
2025-09-01,TCS,MACRO,PMI,0.8,1,1,0
2025-09-01,INFY,MACRO,PMI,0.8,1,1,0
2025-09-01,HCLTECH,MACRO,PMI,0.8,1,1,0
2025-09-01,WIPRO,MACRO,PMI,0.8,1,1,0
2025-09-01,TECHM,MACRO,PMI,0.8,1,1,0
2025-09-01,RELIANCE,MACRO,PMI,0.8,1,1,0
2025-09-01,ONGC,MACRO,PMI,0.8,1,1,0
2025-09-01,NTPC,MACRO,PMI,0.8,1,1,0
2025-09-01,POWERGRID,MACRO,PMI,0.8,1,1,0
2025-09-01,BPCL,MACRO,PMI,0.8,1,1,0
2025-09-01,HINDUNILVR,MACRO,PMI,0.8,1,1,0
2025-09-01,ITC,MACRO,PMI,0.8,1,1,0
2025-09-01,NESTLEIND,MACRO,PMI,0.8,1,1,0
2025-09-01,BRITANNIA,MACRO,PMI,0.8,1,1,0
2025-09-01,MARUTI,MACRO,PMI,0.8,1,1,0
2025-09-01,M&M,MACRO,PMI,0.8,1,1,0
2025-09-01,BHARTIARTL,MACRO,PMI,0.8,1,1,0
2025-09-01,EICHERMOT,MACRO,PMI,0.8,1,1,0
2025-09-01,HEROMOTOCO,MACRO,PMI,0.8,1,1,0
2025-09-01,BAJAJ-AUTO,MACRO,PMI,0.8,1,1,0
2025-09-01,SUNPHARMA,MACRO,PMI,0.8,1,1,0
2025-09-01,CIPLA,MACRO,PMI,0.8,1,1,0
2025-09-01,DRREDDY,MACRO,PMI,0.8,1,1,0
2025-09-01,TATASTEEL,MACRO,PMI,0.8,1,1,0
2025-09-01,JSWSTEEL,MACRO,PMI,0.8,1,1,0
2025-09-01,HINDALCO,MACRO,PMI,0.8,1,1,0
2025-09-01,COALINDIA,MACRO,PMI,0.8,1,1,0
2025-09-01,LT,MACRO,PMI,0.8,1,1,0
2025-09-01,ULTRACEMCO,MACRO,PMI,0.8,1,1,0
2025-09-01,GRASIM,MACRO,PMI,0.8,1,1,0
2025-09-01,ASIANPAINT,MACRO,PMI,0.8,1,1,0
2025-09-01,TITAN,MACRO,PMI,0.8,1,1,0
2025-09-12,HDFCBANK,MACRO,CPI,0.8,1,1,0
2025-09-12,ICICIBANK,MACRO,CPI,0.8,1,1,0
2025-09-12,SBIN,MACRO,CPI,0.8,1,1,0
2025-09-12,AXISBANK,MACRO,CPI,0.8,1,1,0
2025-09-12,KOTAKBANK,MACRO,CPI,0.8,1,1,0
2025-09-12,BAJFINANCE,MACRO,CPI,0.8,1,1,0
2025-09-12,BAJAJFINSV,MACRO,CPI,0.8,1,1,0
2025-09-12,INDUSINDBK,MACRO,CPI,0.8,1,1,0
2025-09-12,TCS,MACRO,CPI,0.8,1,1,0
2025-09-12,INFY,MACRO,CPI,0.8,1,1,0
2025-09-12,HCLTECH,MACRO,CPI,0.8,1,1,0
2025-09-12,WIPRO,MACRO,CPI,0.8,1,1,0
2025-09-12,TECHM,MACRO,CPI,0.8,1,1,0
2025-09-12,RELIANCE,MACRO,CPI,0.8,1,1,0
2025-09-12,ONGC,MACRO,CPI,0.8,1,1,0
2025-09-12,NTPC,MACRO,CPI,0.8,1,1,0
2025-09-12,POWERGRID,MACRO,CPI,0.8,1,1,0
2025-09-12,BPCL,MACRO,CPI,0.8,1,1,0
2025-09-12,HINDUNILVR,MACRO,CPI,0.8,1,1,0
2025-09-12,ITC,MACRO,CPI,0.8,1,1,0
2025-09-12,NESTLEIND,MACRO,CPI,0.8,1,1,0
2025-09-12,BRITANNIA,MACRO,CPI,0.8,1,1,0
2025-09-12,MARUTI,MACRO,CPI,0.8,1,1,0
2025-09-12,M&M,MACRO,CPI,0.8,1,1,0
2025-09-12,BHARTIARTL,MACRO,CPI,0.8,1,1,0
2025-09-12,EICHERMOT,MACRO,CPI,0.8,1,1,0
2025-09-12,HEROMOTOCO,MACRO,CPI,0.8,1,1,0
2025-09-12,BAJAJ-AUTO,MACRO,CPI,0.8,1,1,0
2025-09-12,SUNPHARMA,MACRO,CPI,0.8,1,1,0
2025-09-12,CIPLA,MACRO,CPI,0.8,1,1,0
2025-09-12,DRREDDY,MACRO,CPI,0.8,1,1,0
2025-09-12,TATASTEEL,MACRO,CPI,0.8,1,1,0
2025-09-12,JSWSTEEL,MACRO,CPI,0.8,1,1,0
2025-09-12,HINDALCO,MACRO,CPI,0.8,1,1,0
2025-09-12,COALINDIA,MACRO,CPI,0.8,1,1,0
2025-09-12,LT,MACRO,CPI,0.8,1,1,0
2025-09-12,ULTRACEMCO,MACRO,CPI,0.8,1,1,0
2025-09-12,GRASIM,MACRO,CPI,0.8,1,1,0
2025-09-12,ASIANPAINT,MACRO,CPI,0.8,1,1,0
2025-09-12,TITAN,MACRO,CPI,0.8,1,1,0
2025-10-01,HDFCBANK,MACRO,PMI,0.8,1,1,0
2025-10-01,ICICIBANK,MACRO,PMI,0.8,1,1,0
2025-10-01,SBIN,MACRO,PMI,0.8,1,1,0
2025-10-01,AXISBANK,MACRO,PMI,0.8,1,1,0
2025-10-01,KOTAKBANK,MACRO,PMI,0.8,1,1,0
2025-10-01,BAJFINANCE,MACRO,PMI,0.8,1,1,0
2025-10-01,BAJAJFINSV,MACRO,PMI,0.8,1,1,0
2025-10-01,INDUSINDBK,MACRO,PMI,0.8,1,1,0
2025-10-01,TCS,MACRO,PMI,0.8,1,1,0
2025-10-01,INFY,MACRO,PMI,0.8,1,1,0
2025-10-01,HCLTECH,MACRO,PMI,0.8,1,1,0
2025-10-01,WIPRO,MACRO,PMI,0.8,1,1,0
2025-10-01,TECHM,MACRO,PMI,0.8,1,1,0
2025-10-01,RELIANCE,MACRO,PMI,0.8,1,1,0
2025-10-01,ONGC,MACRO,PMI,0.8,1,1,0
2025-10-01,NTPC,MACRO,PMI,0.8,1,1,0
2025-10-01,POWERGRID,MACRO,PMI,0.8,1,1,0
2025-10-01,BPCL,MACRO,PMI,0.8,1,1,0
2025-10-01,HINDUNILVR,MACRO,PMI,0.8,1,1,0
2025-10-01,ITC,MACRO,PMI,0.8,1,1,0
2025-10-01,NESTLEIND,MACRO,PMI,0.8,1,1,0
2025-10-01,BRITANNIA,MACRO,PMI,0.8,1,1,0
2025-10-01,MARUTI,MACRO,PMI,0.8,1,1,0
2025-10-01,M&M,MACRO,PMI,0.8,1,1,0
2025-10-01,BHARTIARTL,MACRO,PMI,0.8,1,1,0
2025-10-01,EICHERMOT,MACRO,PMI,0.8,1,1,0
2025-10-01,HEROMOTOCO,MACRO,PMI,0.8,1,1,0
2025-10-01,BAJAJ-AUTO,MACRO,PMI,0.8,1,1,0
2025-10-01,SUNPHARMA,MACRO,PMI,0.8,1,1,0
2025-10-01,CIPLA,MACRO,PMI,0.8,1,1,0
2025-10-01,DRREDDY,MACRO,PMI,0.8,1,1,0
2025-10-01,TATASTEEL,MACRO,PMI,0.8,1,1,0
2025-10-01,JSWSTEEL,MACRO,PMI,0.8,1,1,0
2025-10-01,HINDALCO,MACRO,PMI,0.8,1,1,0
2025-10-01,COALINDIA,MACRO,PMI,0.8,1,1,0
2025-10-01,LT,MACRO,PMI,0.8,1,1,0
2025-10-01,ULTRACEMCO,MACRO,PMI,0.8,1,1,0
2025-10-01,GRASIM,MACRO,PMI,0.8,1,1,0
2025-10-01,ASIANPAINT,MACRO,PMI,0.8,1,1,0
2025-10-01,TITAN,MACRO,PMI,0.8,1,1,0
2025-10-08,HDFCBANK,GOVT,RBI_POLICY,1.0,1,1,0
2025-10-08,ICICIBANK,GOVT,RBI_POLICY,1.0,1,1,0
2025-10-08,SBIN,GOVT,RBI_POLICY,1.0,1,1,0
2025-10-08,AXISBANK,GOVT,RBI_POLICY,1.0,1,1,0
2025-10-08,KOTAKBANK,GOVT,RBI_POLICY,1.0,1,1,0
2025-10-08,BAJFINANCE,GOVT,RBI_POLICY,1.0,1,1,0
2025-10-08,BAJAJFINSV,GOVT,RBI_POLICY,1.0,1,1,0
2025-10-08,INDUSINDBK,GOVT,RBI_POLICY,1.0,1,1,0
2025-10-08,TCS,GOVT,RBI_POLICY,1.0,1,1,0
2025-10-08,INFY,GOVT,RBI_POLICY,1.0,1,1,0
2025-10-08,HCLTECH,GOVT,RBI_POLICY,1.0,1,1,0
2025-10-08,WIPRO,GOVT,RBI_POLICY,1.0,1,1,0
2025-10-08,TECHM,GOVT,RBI_POLICY,1.0,1,1,0
2025-10-08,RELIANCE,GOVT,RBI_POLICY,1.0,1,1,0
2025-10-08,ONGC,GOVT,RBI_POLICY,1.0,1,1,0
2025-10-08,NTPC,GOVT,RBI_POLICY,1.0,1,1,0
2025-10-08,POWERGRID,GOVT,RBI_POLICY,1.0,1,1,0
2025-10-08,BPCL,GOVT,RBI_POLICY,1.0,1,1,0
2025-10-08,HINDUNILVR,GOVT,RBI_POLICY,1.0,1,1,0
2025-10-08,ITC,GOVT,RBI_POLICY,1.0,1,1,0
2025-10-08,NESTLEIND,GOVT,RBI_POLICY,1.0,1,1,0
2025-10-08,BRITANNIA,GOVT,RBI_POLICY,1.0,1,1,0
2025-10-08,MARUTI,GOVT,RBI_POLICY,1.0,1,1,0
2025-10-08,M&M,GOVT,RBI_POLICY,1.0,1,1,0
2025-10-08,BHARTIARTL,GOVT,RBI_POLICY,1.0,1,1,0
2025-10-08,EICHERMOT,GOVT,RBI_POLICY,1.0,1,1,0
2025-10-08,HEROMOTOCO,GOVT,RBI_POLICY,1.0,1,1,0
2025-10-08,BAJAJ-AUTO,GOVT,RBI_POLICY,1.0,1,1,0
2025-10-08,SUNPHARMA,GOVT,RBI_POLICY,1.0,1,1,0
2025-10-08,CIPLA,GOVT,RBI_POLICY,1.0,1,1,0
2025-10-08,DRREDDY,GOVT,RBI_POLICY,1.0,1,1,0
2025-10-08,TATASTEEL,GOVT,RBI_POLICY,1.0,1,1,0
2025-10-08,JSWSTEEL,GOVT,RBI_POLICY,1.0,1,1,0
2025-10-08,HINDALCO,GOVT,RBI_POLICY,1.0,1,1,0
2025-10-08,COALINDIA,GOVT,RBI_POLICY,1.0,1,1,0
2025-10-08,LT,GOVT,RBI_POLICY,1.0,1,1,0
2025-10-08,ULTRACEMCO,GOVT,RBI_POLICY,1.0,1,1,0
2025-10-08,GRASIM,GOVT,RBI_POLICY,1.0,1,1,0
2025-10-08,ASIANPAINT,GOVT,RBI_POLICY,1.0,1,1,0
2025-10-08,TITAN,GOVT,RBI_POLICY,1.0,1,1,0
2025-10-09,TCS,STOCK,EARNINGS,1.0,1,1,0
2025-10-13,HDFCBANK,MACRO,CPI,0.8,1,1,0
2025-10-13,ICICIBANK,MACRO,CPI,0.8,1,1,0
2025-10-13,SBIN,MACRO,CPI,0.8,1,1,0
2025-10-13,AXISBANK,MACRO,CPI,0.8,1,1,0
2025-10-13,KOTAKBANK,MACRO,CPI,0.8,1,1,0
2025-10-13,BAJFINANCE,MACRO,CPI,0.8,1,1,0
2025-10-13,BAJAJFINSV,MACRO,CPI,0.8,1,1,0
2025-10-13,INDUSINDBK,MACRO,CPI,0.8,1,1,0
2025-10-13,TCS,MACRO,CPI,0.8,1,1,0
2025-10-13,INFY,MACRO,CPI,0.8,1,1,0
2025-10-13,HCLTECH,MACRO|STOCK,CPI|EARNINGS,1.0,2,1,0
2025-10-13,WIPRO,MACRO,CPI,0.8,1,1,0
2025-10-13,TECHM,MACRO,CPI,0.8,1,1,0
2025-10-13,RELIANCE,MACRO,CPI,0.8,1,1,0
2025-10-13,ONGC,MACRO,CPI,0.8,1,1,0
2025-10-13,NTPC,MACRO,CPI,0.8,1,1,0
2025-10-13,POWERGRID,MACRO,CPI,0.8,1,1,0
2025-10-13,BPCL,MACRO,CPI,0.8,1,1,0
2025-10-13,HINDUNILVR,MACRO,CPI,0.8,1,1,0
2025-10-13,ITC,MACRO,CPI,0.8,1,1,0
2025-10-13,NESTLEIND,MACRO,CPI,0.8,1,1,0
2025-10-13,BRITANNIA,MACRO,CPI,0.8,1,1,0
2025-10-13,MARUTI,MACRO,CPI,0.8,1,1,0
2025-10-13,M&M,MACRO,CPI,0.8,1,1,0
2025-10-13,BHARTIARTL,MACRO,CPI,0.8,1,1,0
2025-10-13,EICHERMOT,MACRO,CPI,0.8,1,1,0
2025-10-13,HEROMOTOCO,MACRO,CPI,0.8,1,1,0
2025-10-13,BAJAJ-AUTO,MACRO,CPI,0.8,1,1,0
2025-10-13,SUNPHARMA,MACRO,CPI,0.8,1,1,0
2025-10-13,CIPLA,MACRO,CPI,0.8,1,1,0
2025-10-13,DRREDDY,MACRO,CPI,0.8,1,1,0
2025-10-13,TATASTEEL,MACRO,CPI,0.8,1,1,0
2025-10-13,JSWSTEEL,MACRO,CPI,0.8,1,1,0
2025-10-13,HINDALCO,MACRO,CPI,0.8,1,1,0
2025-10-13,COALINDIA,MACRO,CPI,0.8,1,1,0
2025-10-13,LT,MACRO,CPI,0.8,1,1,0
2025-10-13,ULTRACEMCO,MACRO,CPI,0.8,1,1,0
2025-10-13,GRASIM,MACRO,CPI,0.8,1,1,0
2025-10-13,ASIANPAINT,MACRO,CPI,0.8,1,1,0
2025-10-13,TITAN,MACRO,CPI,0.8,1,1,0
2025-10-14,TECHM,STOCK,EARNINGS,1.0,1,1,0
2025-10-15,AXISBANK,STOCK,EARNINGS,1.0,1,1,0
2025-10-16,INFY,STOCK,EARNINGS,1.0,1,1,0
2025-10-16,WIPRO,STOCK,EARNINGS,1.0,1,1,0
2025-10-16,NESTLEIND,STOCK,EARNINGS,1.0,1,1,0
2025-10-17,RELIANCE,STOCK,EARNINGS,1.0,1,1,0
2025-10-17,JSWSTEEL,STOCK,EARNINGS,1.0,1,1,0
2025-10-23,HINDUNILVR,STOCK,EARNINGS,1.0,1,1,0
2025-10-24,DRREDDY,STOCK,EARNINGS,1.0,1,1,0
2025-10-29,COALINDIA,STOCK,EARNINGS,1.0,1,1,0
2025-10-29,LT,STOCK,EARNINGS,1.0,1,1,0
2025-10-30,NTPC,STOCK,EARNINGS,1.0,1,1,0
2025-10-30,ITC,STOCK,EARNINGS,1.0,1,1,0
2025-10-30,CIPLA,STOCK,EARNINGS,1.0,1,1,0
2025-10-31,BPCL,STOCK,EARNINGS,1.0,1,1,0
2025-10-31,MARUTI,STOCK,EARNINGS,1.0,1,1,0
2025-11-03,HDFCBANK,MACRO,PMI,0.8,1,1,0
2025-11-03,ICICIBANK,MACRO,PMI,0.8,1,1,0
2025-11-03,SBIN,MACRO,PMI,0.8,1,1,0
2025-11-03,AXISBANK,MACRO,PMI,0.8,1,1,0
2025-11-03,KOTAKBANK,MACRO,PMI,0.8,1,1,0
2025-11-03,BAJFINANCE,MACRO,PMI,0.8,1,1,0
2025-11-03,BAJAJFINSV,MACRO,PMI,0.8,1,1,0
2025-11-03,INDUSINDBK,MACRO,PMI,0.8,1,1,0
2025-11-03,TCS,MACRO,PMI,0.8,1,1,0
2025-11-03,INFY,MACRO,PMI,0.8,1,1,0
2025-11-03,HCLTECH,MACRO,PMI,0.8,1,1,0
2025-11-03,WIPRO,MACRO,PMI,0.8,1,1,0
2025-11-03,TECHM,MACRO,PMI,0.8,1,1,0
2025-11-03,RELIANCE,MACRO,PMI,0.8,1,1,0
2025-11-03,ONGC,MACRO,PMI,0.8,1,1,0
2025-11-03,NTPC,MACRO,PMI,0.8,1,1,0
2025-11-03,POWERGRID,MACRO|STOCK,EARNINGS|PMI,1.0,2,1,0
2025-11-03,BPCL,MACRO,PMI,0.8,1,1,0
2025-11-03,HINDUNILVR,MACRO,PMI,0.8,1,1,0
2025-11-03,ITC,MACRO,PMI,0.8,1,1,0
2025-11-03,NESTLEIND,MACRO,PMI,0.8,1,1,0
2025-11-03,BRITANNIA,MACRO,PMI,0.8,1,1,0
2025-11-03,MARUTI,MACRO,PMI,0.8,1,1,0
2025-11-03,M&M,MACRO,PMI,0.8,1,1,0
2025-11-03,BHARTIARTL,MACRO|STOCK,EARNINGS|PMI,1.0,2,1,0
2025-11-03,EICHERMOT,MACRO,PMI,0.8,1,1,0
2025-11-03,HEROMOTOCO,MACRO,PMI,0.8,1,1,0
2025-11-03,BAJAJ-AUTO,MACRO,PMI,0.8,1,1,0
2025-11-03,SUNPHARMA,MACRO,PMI,0.8,1,1,0
2025-11-03,CIPLA,MACRO,PMI,0.8,1,1,0
2025-11-03,DRREDDY,MACRO,PMI,0.8,1,1,0
2025-11-03,TATASTEEL,MACRO,PMI,0.8,1,1,0
2025-11-03,JSWSTEEL,MACRO,PMI,0.8,1,1,0
2025-11-03,HINDALCO,MACRO,PMI,0.8,1,1,0
2025-11-03,COALINDIA,MACRO,PMI,0.8,1,1,0
2025-11-03,LT,MACRO,PMI,0.8,1,1,0
2025-11-03,ULTRACEMCO,MACRO,PMI,0.8,1,1,0
2025-11-03,GRASIM,MACRO,PMI,0.8,1,1,0
2025-11-03,ASIANPAINT,MACRO,PMI,0.8,1,1,0
2025-11-03,TITAN,MACRO|STOCK,EARNINGS|PMI,1.0,2,1,0
2025-11-04,SBIN,STOCK,EARNINGS,1.0,1,1,0
2025-11-04,M&M,STOCK,EARNINGS,1.0,1,1,0
2025-11-05,BRITANNIA,STOCK,EARNINGS,1.0,1,1,0
2025-11-05,SUNPHARMA,STOCK,EARNINGS,1.0,1,1,0
2025-11-05,GRASIM,STOCK,EARNINGS,1.0,1,1,0
2025-11-07,BAJAJ-AUTO,STOCK,EARNINGS,1.0,1,1,0
2025-11-07,HINDALCO,STOCK,EARNINGS,1.0,1,1,0
2025-11-10,BAJFINANCE,STOCK,EARNINGS,1.0,1,1,0
2025-11-10,ONGC,STOCK,EARNINGS,1.0,1,1,0
2025-11-11,BAJAJFINSV,STOCK,EARNINGS,1.0,1,1,0
2025-11-12,HDFCBANK,MACRO,CPI,0.8,1,1,0
2025-11-12,ICICIBANK,MACRO,CPI,0.8,1,1,0
2025-11-12,SBIN,MACRO,CPI,0.8,1,1,0
2025-11-12,AXISBANK,MACRO,CPI,0.8,1,1,0
2025-11-12,KOTAKBANK,MACRO,CPI,0.8,1,1,0
2025-11-12,BAJFINANCE,MACRO,CPI,0.8,1,1,0
2025-11-12,BAJAJFINSV,MACRO,CPI,0.8,1,1,0
2025-11-12,INDUSINDBK,MACRO,CPI,0.8,1,1,0
2025-11-12,TCS,MACRO,CPI,0.8,1,1,0
2025-11-12,INFY,MACRO,CPI,0.8,1,1,0
2025-11-12,HCLTECH,MACRO,CPI,0.8,1,1,0
2025-11-12,WIPRO,MACRO,CPI,0.8,1,1,0
2025-11-12,TECHM,MACRO,CPI,0.8,1,1,0
2025-11-12,RELIANCE,MACRO,CPI,0.8,1,1,0
2025-11-12,ONGC,MACRO,CPI,0.8,1,1,0
2025-11-12,NTPC,MACRO,CPI,0.8,1,1,0
2025-11-12,POWERGRID,MACRO,CPI,0.8,1,1,0
2025-11-12,BPCL,MACRO,CPI,0.8,1,1,0
2025-11-12,HINDUNILVR,MACRO,CPI,0.8,1,1,0
2025-11-12,ITC,MACRO,CPI,0.8,1,1,0
2025-11-12,NESTLEIND,MACRO,CPI,0.8,1,1,0
2025-11-12,BRITANNIA,MACRO,CPI,0.8,1,1,0
2025-11-12,MARUTI,MACRO,CPI,0.8,1,1,0
2025-11-12,M&M,MACRO,CPI,0.8,1,1,0
2025-11-12,BHARTIARTL,MACRO,CPI,0.8,1,1,0
2025-11-12,EICHERMOT,MACRO,CPI,0.8,1,1,0
2025-11-12,HEROMOTOCO,MACRO,CPI,0.8,1,1,0
2025-11-12,BAJAJ-AUTO,MACRO,CPI,0.8,1,1,0
2025-11-12,SUNPHARMA,MACRO,CPI,0.8,1,1,0
2025-11-12,CIPLA,MACRO,CPI,0.8,1,1,0
2025-11-12,DRREDDY,MACRO,CPI,0.8,1,1,0
2025-11-12,TATASTEEL,MACRO|STOCK,CPI|EARNINGS,1.0,2,1,0
2025-11-12,JSWSTEEL,MACRO,CPI,0.8,1,1,0
2025-11-12,HINDALCO,MACRO,CPI,0.8,1,1,0
2025-11-12,COALINDIA,MACRO,CPI,0.8,1,1,0
2025-11-12,LT,MACRO,CPI,0.8,1,1,0
2025-11-12,ULTRACEMCO,MACRO,CPI,0.8,1,1,0
2025-11-12,GRASIM,MACRO,CPI,0.8,1,1,0
2025-11-12,ASIANPAINT,MACRO|STOCK,CPI|EARNINGS,1.0,2,1,0
2025-11-12,TITAN,MACRO,CPI,0.8,1,1,0
2025-11-13,EICHERMOT,STOCK,EARNINGS,1.0,1,1,0
2025-11-13,HEROMOTOCO,STOCK,EARNINGS,1.0,1,1,0
2025-11-21,KOTAKBANK,STOCK,STOCK_SPLIT,0.9,1,1,0
2025-11-28,HDFCBANK,MACRO,GDP,0.9,1,1,0
2025-11-28,ICICIBANK,MACRO,GDP,0.9,1,1,0
2025-11-28,SBIN,MACRO,GDP,0.9,1,1,0
2025-11-28,AXISBANK,MACRO,GDP,0.9,1,1,0
2025-11-28,KOTAKBANK,MACRO,GDP,0.9,1,1,0
2025-11-28,BAJFINANCE,MACRO,GDP,0.9,1,1,0
2025-11-28,BAJAJFINSV,MACRO,GDP,0.9,1,1,0
2025-11-28,INDUSINDBK,MACRO,GDP,0.9,1,1,0
2025-11-28,TCS,MACRO,GDP,0.9,1,1,0
2025-11-28,INFY,MACRO,GDP,0.9,1,1,0
2025-11-28,HCLTECH,MACRO,GDP,0.9,1,1,0
2025-11-28,WIPRO,MACRO,GDP,0.9,1,1,0
2025-11-28,TECHM,MACRO,GDP,0.9,1,1,0
2025-11-28,RELIANCE,MACRO,GDP,0.9,1,1,0
2025-11-28,ONGC,MACRO,GDP,0.9,1,1,0
2025-11-28,NTPC,MACRO,GDP,0.9,1,1,0
2025-11-28,POWERGRID,MACRO,GDP,0.9,1,1,0
2025-11-28,BPCL,MACRO,GDP,0.9,1,1,0
2025-11-28,HINDUNILVR,MACRO,GDP,0.9,1,1,0
2025-11-28,ITC,MACRO,GDP,0.9,1,1,0
2025-11-28,NESTLEIND,MACRO,GDP,0.9,1,1,0
2025-11-28,BRITANNIA,MACRO,GDP,0.9,1,1,0
2025-11-28,MARUTI,MACRO,GDP,0.9,1,1,0
2025-11-28,M&M,MACRO,GDP,0.9,1,1,0
2025-11-28,BHARTIARTL,MACRO,GDP,0.9,1,1,0
2025-11-28,EICHERMOT,MACRO,GDP,0.9,1,1,0
2025-11-28,HEROMOTOCO,MACRO,GDP,0.9,1,1,0
2025-11-28,BAJAJ-AUTO,MACRO,GDP,0.9,1,1,0
2025-11-28,SUNPHARMA,MACRO,GDP,0.9,1,1,0
2025-11-28,CIPLA,MACRO,GDP,0.9,1,1,0
2025-11-28,DRREDDY,MACRO,GDP,0.9,1,1,0
2025-11-28,TATASTEEL,MACRO,GDP,0.9,1,1,0
2025-11-28,JSWSTEEL,MACRO,GDP,0.9,1,1,0
2025-11-28,HINDALCO,MACRO,GDP,0.9,1,1,0
2025-11-28,COALINDIA,MACRO,GDP,0.9,1,1,0
2025-11-28,LT,MACRO,GDP,0.9,1,1,0
2025-11-28,ULTRACEMCO,MACRO,GDP,0.9,1,1,0
2025-11-28,GRASIM,MACRO,GDP,0.9,1,1,0
2025-11-28,ASIANPAINT,MACRO,GDP,0.9,1,1,0
2025-11-28,TITAN,MACRO,GDP,0.9,1,1,0
2025-12-01,HDFCBANK,MACRO,PMI,0.8,1,1,0
2025-12-01,ICICIBANK,MACRO,PMI,0.8,1,1,0
2025-12-01,SBIN,MACRO,PMI,0.8,1,1,0
2025-12-01,AXISBANK,MACRO,PMI,0.8,1,1,0
2025-12-01,KOTAKBANK,MACRO,PMI,0.8,1,1,0
2025-12-01,BAJFINANCE,MACRO,PMI,0.8,1,1,0
2025-12-01,BAJAJFINSV,MACRO,PMI,0.8,1,1,0
2025-12-01,INDUSINDBK,MACRO,PMI,0.8,1,1,0
2025-12-01,TCS,MACRO,PMI,0.8,1,1,0
2025-12-01,INFY,MACRO,PMI,0.8,1,1,0
2025-12-01,HCLTECH,MACRO,PMI,0.8,1,1,0
2025-12-01,WIPRO,MACRO,PMI,0.8,1,1,0
2025-12-01,TECHM,MACRO,PMI,0.8,1,1,0
2025-12-01,RELIANCE,MACRO,PMI,0.8,1,1,0
2025-12-01,ONGC,MACRO,PMI,0.8,1,1,0
2025-12-01,NTPC,MACRO,PMI,0.8,1,1,0
2025-12-01,POWERGRID,MACRO,PMI,0.8,1,1,0
2025-12-01,BPCL,MACRO,PMI,0.8,1,1,0
2025-12-01,HINDUNILVR,MACRO,PMI,0.8,1,1,0
2025-12-01,ITC,MACRO,PMI,0.8,1,1,0
2025-12-01,NESTLEIND,MACRO,PMI,0.8,1,1,0
2025-12-01,BRITANNIA,MACRO,PMI,0.8,1,1,0
2025-12-01,MARUTI,MACRO,PMI,0.8,1,1,0
2025-12-01,M&M,MACRO,PMI,0.8,1,1,0
2025-12-01,BHARTIARTL,MACRO,PMI,0.8,1,1,0
2025-12-01,EICHERMOT,MACRO,PMI,0.8,1,1,0
2025-12-01,HEROMOTOCO,MACRO,PMI,0.8,1,1,0
2025-12-01,BAJAJ-AUTO,MACRO,PMI,0.8,1,1,0
2025-12-01,SUNPHARMA,MACRO,PMI,0.8,1,1,0
2025-12-01,CIPLA,MACRO,PMI,0.8,1,1,0
2025-12-01,DRREDDY,MACRO,PMI,0.8,1,1,0
2025-12-01,TATASTEEL,MACRO,PMI,0.8,1,1,0
2025-12-01,JSWSTEEL,MACRO,PMI,0.8,1,1,0
2025-12-01,HINDALCO,MACRO,PMI,0.8,1,1,0
2025-12-01,COALINDIA,MACRO,PMI,0.8,1,1,0
2025-12-01,LT,MACRO,PMI,0.8,1,1,0
2025-12-01,ULTRACEMCO,MACRO,PMI,0.8,1,1,0
2025-12-01,GRASIM,MACRO,PMI,0.8,1,1,0
2025-12-01,ASIANPAINT,MACRO,PMI,0.8,1,1,0
2025-12-01,TITAN,MACRO,PMI,0.8,1,1,0
2025-12-05,HDFCBANK,GOVT,RBI_POLICY,1.0,1,1,0
2025-12-05,ICICIBANK,GOVT,RBI_POLICY,1.0,1,1,0
2025-12-05,SBIN,GOVT,RBI_POLICY,1.0,1,1,0
2025-12-05,AXISBANK,GOVT,RBI_POLICY,1.0,1,1,0
2025-12-05,KOTAKBANK,GOVT,RBI_POLICY,1.0,1,1,0
2025-12-05,BAJFINANCE,GOVT,RBI_POLICY,1.0,1,1,0
2025-12-05,BAJAJFINSV,GOVT,RBI_POLICY,1.0,1,1,0
2025-12-05,INDUSINDBK,GOVT,RBI_POLICY,1.0,1,1,0
2025-12-05,TCS,GOVT,RBI_POLICY,1.0,1,1,0
2025-12-05,INFY,GOVT,RBI_POLICY,1.0,1,1,0
2025-12-05,HCLTECH,GOVT,RBI_POLICY,1.0,1,1,0
2025-12-05,WIPRO,GOVT,RBI_POLICY,1.0,1,1,0
2025-12-05,TECHM,GOVT,RBI_POLICY,1.0,1,1,0
2025-12-05,RELIANCE,GOVT,RBI_POLICY,1.0,1,1,0
2025-12-05,ONGC,GOVT,RBI_POLICY,1.0,1,1,0
2025-12-05,NTPC,GOVT,RBI_POLICY,1.0,1,1,0
2025-12-05,POWERGRID,GOVT,RBI_POLICY,1.0,1,1,0
2025-12-05,BPCL,GOVT,RBI_POLICY,1.0,1,1,0
2025-12-05,HINDUNILVR,GOVT,RBI_POLICY,1.0,1,1,0
2025-12-05,ITC,GOVT,RBI_POLICY,1.0,1,1,0
2025-12-05,NESTLEIND,GOVT,RBI_POLICY,1.0,1,1,0
2025-12-05,BRITANNIA,GOVT,RBI_POLICY,1.0,1,1,0
2025-12-05,MARUTI,GOVT,RBI_POLICY,1.0,1,1,0
2025-12-05,M&M,GOVT,RBI_POLICY,1.0,1,1,0
2025-12-05,BHARTIARTL,GOVT,RBI_POLICY,1.0,1,1,0
2025-12-05,EICHERMOT,GOVT,RBI_POLICY,1.0,1,1,0
2025-12-05,HEROMOTOCO,GOVT,RBI_POLICY,1.0,1,1,0
2025-12-05,BAJAJ-AUTO,GOVT,RBI_POLICY,1.0,1,1,0
2025-12-05,SUNPHARMA,GOVT,RBI_POLICY,1.0,1,1,0
2025-12-05,CIPLA,GOVT,RBI_POLICY,1.0,1,1,0
2025-12-05,DRREDDY,GOVT,RBI_POLICY,1.0,1,1,0
2025-12-05,TATASTEEL,GOVT,RBI_POLICY,1.0,1,1,0
2025-12-05,JSWSTEEL,GOVT,RBI_POLICY,1.0,1,1,0
2025-12-05,HINDALCO,GOVT,RBI_POLICY,1.0,1,1,0
2025-12-05,COALINDIA,GOVT,RBI_POLICY,1.0,1,1,0
2025-12-05,LT,GOVT,RBI_POLICY,1.0,1,1,0
2025-12-05,ULTRACEMCO,GOVT,RBI_POLICY,1.0,1,1,0
2025-12-05,GRASIM,GOVT,RBI_POLICY,1.0,1,1,0
2025-12-05,ASIANPAINT,GOVT,RBI_POLICY,1.0,1,1,0
2025-12-05,TITAN,GOVT,RBI_POLICY,1.0,1,1,0
2025-12-12,HDFCBANK,MACRO,CPI,0.8,1,1,0
2025-12-12,ICICIBANK,MACRO,CPI,0.8,1,1,0
2025-12-12,SBIN,MACRO,CPI,0.8,1,1,0
2025-12-12,AXISBANK,MACRO,CPI,0.8,1,1,0
2025-12-12,KOTAKBANK,MACRO,CPI,0.8,1,1,0
2025-12-12,BAJFINANCE,MACRO,CPI,0.8,1,1,0
2025-12-12,BAJAJFINSV,MACRO,CPI,0.8,1,1,0
2025-12-12,INDUSINDBK,MACRO,CPI,0.8,1,1,0
2025-12-12,TCS,MACRO,CPI,0.8,1,1,0
2025-12-12,INFY,MACRO,CPI,0.8,1,1,0
2025-12-12,HCLTECH,MACRO,CPI,0.8,1,1,0
2025-12-12,WIPRO,MACRO,CPI,0.8,1,1,0
2025-12-12,TECHM,MACRO,CPI,0.8,1,1,0
2025-12-12,RELIANCE,MACRO,CPI,0.8,1,1,0
2025-12-12,ONGC,MACRO,CPI,0.8,1,1,0
2025-12-12,NTPC,MACRO,CPI,0.8,1,1,0
2025-12-12,POWERGRID,MACRO,CPI,0.8,1,1,0
2025-12-12,BPCL,MACRO,CPI,0.8,1,1,0
2025-12-12,HINDUNILVR,MACRO,CPI,0.8,1,1,0
2025-12-12,ITC,MACRO,CPI,0.8,1,1,0
2025-12-12,NESTLEIND,MACRO,CPI,0.8,1,1,0
2025-12-12,BRITANNIA,MACRO,CPI,0.8,1,1,0
2025-12-12,MARUTI,MACRO,CPI,0.8,1,1,0
2025-12-12,M&M,MACRO,CPI,0.8,1,1,0
2025-12-12,BHARTIARTL,MACRO,CPI,0.8,1,1,0
2025-12-12,EICHERMOT,MACRO,CPI,0.8,1,1,0
2025-12-12,HEROMOTOCO,MACRO,CPI,0.8,1,1,0
2025-12-12,BAJAJ-AUTO,MACRO,CPI,0.8,1,1,0
2025-12-12,SUNPHARMA,MACRO,CPI,0.8,1,1,0
2025-12-12,CIPLA,MACRO,CPI,0.8,1,1,0
2025-12-12,DRREDDY,MACRO,CPI,0.8,1,1,0
2025-12-12,TATASTEEL,MACRO,CPI,0.8,1,1,0
2025-12-12,JSWSTEEL,MACRO,CPI,0.8,1,1,0
2025-12-12,HINDALCO,MACRO,CPI,0.8,1,1,0
2025-12-12,COALINDIA,MACRO,CPI,0.8,1,1,0
2025-12-12,LT,MACRO,CPI,0.8,1,1,0
2025-12-12,ULTRACEMCO,MACRO,CPI,0.8,1,1,0
2025-12-12,GRASIM,MACRO,CPI,0.8,1,1,0
2025-12-12,ASIANPAINT,MACRO,CPI,0.8,1,1,0
2025-12-12,TITAN,MACRO,CPI,0.8,1,1,0
2026-01-02,HDFCBANK,MACRO,PMI,0.8,1,1,0
2026-01-02,ICICIBANK,MACRO,PMI,0.8,1,1,0
2026-01-02,SBIN,MACRO,PMI,0.8,1,1,0
2026-01-02,AXISBANK,MACRO,PMI,0.8,1,1,0
2026-01-02,KOTAKBANK,MACRO,PMI,0.8,1,1,0
2026-01-02,BAJFINANCE,MACRO,PMI,0.8,1,1,0
2026-01-02,BAJAJFINSV,MACRO,PMI,0.8,1,1,0
2026-01-02,INDUSINDBK,MACRO,PMI,0.8,1,1,0
2026-01-02,TCS,MACRO,PMI,0.8,1,1,0
2026-01-02,INFY,MACRO,PMI,0.8,1,1,0
2026-01-02,HCLTECH,MACRO,PMI,0.8,1,1,0
2026-01-02,WIPRO,MACRO,PMI,0.8,1,1,0
2026-01-02,TECHM,MACRO,PMI,0.8,1,1,0
2026-01-02,RELIANCE,MACRO,PMI,0.8,1,1,0
2026-01-02,ONGC,MACRO,PMI,0.8,1,1,0
2026-01-02,NTPC,MACRO,PMI,0.8,1,1,0
2026-01-02,POWERGRID,MACRO,PMI,0.8,1,1,0
2026-01-02,BPCL,MACRO,PMI,0.8,1,1,0
2026-01-02,HINDUNILVR,MACRO,PMI,0.8,1,1,0
2026-01-02,ITC,MACRO,PMI,0.8,1,1,0
2026-01-02,NESTLEIND,MACRO,PMI,0.8,1,1,0
2026-01-02,BRITANNIA,MACRO,PMI,0.8,1,1,0
2026-01-02,MARUTI,MACRO,PMI,0.8,1,1,0
2026-01-02,M&M,MACRO,PMI,0.8,1,1,0
2026-01-02,BHARTIARTL,MACRO,PMI,0.8,1,1,0
2026-01-02,EICHERMOT,MACRO,PMI,0.8,1,1,0
2026-01-02,HEROMOTOCO,MACRO,PMI,0.8,1,1,0
2026-01-02,BAJAJ-AUTO,MACRO,PMI,0.8,1,1,0
2026-01-02,SUNPHARMA,MACRO,PMI,0.8,1,1,0
2026-01-02,CIPLA,MACRO,PMI,0.8,1,1,0
2026-01-02,DRREDDY,MACRO,PMI,0.8,1,1,0
2026-01-02,TATASTEEL,MACRO,PMI,0.8,1,1,0
2026-01-02,JSWSTEEL,MACRO,PMI,0.8,1,1,0
2026-01-02,HINDALCO,MACRO,PMI,0.8,1,1,0
2026-01-02,COALINDIA,MACRO,PMI,0.8,1,1,0
2026-01-02,LT,MACRO,PMI,0.8,1,1,0
2026-01-02,ULTRACEMCO,MACRO,PMI,0.8,1,1,0
2026-01-02,GRASIM,MACRO,PMI,0.8,1,1,0
2026-01-02,ASIANPAINT,MACRO,PMI,0.8,1,1,0
2026-01-02,TITAN,MACRO,PMI,0.8,1,1,0
2026-01-12,HDFCBANK,MACRO,CPI,0.8,1,1,0
2026-01-12,ICICIBANK,MACRO,CPI,0.8,1,1,0
2026-01-12,SBIN,MACRO,CPI,0.8,1,1,0
2026-01-12,AXISBANK,MACRO,CPI,0.8,1,1,0
2026-01-12,KOTAKBANK,MACRO,CPI,0.8,1,1,0
2026-01-12,BAJFINANCE,MACRO,CPI,0.8,1,1,0
2026-01-12,BAJAJFINSV,MACRO,CPI,0.8,1,1,0
2026-01-12,INDUSINDBK,MACRO,CPI,0.8,1,1,0
2026-01-12,TCS,MACRO|STOCK,CPI|EARNINGS,1.0,2,1,0
2026-01-12,INFY,MACRO,CPI,0.8,1,1,0
2026-01-12,HCLTECH,MACRO|STOCK,CPI|EARNINGS,1.0,2,1,0
2026-01-12,WIPRO,MACRO,CPI,0.8,1,1,0
2026-01-12,TECHM,MACRO,CPI,0.8,1,1,0
2026-01-12,RELIANCE,MACRO,CPI,0.8,1,1,0
2026-01-12,ONGC,MACRO,CPI,0.8,1,1,0
2026-01-12,NTPC,MACRO,CPI,0.8,1,1,0
2026-01-12,POWERGRID,MACRO,CPI,0.8,1,1,0
2026-01-12,BPCL,MACRO,CPI,0.8,1,1,0
2026-01-12,HINDUNILVR,MACRO,CPI,0.8,1,1,0
2026-01-12,ITC,MACRO,CPI,0.8,1,1,0
2026-01-12,NESTLEIND,MACRO,CPI,0.8,1,1,0
2026-01-12,BRITANNIA,MACRO,CPI,0.8,1,1,0
2026-01-12,MARUTI,MACRO,CPI,0.8,1,1,0
2026-01-12,M&M,MACRO,CPI,0.8,1,1,0
2026-01-12,BHARTIARTL,MACRO,CPI,0.8,1,1,0
2026-01-12,EICHERMOT,MACRO,CPI,0.8,1,1,0
2026-01-12,HEROMOTOCO,MACRO,CPI,0.8,1,1,0
2026-01-12,BAJAJ-AUTO,MACRO,CPI,0.8,1,1,0
2026-01-12,SUNPHARMA,MACRO,CPI,0.8,1,1,0
2026-01-12,CIPLA,MACRO,CPI,0.8,1,1,0
2026-01-12,DRREDDY,MACRO,CPI,0.8,1,1,0
2026-01-12,TATASTEEL,MACRO,CPI,0.8,1,1,0
2026-01-12,JSWSTEEL,MACRO,CPI,0.8,1,1,0
2026-01-12,HINDALCO,MACRO,CPI,0.8,1,1,0
2026-01-12,COALINDIA,MACRO,CPI,0.8,1,1,0
2026-01-12,LT,MACRO,CPI,0.8,1,1,0
2026-01-12,ULTRACEMCO,MACRO,CPI,0.8,1,1,0
2026-01-12,GRASIM,MACRO,CPI,0.8,1,1,0
2026-01-12,ASIANPAINT,MACRO,CPI,0.8,1,1,0
2026-01-12,TITAN,MACRO,CPI,0.8,1,1,0
2026-01-14,INFY,STOCK,EARNINGS,1.0,1,1,0
2026-01-16,WIPRO,STOCK,EARNINGS,1.0,1,1,0
2026-01-16,TECHM,STOCK,EARNINGS,1.0,1,1,0
2026-01-16,RELIANCE,STOCK,EARNINGS,1.0,1,1,0
2026-01-21,DRREDDY,STOCK,EARNINGS,1.0,1,1,0
2026-01-23,INDUSINDBK,STOCK,EARNINGS,1.0,1,1,0
2026-01-23,BPCL,STOCK,EARNINGS,1.0,1,1,0
2026-01-23,CIPLA,STOCK,EARNINGS,1.0,1,1,0
2026-01-23,JSWSTEEL,STOCK,EARNINGS,1.0,1,1,0
2026-01-26,AXISBANK,STOCK,EARNINGS,1.0,1,1,0
2026-01-27,ASIANPAINT,STOCK,EARNINGS,1.0,1,1,0
2026-01-28,MARUTI,STOCK,EARNINGS,1.0,1,1,0
2026-01-28,LT,STOCK,EARNINGS,1.0,1,1,0
2026-01-29,ITC,STOCK,EARNINGS,1.0,1,1,0
2026-01-30,NTPC,STOCK,EARNINGS,1.0,1,1,0
2026-01-30,POWERGRID,STOCK,EARNINGS,1.0,1,1,0
2026-01-30,NESTLEIND,STOCK,DIVIDEND|EARNINGS,1.0,2,1,0
2026-01-30,BAJAJ-AUTO,STOCK,EARNINGS,1.0,1,1,0
2026-02-02,HDFCBANK,GOVT|MACRO,PMI|UNION_BUDGET,1.0,2,1,0
2026-02-02,ICICIBANK,GOVT|MACRO,PMI|UNION_BUDGET,1.0,2,1,0
2026-02-02,SBIN,GOVT|MACRO,PMI|UNION_BUDGET,1.0,2,1,0
2026-02-02,AXISBANK,GOVT|MACRO,PMI|UNION_BUDGET,1.0,2,1,0
2026-02-02,KOTAKBANK,GOVT|MACRO,PMI|UNION_BUDGET,1.0,2,1,0
2026-02-02,BAJFINANCE,GOVT|MACRO,PMI|UNION_BUDGET,1.0,2,1,0
2026-02-02,BAJAJFINSV,GOVT|MACRO,PMI|UNION_BUDGET,1.0,2,1,0
2026-02-02,INDUSINDBK,GOVT|MACRO,PMI|UNION_BUDGET,1.0,2,1,0
2026-02-02,TCS,GOVT|MACRO,PMI|UNION_BUDGET,1.0,2,1,0
2026-02-02,INFY,GOVT|MACRO,PMI|UNION_BUDGET,1.0,2,1,0
2026-02-02,HCLTECH,GOVT|MACRO,PMI|UNION_BUDGET,1.0,2,1,0
2026-02-02,WIPRO,GOVT|MACRO,PMI|UNION_BUDGET,1.0,2,1,0
2026-02-02,TECHM,GOVT|MACRO,PMI|UNION_BUDGET,1.0,2,1,0
2026-02-02,RELIANCE,GOVT|MACRO,PMI|UNION_BUDGET,1.0,2,1,0
2026-02-02,ONGC,GOVT|MACRO,PMI|UNION_BUDGET,1.0,2,1,0
2026-02-02,NTPC,GOVT|MACRO,PMI|UNION_BUDGET,1.0,2,1,0
2026-02-02,POWERGRID,GOVT|MACRO,PMI|UNION_BUDGET,1.0,2,1,0
2026-02-02,BPCL,GOVT|MACRO,PMI|UNION_BUDGET,1.0,2,1,0
2026-02-02,HINDUNILVR,GOVT|MACRO,PMI|UNION_BUDGET,1.0,2,1,0
2026-02-02,ITC,GOVT|MACRO,PMI|UNION_BUDGET,1.0,2,1,0
2026-02-02,NESTLEIND,GOVT|MACRO,PMI|UNION_BUDGET,1.0,2,1,0
2026-02-02,BRITANNIA,GOVT|MACRO,PMI|UNION_BUDGET,1.0,2,1,0
2026-02-02,MARUTI,GOVT|MACRO,PMI|UNION_BUDGET,1.0,2,1,0
2026-02-02,M&M,GOVT|MACRO,PMI|UNION_BUDGET,1.0,2,1,0
2026-02-02,BHARTIARTL,GOVT|MACRO,PMI|UNION_BUDGET,1.0,2,1,0
2026-02-02,EICHERMOT,GOVT|MACRO,PMI|UNION_BUDGET,1.0,2,1,0
2026-02-02,HEROMOTOCO,GOVT|MACRO,PMI|UNION_BUDGET,1.0,2,1,0
2026-02-02,BAJAJ-AUTO,GOVT|MACRO,PMI|UNION_BUDGET,1.0,2,1,0
2026-02-02,SUNPHARMA,GOVT|MACRO,PMI|UNION_BUDGET,1.0,2,1,0
2026-02-02,CIPLA,GOVT|MACRO,PMI|UNION_BUDGET,1.0,2,1,0
2026-02-02,DRREDDY,GOVT|MACRO,PMI|UNION_BUDGET,1.0,2,1,0
2026-02-02,TATASTEEL,GOVT|MACRO,PMI|UNION_BUDGET,1.0,2,1,0
2026-02-02,JSWSTEEL,GOVT|MACRO,PMI|UNION_BUDGET,1.0,2,1,0
2026-02-02,HINDALCO,GOVT|MACRO,PMI|UNION_BUDGET,1.0,2,1,0
2026-02-02,COALINDIA,GOVT|MACRO,PMI|UNION_BUDGET,1.0,2,1,0
2026-02-02,LT,GOVT|MACRO,PMI|UNION_BUDGET,1.0,2,1,0
2026-02-02,ULTRACEMCO,GOVT|MACRO,PMI|UNION_BUDGET,1.0,2,1,0
2026-02-02,GRASIM,GOVT|MACRO,PMI|UNION_BUDGET,1.0,2,1,0
2026-02-02,ASIANPAINT,GOVT|MACRO,PMI|UNION_BUDGET,1.0,2,1,0
2026-02-02,TITAN,GOVT|MACRO,PMI|UNION_BUDGET,1.0,2,1,0
2026-02-03,BAJFINANCE,STOCK,EARNINGS,1.0,1,1,0
2026-02-04,BAJAJFINSV,STOCK,EARNINGS,1.0,1,1,0
2026-02-05,BHARTIARTL,STOCK,EARNINGS,1.0,1,1,0
2026-02-05,HEROMOTOCO,STOCK,DIVIDEND|EARNINGS,1.0,2,1,0
2026-02-06,HDFCBANK,GOVT,RBI_POLICY|REPO_RATE,1.0,2,1,0
2026-02-06,ICICIBANK,GOVT,RBI_POLICY|REPO_RATE,1.0,2,1,0
2026-02-06,SBIN,GOVT,RBI_POLICY|REPO_RATE,1.0,2,1,0
2026-02-06,AXISBANK,GOVT,RBI_POLICY|REPO_RATE,1.0,2,1,0
2026-02-06,KOTAKBANK,GOVT,RBI_POLICY|REPO_RATE,1.0,2,1,0
2026-02-06,BAJFINANCE,GOVT,RBI_POLICY|REPO_RATE,1.0,2,1,0
2026-02-06,BAJAJFINSV,GOVT,RBI_POLICY|REPO_RATE,1.0,2,1,0
2026-02-06,INDUSINDBK,GOVT,RBI_POLICY|REPO_RATE,1.0,2,1,0
2026-02-06,TCS,GOVT,RBI_POLICY|REPO_RATE,1.0,2,1,0
2026-02-06,INFY,GOVT,RBI_POLICY|REPO_RATE,1.0,2,1,0
2026-02-06,HCLTECH,GOVT,RBI_POLICY|REPO_RATE,1.0,2,1,0
2026-02-06,WIPRO,GOVT,RBI_POLICY|REPO_RATE,1.0,2,1,0
2026-02-06,TECHM,GOVT,RBI_POLICY|REPO_RATE,1.0,2,1,0
2026-02-06,RELIANCE,GOVT,RBI_POLICY|REPO_RATE,1.0,2,1,0
2026-02-06,ONGC,GOVT,RBI_POLICY|REPO_RATE,1.0,2,1,0
2026-02-06,NTPC,GOVT,RBI_POLICY|REPO_RATE,1.0,2,1,0
2026-02-06,POWERGRID,GOVT,RBI_POLICY|REPO_RATE,1.0,2,1,0
2026-02-06,BPCL,GOVT,RBI_POLICY|REPO_RATE,1.0,2,1,0
2026-02-06,HINDUNILVR,GOVT,RBI_POLICY|REPO_RATE,1.0,2,1,0
2026-02-06,ITC,GOVT,RBI_POLICY|REPO_RATE,1.0,2,1,0
2026-02-06,NESTLEIND,GOVT,RBI_POLICY|REPO_RATE,1.0,2,1,0
2026-02-06,BRITANNIA,GOVT,RBI_POLICY|REPO_RATE,1.0,2,1,0
2026-02-06,MARUTI,GOVT,RBI_POLICY|REPO_RATE,1.0,2,1,0
2026-02-06,M&M,GOVT,RBI_POLICY|REPO_RATE,1.0,2,1,0
2026-02-06,BHARTIARTL,GOVT,RBI_POLICY|REPO_RATE,1.0,2,1,0
2026-02-06,EICHERMOT,GOVT,RBI_POLICY|REPO_RATE,1.0,2,1,0
2026-02-06,HEROMOTOCO,GOVT,RBI_POLICY|REPO_RATE,1.0,2,1,0
2026-02-06,BAJAJ-AUTO,GOVT,RBI_POLICY|REPO_RATE,1.0,2,1,0
2026-02-06,SUNPHARMA,GOVT,RBI_POLICY|REPO_RATE,1.0,2,1,0
2026-02-06,CIPLA,GOVT,RBI_POLICY|REPO_RATE,1.0,2,1,0
2026-02-06,DRREDDY,GOVT,RBI_POLICY|REPO_RATE,1.0,2,1,0
2026-02-06,TATASTEEL,GOVT|STOCK,EARNINGS|RBI_POLICY|REPO_RATE,1.0,3,1,0
2026-02-06,JSWSTEEL,GOVT,RBI_POLICY|REPO_RATE,1.0,2,1,0
2026-02-06,HINDALCO,GOVT,RBI_POLICY|REPO_RATE,1.0,2,1,0
2026-02-06,COALINDIA,GOVT,RBI_POLICY|REPO_RATE,1.0,2,1,0
2026-02-06,LT,GOVT,RBI_POLICY|REPO_RATE,1.0,2,1,0
2026-02-06,ULTRACEMCO,GOVT,RBI_POLICY|REPO_RATE,1.0,2,1,0
2026-02-06,GRASIM,GOVT,RBI_POLICY|REPO_RATE,1.0,2,1,0
2026-02-06,ASIANPAINT,GOVT,RBI_POLICY|REPO_RATE,1.0,2,1,0
2026-02-06,TITAN,GOVT,RBI_POLICY|REPO_RATE,1.0,2,1,0
2026-02-10,BRITANNIA,STOCK,EARNINGS,1.0,1,1,0
2026-02-10,EICHERMOT,STOCK,EARNINGS,1.0,1,1,0
2026-02-10,GRASIM,STOCK,EARNINGS,1.0,1,1,0
2026-02-10,TITAN,STOCK,EARNINGS,1.0,1,1,0
2026-02-11,M&M,STOCK,EARNINGS,1.0,1,1,0
2026-02-12,HDFCBANK,MACRO,CPI,0.8,1,1,0
2026-02-12,ICICIBANK,MACRO,CPI,0.8,1,1,0
2026-02-12,SBIN,MACRO,CPI,0.8,1,1,0
2026-02-12,AXISBANK,MACRO,CPI,0.8,1,1,0
2026-02-12,KOTAKBANK,MACRO,CPI,0.8,1,1,0
2026-02-12,BAJFINANCE,MACRO,CPI,0.8,1,1,0
2026-02-12,BAJAJFINSV,MACRO,CPI,0.8,1,1,0
2026-02-12,INDUSINDBK,MACRO,CPI,0.8,1,1,0
2026-02-12,TCS,MACRO,CPI,0.8,1,1,0
2026-02-12,INFY,MACRO,CPI,0.8,1,1,0
2026-02-12,HCLTECH,MACRO,CPI,0.8,1,1,0
2026-02-12,WIPRO,MACRO,CPI,0.8,1,1,0
2026-02-12,TECHM,MACRO,CPI,0.8,1,1,0
2026-02-12,RELIANCE,MACRO,CPI,0.8,1,1,0
2026-02-12,ONGC,MACRO|STOCK,CPI|EARNINGS,1.0,2,1,0
2026-02-12,NTPC,MACRO,CPI,0.8,1,1,0
2026-02-12,POWERGRID,MACRO,CPI,0.8,1,1,0
2026-02-12,BPCL,MACRO,CPI,0.8,1,1,0
2026-02-12,HINDUNILVR,MACRO|STOCK,CPI|EARNINGS,1.0,2,1,0
2026-02-12,ITC,MACRO,CPI,0.8,1,1,0
2026-02-12,NESTLEIND,MACRO,CPI,0.8,1,1,0
2026-02-12,BRITANNIA,MACRO,CPI,0.8,1,1,0
2026-02-12,MARUTI,MACRO,CPI,0.8,1,1,0
2026-02-12,M&M,MACRO,CPI,0.8,1,1,0
2026-02-12,BHARTIARTL,MACRO,CPI,0.8,1,1,0
2026-02-12,EICHERMOT,MACRO,CPI,0.8,1,1,0
2026-02-12,HEROMOTOCO,MACRO,CPI,0.8,1,1,0
2026-02-12,BAJAJ-AUTO,MACRO,CPI,0.8,1,1,0
2026-02-12,SUNPHARMA,MACRO,CPI,0.8,1,1,0
2026-02-12,CIPLA,MACRO,CPI,0.8,1,1,0
2026-02-12,DRREDDY,MACRO,CPI,0.8,1,1,0
2026-02-12,TATASTEEL,MACRO,CPI,0.8,1,1,0
2026-02-12,JSWSTEEL,MACRO,CPI,0.8,1,1,0
2026-02-12,HINDALCO,MACRO|STOCK,CPI|EARNINGS,1.0,2,1,0
2026-02-12,COALINDIA,MACRO|STOCK,CPI|EARNINGS,1.0,2,1,0
2026-02-12,LT,MACRO,CPI,0.8,1,1,0
2026-02-12,ULTRACEMCO,MACRO,CPI,0.8,1,1,0
2026-02-12,GRASIM,MACRO,CPI,0.8,1,1,0
2026-02-12,ASIANPAINT,MACRO,CPI,0.8,1,1,0
2026-02-12,TITAN,MACRO,CPI,0.8,1,1,0
2026-02-27,HDFCBANK,MACRO,GDP,0.9,1,1,0
2026-02-27,ICICIBANK,MACRO,GDP,0.9,1,1,0
2026-02-27,SBIN,MACRO,GDP,0.9,1,1,0
2026-02-27,AXISBANK,MACRO,GDP,0.9,1,1,0
2026-02-27,KOTAKBANK,MACRO,GDP,0.9,1,1,0
2026-02-27,BAJFINANCE,MACRO,GDP,0.9,1,1,0
2026-02-27,BAJAJFINSV,MACRO,GDP,0.9,1,1,0
2026-02-27,INDUSINDBK,MACRO,GDP,0.9,1,1,0
2026-02-27,TCS,MACRO,GDP,0.9,1,1,0
2026-02-27,INFY,MACRO,GDP,0.9,1,1,0
2026-02-27,HCLTECH,MACRO,GDP,0.9,1,1,0
2026-02-27,WIPRO,MACRO,GDP,0.9,1,1,0
2026-02-27,TECHM,MACRO,GDP,0.9,1,1,0
2026-02-27,RELIANCE,MACRO,GDP,0.9,1,1,0
2026-02-27,ONGC,MACRO,GDP,0.9,1,1,0
2026-02-27,NTPC,MACRO,GDP,0.9,1,1,0
2026-02-27,POWERGRID,MACRO,GDP,0.9,1,1,0
2026-02-27,BPCL,MACRO,GDP,0.9,1,1,0
2026-02-27,HINDUNILVR,MACRO,GDP,0.9,1,1,0
2026-02-27,ITC,MACRO,GDP,0.9,1,1,0
2026-02-27,NESTLEIND,MACRO,GDP,0.9,1,1,0
2026-02-27,BRITANNIA,MACRO,GDP,0.9,1,1,0
2026-02-27,MARUTI,MACRO,GDP,0.9,1,1,0
2026-02-27,M&M,MACRO,GDP,0.9,1,1,0
2026-02-27,BHARTIARTL,MACRO,GDP,0.9,1,1,0
2026-02-27,EICHERMOT,MACRO,GDP,0.9,1,1,0
2026-02-27,HEROMOTOCO,MACRO,GDP,0.9,1,1,0
2026-02-27,BAJAJ-AUTO,MACRO,GDP,0.9,1,1,0
2026-02-27,SUNPHARMA,MACRO,GDP,0.9,1,1,0
2026-02-27,CIPLA,MACRO,GDP,0.9,1,1,0
2026-02-27,DRREDDY,MACRO,GDP,0.9,1,1,0
2026-02-27,TATASTEEL,MACRO,GDP,0.9,1,1,0
2026-02-27,JSWSTEEL,MACRO,GDP,0.9,1,1,0
2026-02-27,HINDALCO,MACRO,GDP,0.9,1,1,0
2026-02-27,COALINDIA,MACRO,GDP,0.9,1,1,0
2026-02-27,LT,MACRO,GDP,0.9,1,1,0
2026-02-27,ULTRACEMCO,MACRO,GDP,0.9,1,1,0
2026-02-27,GRASIM,MACRO,GDP,0.9,1,1,0
2026-02-27,ASIANPAINT,MACRO,GDP,0.9,1,1,0
2026-02-27,TITAN,MACRO,GDP,0.9,1,1,0
2026-03-02,HDFCBANK,MACRO,PMI,0.8,1,1,0
2026-03-02,ICICIBANK,MACRO,PMI,0.8,1,1,0
2026-03-02,SBIN,MACRO,PMI,0.8,1,1,0
2026-03-02,AXISBANK,MACRO,PMI,0.8,1,1,0
2026-03-02,KOTAKBANK,MACRO,PMI,0.8,1,1,0
2026-03-02,BAJFINANCE,MACRO,PMI,0.8,1,1,0
2026-03-02,BAJAJFINSV,MACRO,PMI,0.8,1,1,0
2026-03-02,INDUSINDBK,MACRO,PMI,0.8,1,1,0
2026-03-02,TCS,MACRO,PMI,0.8,1,1,0
2026-03-02,INFY,MACRO,PMI,0.8,1,1,0
2026-03-02,HCLTECH,MACRO,PMI,0.8,1,1,0
2026-03-02,WIPRO,MACRO,PMI,0.8,1,1,0
2026-03-02,TECHM,MACRO,PMI,0.8,1,1,0
2026-03-02,RELIANCE,MACRO,PMI,0.8,1,1,0
2026-03-02,ONGC,MACRO,PMI,0.8,1,1,0
2026-03-02,NTPC,MACRO,PMI,0.8,1,1,0
2026-03-02,POWERGRID,MACRO,PMI,0.8,1,1,0
2026-03-02,BPCL,MACRO,PMI,0.8,1,1,0
2026-03-02,HINDUNILVR,MACRO,PMI,0.8,1,1,0
2026-03-02,ITC,MACRO,PMI,0.8,1,1,0
2026-03-02,NESTLEIND,MACRO,PMI,0.8,1,1,0
2026-03-02,BRITANNIA,MACRO,PMI,0.8,1,1,0
2026-03-02,MARUTI,MACRO,PMI,0.8,1,1,0
2026-03-02,M&M,MACRO,PMI,0.8,1,1,0
2026-03-02,BHARTIARTL,MACRO,PMI,0.8,1,1,0
2026-03-02,EICHERMOT,MACRO,PMI,0.8,1,1,0
2026-03-02,HEROMOTOCO,MACRO,PMI,0.8,1,1,0
2026-03-02,BAJAJ-AUTO,MACRO,PMI,0.8,1,1,0
2026-03-02,SUNPHARMA,MACRO,PMI,0.8,1,1,0
2026-03-02,CIPLA,MACRO,PMI,0.8,1,1,0
2026-03-02,DRREDDY,MACRO,PMI,0.8,1,1,0
2026-03-02,TATASTEEL,MACRO,PMI,0.8,1,1,0
2026-03-02,JSWSTEEL,MACRO,PMI,0.8,1,1,0
2026-03-02,HINDALCO,MACRO,PMI,0.8,1,1,0
2026-03-02,COALINDIA,MACRO,PMI,0.8,1,1,0
2026-03-02,LT,MACRO,PMI,0.8,1,1,0
2026-03-02,ULTRACEMCO,MACRO,PMI,0.8,1,1,0
2026-03-02,GRASIM,MACRO,PMI,0.8,1,1,0
2026-03-02,ASIANPAINT,MACRO,PMI,0.8,1,1,0
2026-03-02,TITAN,MACRO,PMI,0.8,1,1,0
2026-03-12,HDFCBANK,MACRO,CPI,0.8,1,1,0
2026-03-12,ICICIBANK,MACRO,CPI,0.8,1,1,0
2026-03-12,SBIN,MACRO,CPI,0.8,1,1,0
2026-03-12,AXISBANK,MACRO,CPI,0.8,1,1,0
2026-03-12,KOTAKBANK,MACRO,CPI,0.8,1,1,0
2026-03-12,BAJFINANCE,MACRO,CPI,0.8,1,1,0
2026-03-12,BAJAJFINSV,MACRO,CPI,0.8,1,1,0
2026-03-12,INDUSINDBK,MACRO,CPI,0.8,1,1,0
2026-03-12,TCS,MACRO,CPI,0.8,1,1,0
2026-03-12,INFY,MACRO,CPI,0.8,1,1,0
2026-03-12,HCLTECH,MACRO,CPI,0.8,1,1,0
2026-03-12,WIPRO,MACRO,CPI,0.8,1,1,0
2026-03-12,TECHM,MACRO,CPI,0.8,1,1,0
2026-03-12,RELIANCE,MACRO,CPI,0.8,1,1,0
2026-03-12,ONGC,MACRO,CPI,0.8,1,1,0
2026-03-12,NTPC,MACRO,CPI,0.8,1,1,0
2026-03-12,POWERGRID,MACRO,CPI,0.8,1,1,0
2026-03-12,BPCL,MACRO,CPI,0.8,1,1,0
2026-03-12,HINDUNILVR,MACRO,CPI,0.8,1,1,0
2026-03-12,ITC,MACRO,CPI,0.8,1,1,0
2026-03-12,NESTLEIND,MACRO,CPI,0.8,1,1,0
2026-03-12,BRITANNIA,MACRO,CPI,0.8,1,1,0
2026-03-12,MARUTI,MACRO,CPI,0.8,1,1,0
2026-03-12,M&M,MACRO,CPI,0.8,1,1,0
2026-03-12,BHARTIARTL,MACRO,CPI,0.8,1,1,0
2026-03-12,EICHERMOT,MACRO,CPI,0.8,1,1,0
2026-03-12,HEROMOTOCO,MACRO,CPI,0.8,1,1,0
2026-03-12,BAJAJ-AUTO,MACRO,CPI,0.8,1,1,0
2026-03-12,SUNPHARMA,MACRO,CPI,0.8,1,1,0
2026-03-12,CIPLA,MACRO,CPI,0.8,1,1,0
2026-03-12,DRREDDY,MACRO,CPI,0.8,1,1,0
2026-03-12,TATASTEEL,MACRO,CPI,0.8,1,1,0
2026-03-12,JSWSTEEL,MACRO,CPI,0.8,1,1,0
2026-03-12,HINDALCO,MACRO,CPI,0.8,1,1,0
2026-03-12,COALINDIA,MACRO,CPI,0.8,1,1,0
2026-03-12,LT,MACRO,CPI,0.8,1,1,0
2026-03-12,ULTRACEMCO,MACRO,CPI,0.8,1,1,0
2026-03-12,GRASIM,MACRO,CPI,0.8,1,1,0
2026-03-12,ASIANPAINT,MACRO,CPI,0.8,1,1,0
2026-03-12,TITAN,MACRO,CPI,0.8,1,1,0
2026-04-01,HDFCBANK,MACRO,PMI,0.8,1,1,0
2026-04-01,ICICIBANK,MACRO,PMI,0.8,1,1,0
2026-04-01,SBIN,MACRO,PMI,0.8,1,1,0
2026-04-01,AXISBANK,MACRO,PMI,0.8,1,1,0
2026-04-01,KOTAKBANK,MACRO,PMI,0.8,1,1,0
2026-04-01,BAJFINANCE,MACRO,PMI,0.8,1,1,0
2026-04-01,BAJAJFINSV,MACRO,PMI,0.8,1,1,0
2026-04-01,INDUSINDBK,MACRO,PMI,0.8,1,1,0
2026-04-01,TCS,MACRO,PMI,0.8,1,1,0
2026-04-01,INFY,MACRO,PMI,0.8,1,1,0
2026-04-01,HCLTECH,MACRO,PMI,0.8,1,1,0
2026-04-01,WIPRO,MACRO,PMI,0.8,1,1,0
2026-04-01,TECHM,MACRO,PMI,0.8,1,1,0
2026-04-01,RELIANCE,MACRO,PMI,0.8,1,1,0
2026-04-01,ONGC,MACRO,PMI,0.8,1,1,0
2026-04-01,NTPC,MACRO,PMI,0.8,1,1,0
2026-04-01,POWERGRID,MACRO,PMI,0.8,1,1,0
2026-04-01,BPCL,MACRO,PMI,0.8,1,1,0
2026-04-01,HINDUNILVR,MACRO,PMI,0.8,1,1,0
2026-04-01,ITC,MACRO,PMI,0.8,1,1,0
2026-04-01,NESTLEIND,MACRO,PMI,0.8,1,1,0
2026-04-01,BRITANNIA,MACRO,PMI,0.8,1,1,0
2026-04-01,MARUTI,MACRO,PMI,0.8,1,1,0
2026-04-01,M&M,MACRO,PMI,0.8,1,1,0
2026-04-01,BHARTIARTL,MACRO,PMI,0.8,1,1,0
2026-04-01,EICHERMOT,MACRO,PMI,0.8,1,1,0
2026-04-01,HEROMOTOCO,MACRO,PMI,0.8,1,1,0
2026-04-01,BAJAJ-AUTO,MACRO,PMI,0.8,1,1,0
2026-04-01,SUNPHARMA,MACRO,PMI,0.8,1,1,0
2026-04-01,CIPLA,MACRO,PMI,0.8,1,1,0
2026-04-01,DRREDDY,MACRO,PMI,0.8,1,1,0
2026-04-01,TATASTEEL,MACRO,PMI,0.8,1,1,0
2026-04-01,JSWSTEEL,MACRO,PMI,0.8,1,1,0
2026-04-01,HINDALCO,MACRO,PMI,0.8,1,1,0
2026-04-01,COALINDIA,MACRO,PMI,0.8,1,1,0
2026-04-01,LT,MACRO,PMI,0.8,1,1,0
2026-04-01,ULTRACEMCO,MACRO,PMI,0.8,1,1,0
2026-04-01,GRASIM,MACRO,PMI,0.8,1,1,0
2026-04-01,ASIANPAINT,MACRO,PMI,0.8,1,1,0
2026-04-01,TITAN,MACRO,PMI,0.8,1,1,0
2026-04-09,HDFCBANK,GOVT,RBI_POLICY,1.0,1,1,0
2026-04-09,ICICIBANK,GOVT,RBI_POLICY,1.0,1,1,0
2026-04-09,SBIN,GOVT,RBI_POLICY,1.0,1,1,0
2026-04-09,AXISBANK,GOVT,RBI_POLICY,1.0,1,1,0
2026-04-09,KOTAKBANK,GOVT,RBI_POLICY,1.0,1,1,0
2026-04-09,BAJFINANCE,GOVT,RBI_POLICY,1.0,1,1,0
2026-04-09,BAJAJFINSV,GOVT,RBI_POLICY,1.0,1,1,0
2026-04-09,INDUSINDBK,GOVT,RBI_POLICY,1.0,1,1,0
2026-04-09,TCS,GOVT|STOCK,EARNINGS|RBI_POLICY,1.0,2,1,0
2026-04-09,INFY,GOVT,RBI_POLICY,1.0,1,1,0
2026-04-09,HCLTECH,GOVT,RBI_POLICY,1.0,1,1,0
2026-04-09,WIPRO,GOVT,RBI_POLICY,1.0,1,1,0
2026-04-09,TECHM,GOVT,RBI_POLICY,1.0,1,1,0
2026-04-09,RELIANCE,GOVT,RBI_POLICY,1.0,1,1,0
2026-04-09,ONGC,GOVT,RBI_POLICY,1.0,1,1,0
2026-04-09,NTPC,GOVT,RBI_POLICY,1.0,1,1,0
2026-04-09,POWERGRID,GOVT,RBI_POLICY,1.0,1,1,0
2026-04-09,BPCL,GOVT,RBI_POLICY,1.0,1,1,0
2026-04-09,HINDUNILVR,GOVT,RBI_POLICY,1.0,1,1,0
2026-04-09,ITC,GOVT,RBI_POLICY,1.0,1,1,0
2026-04-09,NESTLEIND,GOVT,RBI_POLICY,1.0,1,1,0
2026-04-09,BRITANNIA,GOVT,RBI_POLICY,1.0,1,1,0
2026-04-09,MARUTI,GOVT,RBI_POLICY,1.0,1,1,0
2026-04-09,M&M,GOVT,RBI_POLICY,1.0,1,1,0
2026-04-09,BHARTIARTL,GOVT,RBI_POLICY,1.0,1,1,0
2026-04-09,EICHERMOT,GOVT,RBI_POLICY,1.0,1,1,0
2026-04-09,HEROMOTOCO,GOVT,RBI_POLICY,1.0,1,1,0
2026-04-09,BAJAJ-AUTO,GOVT,RBI_POLICY,1.0,1,1,0
2026-04-09,SUNPHARMA,GOVT,RBI_POLICY,1.0,1,1,0
2026-04-09,CIPLA,GOVT,RBI_POLICY,1.0,1,1,0
2026-04-09,DRREDDY,GOVT,RBI_POLICY,1.0,1,1,0
2026-04-09,TATASTEEL,GOVT,RBI_POLICY,1.0,1,1,0
2026-04-09,JSWSTEEL,GOVT,RBI_POLICY,1.0,1,1,0
2026-04-09,HINDALCO,GOVT,RBI_POLICY,1.0,1,1,0
2026-04-09,COALINDIA,GOVT,RBI_POLICY,1.0,1,1,0
2026-04-09,LT,GOVT,RBI_POLICY,1.0,1,1,0
2026-04-09,ULTRACEMCO,GOVT,RBI_POLICY,1.0,1,1,0
2026-04-09,GRASIM,GOVT,RBI_POLICY,1.0,1,1,0
2026-04-09,ASIANPAINT,GOVT,RBI_POLICY,1.0,1,1,0
2026-04-09,TITAN,GOVT,RBI_POLICY,1.0,1,1,0
2026-04-13,HDFCBANK,MACRO,CPI,0.8,1,1,0
2026-04-13,ICICIBANK,MACRO,CPI,0.8,1,1,0
2026-04-13,SBIN,MACRO,CPI,0.8,1,1,0
2026-04-13,AXISBANK,MACRO,CPI,0.8,1,1,0
2026-04-13,KOTAKBANK,MACRO,CPI,0.8,1,1,0
2026-04-13,BAJFINANCE,MACRO,CPI,0.8,1,1,0
2026-04-13,BAJAJFINSV,MACRO,CPI,0.8,1,1,0
2026-04-13,INDUSINDBK,MACRO,CPI,0.8,1,1,0
2026-04-13,TCS,MACRO,CPI,0.8,1,1,0
2026-04-13,INFY,MACRO,CPI,0.8,1,1,0
2026-04-13,HCLTECH,MACRO,CPI,0.8,1,1,0
2026-04-13,WIPRO,MACRO,CPI,0.8,1,1,0
2026-04-13,TECHM,MACRO,CPI,0.8,1,1,0
2026-04-13,RELIANCE,MACRO,CPI,0.8,1,1,0
2026-04-13,ONGC,MACRO,CPI,0.8,1,1,0
2026-04-13,NTPC,MACRO,CPI,0.8,1,1,0
2026-04-13,POWERGRID,MACRO,CPI,0.8,1,1,0
2026-04-13,BPCL,MACRO,CPI,0.8,1,1,0
2026-04-13,HINDUNILVR,MACRO,CPI,0.8,1,1,0
2026-04-13,ITC,MACRO,CPI,0.8,1,1,0
2026-04-13,NESTLEIND,MACRO,CPI,0.8,1,1,0
2026-04-13,BRITANNIA,MACRO,CPI,0.8,1,1,0
2026-04-13,MARUTI,MACRO,CPI,0.8,1,1,0
2026-04-13,M&M,MACRO,CPI,0.8,1,1,0
2026-04-13,BHARTIARTL,MACRO,CPI,0.8,1,1,0
2026-04-13,EICHERMOT,MACRO,CPI,0.8,1,1,0
2026-04-13,HEROMOTOCO,MACRO,CPI,0.8,1,1,0
2026-04-13,BAJAJ-AUTO,MACRO,CPI,0.8,1,1,0
2026-04-13,SUNPHARMA,MACRO,CPI,0.8,1,1,0
2026-04-13,CIPLA,MACRO,CPI,0.8,1,1,0
2026-04-13,DRREDDY,MACRO,CPI,0.8,1,1,0
2026-04-13,TATASTEEL,MACRO,CPI,0.8,1,1,0
2026-04-13,JSWSTEEL,MACRO,CPI,0.8,1,1,0
2026-04-13,HINDALCO,MACRO,CPI,0.8,1,1,0
2026-04-13,COALINDIA,MACRO,CPI,0.8,1,1,0
2026-04-13,LT,MACRO,CPI,0.8,1,1,0
2026-04-13,ULTRACEMCO,MACRO,CPI,0.8,1,1,0
2026-04-13,GRASIM,MACRO,CPI,0.8,1,1,0
2026-04-13,ASIANPAINT,MACRO,CPI,0.8,1,1,0
2026-04-13,TITAN,MACRO,CPI,0.8,1,1,0
2026-04-16,WIPRO,STOCK,EARNINGS,1.0,1,1,0
2026-04-21,HCLTECH,STOCK,EARNINGS,1.0,1,1,0
2026-04-21,NESTLEIND,STOCK,DIVIDEND|EARNINGS,1.0,2,1,0
2026-04-22,TECHM,STOCK,DIVIDEND|EARNINGS,1.0,2,1,0
2026-04-23,INFY,STOCK,EARNINGS,1.0,1,1,0
2026-04-24,INDUSINDBK,STOCK,EARNINGS,1.0,1,1,0
2026-04-24,RELIANCE,STOCK,EARNINGS,1.0,1,1,0
2026-04-27,COALINDIA,STOCK,EARNINGS,1.0,1,1,0
2026-04-27,ULTRACEMCO,STOCK,EARNINGS,1.0,1,1,0
2026-04-28,MARUTI,STOCK,EARNINGS,1.0,1,1,0
2026-04-29,BAJFINANCE,STOCK,EARNINGS,1.0,1,1,0
2026-04-30,BAJAJFINSV,STOCK,EARNINGS,1.0,1,1,0
2026-04-30,HINDUNILVR,STOCK,EARNINGS,1.0,1,1,0
2026-05-01,HDFCBANK,MACRO,PMI,0.8,1,1,1
2026-05-01,ICICIBANK,MACRO,PMI,0.8,1,1,1
2026-05-01,SBIN,MACRO,PMI,0.8,1,1,1
2026-05-01,AXISBANK,MACRO,PMI,0.8,1,1,1
2026-05-01,KOTAKBANK,MACRO,PMI,0.8,1,1,1
2026-05-01,BAJFINANCE,MACRO,PMI,0.8,1,1,1
2026-05-01,BAJAJFINSV,MACRO,PMI,0.8,1,1,1
2026-05-01,INDUSINDBK,MACRO,PMI,0.8,1,1,1
2026-05-01,TCS,MACRO,PMI,0.8,1,1,1
2026-05-01,INFY,MACRO,PMI,0.8,1,1,1
2026-05-01,HCLTECH,MACRO,PMI,0.8,1,1,1
2026-05-01,WIPRO,MACRO,PMI,0.8,1,1,1
2026-05-01,TECHM,MACRO,PMI,0.8,1,1,1
2026-05-01,RELIANCE,MACRO,PMI,0.8,1,1,1
2026-05-01,ONGC,MACRO,PMI,0.8,1,1,1
2026-05-01,NTPC,MACRO,PMI,0.8,1,1,1
2026-05-01,POWERGRID,MACRO,PMI,0.8,1,1,1
2026-05-01,BPCL,MACRO,PMI,0.8,1,1,1
2026-05-01,HINDUNILVR,MACRO,PMI,0.8,1,1,1
2026-05-01,ITC,MACRO,PMI,0.8,1,1,1
2026-05-01,NESTLEIND,MACRO,PMI,0.8,1,1,1
2026-05-01,BRITANNIA,MACRO,PMI,0.8,1,1,1
2026-05-01,MARUTI,MACRO,PMI,0.8,1,1,1
2026-05-01,M&M,MACRO,PMI,0.8,1,1,1
2026-05-01,BHARTIARTL,MACRO,PMI,0.8,1,1,1
2026-05-01,EICHERMOT,MACRO,PMI,0.8,1,1,1
2026-05-01,HEROMOTOCO,MACRO,PMI,0.8,1,1,1
2026-05-01,BAJAJ-AUTO,MACRO,PMI,0.8,1,1,1
2026-05-01,SUNPHARMA,MACRO,PMI,0.8,1,1,1
2026-05-01,CIPLA,MACRO,PMI,0.8,1,1,1
2026-05-01,DRREDDY,MACRO,PMI,0.8,1,1,1
2026-05-01,TATASTEEL,MACRO,PMI,0.8,1,1,1
2026-05-01,JSWSTEEL,MACRO,PMI,0.8,1,1,1
2026-05-01,HINDALCO,MACRO,PMI,0.8,1,1,1
2026-05-01,COALINDIA,MACRO,PMI,0.8,1,1,1
2026-05-01,LT,MACRO,PMI,0.8,1,1,1
2026-05-01,ULTRACEMCO,MACRO,PMI,0.8,1,1,1
2026-05-01,GRASIM,MACRO,PMI,0.8,1,1,1
2026-05-01,ASIANPAINT,MACRO,PMI,0.8,1,1,1
2026-05-01,TITAN,MACRO,PMI,0.8,1,1,1
