Date,Stock,finbert_pos,finbert_neg,finbert_neu
2020-01-01,M&M,0.8542992472648621,0.1082722395658493,0.03742850944399834
2020-01-01,NTPC,0.6787693500518799,0.008105823770165443,0.3131248652935028
2020-01-01,ONGC,0.9342204928398132,0.020571643486618996,0.04520784318447113
2020-01-02,BPCL,0.02434457466006279,0.04571394622325897,0.9299414753913879
2020-01-02,EICHERMOT,0.6934857964515686,0.1497984081506729,0.15671579539775848
2020-01-02,KOTAKBANK,0.10553069412708282,0.017467623576521873,0.8770017027854919
2020-01-02,ONGC,0.08438631147146225,0.11374436318874359,0.80186927318573
2020-01-03,BPCL,0.08914875984191895,0.03993745148181915,0.8709137439727783
2020-01-03,COALINDIA,0.010194199159741402,0.9712314009666443,0.018574461340904236
2020-01-03,DRREDDY,0.11126069724559784,0.013012819923460484,0.8757265210151672
2020-01-03,HINDALCO,0.6723632216453552,0.02033332549035549,0.30730342864990234
2020-01-03,ONGC,0.9158204793930054,0.02186105027794838,0.06231840327382088
2020-01-04,ONGC,0.4348019063472748,0.04943928122520447,0.5157588124275208
2020-01-06,BAJAJFINSV,0.18630607426166534,0.010231342166662216,0.803462564945221
2020-01-06,BPCL,0.14824770390987396,0.011820838786661625,0.8399314880371094
2020-01-06,JSWSTEEL,0.10477836430072784,0.6588984727859497,0.23632308840751648
2020-01-06,ONGC,0.2610627692192793,0.10548198968172073,0.6334552764892578
2020-01-06,TITAN,0.03370572626590729,0.03347467631101608,0.9328196048736572
2020-01-07,BAJFINANCE,0.0763990730047226,0.010324828326702118,0.9132760763168335
2020-01-07,HCLTECH,0.9495013356208801,0.021413438022136688,0.02908528596162796
2020-01-07,INDUSINDBK,0.06531637907028198,0.04191097244620323,0.8927726745605469
2020-01-07,NTPC,0.843434751033783,0.01706123910844326,0.13950398564338684
2020-01-07,TECHM,0.4762668958865106,0.4875926338136196,0.03614040371030569
2020-01-08,KOTAKBANK,0.015396414324641228,0.9275667667388916,0.05703684687614441
2020-01-09,INDUSINDBK,0.8702853322029114,0.030527804046869278,0.09918687492609024
2020-01-10,BAJAJFINSV,0.0625336617231369,0.01480032131075859,0.9226660132408142
2020-01-12,NTPC,0.03691931441426277,0.7871867418289185,0.17589400708675385
2020-01-13,INDUSINDBK,0.95255446434021,0.024511028081178665,0.022934505715966225
2020-01-13,JSWSTEEL,0.010289417579770088,0.9741180539131165,0.015592510811984539
2020-01-13,KOTAKBANK,0.6524649858474731,0.012990550138056278,0.33454445004463196
2020-01-13,NTPC,0.4049316644668579,0.020659441128373146,0.5744088888168335
2020-01-14,INDUSINDBK,0.4847986053209752,0.4566781707108021,0.05852323491126299
2020-01-15,ASIANPAINT,0.1898551732301712,0.012329906225204468,0.7978149056434631
2020-01-15,BAJAJFINSV,0.020490532740950584,0.10668439418077469,0.872825026512146
2020-01-15,BAJFINANCE,0.9092351198196411,0.010542589239776134,0.08022229373455048
2020-01-15,BPCL,0.02283550053834915,0.9650219678878784,0.012142536230385303
2020-01-15,INDUSINDBK,0.339936887845397,0.3350022242714961,0.3250608993694186
2020-01-15,KOTAKBANK,0.02665725164115429,0.03328591212630272,0.9400568008422852
2020-01-15,SUNPHARMA,0.9165945053100586,0.012192574329674244,0.07121289521455765
2020-01-16,BPCL,0.03868601471185684,0.018917616456747055,0.942396342754364
2020-01-16,INDUSINDBK,0.08368607455243667,0.3312284288307031,0.5850855335593224
2020-01-16,JSWSTEEL,0.041890062391757965,0.08070725202560425,0.877402663230896
2020-01-17,BPCL,0.6667315363883972,0.00969134271144867,0.3235771358013153
2020-01-17,HCLTECH,0.9492286245028178,0.02221731034417947,0.028554055839776993
2020-01-17,ONGC,0.926539421081543,0.014641530811786652,0.05881902575492859
2020-01-18,INDUSINDBK,0.024750199168920517,0.31718936562538147,0.6580604314804077
2020-01-19,COALINDIA,0.12943030893802643,0.013336203061044216,0.8572335243225098
2020-01-19,INDUSINDBK,0.701447606086731,0.032463107258081436,0.26608923077583313
2020-01-19,KOTAKBANK,0.3825616352260113,0.44718042481690645,0.17025797348469496
2020-01-20,CIPLA,0.011719192378222942,0.8917710781097412,0.0965096727013588
2020-01-20,HCLTECH,0.05179399996995926,0.026870474219322205,0.9213355183601379
2020-01-20,KOTAKBANK,0.5800106525421143,0.2782535602649053,0.14173579153915247
2020-01-21,CIPLA,0.03390110284090042,0.022129874676465988,0.9439690113067627
2020-01-21,HCLTECH,0.6973175952831904,0.01740744337439537,0.2852749756226937
2020-01-21,KOTAKBANK,0.3628255731115739,0.3364784823109706,0.3006959253301223
2020-01-21,TECHM,0.8242553472518921,0.009357046335935593,0.16638770699501038
2020-01-22,ASIANPAINT,0.9136386215686798,0.0603907685726881,0.025970580987632275
2020-01-22,HCLTECH,0.12367621809244156,0.009919626638293266,0.866404116153717
2020-01-22,NTPC,0.9510173201560974,0.02230922505259514,0.02667350508272648
2020-01-23,ASIANPAINT,0.5002461541444063,0.020720021799206734,0.4790338072925806
2020-01-23,CIPLA,0.14942815713584423,0.48891663551330566,0.36165517661720514
2020-01-23,HCLTECH,0.12902593612670898,0.009038086980581284,0.8619360327720642
2020-01-23,JSWSTEEL,0.33186855912208557,0.01002473197877407,0.6581066846847534
2020-01-23,NESTLEIND,0.9288902282714844,0.04038839414715767,0.03072136454284191
2020-01-23,ONGC,0.4537181258201599,0.01663353480398655,0.5296483635902405
2020-01-23,TECHM,0.12635201215744019,0.012715889140963554,0.8609321117401123
2020-01-24,ASIANPAINT,0.7834480106830597,0.09221069794148207,0.12434125319123268
2020-01-24,JSWSTEEL,0.024362634867429733,0.4395449161529541,0.5360924005508423
2020-01-24,NTPC,0.014617492444813251,0.9659440517425537,0.01943844184279442
2020-01-24,ONGC,0.5877127051353455,0.018705742433667183,0.3935815691947937
2020-01-24,ULTRACEMCO,0.9403961002826691,0.02821431402117014,0.03138962760567665
2020-01-25,ASIANPAINT,0.053279146552085876,0.042463723570108414,0.9042571187019348
2020-01-25,COALINDIA,0.1459977589547634,0.010991236660629511,0.8430110216140747
2020-01-25,HCLTECH,0.06235487759113312,0.023178216069936752,0.914466917514801
2020-01-26,KOTAKBANK,0.14963611960411072,0.02031027339398861,0.8300536274909973
2020-01-26,NTPC,0.018226375803351402,0.21224385499954224,0.7695297598838806
2020-01-27,ASIANPAINT,0.025588516145944595,0.14711540937423706,0.8272960186004639
2020-01-27,DRREDDY,0.03583383094519377,0.49745945166796446,0.4667067192494869
2020-01-27,HCLTECH,0.678732693195343,0.02334197610616684,0.29792535305023193
2020-01-27,JSWSTEEL,0.29663690210630494,0.3907684087753296,0.3125946931540966
2020-01-27,NTPC,0.7989190816879272,0.0159385297447443,0.18514232337474823
2020-01-27,ULTRACEMCO,0.2469359040260315,0.03089204989373684,0.7221720814704895
2020-01-28,BPCL,0.13173514604568481,0.02722974121570587,0.8410351276397705
2020-01-28,CIPLA,0.27370762825012207,0.009891661815345287,0.716400682926178
2020-01-28,COALINDIA,0.8027771711349487,0.02210657251998782,0.17511622793972492
2020-01-28,DRREDDY,0.7937719623247782,0.02134701671699683,0.18488101288676262
2020-01-28,JSWSTEEL,0.007976528722792864,0.9751580059528351,0.016865444369614124
2020-01-28,LT,0.07711517065763474,0.010700849816203117,0.9121840000152588
2020-01-28,TECHM,0.17889150977134705,0.009574840776622295,0.8115336298942566
2020-01-28,ULTRACEMCO,0.9534007608890533,0.018957513384521008,0.027641736902296543
2020-01-29,BAJAJFINSV,0.930396556854248,0.032422397285699844,0.037181008607149124
2020-01-29,BAJFINANCE,0.9332695206006368,0.018581670708954334,0.04814880092938741
2020-01-29,CIPLA,0.8540600538253784,0.007792094722390175,0.13814784586429596
2020-01-29,DRREDDY,0.4804116487503052,0.4930626740679145,0.026525715366005898
2020-01-29,INDUSINDBK,0.26220834255218506,0.7188117504119873,0.018979979678988457
2020-01-30,BAJFINANCE,0.028129942715168,0.034373875707387924,0.9374961853027344
2020-01-30,KOTAKBANK,0.5293328166007996,0.016908958554267883,0.45375823974609375
2020-01-31,BAJAJFINSV,0.6580970386664072,0.017563762764135998,0.3243392041573922
2020-01-31,BAJFINANCE,0.5617315471172333,0.3623913610354066,0.07587711233645678
2020-01-31,HINDUNILVR,0.950022280216217,0.025895443744957447,0.024082268588244915
2020-01-31,KOTAKBANK,0.4052575659006834,0.07096285000443459,0.5237795785069466
2020-01-31,LT,0.28660404682159424,0.026895761489868164,0.6865001916885376
2020-01-31,NTPC,0.04508921876549721,0.014828686602413654,0.9400820732116699
2020-01-31,TECHM,0.08062757225707173,0.4955930868163705,0.42377937491983175
2020-02-01,COALINDIA,0.02973882108926773,0.02766888029873371,0.9425923228263855
2020-02-01,HINDUNILVR,0.9446560144424438,0.023793399333953857,0.03155049681663513
2020-02-01,TECHM,0.017833201214671135,0.9625850319862366,0.019581828266382217
2020-02-02,BPCL,0.04538648575544357,0.016194377094507217,0.9384192228317261
2020-02-02,JSWSTEEL,0.19961969554424286,0.10964029282331467,0.6907400488853455
2020-02-02,ONGC,0.08272189646959305,0.009692715480923653,0.9075853228569031
2020-02-03,ASIANPAINT,0.02785242721438408,0.9496930241584778,0.022454462945461273
2020-02-03,BAJFINANCE,0.057010214775800705,0.01510344073176384,0.9278863668441772
2020-02-03,BPCL,0.10976622998714447,0.014472885057330132,0.8757609128952026
2020-02-03,COALINDIA,0.9483863115310669,0.019620992243289948,0.031992703676223755
2020-02-03,HINDUNILVR,0.5670226365327835,0.37461445356408757,0.05836296205719312
2020-02-03,ITC,0.056779563426971436,0.04726768285036087,0.8959528207778931
2020-02-03,JSWSTEEL,0.17230086028575897,0.013932041823863983,0.81376713514328
2020-02-03,M&M,0.39531147480010986,0.014308874495327473,0.5903796553611755
2020-02-04,ASIANPAINT,0.09244175255298615,0.012223117053508759,0.8953351378440857
2020-02-04,BAJFINANCE,0.06572576612234116,0.010746014304459095,0.9235281944274902
2020-02-04,COALINDIA,0.8700175285339355,0.04945032671093941,0.08053220808506012
2020-02-04,DRREDDY,0.0558554083108902,0.012983972206711769,0.9311606287956238
2020-02-04,EICHERMOT,0.015008394606411457,0.9559934139251709,0.0289982408285141
2020-02-04,HINDUNILVR,0.9516901969909668,0.0227072611451149,0.025602619163691998
2020-02-04,ITC,0.5785518027842045,0.21296350890770555,0.20848471159115434
2020-02-04,POWERGRID,0.6535133756697178,0.01799150959899028,0.32849513242642087
2020-02-04,SUNPHARMA,0.014031585305929184,0.9640578031539917,0.021910661831498146
2020-02-04,TECHM,0.7899150451024374,0.03301059206326803,0.1770743696639935
2020-02-05,BPCL,0.3514445424079895,0.009442527778446674,0.6391129493713379
2020-02-05,CIPLA,0.36416373774409294,0.1795200570486486,0.45631618425250053
2020-02-05,JSWSTEEL,0.5836547017097473,0.014573201071470976,0.4017721563577652
2020-02-06,CIPLA,0.054261215031147,0.029263903386890888,0.9164749085903168
2020-02-06,JSWSTEEL,0.08213455975055695,0.30796608328819275,0.6098993420600891
2020-02-06,SUNPHARMA,0.03604501485824585,0.9520895481109619,0.011865375563502312
2020-02-07,CIPLA,0.848658541838328,0.07052555494010448,0.08081584485868613
2020-02-07,DRREDDY,0.41828009486198425,0.009747040458023548,0.5719729065895081
2020-02-07,EICHERMOT,0.4861733550205827,0.49634221009910107,0.017484400887042284
2020-02-07,HINDUNILVR,0.054863341152668,0.01463411282747984,0.9305025339126587
2020-02-07,NTPC,0.9501471519470215,0.025710292160511017,0.024142475798726082
2020-02-07,SUNPHARMA,0.9520703554153442,0.021164285019040108,0.026765285059809685
2020-02-09,M&M,0.15729568898677826,0.010286478325724602,0.8324177861213684
2020-02-10,BAJAJFINSV,0.0582074411213398,0.018817471340298653,0.9229751229286194
2020-02-10,CIPLA,0.07341817766427994,0.011501709930598736,0.9150801301002502
2020-02-10,GRASIM,0.9520699977874756,0.021328704431653023,0.026601267978549004
2020-02-10,HINDUNILVR,0.06195041909813881,0.014525681734085083,0.9235239624977112
2020-02-10,JSWSTEEL,0.011718528345227242,0.9740945100784302,0.014187014661729336
2020-02-10,M&M,0.014267859049141407,0.9649569392204285,0.020775197073817253
2020-02-10,NTPC,0.7161538898944855,0.2514540795236826,0.032392081804573536
2020-02-10,ONGC,0.8986330032348633,0.01734023168683052,0.08402670174837112
2020-02-11,BRITANNIA,0.03667593374848366,0.029610756784677505,0.9337132573127747
2020-02-11,CIPLA,0.17774969711899757,0.32061695773154497,0.5016333349049091
2020-02-11,COALINDIA,0.2895601689815521,0.08303722739219666,0.6274025440216064
2020-02-11,EICHERMOT,0.052818696945905685,0.010993876494467258,0.9361873865127563
2020-02-11,INDUSINDBK,0.014658977277576923,0.8874719142913818,0.09786918759346008
2020-02-11,ITC,0.9313263297080994,0.029256481677293777,0.03941715136170387
2020-02-11,TITAN,0.09422509372234344,0.01194761972874403,0.8938272595405579
2020-02-12,BRITANNIA,0.22210200130939484,0.04899276793003082,0.7289053201675415
2020-02-12,COALINDIA,0.9364782571792603,0.024543995037674904,0.03897767886519432
2020-02-12,HINDUNILVR,0.8408188819885254,0.06435831636190414,0.09482280164957047
2020-02-12,ITC,0.698883056640625,0.01285024918615818,0.288266658782959
2020-02-12,M&M,0.09442267566919327,0.38910722732543945,0.5164701342582703
2020-02-12,TECHM,0.11312416940927505,0.051225945353507996,0.8356499075889587
2020-02-13,COALINDIA,0.08846132457256317,0.01059468649327755,0.90094393491745
2020-02-14,COALINDIA,0.007980448193848133,0.9753370881080627,0.016682380810379982
2020-02-14,HINDALCO,0.01803475432097912,0.501019898802042,0.48094539530575275
2020-02-14,NESTLEIND,0.8010423183441162,0.03500285744667053,0.16395485401153564
2020-02-14,ONGC,0.009306429885327816,0.9739211797714233,0.01677241176366806
2020-02-15,ITC,0.047782450914382935,0.024509135633707047,0.9277083277702332
2020-02-16,BPCL,0.0526314340531826,0.016729775816202164,0.9306387901306152
2020-02-16,DRREDDY,0.026266025379300117,0.759013831615448,0.21472011506557465
2020-02-17,BPCL,0.07629363238811493,0.9103690981864929,0.013337183743715286
2020-02-17,COALINDIA,0.28644081950187683,0.01617998443543911,0.6973791718482971
2020-02-17,DRREDDY,0.7270259857177734,0.0735897570848465,0.19938427209854126
2020-02-17,JSWSTEEL,0.2963828146457672,0.012384042143821716,0.6912331581115723
2020-02-17,ONGC,0.012546403333544731,0.9678020477294922,0.019651593640446663
2020-02-18,COALINDIA,0.07050272170454264,0.33584288554266095,0.5936544239521027
2020-02-18,HCLTECH,0.3594595491886139,0.008281162474304438,0.632259264588356
2020-02-18,NESTLEIND,0.8849368095397949,0.007805000990629196,0.10725817829370499
2020-02-19,JSWSTEEL,0.056820306926965714,0.8060160279273987,0.13716362416744232
2020-02-19,KOTAKBANK,0.857776939868927,0.04227116517722607,0.09995194338262081
2020-02-19,NTPC,0.9464012384414673,0.013419590890407562,0.04017924517393112
2020-02-20,INDUSINDBK,0.9251860976219177,0.024038713425397873,0.050775110721588135
2020-02-20,ONGC,0.024196650832891464,0.16721975803375244,0.8085836172103882
2020-02-24,HCLTECH,0.781384289264679,0.0079298485070467,0.21068589389324188
2020-02-24,JSWSTEEL,0.16143526136875153,0.007815324701368809,0.8307493925094604
2020-02-24,TECHM,0.049529194831848145,0.014609678648412228,0.9358611106872559
2020-02-25,COALINDIA,0.6101365089416504,0.09314201772212982,0.296721488237381
2020-02-25,HINDUNILVR,0.7492681741714478,0.0576944537460804,0.19303737580776215
2020-02-26,CIPLA,0.018323670141398907,0.93932044506073,0.042355889454483986
2020-02-27,INDUSINDBK,0.03242224082350731,0.02550673671066761,0.9420709609985352
2020-02-27,JSWSTEEL,0.0384041965007782,0.883249819278717,0.07834596931934357
2020-02-28,CIPLA,0.19865214824676514,0.010245534591376781,0.7911022901535034
2020-02-28,DRREDDY,0.3609549105167389,0.009152487851679325,0.6298925876617432
2020-02-28,HINDUNILVR,0.06369606405496597,0.014389954507350922,0.9219139814376831
2020-02-28,INDUSINDBK,0.048872792472441993,0.3305524190266927,0.6205747649073601
2020-02-28,NTPC,0.09030605852603912,0.010068288072943687,0.8996256589889526
2020-03-01,BPCL,0.17246706783771515,0.014276611618697643,0.8132563233375549
2020-03-02,COALINDIA,0.938360333442688,0.02754088304936886,0.03409881517291069
2020-03-02,EICHERMOT,0.9533869624137878,0.02199879102408886,0.024614179506897926
2020-03-02,HEROMOTOCO,0.006918491329997778,0.9738788604736328,0.01920267567038536
2020-03-02,NTPC,0.9253630042076111,0.011034002527594566,0.06360295414924622
2020-03-02,SUNPHARMA,0.01219059620052576,0.9673413634300232,0.020468013361096382
2020-03-03,EICHERMOT,0.9340841174125671,0.03245723992586136,0.03345862776041031
2020-03-03,HCLTECH,0.02771163173019886,0.07518374919891357,0.8971046209335327
2020-03-03,HEROMOTOCO,0.5955365300178528,0.3803786635398865,0.024084772914648056
2020-03-04,INDUSINDBK,0.8777082562446594,0.010036339983344078,0.11225542426109314
2020-03-05,INDUSINDBK,0.042158931493759155,0.5722994804382324,0.3855416178703308
2020-03-05,NTPC,0.11534072551876307,0.48536191461607814,0.3992974078282714
2020-03-05,TATASTEEL,0.2758854031562805,0.35172799229621887,0.3723866045475006
2020-03-06,INDUSINDBK,0.01628885418176651,0.9596967101097107,0.024014493450522423
2020-03-06,M&M,0.009141655638813972,0.9716094732284546,0.019248809665441513
2020-03-06,TATASTEEL,0.5528160333633423,0.017283007502555847,0.4299009442329407
2020-03-07,BPCL,0.1816522628068924,0.010918665677309036,0.8074290156364441
2020-03-08,INDUSINDBK,0.03272862359881401,0.22624371945858002,0.7410276532173157
2020-03-09,HEROMOTOCO,0.008506153710186481,0.9685170650482178,0.022976787760853767
2020-03-09,KOTAKBANK,0.09889280796051025,0.021086087450385094,0.8800210356712341
2020-03-09,NTPC,0.025392543524503708,0.45677974820137024,0.5178276896476746
2020-03-09,ONGC,0.9364538788795471,0.030408671125769615,0.03313745930790901
2020-03-09,TATASTEEL,0.4034288823604584,0.010747023858129978,0.5858240723609924
2020-03-11,JSWSTEEL,0.9495160579681396,0.02318592369556427,0.02729799598455429
2020-03-11,TATASTEEL,0.01760822720825672,0.9628461003303528,0.019545741379261017
2020-03-12,BPCL,0.2844333350658417,0.011981884948909283,0.7035847902297974
2020-03-13,BAJAJFINSV,0.06940305978059769,0.014531709253787994,0.9160652160644531
2020-03-13,COALINDIA,0.9039829969406128,0.017505325376987457,0.07851164042949677
2020-03-13,KOTAKBANK,0.12386440858244896,0.010023579001426697,0.8661119937896729
2020-03-13,SUNPHARMA,0.8712653517723083,0.03828408569097519,0.09045059978961945
2020-03-13,TATASTEEL,0.3722020089626312,0.01004556380212307,0.6177523732185364
2020-03-15,ASIANPAINT,0.518125057220459,0.02363843098282814,0.4582364857196808
2020-03-16,COALINDIA,0.047359514981508255,0.47840380668640137,0.4742366075515747
2020-03-16,INDUSINDBK,0.009232858195900917,0.9686963558197021,0.022070802748203278
2020-03-16,NTPC,0.8551792502403259,0.010471531189978123,0.13434924185276031
2020-03-17,CIPLA,0.05491606518626213,0.13195937871932983,0.8131245970726013
2020-03-17,COALINDIA,0.8507862687110901,0.014634606428444386,0.13457904756069183
2020-03-17,HEROMOTOCO,0.9411374926567078,0.027464542537927628,0.03139796480536461
2020-03-17,INDUSINDBK,0.564189612865448,0.010621592402458191,0.4251887798309326
2020-03-17,ONGC,0.13954836130142212,0.014132955111563206,0.8463187217712402
2020-03-17,SUNPHARMA,0.9222553968429565,0.020437579602003098,0.05730709061026573
2020-03-17,TATASTEEL,0.0992012470960617,0.012662651017308235,0.888136088848114
2020-03-18,BAJFINANCE,0.04422955587506294,0.03228447586297989,0.9234859347343445
2020-03-18,CIPLA,0.02172251045703888,0.9093965888023376,0.06888093799352646
2020-03-18,INDUSINDBK,0.015273171477019787,0.9575063586235046,0.027220355346798897
2020-03-18,JSWSTEEL,0.1968975067138672,0.009140838868916035,0.7939616441726685
2020-03-18,KOTAKBANK,0.03844055160880089,0.01982215605676174,0.9417372941970825
2020-03-19,ITC,0.14797121286392212,0.030111948028206825,0.8219168186187744
2020-03-19,KOTAKBANK,0.042721427977085114,0.016729654744267464,0.9405488967895508
2020-03-20,ITC,0.46345220506191254,0.04231810383498669,0.4942296613007784
2020-03-21,INDUSINDBK,0.04383118450641632,0.5041055083274841,0.45206332206726074
2020-03-21,ITC,0.40343451499938965,0.022853313013911247,0.573712170124054
2020-03-22,M&M,0.009372121654450893,0.9421010613441467,0.048526812344789505
2020-03-23,ITC,0.9199410676956177,0.025860564783215523,0.05419839546084404
2020-03-24,ASIANPAINT,0.8766584396362305,0.09056837856769562,0.032773129642009735
2020-03-24,BPCL,0.008235642686486244,0.9655374884605408,0.02622688189148903
2020-03-24,DRREDDY,0.9430492520332336,0.02104969695210457,0.0359010212123394
2020-03-24,HINDUNILVR,0.9183769822120667,0.038942426443099976,0.04268049821257591
2020-03-24,INDUSINDBK,0.022769300267100334,0.04787773638963699,0.9293529391288757
2020-03-24,ONGC,0.013427159748971462,0.8919339776039124,0.09463883936405182
2020-03-25,COALINDIA,0.3839888274669647,0.022600943222641945,0.5934101939201355
2020-03-25,HINDUNILVR,0.04493405669927597,0.38592860102653503,0.5691372752189636
2020-03-25,INDUSINDBK,0.032873742282390594,0.46186429262161255,0.5052619576454163
2020-03-25,ITC,0.9510554671287537,0.020961523056030273,0.027983011677861214
2020-03-25,ONGC,0.009611177258193493,0.970054566860199,0.020334260538220406
2020-03-26,CIPLA,0.8308611810207367,0.01585503900423646,0.15328375436365604
2020-03-26,INDUSINDBK,0.7756248712539673,0.02685580961406231,0.19751934707164764
2020-03-26,NTPC,0.4850359857082367,0.011181940324604511,0.5037820339202881
2020-03-27,BRITANNIA,0.0744614526629448,0.014624168165028095,0.910914421081543
2020-03-27,ITC,0.17748865485191345,0.009302563033998013,0.8132087588310242
2020-03-28,HEROMOTOCO,0.7465145587921143,0.027387449517846107,0.22609800100326538
2020-03-30,HCLTECH,0.033045556396245956,0.4227178990840912,0.5442366003990173
2020-03-30,HEROMOTOCO,0.01001480920240283,0.9542870223522186,0.03569815866649151
2020-03-30,ITC,0.014393238350749016,0.9471526741981506,0.03845410794019699
2020-03-30,SUNPHARMA,0.021421240642666817,0.9481345415115356,0.030444223433732986
2020-03-31,BPCL,0.05209526792168617,0.0604420006275177,0.8874626755714417
2020-03-31,COALINDIA,0.0918785110116005,0.026866184547543526,0.8812553286552429
2020-03-31,INDUSINDBK,0.4269073228351772,0.4993750788271427,0.07371762581169605
2020-03-31,ITC,0.2686694301664829,0.027556026354432106,0.703774482011795
2020-03-31,KOTAKBANK,0.03686700388789177,0.5213229060173035,0.44181013107299805
2020-03-31,NTPC,0.05437971651554108,0.05485572665929794,0.890764594078064
2020-03-31,ONGC,0.10157679580152035,0.42360982671380043,0.4748133644461632
2020-03-31,TITAN,0.3544764518737793,0.008452966809272766,0.6370705962181091
2020-04-01,HEROMOTOCO,0.34861654811538756,0.5207344368100166,0.13064903393387794
2020-04-01,HINDUNILVR,0.5530303120613098,0.011168796569108963,0.4358008801937103
2020-04-01,KOTAKBANK,0.026063036173582077,0.31264105439186096,0.6612958908081055
2020-04-02,ONGC,0.01691162958741188,0.932197630405426,0.050890740007162094
2020-04-02,TATASTEEL,0.02156209386885166,0.7030844688415527,0.275353342294693
2020-04-03,CIPLA,0.9549152851104736,0.019253667443990707,0.02583099901676178
2020-04-03,EICHERMOT,0.051630403846502304,0.7440348267555237,0.20433475077152252
2020-04-03,INDUSINDBK,0.3591972254216671,0.2674875156953931,0.3733152896165848
2020-04-03,ITC,0.49131015688180923,0.036596331745386124,0.47209346666932106
2020-04-05,BPCL,0.8629918694496155,0.007238449063152075,0.1297697275876999
2020-04-05,COALINDIA,0.09707604348659515,0.01496878918260336,0.8879551291465759
2020-04-05,HCLTECH,0.14212556183338165,0.009474553167819977,0.8483998775482178
2020-04-05,ONGC,0.5265892148017883,0.024095218628644943,0.44931554794311523
2020-04-06,BAJFINANCE,0.17514266073703766,0.012131107971072197,0.8127262592315674
2020-04-06,ITC,0.8162561655044556,0.020039981231093407,0.1637038141489029
2020-04-06,KOTAKBANK,0.954059362411499,0.020283449441194534,0.025657247751951218
2020-04-07,BAJFINANCE,0.658258855342865,0.30585163831710815,0.035889532417058945
2020-04-07,BPCL,0.012747826054692268,0.9612581729888916,0.025994012132287025
2020-04-07,BRITANNIA,0.4420139491558075,0.00786120630800724,0.5501248240470886
2020-04-07,INDUSINDBK,0.041063596960157156,0.4981807563453913,0.4607556536793709
2020-04-07,JSWSTEEL,0.151834636926651,0.07148505002260208,0.7766802906990051
2020-04-07,ONGC,0.21713481843471527,0.0886923223733902,0.6941728591918945
2020-04-07,TATASTEEL,0.006690919399261475,0.9690630435943604,0.024246077984571457
2020-04-08,BPCL,0.36465984582901,0.010026979260146618,0.6253131628036499
2020-04-08,HEROMOTOCO,0.7852895855903625,0.17617757618427277,0.03853287920355797
2020-04-08,INDUSINDBK,0.49120578169822693,0.22625824809074402,0.2825359106063843
2020-04-09,BAJFINANCE,0.05927322432398796,0.027277848683297634,0.9134489595890045
2020-04-09,CIPLA,0.9248507618904114,0.020374787971377373,0.05477446690201759
2020-04-09,M&M,0.924484133720398,0.04135645925998688,0.03415950760245323
2020-04-10,BAJAJFINSV,0.06112430617213249,0.018741386011242867,0.9201343059539795
2020-04-10,BRITANNIA,0.008288025856018066,0.9732908606529236,0.01842106506228447
2020-04-12,M&M,0.7519105672836304,0.009266107343137264,0.23882339894771576
2020-04-13,DRREDDY,0.6985969394445419,0.018402285873889923,0.28300077095627785
2020-04-13,HINDALCO,0.14871184527873993,0.11196534335613251,0.73932284116745
2020-04-13,ITC,0.11378614231944084,0.02009277045726776,0.8661211133003235
2020-04-13,NTPC,0.5178173780441284,0.010319874621927738,0.4718628227710724
2020-04-13,ONGC,0.008292495273053646,0.9709908962249756,0.02071657031774521
2020-04-14,DRREDDY,0.8256461024284363,0.007930871099233627,0.1664230227470398
2020-04-14,HEROMOTOCO,0.7423276305198669,0.007093993481248617,0.2505783438682556
2020-04-14,JSWSTEEL,0.01741919480264187,0.7879654765129089,0.19461528956890106
2020-04-14,ONGC,0.0732802301645279,0.009939913637936115,0.9167798161506653
2020-04-14,TATASTEEL,0.30211280658841133,0.28683397406712174,0.41105325520038605
2020-04-14,TECHM,0.12146904319524765,0.012938751839101315,0.8655921816825867
2020-04-15,CIPLA,0.05851871147751808,0.013465804979205132,0.9280155301094055
2020-04-15,COALINDIA,0.0393076166510582,0.5108516812324524,0.4498406648635864
2020-04-15,INDUSINDBK,0.07815823704004288,0.015507888980209827,0.9063339233398438
2020-04-15,ITC,0.9083290100097656,0.008219406940042973,0.08345156908035278
2020-04-15,NTPC,0.5394824221730232,0.01774373883381486,0.44277387857437134
2020-04-15,TATASTEEL,0.02808464877307415,0.8182001709938049,0.15371519327163696
2020-04-15,TITAN,0.040231116116046906,0.02310670167207718,0.9366621971130371
2020-04-16,HEROMOTOCO,0.5432161092758179,0.15589046478271484,0.3008934259414673
2020-04-16,INDUSINDBK,0.8955131471157074,0.027378459461033344,0.0771083626896143
2020-04-17,BAJFINANCE,0.1625121384859085,0.6366105079650879,0.2008773237466812
2020-04-17,CIPLA,0.39447519183158875,0.0072821155190467834,0.5982427000999451
2020-04-17,GRASIM,0.0400279238820076,0.0991702526807785,0.8608017563819885
2020-04-19,COALINDIA,0.0256558358669281,0.45855891704559326,0.5157852172851562
2020-04-20,HEROMOTOCO,0.31768640875816345,0.01498288381844759,0.6673306822776794
2020-04-20,KOTAKBANK,0.49244946241378784,0.021479547023773193,0.48607093282043934
2020-04-21,BAJFINANCE,0.10201200097799301,0.15210914611816406,0.7458788752555847
2020-04-21,CIPLA,0.30762824323028326,0.45640818774700165,0.2359635792672634
2020-04-21,HCLTECH,0.036016182973980904,0.4884994993917644,0.47548436746001244
2020-04-21,TECHM,0.016353890299797058,0.9053419828414917,0.07830411195755005
2020-04-22,KOTAKBANK,0.8004316091537476,0.016869734041392803,0.18269864469766617
2020-04-22,ONGC,0.055627696216106415,0.9190688729286194,0.025303440168499947
2020-04-22,TATASTEEL,0.26267797220498323,0.4918157854117453,0.24550627823919058
2020-04-23,BAJFINANCE,0.059367064386606216,0.6954338550567627,0.24519909918308258
2020-04-23,HEROMOTOCO,0.8544187545776367,0.05543144792318344,0.09014979004859924
2020-04-23,HINDUNILVR,0.00833737663924694,0.9670397043228149,0.024622872471809387
2020-04-23,KOTAKBANK,0.643305612107118,0.21628569128612676,0.1404086910188198
2020-04-24,ITC,0.6505417823791504,0.010153679177165031,0.33930453658103943
2020-04-24,TATASTEEL,0.3039529621601105,0.009926389902830124,0.6861206293106079
2020-04-25,TITAN,0.04339873045682907,0.022654939442873,0.9339463710784912
2020-04-26,NTPC,0.6427432298660278,0.00875867996364832,0.3484981060028076
2020-04-26,TATASTEEL,0.6222687363624573,0.05340338125824928,0.32432785630226135
2020-04-27,COALINDIA,0.3023882806301117,0.009396625682711601,0.6882151365280151
2020-04-27,INDUSINDBK,0.31699264018485945,0.659694941714406,0.023312410339713097
2020-04-28,HEROMOTOCO,0.6026094555854797,0.035867735743522644,0.36152276396751404
2020-04-28,INDUSINDBK,0.8804979920387268,0.09231504052877426,0.027187008410692215
2020-04-28,M&M,0.044647522270679474,0.0164329893887043,0.9389194846153259
2020-04-29,INDUSINDBK,0.07042457163333893,0.012927272357046604,0.9166480898857117
2020-04-29,TATASTEEL,0.021454323083162308,0.49732697010040283,0.48121869564056396
2020-04-30,HINDUNILVR,0.32812437942872447,0.6331543003519376,0.03872134039799372
2020-04-30,TECHM,0.07512054623415072,0.4425907488912344,0.4822886859377225
2020-05-01,ASIANPAINT,0.09609494358301163,0.01066927332431078,0.8932358026504517
2020-05-01,EICHERMOT,0.06503637880086899,0.021797090768814087,0.9131665229797363
2020-05-01,HINDUNILVR,0.5740883722901344,0.012393146986141801,0.4135184846818447
2020-05-01,TATASTEEL,0.4334630072116852,0.016227902844548225,0.5503090620040894
2020-05-01,TECHM,0.2634831368923187,0.012566319666802883,0.7239505052566528
2020-05-02,TECHM,0.9257736206054688,0.019010573625564575,0.05521584302186966
2020-05-03,TECHM,0.07917237281799316,0.024485813453793526,0.8963417410850525
2020-05-04,HINDUNILVR,0.07851481204852462,0.9004243314266205,0.021060827188193798
2020-05-04,ITC,0.013173898681998253,0.8378709554672241,0.1489551067352295
2020-05-04,TECHM,0.32610006583854556,0.3877821993082762,0.28611772740259767
2020-05-05,COALINDIA,0.009351282380521297,0.9734651446342468,0.017183639109134674
2020-05-05,EICHERMOT,0.8776902556419373,0.03557818382978439,0.08673159033060074
2020-05-05,HEROMOTOCO,0.07392740994691849,0.15811434388160706,0.7679582834243774
2020-05-05,ITC,0.8734999895095825,0.014351419173181057,0.11214862018823624
2020-05-05,KOTAKBANK,0.15564613044261932,0.02808009833097458,0.8162737488746643
2020-05-05,TATASTEEL,0.014903566800057888,0.7328349947929382,0.25226151943206787
2020-05-05,TECHM,0.6786851286888123,0.03300882503390312,0.2883060872554779
2020-05-06,BPCL,0.012540524825453758,0.9678182005882263,0.019641250371932983
2020-05-06,COALINDIA,0.008836823515594006,0.972179114818573,0.01898404397070408
2020-05-06,DRREDDY,0.4697301685810089,0.012727118097245693,0.5175427198410034
2020-05-06,HINDUNILVR,0.07877252995967865,0.010906661860644817,0.9103208184242249
2020-05-06,INDUSINDBK,0.06634050607681274,0.01028172206133604,0.9233777523040771
2020-05-06,ITC,0.014201265759766102,0.9658467769622803,0.01995204947888851
2020-05-06,KOTAKBANK,0.09570608288049698,0.009223127737641335,0.8950707912445068
2020-05-07,HCLTECH,0.47979533509351313,0.49808756448328495,0.02211710996925831
2020-05-07,HINDUNILVR,0.043719284857312836,0.28949564912666875,0.6667850663264593
2020-05-07,ITC,0.01549118384718895,0.9366653561592102,0.0478435717523098
2020-05-07,SUNPHARMA,0.9467945098876953,0.028451230376958847,0.024754272773861885
2020-05-08,DRREDDY,0.016222571954131126,0.8130069971084595,0.17077039182186127
2020-05-08,HINDUNILVR,0.7331701517105103,0.1865525096654892,0.08027735352516174
2020-05-10,HCLTECH,0.09947247803211212,0.00970307388342917,0.8908244520425797
2020-05-10,HEROMOTOCO,0.10181386023759842,0.057109493762254715,0.8410766124725342
2020-05-10,HINDUNILVR,0.06944844126701355,0.012768730521202087,0.9177827835083008
2020-05-11,ASIANPAINT,0.15379777550697327,0.013145791366696358,0.8330563902854919
2020-05-11,HEROMOTOCO,0.010415607132017612,0.9718158841133118,0.017768526449799538
2020-05-11,HINDALCO,0.06426817178726196,0.014241042546927929,0.9214907884597778
2020-05-11,ONGC,0.3774977922439575,0.5779755711555481,0.04452662914991379
2020-05-11,TECHM,0.3132339473813772,0.48339095897972584,0.20337511971592903
2020-05-12,ASIANPAINT,0.01768152229487896,0.9542728662490845,0.028045576065778732
2020-05-12,NESTLEIND,0.6806847453117371,0.16309274919331074,0.15622251108288765
2020-05-13,CIPLA,0.9445816874504089,0.01855408027768135,0.03686424717307091
2020-05-13,HINDALCO,0.038137562572956085,0.03426950052380562,0.927592933177948
2020-05-13,KOTAKBANK,0.6933876723051071,0.037475709803402424,0.26913665793836117
2020-05-14,BAJFINANCE,0.9001321792602539,0.07317621260881424,0.02669161558151245
2020-05-14,COALINDIA,0.5289308428764343,0.017419520765542984,0.4536496102809906
2020-05-14,KOTAKBANK,0.06862513720989227,0.25870848819613457,0.6726663808027903
2020-05-14,NESTLEIND,0.9486927390098572,0.013344069942831993,0.0379631482064724
2020-05-15,ASIANPAINT,0.7714236974716187,0.092097707092762,0.13647861778736115
2020-05-15,CIPLA,0.46775775332935154,0.5054593905806541,0.02678280882537365
2020-05-15,KOTAKBANK,0.0886867567896843,0.010199482552707195,0.9011138081550598
2020-05-15,TECHM,0.25899162888526917,0.0067534064874053,0.7342550158500671
2020-05-16,ITC,0.7370010614395142,0.009889080189168453,0.2531098425388336
2020-05-16,KOTAKBANK,0.4649673495441675,0.011335769668221474,0.5236968472599983
2020-05-17,CIPLA,0.07363436371088028,0.011896184645593166,0.9144694805145264
2020-05-17,COALINDIA,0.14974351227283478,0.010056878440082073,0.8401995897293091
2020-05-17,KOTAKBANK,0.13673700019717216,0.01728038676083088,0.8459825813770294
2020-05-18,CIPLA,0.29734006971120835,0.011670231260359288,0.6909896939992904
2020-05-18,COALINDIA,0.008635788224637508,0.9616569876670837,0.029707185924053192
2020-05-18,M&M,0.010090827941894531,0.9619869589805603,0.02792220562696457
2020-05-18,TATASTEEL,0.041594608686864376,0.4634722527116537,0.4949331469833851
2020-05-19,BAJFINANCE,0.47154715843498707,0.491121425293386,0.03733143489807844
2020-05-19,CIPLA,0.17620699107646942,0.009561591781675816,0.8142314553260803
2020-05-19,ITC,0.7016820311546326,0.007391799241304398,0.2909261882305145
2020-05-19,NESTLEIND,0.12754043377935886,0.02768003847450018,0.8447795212268829
2020-05-20,BAJFINANCE,0.3618527048577865,0.04985305434092879,0.5882942586516341
2020-05-20,DRREDDY,0.5209706276655197,0.023348959162831306,0.4556804094463587
2020-05-20,KOTAKBANK,0.024899760261178017,0.33163899183273315,0.643461287021637
2020-05-20,TATASTEEL,0.41112542897462845,0.013730158563703299,0.5751443803310394
2020-05-20,ULTRACEMCO,0.4013668994108836,0.10909539399047692,0.48953770597775775
2020-05-21,BAJAJFINSV,0.48052166448906064,0.49701057374477386,0.02246776968240738
2020-05-21,CIPLA,0.41497264290228486,0.49591973423957825,0.0891075748950243
2020-05-21,DRREDDY,0.9016591310501099,0.06698841694742441,0.03135246783494949
2020-05-21,HCLTECH,0.1292472779750824,0.009923079051077366,0.8608296513557434
2020-05-21,HEROMOTOCO,0.9083709716796875,0.05055486410856247,0.04107414931058884
2020-05-21,M&M,0.027132004499435425,0.02386806160211563,0.9489999413490295
2020-05-21,ULTRACEMCO,0.26859490420403226,0.16450578213802405,0.5668993092008999
2020-05-22,DRREDDY,0.06310037523508072,0.013191883452236652,0.9237077832221985
2020-05-22,JSWSTEEL,0.007251520175486803,0.9756303429603577,0.017118174582719803
2020-05-22,ONGC,0.7847711443901062,0.008863406255841255,0.2063654512166977
2020-05-22,TATASTEEL,0.07231223583221436,0.01591896452009678,0.9117688536643982
2020-05-22,ULTRACEMCO,0.10218478739261627,0.010016961954534054,0.8877983093261719
2020-05-23,DRREDDY,0.1369244009256363,0.009606843814253807,0.8534687757492065
2020-05-23,SUNPHARMA,0.06240204721689224,0.01219996064901352,0.9253979921340942
2020-05-23,ULTRACEMCO,0.5926846265792847,0.011691638268530369,0.39562371373176575
2020-05-25,ITC,0.7971631288528442,0.0076394942589104176,0.1951974332332611
2020-05-25,JSWSTEEL,0.07593080401420593,0.01389554888010025,0.9101736545562744
2020-05-25,KOTAKBANK,0.09535335004329681,0.8711983561515808,0.033448223024606705
2020-05-25,ULTRACEMCO,0.2481682449579239,0.008731157518923283,0.743100643157959
2020-05-26,BAJAJFINSV,0.07023770362138748,0.010694298893213272,0.9190680086612701
2020-05-26,BPCL,0.04339023306965828,0.01337816845625639,0.9432316422462463
2020-05-26,EICHERMOT,0.12899284064769745,0.010809232480823994,0.860197901725769
2020-05-26,HCLTECH,0.9523131847381592,0.02079123817384243,0.026895586401224136
2020-05-26,ITC,0.5216497033834457,0.015300143510103226,0.4630500990897417
2020-05-26,JSWSTEEL,0.3377294136832158,0.3396970871835947,0.3225734482208888
2020-05-26,KOTAKBANK,0.8492780327796936,0.01776212453842163,0.13295984361320734
2020-05-26,TATASTEEL,0.019519945606589317,0.9043413400650024,0.07613865286111832
2020-05-27,BPCL,0.03202112764120102,0.18005411326885223,0.7879247665405273
2020-05-27,COALINDIA,0.8798840045928955,0.029168225824832916,0.09094778448343277
2020-05-27,JSWSTEEL,0.8599619269371033,0.00940762646496296,0.13063038885593414
2020-05-27,KOTAKBANK,0.9296842813491821,0.018779084086418152,0.05153661221265793
2020-05-27,NTPC,0.30894237756729126,0.008422586135566235,0.6826350092887878
2020-05-27,SUNPHARMA,0.48108288925141096,0.4987656297162175,0.0201514745131135
2020-05-28,CIPLA,0.06814349442720413,0.017767274752259254,0.9140892624855042
2020-05-28,COALINDIA,0.01036603469401598,0.9733666181564331,0.01626734994351864
2020-05-28,DRREDDY,0.017115648835897446,0.8101334571838379,0.1727508157491684
2020-05-28,ITC,0.5511196702718735,0.008611592929810286,0.44026872515678406
2020-05-28,JSWSTEEL,0.007660683244466782,0.9751205444335938,0.017218802124261856
2020-05-28,KOTAKBANK,0.04200759530067444,0.017406033352017403,0.9405863285064697
2020-05-28,SBIN,0.026065092533826828,0.03400735184550285,0.9399275183677673
2020-05-28,SUNPHARMA,0.3549448298290372,0.018159755350401003,0.6268953991432985
2020-05-29,COALINDIA,0.0787360705435276,0.01087893359363079,0.9103849828243256
2020-05-29,HCLTECH,0.08636482805013657,0.009772884659469128,0.9038622379302979
2020-05-29,ITC,0.4966161847114563,0.00818062387406826,0.4952032268047333
2020-05-29,NESTLEIND,0.0390150211751461,0.013563793152570724,0.947421133518219
2020-05-29,SUNPHARMA,0.5294153839349747,0.012264592107385397,0.45831997878849506
2020-05-31,KOTAKBANK,0.9412202835083008,0.02120291255414486,0.03757670894265175
2020-05-31,M&M,0.028180904686450958,0.9574397206306458,0.014379343017935753
2020-06-01,COALINDIA,0.015678275376558304,0.9682245850563049,0.016097158193588257
2020-06-01,HEROMOTOCO,0.013639424927532673,0.9744589924812317,0.011901527643203735
2020-06-01,KOTAKBANK,0.4574567675590515,0.019216811284422874,0.5233264565467834
2020-06-01,TATASTEEL,0.5313804149627686,0.01033423189073801,0.4582853317260742
2020-06-02,BAJFINANCE,0.517671599984169,0.018057060427963734,0.4642712790518999
2020-06-02,EICHERMOT,0.8484750986099243,0.11359104514122009,0.03793385997414589
2020-06-02,HCLTECH,0.834621250629425,0.007321385201066732,0.15805736184120178
2020-06-02,JSWSTEEL,0.00908464565873146,0.9741965532302856,0.016718771308660507
2020-06-02,KOTAKBANK,0.13287929370999335,0.054647845588624476,0.8124728977680207
2020-06-02,NTPC,0.042844414710998535,0.029045607894659042,0.9281100034713745
2020-06-02,SBIN,0.10339926183223724,0.5843651294708252,0.31223562359809875
2020-06-03,BAJAJFINSV,0.03176835924386978,0.030907848849892616,0.9373237490653992
2020-06-03,BRITANNIA,0.9511565566062927,0.02441485784947872,0.024428624659776688
2020-06-03,COALINDIA,0.12035514507442713,0.4942474905401468,0.38539737928658724
2020-06-03,HEROMOTOCO,0.7650008797645569,0.012147337198257446,0.22285184264183044
2020-06-03,INDUSINDBK,0.9414790272712708,0.031248895451426506,0.027272041887044907
2020-06-03,TATASTEEL,0.6140089631080627,0.009956692345440388,0.37603431940078735
2020-06-04,BPCL,0.017619109712541103,0.9652384519577026,0.01714244360725085
2020-06-04,BRITANNIA,0.05987394601106644,0.014688098803162575,0.9254379272460938
2020-06-04,HCLTECH,0.8091293573379517,0.00851677730679512,0.1823538988828659
2020-06-04,M&M,0.05680275335907936,0.014284081757068634,0.9289131760597229
2020-06-04,SBIN,0.6429747939109802,0.009719635359942913,0.3473055362701416
2020-06-05,BPCL,0.009444370865821838,0.9736653566360474,0.01689022220671177
2020-06-05,BRITANNIA,0.10936043132096529,0.05081517994403839,0.8398243486881256
2020-06-05,HEROMOTOCO,0.09412302821874619,0.016528137028217316,0.8893488645553589
2020-06-05,SBIN,0.5906039004524549,0.09158678352832794,0.31780931043128174
2020-06-05,SUNPHARMA,0.7048047184944153,0.008898650296032429,0.2862966060638428
2020-06-05,TATASTEEL,0.012443970888853073,0.765398383140564,0.22215764224529266
2020-06-05,ULTRACEMCO,0.008980601094663143,0.9489046931266785,0.0421147383749485
2020-06-06,COALINDIA,0.13280805945396423,0.012443888932466507,0.854748010635376
2020-06-06,SBIN,0.022586658596992493,0.9017865657806396,0.07562680542469025
2020-06-07,KOTAKBANK,0.9325945973396301,0.0259198360145092,0.04148558899760246
2020-06-07,SBIN,0.1534719467163086,0.0114390067756176,0.8350890278816223
2020-06-07,TATASTEEL,0.012487987987697124,0.9705614447593689,0.016950661316514015
2020-06-08,HEROMOTOCO,0.2671774923801422,0.011414790526032448,0.7214077115058899
2020-06-08,INDUSINDBK,0.7770114243030548,0.016257937066257,0.2067306451499462
2020-06-08,SBIN,0.3400552407838404,0.3818548284471035,0.2780899276258424
2020-06-09,HEROMOTOCO,0.019154555164277554,0.9658651053905487,0.01498031010851264
2020-06-09,INDUSINDBK,0.8962436318397522,0.028180310502648354,0.07557614147663116
2020-06-09,LT,0.11026706546545029,0.009874163661152124,0.8798587620258331
2020-06-09,SBIN,0.22459626446167627,0.011836537159979343,0.7635671893755595
2020-06-09,SUNPHARMA,0.07063957303762436,0.013511591590940952,0.9158487915992737
2020-06-09,TATASTEEL,0.12317226082086563,0.00987563468515873,0.866952121257782
2020-06-10,CIPLA,0.05106209218502045,0.01255237776786089,0.9363855123519897
2020-06-10,COALINDIA,0.046352844685316086,0.6288815140724182,0.3247656524181366
2020-06-10,HEROMOTOCO,0.03745003370568156,0.9430674016475677,0.019482571631669998
2020-06-10,INDUSINDBK,0.8922442197799683,0.0512046292424202,0.05655118077993393
2020-06-10,KOTAKBANK,0.9144344925880432,0.05436989665031433,0.031195523217320442
2020-06-10,NTPC,0.7750657796859741,0.015605052933096886,0.20932915806770325
2020-06-10,SBIN,0.0188246201723814,0.04101267084479332,0.9401626586914062
2020-06-10,TITAN,0.2490907907485962,0.02218143455684185,0.7287277579307556
2020-06-11,HEROMOTOCO,0.37869055185001343,0.25643016514368355,0.3648792658932507
2020-06-11,INDUSINDBK,0.5346952751278877,0.02078031748533249,0.44452444091439247
2020-06-11,SBIN,0.1408250592648983,0.012903079390525818,0.8462718427181244
2020-06-11,TATASTEEL,0.050023216754198074,0.2690848410129547,0.6808919310569763
2020-06-12,EICHERMOT,0.3786010383628309,0.5275927595794201,0.09380618669092655
2020-06-12,HCLTECH,0.04478519409894943,0.863272488117218,0.09194225072860718
2020-06-12,M&M,0.007709100376814604,0.9731144607067108,0.01917640771716833
2020-06-12,SBIN,0.0777139961719513,0.01025861594825983,0.9120273590087891
2020-06-13,DRREDDY,0.7437760233879089,0.01078678760677576,0.24543720483779907
2020-06-13,EICHERMOT,0.09029091894626617,0.012885386124253273,0.8968237042427063
2020-06-13,SBIN,0.4662282466888428,0.3938949704170227,0.13987675309181213
2020-06-14,EICHERMOT,0.08680494129657745,0.016200637444853783,0.8969943523406982
2020-06-14,M&M,0.12989702820777893,0.016410665586590767,0.853692352771759
2020-06-15,ASIANPAINT,0.027712592855095863,0.7478883266448975,0.22439908981323242
2020-06-15,COALINDIA,0.014280562289059162,0.8916959166526794,0.09402354061603546
2020-06-15,DRREDDY,0.9365972280502319,0.019426975399255753,0.04397580400109291
2020-06-15,EICHERMOT,0.057302601325015225,0.6547122557337085,0.2879851336280505
2020-06-15,GRASIM,0.007702825823798776,0.9745175242424011,0.017779633402824402
2020-06-15,HEROMOTOCO,0.09708333636323611,0.010303046554327011,0.8926136195659637
2020-06-15,HINDALCO,0.32260106038302183,0.6539451954886317,0.023453731710712116
2020-06-15,HINDUNILVR,0.04756440781056881,0.0231628380715847,0.9292727708816528
2020-06-15,ITC,0.27179157733917236,0.007291519083082676,0.7209169268608093
2020-06-15,M&M,0.23330831958446652,0.49336503841914237,0.273326653521508
2020-06-15,TATASTEEL,0.012311095371842384,0.9198399186134338,0.06784900277853012
2020-06-16,EICHERMOT,0.12288115546107292,0.013336176984012127,0.8637826144695282
2020-06-16,HINDALCO,0.07626285403966904,0.012396826408803463,0.9113403558731079
2020-06-16,INDUSINDBK,0.058444827795028687,0.01748722791671753,0.9240679144859314
2020-06-16,ITC,0.7955177426338196,0.01837615668773651,0.18610605597496033
2020-06-16,M&M,0.06791983731091022,0.012153035029768944,0.9199270904064178
2020-06-16,SBIN,0.11784074455499649,0.013802760280668736,0.868356466293335
2020-06-17,EICHERMOT,0.08013106510043144,0.012808808125555515,0.9070601165294647
2020-06-17,HINDALCO,0.2660617232322693,0.012167938984930515,0.7217702865600586
2020-06-17,M&M,0.08305046707391739,0.009572807233780622,0.9073767066001892
2020-06-17,TATASTEEL,0.014572163112461567,0.9033047556877136,0.08212300390005112
2020-06-18,HEROMOTOCO,0.9257016181945801,0.017535971477627754,0.0567624494433403
2020-06-18,M&M,0.05464555881917477,0.012925752904266119,0.9324287176132202
2020-06-18,SBIN,0.08811729960143566,0.024677118752151728,0.8872056007385254
2020-06-19,CIPLA,0.8185564875602722,0.13547173142433167,0.04597178101539612
2020-06-19,DRREDDY,0.5738001465797424,0.010614360682666302,0.41558557748794556
2020-06-19,KOTAKBANK,0.8577312231063843,0.00869746319949627,0.13357135653495789
2020-06-19,TECHM,0.14176706969738007,0.01746227592229843,0.8407707214355469
2020-06-21,KOTAKBANK,0.3943673372268677,0.0518120601773262,0.5538206100463867
2020-06-22,CIPLA,0.46608639260133106,0.019128167380889256,0.5147854126989841
2020-06-22,COALINDIA,0.9469074606895447,0.015504132024943829,0.0375884510576725
2020-06-22,ONGC,0.008024782873690128,0.9656003713607788,0.026374779641628265
2020-06-22,POWERGRID,0.9493147134780884,0.020203378051519394,0.030481895431876183
2020-06-22,SBIN,0.19369546324014664,0.33625835040584207,0.4700462184846401
2020-06-23,ASIANPAINT,0.1601811870932579,0.8173649907112122,0.02245376445353031
2020-06-23,CIPLA,0.06229072064161301,0.01705283299088478,0.9206564426422119
2020-06-23,HEROMOTOCO,0.9427785873413086,0.01260281354188919,0.044618554413318634
2020-06-23,INDUSINDBK,0.045867741107940674,0.013992473483085632,0.9401398301124573
2020-06-23,SBIN,0.3621014505624771,0.0175122603153189,0.620386273910602
2020-06-24,ASIANPAINT,0.3195817755535245,0.4629008393734694,0.2175173681229353
2020-06-24,CIPLA,0.2623610496520996,0.006858619395643473,0.730780303478241
2020-06-24,NTPC,0.1800395604223013,0.6510132849216461,0.16894710808992386
2020-06-24,SBIN,0.022513262927532196,0.02618345059454441,0.9513033032417297
2020-06-24,TECHM,0.12285807728767395,0.012319087982177734,0.8648228049278259
2020-06-25,ASIANPAINT,0.057450853288173676,0.0126385148614645,0.9299106001853943
2020-06-25,COALINDIA,0.0075769550167024136,0.9739871025085449,0.018435943871736526
2020-06-25,EICHERMOT,0.01717258244752884,0.8607538342475891,0.12207360565662384
2020-06-25,HEROMOTOCO,0.10762425512075424,0.008862173184752464,0.8835135698318481
2020-06-25,NTPC,0.15829402208328247,0.013863280415534973,0.8278427124023438
2020-06-26,BPCL,0.0685044378042221,0.022918498143553734,0.9085770845413208
2020-06-26,COALINDIA,0.008367486763745546,0.9726990461349487,0.01893348153680563
2020-06-26,DRREDDY,0.014755062758922577,0.8275376558303833,0.15770721435546875
2020-06-26,HINDUNILVR,0.21518933773040771,0.01253523025661707,0.772275447845459
2020-06-26,ITC,0.018075885872046154,0.6601919506986936,0.3217321963359912
2020-06-27,HINDUNILVR,0.038022011518478394,0.11295291036367416,0.8490250706672668
2020-06-27,NTPC,0.014459778554737568,0.976758599281311,0.008781622163951397
2020-06-27,SBIN,0.08431311696767807,0.013170658610761166,0.90251624584198
2020-06-28,COALINDIA,0.036352839320898056,0.10253430157899857,0.8611128330230713
2020-06-29,CIPLA,0.8480867147445679,0.01113205892033875,0.1407812498509884
2020-06-29,COALINDIA,0.2626067791134119,0.6531839196880659,0.08420932727555434
2020-06-29,HINDUNILVR,0.9090102314949036,0.007961972616612911,0.0830279141664505
2020-06-29,ITC,0.19052157149417326,0.2568304844899103,0.5526479287073016
2020-06-29,JSWSTEEL,0.009913507848978043,0.9629992246627808,0.027087297290563583
2020-06-29,NTPC,0.41516197472810745,0.24777217550824085,0.3370658860852321
2020-06-29,TATASTEEL,0.09327157493680716,0.8681564927101135,0.03857194446027279
2020-06-30,COALINDIA,0.05759233981370926,0.16267836093902588,0.7797293066978455
2020-06-30,HEROMOTOCO,0.04852714762091637,0.013790834695100784,0.9376819729804993
2020-06-30,ITC,0.09580362215638161,0.010394210927188396,0.8938021063804626
2020-06-30,NTPC,0.07948727533221245,0.012532101478427649,0.9079806506633759
2020-06-30,ONGC,0.008752448484301567,0.97446209192276,0.016785528510808945
2020-06-30,SBIN,0.502753734588623,0.3702669143676758,0.12697939574718475
2020-06-30,TATASTEEL,0.3096580522445341,0.6611254898210367,0.02921649006505807
2020-07-01,ASIANPAINT,0.09989054501056671,0.01034532580524683,0.889764130115509
2020-07-01,COALINDIA,0.048411406110972166,0.7019283622503281,0.24966018553823233
2020-07-01,DRREDDY,0.6572649478912354,0.007257532794028521,0.3354775309562683
2020-07-01,HEROMOTOCO,0.1309058666229248,0.44083350244909525,0.428260647226125
2020-07-01,HINDUNILVR,0.12293023616075516,0.00991141702979803,0.8671583533287048
2020-07-01,INDUSINDBK,0.050662487745285034,0.4529740512371063,0.49636346101760864
2020-07-01,NTPC,0.2183934897184372,0.010177699849009514,0.7714288234710693
2020-07-01,ONGC,0.07720792817417532,0.7317413671407849,0.19105070969089866
2020-07-01,TATASTEEL,0.037772588431835175,0.4788132351823151,0.4834141209721565
2020-07-02,COALINDIA,0.0484393946826458,0.4734831186942756,0.47807746939361095
2020-07-02,HEROMOTOCO,0.6467772126197815,0.17208173871040344,0.18114100396633148
2020-07-02,JSWSTEEL,0.03396947681903839,0.9045400619506836,0.06149047985672951
2020-07-02,M&M,0.051672544330358505,0.01377277635037899,0.9345546960830688
2020-07-02,ONGC,0.9238583445549011,0.025947369635105133,0.05019427463412285
2020-07-02,TATASTEEL,0.3522223513573408,0.014595014043152332,0.6331826448440552
2020-07-03,COALINDIA,0.7862524390220642,0.00897379219532013,0.20477384328842163
2020-07-03,HCLTECH,0.5302319526672363,0.44555866718292236,0.02420937828719616
2020-07-03,SBIN,0.8802966475486755,0.010790151543915272,0.10891318321228027
2020-07-03,TATASTEEL,0.03438742412254214,0.4706541206687689,0.49495842307806015
2020-07-04,COALINDIA,0.011786630377173424,0.9428239464759827,0.04538949206471443
2020-07-05,COALINDIA,0.008039519190788269,0.9712130427360535,0.020747460424900055
2020-07-05,KOTAKBANK,0.5673834681510925,0.047706153243780136,0.38491037487983704
2020-07-06,COALINDIA,0.01058305986225605,0.962830662727356,0.026586391031742096
2020-07-06,DRREDDY,0.02477741427719593,0.6448894739151001,0.3303331434726715
2020-07-06,HINDUNILVR,0.5585495233535767,0.07254160940647125,0.3689088821411133
2020-07-06,ONGC,0.06066963076591492,0.012343927286565304,0.9269864559173584
2020-07-07,BAJFINANCE,0.2664061039686203,0.25653662299737334,0.477057290263474
2020-07-07,COALINDIA,0.2094208002090454,0.18921777606010437,0.6013614535331726
2020-07-07,INDUSINDBK,0.09368957579135895,0.010260077193379402,0.8960503339767456
2020-07-08,BAJFINANCE,0.04708443582057953,0.016346702352166176,0.9365689158439636
2020-07-08,CIPLA,0.28114938735961914,0.009670980274677277,0.7091796398162842
2020-07-08,COALINDIA,0.011264667846262455,0.9072796702384949,0.08145566284656525
2020-07-08,INDUSINDBK,0.9215304851531982,0.030284268781542778,0.048185307532548904
2020-07-08,NESTLEIND,0.19677089899778366,0.012119316961616278,0.7911097407341003
2020-07-08,SBIN,0.09233077801764011,0.38612593803554773,0.5215433165431023
2020-07-08,TECHM,0.9467223882675171,0.022275172173976898,0.031002406030893326
2020-07-08,ULTRACEMCO,0.04349397122859955,0.01743902824819088,0.9390669465065002
2020-07-09,COALINDIA,0.20156420767307281,0.010021191090345383,0.7884145379066467
2020-07-09,KOTAKBANK,0.38549530506134033,0.0283287912607193,0.5861759185791016
2020-07-09,SBIN,0.24392861127853394,0.7316021919250488,0.02446920797228813
2020-07-09,TATASTEEL,0.007235090713948011,0.9748212695121765,0.017943622544407845
2020-07-10,BAJFINANCE,0.27510663866996765,0.022546451538801193,0.702346920967102
2020-07-10,EICHERMOT,0.12245228886604309,0.008456082083284855,0.8690916299819946
2020-07-10,KOTAKBANK,0.94828200340271,0.024749930948019028,0.02696804329752922
2020-07-11,BRITANNIA,0.05340185761451721,0.019264765083789825,0.927333414554596
2020-07-12,JSWSTEEL,0.17088565230369568,0.7808266878128052,0.048287685960531235
2020-07-12,KOTAKBANK,0.38744375109672546,0.04348784685134888,0.569068431854248
2020-07-12,SBIN,0.6683651208877563,0.28268343210220337,0.048951368778944016
2020-07-13,CIPLA,0.9439716935157776,0.010638970881700516,0.04538937285542488
2020-07-13,COALINDIA,0.7309038043022156,0.2473786324262619,0.02171752229332924
2020-07-13,ONGC,0.25555309653282166,0.35308465361595154,0.3913622200489044
2020-07-13,TECHM,0.027476675808429718,0.6349448561668396,0.3375784158706665
2020-07-14,CIPLA,0.8839439451694489,0.026191635988652706,0.08986439555883408
2020-07-14,DRREDDY,0.29700472950935364,0.01061950996518135,0.6923757791519165
2020-07-14,TATASTEEL,0.01698429509997368,0.9321722984313965,0.0508435033261776
2020-07-15,COALINDIA,0.01528328750282526,0.8948405981063843,0.08987607806921005
2020-07-15,NESTLEIND,0.9471371173858643,0.01854274421930313,0.03432013466954231
2020-07-15,SBIN,0.938510000705719,0.019155774265527725,0.042334284633398056
2020-07-15,TATASTEEL,0.03793349862098694,0.022013556212186813,0.9400529861450195
2020-07-16,HCLTECH,0.007957405410706997,0.9725082516670227,0.019534289836883545
2020-07-17,COALINDIA,0.08072225376963615,0.4770137402229011,0.44226404279470444
2020-07-17,HCLTECH,0.0185921648517251,0.5865399297326803,0.39486792124807835
2020-07-17,TATASTEEL,0.20571249723434448,0.05877138301730156,0.7355161309242249
2020-07-17,TECHM,0.10382129997015,0.009407545439898968,0.8867712020874023
2020-07-18,HCLTECH,0.8235523700714111,0.13720035552978516,0.03924725577235222
2020-07-18,M&M,0.04655875638127327,0.01483068522065878,0.9386104941368103
2020-07-19,HEROMOTOCO,0.046852946281433105,0.01829593814909458,0.9348511099815369
2020-07-20,ASIANPAINT,0.7559001445770264,0.017722873017191887,0.2263769507408142
2020-07-20,BRITANNIA,0.9509105384349823,0.021838520653545856,0.027250926941633224
2020-07-20,CIPLA,0.06490195915102959,0.15590590285137296,0.7791921198368073
2020-07-20,COALINDIA,0.009117435663938522,0.9738842844963074,0.01699814759194851
2020-07-20,HCLTECH,0.6109287738800049,0.017662566155195236,0.37140865474939344
2020-07-20,LT,0.011499736458063126,0.957739531993866,0.030760742723941803
2020-07-20,SBIN,0.9355983734130859,0.021498017013072968,0.04290361702442169
2020-07-20,SUNPHARMA,0.06654851883649826,0.020464664325118065,0.9129868149757385
2020-07-21,BAJAJFINSV,0.938363254070282,0.022622080519795418,0.03901461511850357
2020-07-21,BAJFINANCE,0.09961326482395332,0.7012008527914683,0.19918586810429892
2020-07-21,BRITANNIA,0.9431945085525513,0.015643052756786346,0.04116242378950119
2020-07-21,EICHERMOT,0.04818998649716377,0.8884958028793335,0.06331414729356766
2020-07-21,HCLTECH,0.08719581831246614,0.039569801883772016,0.8732343912124634
2020-07-21,HEROMOTOCO,0.17420819401741028,0.015301833239694437,0.8104899724324545
2020-07-21,HINDUNILVR,0.4945102781057358,0.025099899619817734,0.48038982413709164
2020-07-21,INDUSINDBK,0.012305617332458496,0.9300002455711365,0.05769413337111473
2020-07-21,ITC,0.016149403527379036,0.9328700304031372,0.050980549305677414
2020-07-21,KOTAKBANK,0.9491243958473206,0.017966648563742638,0.032908909022808075
2020-07-21,SUNPHARMA,0.06535450369119644,0.013711082749068737,0.9209343791007996
2020-07-22,BAJAJFINSV,0.9529097378253937,0.020875037647783756,0.02621527947485447
2020-07-22,BAJFINANCE,0.21760644825796285,0.1768192813421289,0.6055742669850588
2020-07-22,BPCL,0.4488219618797302,0.026381278410553932,0.5247967839241028
2020-07-22,HCLTECH,0.3318943033615748,0.010788695265849432,0.6573170026143392
2020-07-22,HINDUNILVR,0.28016143540541333,0.11997622572299507,0.5998623395959536
2020-07-22,ULTRACEMCO,0.14252540469169617,0.008060052990913391,0.8494145274162292
2020-07-23,BAJAJFINSV,0.08270440995693207,0.009182256646454334,0.9081133604049683
2020-07-23,BAJFINANCE,0.10007062554359436,0.009155776351690292,0.890773594379425
2020-07-23,HINDUNILVR,0.053190262988209724,0.013707404024899006,0.9331023395061493
2020-07-24,ASIANPAINT,0.013576635314772526,0.9691835045814514,0.017239866467813652
2020-07-24,BAJAJFINSV,0.08922078460454941,0.009999951347708702,0.9007793068885803
2020-07-24,CIPLA,0.14226247370243073,0.008359142579138279,0.8493784070014954
2020-07-24,HEROMOTOCO,0.6848403215408325,0.008883210830390453,0.30627647042274475
2020-07-24,INDUSINDBK,0.7316412031650543,0.013316711876541376,0.25504207611083984
2020-07-24,ITC,0.05959507264196873,0.3378663193434477,0.6025386077041427
2020-07-24,JSWSTEEL,0.011185327544808388,0.9729365110397339,0.015878185629844666
2020-07-24,LT,0.1510314643383026,0.011537685059010983,0.8374308705329895
2020-07-25,BAJFINANCE,0.35299015045166016,0.011295587755739689,0.6357142329216003
2020-07-26,ASIANPAINT,0.0904036524395148,0.015641510176161926,0.8939548333485922
2020-07-26,BAJAJFINSV,0.1864766627550125,0.009245247580111027,0.8042781352996826
2020-07-26,ITC,0.06450605392456055,0.011599362827837467,0.9238945841789246
2020-07-26,TATASTEEL,0.1379590928554535,0.011149841360747814,0.8508910536766052
2020-07-27,ASIANPAINT,0.022099228265384834,0.9405065377553304,0.037394268438220024
2020-07-27,COALINDIA,0.01206664927303791,0.9703660607337952,0.01756718009710312
2020-07-27,ITC,0.03332941199187189,0.7357904156669974,0.23088019620627165
2020-07-27,JSWSTEEL,0.10807771080483992,0.6724258338411649,0.21949646063148975
2020-07-27,KOTAKBANK,0.23160151718184352,0.7359273582696915,0.03247113898396492
2020-07-27,TECHM,0.19711748603731394,0.5014554696778456,0.30142706135908764
2020-07-28,ASIANPAINT,0.30516379078229267,0.014127740326027075,0.6807084729274114
2020-07-28,INDUSINDBK,0.5872367521127065,0.01938828236112992,0.3933750136444966
2020-07-28,ITC,0.066663499455899,0.08019638550467789,0.8531401008367538
2020-07-28,JSWSTEEL,0.07619549334049225,0.012429294642060995,0.9113751649856567
2020-07-28,KOTAKBANK,0.6641485045353571,0.023746355747183163,0.3121051676571369
2020-07-28,LT,0.07289774715900421,0.01170322485268116,0.9153990745544434
2020-07-28,NESTLEIND,0.4050589771941304,0.13079239428043365,0.46414858661592007
2020-07-28,TECHM,0.9368361681699753,0.02670595422387123,0.03645785665139556
2020-07-28,ULTRACEMCO,0.3197492752224207,0.6499607935547829,0.03028993618985017
2020-07-29,BAJAJFINSV,0.05687209591269493,0.5430135726928711,0.4001143276691437
2020-07-29,DRREDDY,0.5812454491853714,0.3798832379281521,0.03887133337557316
2020-07-29,EICHERMOT,0.051869504153728485,0.937798261642456,0.010332252830266953
2020-07-29,HEROMOTOCO,0.13499049842357635,0.016795210540294647,0.8482142090797424
2020-07-29,INDUSINDBK,0.4884522585198283,0.027745598927140236,0.4838021695613861
2020-07-29,JSWSTEEL,0.7036468386650085,0.22719502449035645,0.06915812939405441
2020-07-29,NESTLEIND,0.9508225321769714,0.02238614484667778,0.026791326701641083
2020-07-29,NTPC,0.7471996247768402,0.0109956213273108,0.24180475249886513
2020-07-29,TECHM,0.7435016632080078,0.009802374057471752,0.24669592082500458
2020-07-29,ULTRACEMCO,0.33410731505136937,0.6083293678238988,0.057563332375139
2020-07-30,DRREDDY,0.4869857206940651,0.03303838148713112,0.4799758940935135
2020-07-30,INDUSINDBK,0.06687802448868752,0.011743679642677307,0.9213782946268717
2020-07-30,KOTAKBANK,0.06002007300655047,0.014799426309764385,0.925180455048879
2020-07-30,M&M,0.10158462822437286,0.008398763835430145,0.8900166153907776
2020-07-30,NESTLEIND,0.09378129988908768,0.01470600487664342,0.8915127515792847
2020-07-30,SBIN,0.06423886003904045,0.8542617857456207,0.08149941079318523
2020-07-30,TECHM,0.08113951794803143,0.012289822567254305,0.9065706431865692
2020-07-30,ULTRACEMCO,0.21031225472688675,0.010436327196657658,0.7792513847351075
2020-07-31,SBIN,0.9475735723972321,0.03155565820634365,0.020870829932391644
2020-07-31,SUNPHARMA,0.48478158190846443,0.4836626537144184,0.03155573969706893
2020-08-01,CIPLA,0.6644550561904907,0.15616443753242493,0.17938050627708435
2020-08-01,HEROMOTOCO,0.14985527656972408,0.3689946625381708,0.4811500543728471
2020-08-01,JSWSTEEL,0.651533305644989,0.04408367723226547,0.3043830394744873
2020-08-01,M&M,0.9468072652816772,0.029683593660593033,0.023509152233600616
2020-08-03,COALINDIA,0.9537158608436584,0.01693178154528141,0.029352359473705292
2020-08-03,DRREDDY,0.09008811538418134,0.011224817174176374,0.8986870845158895
2020-08-03,HCLTECH,0.48488765954971313,0.40857332944869995,0.10653898864984512
2020-08-03,INDUSINDBK,0.060588511327902474,0.011933028077085813,0.9274784922599792
2020-08-03,NESTLEIND,0.27477412670850754,0.011163042858242989,0.7140628695487976
2020-08-03,SBIN,0.4765456900000572,0.021299870684742928,0.5021544452756643
2020-08-03,SUNPHARMA,0.024457347268859547,0.6538245218495528,0.32171815757950145
2020-08-03,TECHM,0.1084662526845932,0.009335859678685665,0.882197916507721
2020-08-03,ULTRACEMCO,0.31072695553302765,0.010183914797380567,0.6790891289710999
2020-08-04,ASIANPAINT,0.6236775517463684,0.022906150668859482,0.3534162938594818
2020-08-04,CIPLA,0.011182748712599277,0.8508880138397217,0.13792923092842102
2020-08-04,HEROMOTOCO,0.9437841176986694,0.014728769659996033,0.0414871945977211
2020-08-04,HINDALCO,0.07107170671224594,0.013078061863780022,0.9158501625061035
2020-08-04,ITC,0.6909069418907166,0.00683939503505826,0.30225369334220886
2020-08-04,SBIN,0.020809220150113106,0.804633378982544,0.17455735802650452
2020-08-05,CIPLA,0.7558650374412537,0.008673541247844696,0.23546148836612701
2020-08-05,JSWSTEEL,0.2628111879651745,0.32828427633891505,0.4089045400420825
2020-08-07,CIPLA,0.9236324429512024,0.054207731038331985,0.02215982787311077
2020-08-07,M&M,0.07481364160776138,0.48319495329633355,0.44199139485135674
2020-08-07,SBIN,0.0773023497313261,0.0386916131246835,0.8840060532093048
2020-08-08,CIPLA,0.09980318695306778,0.009869172237813473,0.8903276324272156
2020-08-08,COALINDIA,0.008690623566508293,0.958134114742279,0.0331752747297287
2020-08-08,INDUSINDBK,0.08934823423624039,0.010381972417235374,0.9002698063850403
2020-08-08,NTPC,0.8486316800117493,0.00711945490911603,0.144248828291893
2020-08-08,SBIN,0.42551982402801514,0.012819909490644932,0.5616602301597595
2020-08-08,SUNPHARMA,0.33781346678733826,0.012066473253071308,0.6501200795173645
2020-08-09,CIPLA,0.07039094716310501,0.010659411549568176,0.9189496636390686
2020-08-09,KOTAKBANK,0.05697166174650192,0.13180230697616935,0.8112260103225708
2020-08-09,M&M,0.08857476711273193,0.009808448143303394,0.9016167521476746
2020-08-09,ONGC,0.7463201880455017,0.1710745394229889,0.08260530233383179
2020-08-09,SBIN,0.26001107413321733,0.016972605604678392,0.7230163216590881
2020-08-09,ULTRACEMCO,0.011961649172008038,0.9647322297096252,0.02330607734620571
2020-08-10,CIPLA,0.5616943430155515,0.22928501451388,0.20902062393724918
2020-08-10,INDUSINDBK,0.4745683064684272,0.023442832753062248,0.501988872885704
2020-08-10,M&M,0.18413528136443347,0.507207710063085,0.3086569895967841
2020-08-10,SBIN,0.12052454054355621,0.01000300608575344,0.8694724440574646
2020-08-10,SUNPHARMA,0.1286511868238449,0.009501257911324501,0.8618475794792175
2020-08-11,CIPLA,0.34201520184675854,0.01268862389648954,0.6452961539228758
2020-08-11,EICHERMOT,0.04731612280011177,0.0136647904291749,0.9390191435813904
2020-08-11,ITC,0.627970278263092,0.023886408656835556,0.34814321994781494
2020-08-11,M&M,0.07109566312283278,0.010900295805186033,0.918004035949707
2020-08-11,POWERGRID,0.9500804245471954,0.020572297275066376,0.029347282834351063
2020-08-11,TITAN,0.06787687540054321,0.04461274296045303,0.8875104188919067
2020-08-12,HEROMOTOCO,0.8868906497955322,0.010178782045841217,0.10293062031269073
2020-08-12,ITC,0.027809923514723778,0.03345853183418512,0.9387315511703491
2020-08-12,ULTRACEMCO,0.051883626729249954,0.011854621581733227,0.936261773109436
2020-08-13,CIPLA,0.1695326864719391,0.01057460531592369,0.8198926448822021
2020-08-13,EICHERMOT,0.04854001570492983,0.4912470933049917,0.4602129105478525
2020-08-13,ITC,0.05975590646266937,0.016814766451716423,0.9234293699264526
2020-08-13,TATASTEEL,0.00935846520587802,0.9709220826625824,0.019719391129910946
2020-08-13,TITAN,0.6642326712608337,0.01321752555668354,0.3225497603416443
2020-08-14,BPCL,0.007902095094323158,0.9750386774539948,0.017059234902262688
2020-08-14,EICHERMOT,0.016462665982544422,0.6615848305324713,0.32195246405899525
2020-08-14,GRASIM,0.007718440378084779,0.9747304916381836,0.0175510598346591
2020-08-14,HEROMOTOCO,0.009106916841119528,0.9716707468032837,0.019222347686688106
2020-08-14,HINDALCO,0.2504173362394795,0.49876134283840656,0.2508213073015213
2020-08-14,NTPC,0.32329645737384755,0.6563314907252789,0.02037207658092181
2020-08-14,SBIN,0.012564270757138729,0.880214512348175,0.10722116380929947
2020-08-14,TATASTEEL,0.7275303602218628,0.18419031612575054,0.08827929943799973
2020-08-16,BPCL,0.08630125969648361,0.017782015725970268,0.8959167003631592
2020-08-16,EICHERMOT,0.05408475734293461,0.013419435359537601,0.9324958324432373
2020-08-16,GRASIM,0.06148688122630119,0.0171503908932209,0.9213627576828003
2020-08-16,HEROMOTOCO,0.07862762548029423,0.012063773581758142,0.909308597445488
2020-08-16,ONGC,0.00990617647767067,0.9661652445793152,0.023928536102175713
2020-08-16,SBIN,0.14838500320911407,0.03327522426843643,0.8183397650718689
2020-08-16,TATASTEEL,0.009985161013901234,0.9311890602111816,0.05882583558559418
2020-08-17,EICHERMOT,0.11704610660672188,0.012832869309931993,0.870121031999588
2020-08-17,HEROMOTOCO,0.28653425474961597,0.009218068793416023,0.7042477130889893
2020-08-17,HINDALCO,0.2282220870256424,0.01310896035283804,0.7586688995361328
2020-08-17,TATASTEEL,0.17201097961515188,0.7021760276984423,0.1258130269125104
2020-08-18,BPCL,0.20970675349235535,0.009662749245762825,0.7806305289268494
2020-08-18,EICHERMOT,0.039826635271310806,0.013882539235055447,0.9462908506393433
2020-08-18,HEROMOTOCO,0.12381255626678467,0.009224086068570614,0.8669633269309998
2020-08-18,HINDALCO,0.8600299954414368,0.11334909498691559,0.026620861142873764
2020-08-18,KOTAKBANK,0.15718846023082733,0.014998942613601685,0.8278125524520874
2020-08-18,NTPC,0.9171344637870789,0.03572268411517143,0.047142885625362396
2020-08-18,TATASTEEL,0.07592456508427858,0.023859671084210277,0.9002157598733902
2020-08-18,TECHM,0.12776286900043488,0.008677640929818153,0.8635594844818115
2020-08-19,DRREDDY,0.5043337345123291,0.01024523377418518,0.4854210317134857
2020-08-19,HEROMOTOCO,0.10520567744970322,0.010955301113426685,0.8838390111923218
2020-08-19,HINDUNILVR,0.029302041977643967,0.3170464336872101,0.6536515355110168
2020-08-19,NTPC,0.0653151348233223,0.012963249348104,0.9217216372489929
2020-08-19,SBIN,0.32609060406684875,0.010530751198530197,0.6633786559104919
2020-08-19,TATASTEEL,0.08086167275905609,0.015135658904910088,0.9040026664733887
2020-08-20,EICHERMOT,0.08595578372478485,0.014541493728756905,0.8995027542114258
2020-08-20,HEROMOTOCO,0.12402842193841934,0.008678645826876163,0.8672929406166077
2020-08-20,KOTAKBANK,0.009228692390024662,0.8978053331375122,0.09296596050262451
2020-08-20,NTPC,0.2685147821903229,0.029403575463220477,0.7020816784352064
2020-08-20,TATASTEEL,0.3162175416946411,0.019813530147075653,0.6639689803123474
2020-08-20,TITAN,0.06765198707580566,0.1460515856742859,0.7862964272499084
2020-08-21,SBIN,0.4742723423987627,0.034002065658569336,0.49172558821737766
2020-08-21,TATASTEEL,0.04051388427615166,0.014867136254906654,0.9446189999580383
2020-08-22,SBIN,0.0531817190349102,0.7321333289146423,0.21468502283096313
2020-08-23,SBIN,0.18863863497972488,0.01264823554083705,0.7987131476402283
2020-08-24,EICHERMOT,0.21847665309906006,0.680077850818634,0.1014455258846283
2020-08-24,ONGC,0.0759384036064148,0.015097038820385933,0.9089645147323608
2020-08-25,BPCL,0.47229263186454773,0.012521977536380291,0.5151853561401367
2020-08-25,BRITANNIA,0.18778221309185028,0.22621676325798035,0.5860010385513306
2020-08-25,DRREDDY,0.3669281601905823,0.00700694415718317,0.6260648965835571
2020-08-25,EICHERMOT,0.050201237201690674,0.011155043728649616,0.9386436939239502
2020-08-25,ITC,0.030927982181310654,0.11337187141180038,0.8557001352310181
2020-08-26,CIPLA,0.182448148727417,0.012216729111969471,0.8053351044654846
2020-08-27,INDUSINDBK,0.9338005781173706,0.02266996167600155,0.043529409915208817
2020-08-27,SBIN,0.05125107243657112,0.052120321430265903,0.8966285884380341
2020-08-28,DRREDDY,0.01719554327428341,0.9426649808883667,0.04013950005173683
2020-08-28,SBIN,0.3755842596292496,0.05228709429502487,0.5721285939216614
2020-08-29,ITC,0.025694455951452255,0.02624158188700676,0.9480639100074768
2020-08-30,BRITANNIA,0.15372057259082794,0.013824616558849812,0.8324548006057739
2020-08-30,ITC,0.7728872895240784,0.006997613236308098,0.22011516988277435
2020-08-30,SBIN,0.22685526311397552,0.1131773591041565,0.6599674224853516
2020-08-31,BAJFINANCE,0.158018097281456,0.7575180530548096,0.08446384966373444
2020-08-31,BRITANNIA,0.9367927312850952,0.01336127333343029,0.049845971167087555
2020-08-31,HCLTECH,0.009501112625002861,0.9512397050857544,0.039259131997823715
2020-08-31,LT,0.09800060093402863,0.009555871598422527,0.8924435377120972
2020-08-31,NTPC,0.7440621256828308,0.009007884189486504,0.24692992866039276
2020-09-01,COALINDIA,0.1381719559431076,0.009653077460825443,0.8521749377250671
2020-09-01,EICHERMOT,0.007350279483944178,0.9736577868461609,0.018991874530911446
2020-09-01,HCLTECH,0.06397922337055206,0.17555661499500275,0.7604641914367676
2020-09-01,NTPC,0.9249763488769531,0.023487713187932968,0.051535915583372116
2020-09-02,COALINDIA,0.007270887494087219,0.9723683595657349,0.020360760390758514
2020-09-02,HEROMOTOCO,0.015150865539908409,0.9626867771148682,0.02216234989464283
2020-09-02,HINDUNILVR,0.08881872892379761,0.019323306158185005,0.891857922077179
2020-09-02,LT,0.05513602867722511,0.01369444653391838,0.9311695098876953
2020-09-02,ONGC,0.9153780937194824,0.04674720764160156,0.03787463158369064
2020-09-03,COALINDIA,0.11757942195981741,0.4899764833971858,0.39244408067315817
2020-09-03,DRREDDY,0.45340123772621155,0.014232069253921509,0.5323667526245117
2020-09-03,HEROMOTOCO,0.22997809201478958,0.015478440094739199,0.7545434832572937
2020-09-03,INDUSINDBK,0.056150417774915695,0.010748716071248055,0.9331009387969971
2020-09-03,ONGC,0.23115622717887163,0.048492636531591415,0.7203511595726013
2020-09-04,ITC,0.6180707365274429,0.009955650195479393,0.37197356671094894
2020-09-05,BPCL,0.03965679183602333,0.017177551984786987,0.94316565990448
2020-09-06,BRITANNIA,0.04022084176540375,0.0719146877527237,0.8878644108772278
2020-09-07,ASIANPAINT,0.11969874054193497,0.009301742538809776,0.8709995746612549
2020-09-07,BPCL,0.018581470474600792,0.83196622133255,0.14945226907730103
2020-09-07,COALINDIA,0.09097494681676228,0.010401682928204536,0.8986233870188395
2020-09-07,HCLTECH,0.10959623754024506,0.00844700075685978,0.8819567561149597
2020-09-07,ITC,0.5106537342071533,0.04985323175787926,0.43949297070503235
2020-09-07,SBIN,0.08668821305036545,0.4442685544490814,0.46904322504997253
2020-09-08,ASIANPAINT,0.7892183065414429,0.021476201713085175,0.1893054749816656
2020-09-08,HCLTECH,0.6978980898857117,0.011248040944337845,0.2908538579940796
2020-09-08,TATASTEEL,0.38599929213523865,0.025302700698375702,0.5886980295181274
2020-09-09,BPCL,0.02729881927371025,0.24509982764720917,0.7276014089584351
2020-09-09,ITC,0.04894761182367802,0.31175215542316437,0.6393001675605774
2020-09-09,JSWSTEEL,0.949365496635437,0.017155297100543976,0.03347926214337349
2020-09-09,NESTLEIND,0.23466342687606812,0.008104860782623291,0.7572316527366638
2020-09-09,SBIN,0.4595041498541832,0.014371934812515974,0.5261239185929298
2020-09-10,HEROMOTOCO,0.43489518761634827,0.011471145786345005,0.5536336898803711
2020-09-10,SBIN,0.9415844678878784,0.020667942240834236,0.037747643887996674
2020-09-10,ULTRACEMCO,0.07211087644100189,0.012146705761551857,0.9157423973083496
2020-09-11,HEROMOTOCO,0.6120810806751251,0.022106414195150137,0.36581255961209536
2020-09-14,HCLTECH,0.9407921433448792,0.0246108528226614,0.03459692373871803
2020-09-14,SBIN,0.31625601276755333,0.3355145398527384,0.34822946911056835
2020-09-14,TATASTEEL,0.8632699251174927,0.04065263271331787,0.09607736766338348
2020-09-15,HCLTECH,0.351285457611084,0.021759813651442528,0.6269547343254089
2020-09-15,SBIN,0.04165128991007805,0.012588027864694595,0.9457607269287109
2020-09-16,INDUSINDBK,0.010793451219797134,0.9503796696662903,0.03882695361971855
2020-09-16,SBIN,0.06591055542230606,0.014061539433896542,0.9200278520584106
2020-09-17,HCLTECH,0.9415989518165588,0.018923401832580566,0.039477575570344925
2020-09-17,HINDUNILVR,0.06660056114196777,0.016794845461845398,0.9166046380996704
2020-09-18,BRITANNIA,0.2126447707414627,0.01399377454072237,0.7733614444732666
2020-09-18,CIPLA,0.5674570575356483,0.04213092848658562,0.39041202887892723
2020-09-18,DRREDDY,0.5075880698859692,0.01682222168892622,0.4755897019058466
2020-09-18,HCLTECH,0.17900367081165314,0.02695525996387005,0.794041097164154
2020-09-18,HEROMOTOCO,0.07178406417369843,0.013065305538475513,0.9151505827903748
2020-09-18,ITC,0.06105450168251991,0.2547338604927063,0.6842116117477417
2020-09-18,TECHM,0.03942173346877098,0.08781834691762924,0.8727599382400513
2020-09-18,ULTRACEMCO,0.1258784532546997,0.008370375260710716,0.8657512068748474
2020-09-19,DRREDDY,0.9538594484329224,0.02397187054157257,0.022168686613440514
2020-09-19,HCLTECH,0.9493573307991028,0.022840306162834167,0.02780238352715969
2020-09-19,INDUSINDBK,0.9088975191116333,0.017589664086699486,0.07351280003786087
2020-09-20,SBIN,0.3434716463088989,0.008795280940830708,0.6477330923080444
2020-09-20,TECHM,0.059763550758361816,0.025953734293580055,0.9142827391624451
2020-09-21,DRREDDY,0.11715173721313477,0.009299283847212791,0.8735489845275879
2020-09-21,HCLTECH,0.4984804093837738,0.014354409649968147,0.487165167927742
2020-09-21,HEROMOTOCO,0.04765940085053444,0.016288895159959793,0.9360517263412476
2020-09-21,HINDALCO,0.04485076665878296,0.021220585331320763,0.9339286684989929
2020-09-21,SBIN,0.08312585763633251,0.076958361081779,0.8399157524108887
2020-09-22,COALINDIA,0.03563294559717178,0.9227701425552368,0.04159693047404289
2020-09-22,HCLTECH,0.303478608528773,0.1636833391773204,0.5328380117813746
2020-09-22,TECHM,0.2206372171640396,0.009601387195289135,0.7697613835334778
2020-09-23,COALINDIA,0.9221631288528442,0.012978899292647839,0.06485790759325027
2020-09-23,SUNPHARMA,0.9041277170181274,0.04232996702194214,0.053542278707027435
2020-09-23,TATASTEEL,0.2113059014081955,0.015434630215168,0.7732594609260559
2020-09-24,ONGC,0.02358563430607319,0.33427202701568604,0.6421424150466919
2020-09-24,TECHM,0.126661479473114,0.008820629678666592,0.864517867565155
2020-09-25,BAJFINANCE,0.05397946387529373,0.019107095897197723,0.9269133806228638
2020-09-25,BPCL,0.01173009816557169,0.9617648124694824,0.026505103334784508
2020-09-25,CIPLA,0.395294817785422,0.020062218730648358,0.5846429665883383
2020-09-25,HEROMOTOCO,0.6060090661048889,0.07804343104362488,0.3159475028514862
2020-09-25,ONGC,0.0844389945268631,0.010488288477063179,0.9050727486610413
2020-09-26,LT,0.5680187940597534,0.01933651603758335,0.41264471411705017
2020-09-26,SBIN,0.021792927756905556,0.3694346845149994,0.608772337436676
2020-09-27,NTPC,0.18822452425956726,0.010323412716388702,0.8014520406723022
2020-09-28,BPCL,0.8201062679290771,0.009889818727970123,0.17000384628772736
2020-09-28,EICHERMOT,0.02866915613412857,0.031991370022296906,0.9393395185470581
2020-09-28,NESTLEIND,0.041384920477867126,0.015799744054675102,0.942815363407135
2020-09-28,NTPC,0.9411835670471191,0.021433375775814056,0.03738303482532501
2020-09-28,SBIN,0.04326765611767769,0.020607294514775276,0.9361250400543213
2020-09-28,TATASTEEL,0.9397794008255005,0.015248771756887436,0.044971760362386703
2020-09-29,BPCL,0.08973617106676102,0.017191139981150627,0.8930727243423462
2020-09-29,ITC,0.862518310546875,0.04645552113652229,0.09102622419595718
2020-09-29,M&M,0.24318067729473114,0.008818995207548141,0.7480003237724304
2020-09-30,BPCL,0.058033671230077744,0.023435918614268303,0.9185304343700409
2020-09-30,HCLTECH,0.039468370378017426,0.016242168843746185,0.94428950548172
2020-09-30,INDUSINDBK,0.05642971768975258,0.010570965707302094,0.932999312877655
2020-09-30,NTPC,0.050834253430366516,0.035054948180913925,0.9141107797622681
2020-09-30,ONGC,0.4740813076496124,0.25924068689346313,0.26667800545692444
2020-09-30,SBIN,0.7185268998146057,0.008348696865141392,0.27312442660331726
2020-10-01,COALINDIA,0.951905369758606,0.019139185547828674,0.02895541861653328
2020-10-01,HEROMOTOCO,0.9525989294052124,0.01624327339231968,0.031157730147242546
2020-10-01,INDUSINDBK,0.9243361949920654,0.027608457952737808,0.04805533215403557
2020-10-01,SBIN,0.06282741576433182,0.012433328665792942,0.9247393012046814
2020-10-04,TATASTEEL,0.023740233853459358,0.039087455719709396,0.9371723532676697
2020-10-05,COALINDIA,0.05043911188840866,0.015058179385960102,0.9345026612281799
2020-10-05,HEROMOTOCO,0.8468996286392212,0.02208505943417549,0.1310153305530548
2020-10-05,SBIN,0.07188810408115387,0.01608894392848015,0.9120228886604309
2020-10-05,TITAN,0.870295524597168,0.02814953774213791,0.10155488550662994
2020-10-06,DRREDDY,0.0932368990033865,0.013782068621367216,0.8929810523986816
2020-10-06,INDUSINDBK,0.5091387331485748,0.06268035806715488,0.42818090692162514
2020-10-06,SBIN,0.043735455721616745,0.022600858472287655,0.9336636960506439
2020-10-06,TECHM,0.0513201467692852,0.015277635306119919,0.9334022402763367
2020-10-07,ITC,0.6630314588546753,0.028029873967170715,0.3089386820793152
2020-10-07,ONGC,0.044723767787218094,0.14126195013523102,0.8140143156051636
2020-10-07,SBIN,0.4285193085670471,0.28958994150161743,0.28189074993133545
2020-10-08,BAJFINANCE,0.062354374676942825,0.02375790663063526,0.9138876795768738
2020-10-08,TITAN,0.01818775199353695,0.04697379097342491,0.9348384141921997
2020-10-09,HEROMOTOCO,0.496474027633667,0.011998034082353115,0.4915279746055603
2020-10-09,JSWSTEEL,0.06216965615749359,0.043845415115356445,0.8939849138259888
2020-10-09,TATASTEEL,0.7817411124706268,0.05785577371716499,0.160403149202466
2020-10-10,HEROMOTOCO,0.02031910978257656,0.9136871099472046,0.0659937858581543
2020-10-10,NESTLEIND,0.9459688067436218,0.025016076862812042,0.0290151908993721
2020-10-12,HEROMOTOCO,0.12920311093330383,0.013597795739769936,0.8571991324424744
2020-10-12,ITC,0.9526460766792297,0.020839178934693336,0.02651473693549633
2020-10-12,SBIN,0.04439796507358551,0.6979916095733643,0.25761038064956665
2020-10-13,BAJAJFINSV,0.05152644217014313,0.011146358214318752,0.9373272061347961
2020-10-13,BPCL,0.16053251922130585,0.06079617142677307,0.7786713242530823
2020-10-13,ITC,0.057500485330820084,0.9265123009681702,0.015987206250429153
2020-10-13,SBIN,0.037505149841308594,0.9360811710357666,0.02641364559531212
2020-10-13,TITAN,0.013027461245656013,0.8796854019165039,0.10728710144758224
2020-10-14,CIPLA,0.09085385501384735,0.023238269612193108,0.8859078288078308
2020-10-14,ITC,0.09697239520028234,0.48053533444181085,0.4224922936409712
2020-10-14,ULTRACEMCO,0.9458476901054382,0.01498523447662592,0.03916706517338753
2020-10-15,ASIANPAINT,0.037091486155986786,0.9444358944892883,0.018472561612725258
2020-10-15,HCLTECH,0.942279577255249,0.028767215088009834,0.028953270986676216
2020-10-15,ITC,0.04290040582418442,0.05480197072029114,0.9022976756095886
2020-10-15,TATASTEEL,0.7940107583999634,0.0647997111082077,0.14118950068950653
2020-10-16,COALINDIA,0.8362725973129272,0.020547054708003998,0.14318038523197174
2020-10-16,HCLTECH,0.4751067622564733,0.500378917902708,0.024514365009963512
2020-10-16,KOTAKBANK,0.8198220729827881,0.012671522796154022,0.1675063818693161
2020-10-16,TECHM,0.9480149745941162,0.022936061024665833,0.029048975557088852
2020-10-17,DRREDDY,0.3989746868610382,0.012556420639157295,0.5884689092636108
2020-10-17,HEROMOTOCO,0.036489617079496384,0.09447982162237167,0.8690305948257446
2020-10-17,INDUSINDBK,0.013367329724133015,0.9518420696258545,0.03479059785604477
2020-10-17,SBIN,0.18201294541358948,0.08733326941728592,0.7306537628173828
2020-10-19,HCLTECH,0.20084617137908936,0.013824652135372161,0.7853291988372803
2020-10-19,ITC,0.05551379546523094,0.013416728936135769,0.9310694336891174
2020-10-19,KOTAKBANK,0.690334677696228,0.0672638863325119,0.24240142107009888
2020-10-20,BRITANNIA,0.9509206414222717,0.021711235865950584,0.027368128299713135
2020-10-20,HCLTECH,0.1374293565750122,0.008536857552826405,0.8540337979793549
2020-10-20,HEROMOTOCO,0.6522413492202759,0.008172497153282166,0.33958613872528076
2020-10-20,HINDUNILVR,0.651938351492087,0.24929558796187243,0.09876604688664277
2020-10-21,BAJFINANCE,0.012028993728260199,0.9719962676366171,0.015974767816563446
2020-10-21,BRITANNIA,0.15149706602096558,0.013639004901051521,0.8348639011383057
2020-10-21,EICHERMOT,0.0302293598651886,0.5109434127807617,0.4588272273540497
2020-10-21,HINDUNILVR,0.28386758350663716,0.116464218745629,0.5996681754994724
2020-10-21,LT,0.03207288682460785,0.01808774657547474,0.9498393535614014
2020-10-21,NTPC,0.05139927193522453,0.020731652155518532,0.9278690218925476
2020-10-21,ULTRACEMCO,0.9357972145080566,0.03291040984913707,0.031292421743273735
2020-10-22,ASIANPAINT,0.9488485157489777,0.023922736756503582,0.027228783816099167
2020-10-22,BAJAJ-AUTO,0.0409432016313076,0.9488196969032288,0.010237123817205429
2020-10-22,BAJFINANCE,0.16388973267748952,0.12863375048618764,0.7074765050783753
2020-10-22,COALINDIA,0.8952256441116333,0.011452958919107914,0.09332133829593658
2020-10-22,DRREDDY,0.008473028428852558,0.9544628858566284,0.03706410154700279
2020-10-22,HCLTECH,0.24860018491744995,0.008555290289223194,0.7428445219993591
2020-10-22,ONGC,0.6184850335121155,0.017611220479011536,0.363903671503067
2020-10-22,TATASTEEL,0.04114779829978943,0.016617145389318466,0.9422351121902466
2020-10-22,ULTRACEMCO,0.41862222658736364,0.015784260550779954,0.5655935135270868
2020-10-23,ASIANPAINT,0.40577157121151686,0.01831578486599028,0.5759126404300332
2020-10-23,BAJAJ-AUTO,0.2071113275984923,0.019465390127152205,0.7734232901905974
2020-10-23,JSWSTEEL,0.011992234736680984,0.9693906903266907,0.018616952002048492
2020-10-23,NESTLEIND,0.5047466680407524,0.15863955145080885,0.33661377988755703
2020-10-23,NTPC,0.12792430818080902,0.011995586566627026,0.8600801229476929
2020-10-23,TECHM,0.5975095729033152,0.1621192960689465,0.24037113413214684
2020-10-25,ASIANPAINT,0.10367518663406372,0.010497956536710262,0.885826826095581
2020-10-25,BAJAJ-AUTO,0.11937235295772552,0.01040966808795929,0.8702179789543152
2020-10-25,DRREDDY,0.3869122862815857,0.009053588844835758,0.6040341258049011
2020-10-25,KOTAKBANK,0.036263737827539444,0.018129494041204453,0.9456067681312561
2020-10-26,ASIANPAINT,0.9492578506469727,0.02391364425420761,0.026828518137335777
2020-10-26,BAJAJ-AUTO,0.26109439646825194,0.4963372489437461,0.2425683867186308
2020-10-26,BAJAJFINSV,0.1864766627550125,0.009245247580111027,0.8042781352996826
2020-10-26,HEROMOTOCO,0.04975100979208946,0.0221528522670269,0.9280961155891418
2020-10-26,HINDUNILVR,0.07878877222537994,0.01080621313303709,0.9104049801826477
2020-10-26,INDUSINDBK,0.10060062631964684,0.29908796306699514,0.6003114283084869
2020-10-26,ITC,0.6489287614822388,0.016637887805700302,0.33443331718444824
2020-10-26,JSWSTEEL,0.2512922422029078,0.7264412939548492,0.022266394458711147
2020-10-26,KOTAKBANK,0.46906845550984144,0.5108530707657337,0.020078507252037525
2020-10-26,NESTLEIND,0.10791188850998878,0.0253992797806859,0.8666888177394867
2020-10-26,NTPC,0.032918624579906464,0.03996628150343895,0.9271151423454285
2020-10-26,SBIN,0.8370779752731323,0.009761535562574863,0.15316049754619598
2020-10-26,TECHM,0.10827677696943283,0.010285092983394861,0.881438136100769
2020-10-26,ULTRACEMCO,0.3952109217643738,0.010707223787903786,0.5940818786621094
2020-10-27,ASIANPAINT,0.37931014597415924,0.01573010254651308,0.6049597927679619
2020-10-27,BAJAJ-AUTO,0.06658335371563832,0.3327937973663211,0.6006228687862555
2020-10-27,BAJAJFINSV,0.35002269751081866,0.3356901283065478,0.3142872129877408
2020-10-27,HEROMOTOCO,0.2554507553577423,0.007701380643993616,0.7368478178977966
2020-10-27,JSWSTEEL,0.3251959686167538,0.058431630255654454,0.616372431628406
2020-10-27,KOTAKBANK,0.49084174167364836,0.027533586602658033,0.48162467405200005
2020-10-27,NESTLEIND,0.24682233482599258,0.015047292970120908,0.7381303660571575
2020-10-27,NTPC,0.937905490398407,0.025319313630461693,0.03677528351545334
2020-10-27,TECHM,0.3770586922764778,0.01474560471251607,0.6081957127898932
2020-10-28,BAJAJ-AUTO,0.15174248814582825,0.010127894580364227,0.8381296396255493
2020-10-28,BAJFINANCE,0.09704075753688812,0.008881375193595886,0.8940778970718384
2020-10-28,CIPLA,0.3344905376434326,0.008299475535750389,0.6572100520133972
2020-10-28,DRREDDY,0.18750138208270073,0.4597016950137913,0.3527968991547823
2020-10-28,HEROMOTOCO,0.5917725652456284,0.020012255199253558,0.388215171918273
2020-10-28,HINDUNILVR,0.03573578968644142,0.026245852932333946,0.9380183219909668
2020-10-28,KOTAKBANK,0.07662597919503848,0.012066869375606378,0.911307175954183
2020-10-28,LT,0.9144425988197327,0.02103593945503235,0.06452148407697678
2020-10-28,SBIN,0.6636503338813782,0.011151001788675785,0.32519862800836563
2020-10-29,ASIANPAINT,0.25406187772750854,0.013107728213071823,0.7328303456306458
2020-10-29,BPCL,0.9373784065246582,0.03253170847892761,0.030089853331446648
2020-10-29,DRREDDY,0.6351049286313355,0.3429257571697235,0.021969280516107876
2020-10-29,HEROMOTOCO,0.6110830903053284,0.011031053029000759,0.3778858780860901
2020-10-29,KOTAKBANK,0.14875346049666405,0.012119227088987827,0.8391273021697998
2020-10-29,NESTLEIND,0.13432419300079346,0.01164324302226305,0.8540325164794922
2020-10-29,ONGC,0.040906872600317,0.021316180005669594,0.9377769231796265
2020-10-29,TECHM,0.7796361446380615,0.009673955850303173,0.2106899619102478
2020-10-29,TITAN,0.032109200954437256,0.03183694928884506,0.9360538721084595
2020-10-30,HEROMOTOCO,0.11289079487323761,0.012944438494741917,0.8741647005081177
2020-10-30,INDUSINDBK,0.4743873695842922,0.4985356153920293,0.027077011298388243
2020-11-01,HEROMOTOCO,0.734093427658081,0.013284191489219666,0.2526223361492157
2020-11-02,BAJAJ-AUTO,0.010582919232547283,0.9717130064964294,0.017704132944345474
2020-11-02,BPCL,0.007970357779413462,0.9750697612762451,0.0169599037617445
2020-11-02,EICHERMOT,0.949079155921936,0.02363520860671997,0.027285659685730934
2020-11-02,HEROMOTOCO,0.6710160498817762,0.01692009251564741,0.31206380762159824
2020-11-02,INDUSINDBK,0.48114214465022087,0.026120188180357218,0.49273771792650223
2020-11-02,NTPC,0.9273701310157776,0.02572857029736042,0.04690137133002281
2020-11-02,SBIN,0.0388505682349205,0.03844671044498682,0.9227027595043182
2020-11-03,DRREDDY,0.0821872390806675,0.010777975898236036,0.9070347845554352
2020-11-03,HEROMOTOCO,0.35315175106128055,0.012886940191189447,0.6339612926046053
2020-11-03,HINDUNILVR,0.10363151133060455,0.01007669884711504,0.8862917423248291
2020-11-03,INDUSINDBK,0.4635081384330988,0.01591870398260653,0.5205731503665447
2020-11-03,LT,0.06692555174231529,0.01198040647432208,0.9210940301418304
2020-11-03,NTPC,0.6443763890614113,0.02729870192706585,0.32832494502266246
2020-11-03,SUNPHARMA,0.7121016383171082,0.021225968065361183,0.26667237902681035
2020-11-03,TITAN,0.05572550743818283,0.012142318300902843,0.9321321845054626
2020-11-04,DRREDDY,0.11175929009914398,0.0101332594640553,0.8781074583530426
2020-11-04,HEROMOTOCO,0.1098000630736351,0.01031279331073165,0.8798871636390686
2020-11-04,KOTAKBANK,0.11785661429166794,0.01095324382185936,0.8711901307106018
2020-11-04,LT,0.09100979566574097,0.010101399073998133,0.8988888263702393
2020-11-04,NTPC,0.39938461780548096,0.21030588448047638,0.39030951261520386
2020-11-04,SBIN,0.3413304773469766,0.030774724980195362,0.6278948038816452
2020-11-04,SUNPHARMA,0.9527097344398499,0.021203836426138878,0.026086438447237015
2020-11-04,TECHM,0.1217946782708168,0.00910949520766735,0.8690958023071289
2020-11-04,TITAN,0.7766711711883545,0.012660188600420952,0.210668683052063
2020-11-05,HEROMOTOCO,0.12097670882940292,0.01014595665037632,0.8688774108886719
2020-11-05,NTPC,0.05333190783858299,0.012771759182214737,0.9338963031768799
2020-11-05,SBIN,0.3628878475477298,0.25185352191329,0.3852586305389802
2020-11-05,SUNPHARMA,0.07500606775283813,0.011277491226792336,0.9137164950370789
2020-11-06,BPCL,0.05712529271841049,0.013029425404965878,0.9298453330993652
2020-11-06,CIPLA,0.9456340670585632,0.031114134937524796,0.023251747712492943
2020-11-06,ITC,0.270414499565959,0.706927940249443,0.022657569497823715
2020-11-06,M&M,0.9515115022659302,0.017869891598820686,0.03061858005821705
2020-11-06,SBIN,0.95081627368927,0.02297140471637249,0.026212310418486595
2020-11-06,SUNPHARMA,0.06435576826334,0.01183770876377821,0.9238064885139465
2020-11-07,HEROMOTOCO,0.49608026444911957,0.027189833112061024,0.47672994434833527
2020-11-07,INDUSINDBK,0.0800747498869896,0.00985618308186531,0.9100690484046936
2020-11-07,NTPC,0.0646585039794445,0.011674521956592798,0.9236669540405273
2020-11-07,SBIN,0.12467744573950768,0.010017544496804476,0.8653050363063812
2020-11-07,SUNPHARMA,0.10791988670825958,0.010550198145210743,0.8815299272537231
2020-11-08,CIPLA,0.2168540358543396,0.04132782481610775,0.7418181598186493
2020-11-08,ITC,0.01078228373080492,0.9686146974563599,0.020603053271770477
2020-11-08,SBIN,0.892649233341217,0.007385804783552885,0.09996488690376282
2020-11-09,BAJAJ-AUTO,0.07513697445392609,0.010107140988111496,0.9147558808326721
2020-11-09,CIPLA,0.5065157879143953,0.022903886856511235,0.47058031521737576
2020-11-09,HCLTECH,0.03269345313310623,0.027345672249794006,0.9399609565734863
2020-11-09,HEROMOTOCO,0.10280110687017441,0.009505672380328178,0.8876932263374329
2020-11-09,INDUSINDBK,0.06822989135980606,0.012723498046398163,0.9190465807914734
2020-11-09,ITC,0.13955161022022367,0.1637331391684711,0.6967152580618858
2020-11-09,SBIN,0.2985010892152786,0.01331469789147377,0.6881842017173767
2020-11-10,ICICIBANK,0.06294150650501251,0.018322115764021873,0.9187363982200623
2020-11-10,M&M,0.9526783525943756,0.022794856689870358,0.024526781402528286
2020-11-10,SBIN,0.08534994721412659,0.012804696336388588,0.9018453359603882
2020-11-10,TATASTEEL,0.7048999071121216,0.010977532714605331,0.2841225862503052
2020-11-11,ASIANPAINT,0.8972066044807434,0.0385541096329689,0.06423929333686829
2020-11-11,CIPLA,0.062187310308218,0.010925313457846642,0.9268873929977417
2020-11-11,HINDALCO,0.9528962075710297,0.017325005494058132,0.02977877762168646
2020-11-11,ICICIBANK,0.9245960712432861,0.033261388540267944,0.04214249923825264
2020-11-11,ITC,0.05929267406463623,0.010952494107186794,0.9297548532485962
2020-11-11,JSWSTEEL,0.9503582715988159,0.019173849374055862,0.030467983335256577
2020-11-11,M&M,0.05013480270281434,0.4922861699014902,0.45757901202887297
2020-11-11,NTPC,0.12957124412059784,0.00980435498058796,0.8606244325637817
2020-11-11,SBIN,0.08828292042016983,0.011524919420480728,0.900192141532898
2020-11-11,TITAN,0.8252317905426025,0.007832194678485394,0.16693603992462158
2020-11-12,CIPLA,0.04061516746878624,0.01662152074277401,0.9427633285522461
2020-11-12,COALINDIA,0.010966017842292786,0.9628309607505798,0.026202982291579247
2020-11-12,EICHERMOT,0.007757778279483318,0.9760929346084595,0.016149334609508514
2020-11-12,GRASIM,0.06124350428581238,0.013828991912305355,0.9249275326728821
2020-11-12,HINDALCO,0.0075386096723377705,0.9729354977607727,0.01952587068080902
2020-11-12,ITC,0.26869839429855347,0.032285528257489204,0.6990160644054413
2020-11-12,M&M,0.2732673576101661,0.01501957862637937,0.7117130570113659
2020-11-12,NESTLEIND,0.055249832570552826,0.014825897291302681,0.9299243092536926
2020-11-12,SBIN,0.08957681059837341,0.011353175155818462,0.8990699648857117
2020-11-13,EICHERMOT,0.6446493739883105,0.03289806780715784,0.32245252653956413
2020-11-13,HINDALCO,0.08259953558444977,0.013725532218813896,0.9036749005317688
2020-11-13,ITC,0.39015570282936096,0.00979225616902113,0.6000520586967468
2020-11-13,M&M,0.055147990584373474,0.013325080275535583,0.9315269589424133
2020-11-13,TATASTEEL,0.37122716195881367,0.47727410309016705,0.15149872098118067
2020-11-14,TATASTEEL,0.9088496565818787,0.030808260664343834,0.06034204363822937
2020-11-15,COALINDIA,0.09563133865594864,0.010900799185037613,0.893467903137207
2020-11-15,EICHERMOT,0.08899345993995667,0.011411515530198812,0.8995949923992157
2020-11-15,SBIN,0.037160057574510574,0.01679188944399357,0.9460480213165283
2020-11-16,BPCL,0.02819988690316677,0.07555915415287018,0.8962410092353821
2020-11-17,EICHERMOT,0.05376763641834259,0.010824107564985752,0.9354082345962524
2020-11-17,ONGC,0.4034416079521179,0.0455687940120697,0.5509896278381348
2020-11-17,TATASTEEL,0.6407422771056493,0.026258403435349464,0.3329993362228076
2020-11-18,BAJAJFINSV,0.11002355068922043,0.01843148097395897,0.8715449571609497
2020-11-18,BPCL,0.4001386761665344,0.1100224107503891,0.4898388683795929
2020-11-18,COALINDIA,0.42090441286563873,0.11123848799616098,0.46785709634423256
2020-11-18,EICHERMOT,0.06820500642061234,0.01296718418598175,0.9188277721405029
2020-11-19,COALINDIA,0.20726169645786285,0.009396634995937347,0.783341646194458
2020-11-19,EICHERMOT,0.49277186393737793,0.019626567140221596,0.4876016080379486
2020-11-19,GRASIM,0.06355583667755127,0.017622655257582664,0.9188215136528015
2020-11-19,HEROMOTOCO,0.9376426935195923,0.030329132452607155,0.032028209418058395
2020-11-19,LT,0.8090580105781555,0.025768207386136055,0.16517382860183716
2020-11-19,NESTLEIND,0.9449197053909302,0.02017078548669815,0.03490942716598511
2020-11-19,ONGC,0.33140037953853607,0.015417647082358599,0.6531819850206375
2020-11-19,TATASTEEL,0.06901964917778969,0.02927470300346613,0.9017056226730347
2020-11-19,TITAN,0.9521309733390808,0.017136935144662857,0.03073209710419178
2020-11-20,SBIN,0.036243755370378494,0.02570209465920925,0.938054084777832
2020-11-20,TATASTEEL,0.15530872344970703,0.011065240949392319,0.8336260318756104
2020-11-20,TECHM,0.019869141280651093,0.795483410358429,0.18464750051498413
2020-11-26,KOTAKBANK,0.8558670282363892,0.10351428389549255,0.0406186580657959
2020-11-27,BPCL,0.14506906270980835,0.013695734553039074,0.8412351608276367
2020-11-27,HEROMOTOCO,0.07083722203969955,0.02036680281162262,0.9087960124015808
2020-11-27,NTPC,0.8674947023391724,0.06301204860210419,0.06949317455291748
2020-11-30,BAJAJ-AUTO,0.13215115666389465,0.019015394151210785,0.8488333821296692
2020-11-30,ICICIBANK,0.314505934715271,0.05240778625011444,0.6330863237380981
2020-11-30,SBIN,0.0225930605083704,0.604179859161377,0.3732270300388336
2020-12-01,BAJAJ-AUTO,0.03933653607964516,0.01432040985673666,0.9463430643081665
2020-12-01,EICHERMOT,0.09985065460205078,0.02441711723804474,0.8757323026657104
2020-12-01,TECHM,0.8797175884246826,0.034163329750299454,0.08611906319856644
2020-12-02,BAJAJ-AUTO,0.07876861840486526,0.5117093324661255,0.40952202677726746
2020-12-02,BPCL,0.10607315599918365,0.010267512872815132,0.883659303188324
2020-12-02,DRREDDY,0.4877101182937622,0.41450831294059753,0.09778156876564026
2020-12-02,ICICIBANK,0.9087110757827759,0.029635727405548096,0.061653196811676025
2020-12-02,TECHM,0.10454247146844864,0.009504210203886032,0.8859533071517944
2020-12-03,AXISBANK,0.7106593251228333,0.007488465867936611,0.281852126121521
2020-12-03,HCLTECH,0.16019258834421635,0.014632637612521648,0.8251748085021973
2020-12-03,HINDUNILVR,0.013207157142460346,0.8648172616958618,0.12197549641132355
2020-12-03,ICICIBANK,0.1497621089220047,0.012205272912979126,0.8380326628684998
2020-12-03,JSWSTEEL,0.0934368446469307,0.011102309450507164,0.895460844039917
2020-12-03,SBIN,0.9117715954780579,0.02470412105321884,0.06352432072162628
2020-12-03,TATASTEEL,0.8766623139381409,0.01058749109506607,0.11275021731853485
2020-12-03,ULTRACEMCO,0.784968912601471,0.007866531610488892,0.20716458559036255
2020-12-04,HEROMOTOCO,0.7575634121894836,0.10820310562849045,0.1342334896326065
2020-12-04,ICICIBANK,0.05904800444841385,0.09988434612751007,0.8410676121711731
2020-12-04,JSWSTEEL,0.6228238940238953,0.01218861062079668,0.3649875521659851
2020-12-04,SBIN,0.04071821644902229,0.4262794852256775,0.5330022573471069
2020-12-04,ULTRACEMCO,0.3316650167107582,0.019671240511039894,0.6486637443304062
2020-12-05,BAJFINANCE,0.9467108845710754,0.012391425669193268,0.040897708386182785
2020-12-05,ULTRACEMCO,0.3169247806072235,0.011530804447829723,0.6715444326400757
2020-12-06,AXISBANK,0.13638125360012054,0.03049941547214985,0.8331193327903748
2020-12-06,HEROMOTOCO,0.6609184741973877,0.008829259313642979,0.3302522897720337
2020-12-07,ASIANPAINT,0.08411891758441925,0.010509679093956947,0.905371367931366
2020-12-07,ICICIBANK,0.24129341244697572,0.011617181450128555,0.747089397907257
2020-12-07,JSWSTEEL,0.04057740047574043,0.028219319880008698,0.931203305721283
2020-12-07,NTPC,0.1427229344844818,0.017492474988102913,0.839784562587738
2020-12-07,ONGC,0.6913400888442993,0.24667271971702576,0.061987265944480896
2020-12-08,ICICIBANK,0.13016903400421143,0.013676173985004425,0.8561547994613647
2020-12-08,INDUSINDBK,0.02401058003306389,0.033610519021749496,0.9423788785934448
2020-12-09,BPCL,0.9383774399757385,0.01645117998123169,0.04517141357064247
2020-12-09,ICICIBANK,0.9050906300544739,0.04670069366693497,0.04820866137742996
2020-12-09,ITC,0.9338831305503845,0.03320707380771637,0.03290976583957672
2020-12-09,NTPC,0.05938677862286568,0.0447767972946167,0.8958364725112915
2020-12-10,HCLTECH,0.6897313594818115,0.0084250308573246,0.30184364318847656
2020-12-10,KOTAKBANK,0.018968014046549797,0.14532294869422913,0.8357090353965759
2020-12-10,M&M,0.07613199204206467,0.010438498109579086,0.9134295582771301
2020-12-10,ULTRACEMCO,0.13862455496564507,0.48799367109313607,0.3733818158507347
2020-12-11,AXISBANK,0.13301639258861542,0.6759069561958313,0.19107671082019806
2020-12-11,SBIN,0.06490357220172882,0.018813887611031532,0.9162825345993042
2020-12-11,ULTRACEMCO,0.028092747554183006,0.5686036348342896,0.4033036530017853
2020-12-12,SBIN,0.34687773883342743,0.011208702810108662,0.6419135630130768
2020-12-14,CIPLA,0.34169501190384227,0.03335812004903952,0.6249468425909678
2020-12-14,KOTAKBANK,0.03343237563967705,0.028605226427316666,0.9379624128341675
2020-12-14,ONGC,0.9014328718185425,0.030929522588849068,0.06763762980699539
2020-12-14,SBIN,0.06350698322057724,0.015079649165272713,0.9214133620262146
2020-12-15,BPCL,0.07044781744480133,0.010576306842267513,0.918975830078125
2020-12-15,JSWSTEEL,0.8837406039237976,0.011333873495459557,0.10492552816867828
2020-12-15,NTPC,0.7347988486289978,0.006546533200889826,0.25865450501441956
2020-12-15,SUNPHARMA,0.08232124894857407,0.010796048678457737,0.9068827033042908
2020-12-16,AXISBANK,0.00873350165784359,0.9524957537651062,0.03877076134085655
2020-12-16,BAJAJ-AUTO,0.7953580617904663,0.009716926142573357,0.19492502510547638
2020-12-16,BPCL,0.20598328113555908,0.007417360786348581,0.7865992784500122
2020-12-16,CIPLA,0.9295308589935303,0.023278946056962013,0.047190211713314056
2020-12-16,HEROMOTOCO,0.9287784695625305,0.01209141593426466,0.059130169451236725
2020-12-16,TECHM,0.3324233591556549,0.011976861394941807,0.65559983253479
2020-12-17,ICICIBANK,0.09522278606891632,0.012904087081551552,0.8918731212615967
2020-12-17,INDUSINDBK,0.9073247313499451,0.020520109683275223,0.07215522974729538
2020-12-17,M&M,0.023425903171300888,0.4321345090866089,0.5444395542144775
2020-12-17,POWERGRID,0.892180323600769,0.020509522408246994,0.08731017261743546
2020-12-18,ASIANPAINT,0.2538411021232605,0.15335394442081451,0.5928049683570862
2020-12-18,NTPC,0.057488877326250076,0.012957414612174034,0.929553747177124
2020-12-18,SBIN,0.11682993173599243,0.07835081964731216,0.8048192858695984
2020-12-19,BAJAJ-AUTO,0.7371662855148315,0.022409146651625633,0.24042455852031708
2020-12-19,ICICIBANK,0.21089889109134674,0.008372304029762745,0.780728816986084
2020-12-21,AXISBANK,0.2055000513792038,0.006949498783797026,0.7875504493713379
2020-12-21,COALINDIA,0.9347128868103027,0.024547722190618515,0.04073943942785263
2020-12-21,DRREDDY,0.36271432042121887,0.009109470061957836,0.6281762719154358
2020-12-21,HEROMOTOCO,0.9213635921478271,0.020223282277584076,0.058413125574588776
2020-12-21,LT,0.06922776997089386,0.010517152026295662,0.9202550649642944
2020-12-21,TECHM,0.09741221368312836,0.01000128872692585,0.8925864696502686
2020-12-22,BAJAJ-AUTO,0.5212235450744629,0.008577728644013405,0.47019869089126587
2020-12-22,CIPLA,0.03174784779548645,0.018025189638137817,0.950226902961731
2020-12-22,ICICIBANK,0.1505168080329895,0.010470142588019371,0.8390129804611206
2020-12-22,POWERGRID,0.11201781779527664,0.009300662204623222,0.878681480884552
2020-12-22,SBIN,0.05491144210100174,0.01676265522837639,0.928325891494751
2020-12-23,ICICIBANK,0.054435018450021744,0.01786941010504961,0.9276955425739288
2020-12-23,SBIN,0.4817805290222168,0.007289218250662088,0.5109302997589111
2020-12-24,SBIN,0.08920933306217194,0.011432803235948086,0.8993579149246216
2020-12-27,BPCL,0.052139267325401306,0.019768374040722847,0.9280923008918762
2020-12-28,HINDUNILVR,0.8111940622329712,0.008599793538451195,0.18020614981651306
2020-12-28,ICICIBANK,0.448627769947052,0.007615066599100828,0.5437571406364441
2020-12-28,NTPC,0.21818125247955322,0.008875786326825619,0.7729429602622986
2020-12-29,SBIN,0.04954288527369499,0.017831698060035706,0.9326254725456238
2020-12-30,ULTRACEMCO,0.7921550273895264,0.007187048904597759,0.2006579041481018
2020-12-31,CIPLA,0.1294579654932022,0.017931152135133743,0.8526108264923096
2020-12-31,HEROMOTOCO,0.09696725010871887,0.01002051867544651,0.893012285232544
2020-12-31,M&M,0.00938441138714552,0.9661399722099304,0.024475671350955963
2020-12-31,TATASTEEL,0.09206575900316238,0.01975933089852333,0.8881749510765076
2021-01-01,BAJAJ-AUTO,0.9141673445701599,0.012250006198883057,0.07358257472515106
2021-01-01,HEROMOTOCO,0.9549250602722168,0.021757373586297035,0.02331763692200184
2021-01-01,M&M,0.9240196347236633,0.05253691226243973,0.02344353497028351
2021-01-01,SBIN,0.04446382820606232,0.6073665618896484,0.3481695353984833
2021-01-02,M&M,0.08540226519107819,0.012158605270087719,0.9024391770362854
2021-01-02,TATASTEEL,0.03597891330718994,0.02674705721437931,0.9372739791870117
2021-01-04,EICHERMOT,0.9224224090576172,0.039387479424476624,0.03819010406732559
2021-01-04,HEROMOTOCO,0.8465173244476318,0.09571513533592224,0.057767584919929504
2021-01-04,ICICIBANK,0.018193600699305534,0.6983078718185425,0.2834985554218292
2021-01-04,M&M,0.08413684368133545,0.009637979790568352,0.9062252044677734
2021-01-05,BAJFINANCE,0.013863691128790379,0.9262534379959106,0.059882886707782745
2021-01-05,COALINDIA,0.4798266706056893,0.4978866670280695,0.022286671213805676
2021-01-05,INDUSINDBK,0.9359674453735352,0.011970782652497292,0.05206182599067688
2021-01-05,M&M,0.07613199204206467,0.010438498109579086,0.9134295582771301
2021-01-05,ULTRACEMCO,0.6863101720809937,0.010552988387644291,0.30313679575920105
2021-01-06,ASIANPAINT,0.11108715832233429,0.014640159904956818,0.8742727041244507
2021-01-06,BAJFINANCE,0.3035368708272775,0.35760487150400877,0.3388582617044449
2021-01-06,DRREDDY,0.8847639560699463,0.013060245662927628,0.1021757647395134
2021-01-06,M&M,0.06868644803762436,0.010349580086767673,0.9209639728069305
2021-01-06,TITAN,0.8909049034118652,0.012023143470287323,0.09707197546958923
2021-01-06,ULTRACEMCO,0.11087413132190704,0.009254266507923603,0.8798716068267822
2021-01-07,ONGC,0.8704483509063721,0.009860808961093426,0.11969082057476044
2021-01-07,SBIN,0.6445602178573608,0.012061462737619877,0.34337830543518066
2021-01-08,HINDUNILVR,0.7200055718421936,0.08061250299215317,0.1993819624185562
2021-01-08,M&M,0.8563372492790222,0.11685091257095337,0.02681180089712143
2021-01-08,NTPC,0.86566162109375,0.010588361881673336,0.12375012785196304
2021-01-08,TECHM,0.8308452367782593,0.06670457124710083,0.10245025157928467
2021-01-09,BAJFINANCE,0.03067232295870781,0.5453782081604004,0.4239494800567627
2021-01-11,BAJFINANCE,0.051428113132715225,0.01811218075454235,0.93045973777771
2021-01-11,DRREDDY,0.27173107862472534,0.008298872038722038,0.7199700474739075
2021-01-11,TECHM,0.7711977362632751,0.04353717714548111,0.18526507914066315
2021-01-12,BAJAJ-AUTO,0.016047433018684387,0.9318314790725708,0.052121151238679886
2021-01-12,EICHERMOT,0.4512989018112421,0.5067514628171921,0.04194962792098522
2021-01-12,HEROMOTOCO,0.016161669045686722,0.9419451951980591,0.04189308360219002
2021-01-14,HCLTECH,0.4798129154369235,0.03826623409986496,0.48192086443305016
2021-01-14,ICICIBANK,0.58580382168293,0.012704550521448255,0.4014916159212589
2021-01-14,LT,0.948816180229187,0.017453862354159355,0.033729974180459976
2021-01-14,NTPC,0.09743287414312363,0.009656206704676151,0.8929109573364258
2021-01-14,SBIN,0.027450868859887123,0.02954222448170185,0.9430068731307983
2021-01-15,ASIANPAINT,0.9502953886985779,0.024347959086298943,0.02535671554505825
2021-01-15,BPCL,0.8665444850921631,0.007603863719850779,0.12585167586803436
2021-01-15,HCLTECH,0.9192035675048829,0.02009286042302847,0.060703589022159575
2021-01-15,HINDUNILVR,0.9498040676116943,0.022347979247570038,0.02784791588783264
2021-01-15,ITC,0.016606314107775688,0.9489536881446838,0.034440070390701294
2021-01-15,NESTLEIND,0.9471954107284546,0.024946149438619614,0.027858424931764603
2021-01-15,SBIN,0.5437783598899841,0.011447960510849953,0.44477370381355286
2021-01-15,TATASTEEL,0.341896653175354,0.009763306938111782,0.6483399868011475
2021-01-18,ASIANPAINT,0.9494234323501587,0.018164070323109627,0.03241250663995743
2021-01-18,CIPLA,0.9481212496757507,0.01727775763720274,0.034601010382175446
2021-01-18,COALINDIA,0.9469425678253174,0.015703681856393814,0.0373537614941597
2021-01-18,DRREDDY,0.029298847541213036,0.8957703709602356,0.07493090629577637
2021-01-18,HCLTECH,0.07699992693960667,0.020436274353414774,0.902563750743866
2021-01-18,HINDALCO,0.9479641914367676,0.016085900366306305,0.035950012505054474
2021-01-18,ITC,0.11053487658500671,0.01768322102725506,0.8717818856239319
2021-01-18,SBIN,0.8840689659118652,0.031322233378887177,0.08460875600576401
2021-01-18,ULTRACEMCO,0.9497687220573425,0.017487801611423492,0.03274344280362129
2021-01-19,AXISBANK,0.3303080437084039,0.33443219649295014,0.33525974738101166
2021-01-19,ICICIBANK,0.021848840328554314,0.673822229107221,0.30432890231410664
2021-01-19,ITC,0.9276193976402283,0.014869599603116512,0.057511039078235626
2021-01-19,JSWSTEEL,0.8602917790412903,0.027695201337337494,0.11201300472021103
2021-01-19,KOTAKBANK,0.9488891363143921,0.021906200796365738,0.029204603284597397
2021-01-19,SBIN,0.03331218659877777,0.018474971875548363,0.9482128620147705
2021-01-20,AXISBANK,0.6496386677026749,0.015856209583580493,0.33450511656701565
2021-01-20,BAJAJFINSV,0.946031391620636,0.027206430211663246,0.026762081310153008
2021-01-20,BAJFINANCE,0.06737987448771794,0.647559057145069,0.28506100612382096
2021-01-20,ICICIBANK,0.27204802352935076,0.4871685983380303,0.24078337429091334
2021-01-20,JSWSTEEL,0.9469043612480164,0.02338321879506111,0.029712481424212456
2021-01-20,KOTAKBANK,0.9511535167694092,0.019967335276305676,0.028879164718091488
2021-01-20,ULTRACEMCO,0.9494582414627075,0.01665167510509491,0.03389009088277817
2021-01-21,ASIANPAINT,0.9492836594581604,0.02501191571354866,0.025704430416226387
2021-01-21,BAJAJ-AUTO,0.6583472092946371,0.3170562976350387,0.02459648468842109
2021-01-21,BAJAJFINSV,0.48014494380913675,0.4983030203729868,0.021552015095949173
2021-01-21,BAJFINANCE,0.020575829315930605,0.5652975477278233,0.41412664266924065
2021-01-21,HEROMOTOCO,0.8550032377243042,0.012015544809401035,0.13298115134239197
2021-01-21,JSWSTEEL,0.7134547233581543,0.02132651023566723,0.2652188241481781
2021-01-21,NESTLEIND,0.9543275833129883,0.020944908261299133,0.024727582931518555
2021-01-21,ONGC,0.008253377862274647,0.9729521870613098,0.018794406205415726
2021-01-22,ASIANPAINT,0.9506331384181976,0.023961964063346386,0.0254049152135849
2021-01-22,BAJAJ-AUTO,0.7056282699108124,0.023972366377711295,0.27039934769272805
2021-01-22,CIPLA,0.9484266638755798,0.019702691584825516,0.03187065199017525
2021-01-22,GRASIM,0.1242142841219902,0.007944381795823574,0.8678413033485413
2021-01-22,JSWSTEEL,0.8591160655021668,0.022190207615494728,0.11869370825588703
2021-01-22,LT,0.017336897552013397,0.9432738423347473,0.03938928619027138
2021-01-22,NTPC,0.2063852846622467,0.007427413482218981,0.7861872911453247
2021-01-22,ONGC,0.03182098641991615,0.04766969010233879,0.9205093383789062
2021-01-23,ULTRACEMCO,0.9467997550964355,0.028686167672276497,0.02451411820948124
2021-01-25,ASIANPAINT,0.01700262352824211,0.9516234397888184,0.03137390688061714
2021-01-25,GRASIM,0.04113396629691124,0.1637413054704666,0.7951247096061707
2021-01-25,HEROMOTOCO,0.2913718819618225,0.011958780698478222,0.696669340133667
2021-01-25,HINDUNILVR,0.08176212012767792,0.03304339945316315,0.8851945400238037
2021-01-25,ICICIBANK,0.9529789686203003,0.022447291761636734,0.024573711678385735
2021-01-25,JSWSTEEL,0.3250269591808319,0.03496939316391945,0.6400036215782166
2021-01-25,KOTAKBANK,0.9433446824550629,0.03083452209830284,0.025820815935730934
2021-01-25,M&M,0.48137006163597107,0.009221566841006279,0.5094083547592163
2021-01-25,SBIN,0.021988585591316223,0.042779192328453064,0.9352321624755859
2021-01-25,ULTRACEMCO,0.03250366821885109,0.02647368237376213,0.9410226345062256
2021-01-26,HEROMOTOCO,0.513068437576294,0.008736827410757542,0.47819480299949646
2021-01-27,ASIANPAINT,0.060280609875917435,0.013111129403114319,0.9266082644462585
2021-01-27,AXISBANK,0.47405931865796447,0.4942405801266432,0.03170005418360233
2021-01-27,BAJAJ-AUTO,0.13568393886089325,0.020460115745663643,0.8438559174537659
2021-01-27,BAJFINANCE,0.05792077258229256,0.012780279852449894,0.929298996925354
2021-01-27,HINDUNILVR,0.5765821348875761,0.22065942361950874,0.20275844782590866
2021-01-27,JSWSTEEL,0.058671485632658005,0.019642384722828865,0.9216861128807068
2021-01-27,KOTAKBANK,0.4900121954269707,0.02690925821661949,0.48307854030281305
2021-01-27,LT,0.042478710412979126,0.02869659010320902,0.9288246929645538
2021-01-27,POWERGRID,0.49241164326667786,0.01287752389907837,0.4947108328342438
2021-01-27,SBIN,0.06856279075145721,0.04868990555405617,0.8827472925186157
2021-01-27,ULTRACEMCO,0.2302350290119648,0.011607719119638205,0.7581572234630585
2021-01-28,ASIANPAINT,0.07252815365791321,0.024209678173065186,0.9032621383666992
2021-01-28,AXISBANK,0.5560513907777411,0.023468927746372565,0.42047966670777115
2021-01-28,BAJAJ-AUTO,0.05048242583870888,0.4631737321615219,0.48634385503828526
2021-01-28,BAJAJFINSV,0.08957362174987793,0.010348660871386528,0.9000777006149292
2021-01-28,HCLTECH,0.18571007251739502,0.009543080348521471,0.8047468662261963
2021-01-28,HINDUNILVR,0.12416528444737196,0.028557115234434605,0.8472775816917419
2021-01-28,JSWSTEEL,0.24450388550758362,0.0997517928481102,0.6557443141937256
2021-01-28,LT,0.05944090336561203,0.011660749092698097,0.9288983345031738
2021-01-28,SBIN,0.4542811894789338,0.2590619418770075,0.28665683045983315
2021-01-28,ULTRACEMCO,0.3180130273103714,0.011222331784665585,0.6707646250724792
2021-01-29,AXISBANK,0.10945843160152435,0.009319361299276352,0.8812221884727478
2021-01-29,CIPLA,0.9502867460250854,0.02445598691701889,0.025257207453250885
2021-01-29,DRREDDY,0.9087386429309845,0.029028447344899178,0.06223286595195532
2021-01-29,HINDUNILVR,0.1013607606291771,0.012814796529710293,0.88582444190979
2021-01-29,INDUSINDBK,0.454711202532053,0.4904818437062204,0.05480697052553296
2021-01-29,TATASTEEL,0.04957234114408493,0.9004529714584351,0.0499747134745121
2021-01-29,TECHM,0.6841106315453848,0.16045371443033218,0.15543565464516482
2021-01-30,ICICIBANK,0.49271221458911896,0.026174098253250122,0.48111367132514715
2021-01-31,CIPLA,0.13990679383277893,0.015052628703415394,0.8450405597686768
2021-01-31,INDUSINDBK,0.8679564595222473,0.020643481984734535,0.1114000529050827
2021-02-01,ASIANPAINT,0.11538868397474289,0.008814310654997826,0.8757970333099365
2021-02-01,AXISBANK,0.12653020024299622,0.009602035395801067,0.8638677597045898
2021-02-01,BAJAJ-AUTO,0.1295621246099472,0.009518907405436039,0.8609189391136169
2021-02-01,BAJAJFINSV,0.08445706218481064,0.009845476597547531,0.9056974649429321
2021-02-01,BAJFINANCE,0.0834190845489502,0.00939625408500433,0.9071846604347229
2021-02-01,BPCL,0.13820551335811615,0.04269319027662277,0.8191012740135193
2021-02-01,CIPLA,0.03579188883304596,0.03652924671769142,0.9276788830757141
2021-02-01,HEROMOTOCO,0.013040374964475632,0.9694454669952393,0.017514163628220558
2021-02-01,ICICIBANK,0.3132556813458602,0.08458435349166393,0.6021599918603897
2021-02-01,JSWSTEEL,0.14254358410835266,0.010371722280979156,0.8470847010612488
2021-02-01,KOTAKBANK,0.0901004895567894,0.010278452187776566,0.8996210098266602
2021-02-01,M&M,0.26080942153930664,0.7149586081504822,0.024232013151049614
2021-02-02,ASIANPAINT,0.09894324094057083,0.01508844643831253,0.8859683871269226
2021-02-02,AXISBANK,0.2878572642803192,0.010874268598854542,0.7012684941291809
2021-02-02,BAJAJ-AUTO,0.8430723547935486,0.08710119873285294,0.06982637941837311
2021-02-02,BAJFINANCE,0.05248868837952614,0.013134363107383251,0.9343768954277039
2021-02-02,BPCL,0.45017844438552856,0.011511835269629955,0.5383097529411316
2021-02-02,CIPLA,0.5170769412070513,0.016947323456406593,0.4659757441841066
2021-02-02,DRREDDY,0.9518717527389526,0.01796756312251091,0.030160650610923767
2021-02-02,ICICIBANK,0.9517211019992828,0.022721084766089916,0.025557843036949635
2021-02-02,INDUSINDBK,0.9523337483406067,0.021284809336066246,0.02638137713074684
2021-02-02,JSWSTEEL,0.22258538007736206,0.011654628440737724,0.7657599449157715
2021-02-02,KOTAKBANK,0.35596445202827454,0.014268063008785248,0.6297674179077148
2021-02-02,LT,0.4223114848136902,0.012775087729096413,0.5649134516716003
2021-02-02,ONGC,0.9487771987915039,0.025004304945468903,0.02621854469180107
2021-02-02,SUNPHARMA,0.9517634212970734,0.019473952241241932,0.028762594796717167
2021-02-02,TECHM,0.02644507260993123,0.655552135159572,0.31800278338293236
2021-02-02,ULTRACEMCO,0.9401316046714783,0.023053601384162903,0.036814745515584946
2021-02-03,BAJAJ-AUTO,0.1793859601020813,0.007988512516021729,0.812625527381897
2021-02-03,CIPLA,0.9496461153030396,0.01736197993159294,0.03299189358949661
2021-02-03,HCLTECH,0.08698040246963501,0.010134315118193626,0.9028853178024292
2021-02-03,HEROMOTOCO,0.08140925318002701,0.01036890596151352,0.9082219004631042
2021-02-03,ICICIBANK,0.10593019425868988,0.012683062814176083,0.8813867568969727
2021-02-03,INDUSINDBK,0.0607052817940712,0.012004835531115532,0.9272898435592651
2021-02-03,JSWSTEEL,0.07643135637044907,0.014475438743829727,0.9090931415557861
2021-02-03,TECHM,0.08433415740728378,0.010369556955993176,0.9052963256835938
2021-02-03,ULTRACEMCO,0.11236836761236191,0.011082186363637447,0.8765494227409363
2021-02-04,AXISBANK,0.10980387590825558,0.01197366463020444,0.8782224357128143
2021-02-04,BAJFINANCE,0.05241049453616142,0.01608346588909626,0.9315060377120972
2021-02-04,BPCL,0.7493311762809753,0.007979982532560825,0.2426888793706894
2021-02-04,CIPLA,0.072563162073493,0.012712948489934206,0.9147239327430725
2021-02-04,DRREDDY,0.10833202302455902,0.009502043947577477,0.8821659684181213
2021-02-04,HCLTECH,0.525373637676239,0.012438188306987286,0.46218815445899963
2021-02-04,HEROMOTOCO,0.9532033801078796,0.018425457179546356,0.028371168300509453
2021-02-04,HINDUNILVR,0.061133068054914474,0.01182948611676693,0.9270374774932861
2021-02-04,INDUSINDBK,0.11309453099966049,0.010250111110508442,0.8766553401947021
2021-02-04,NTPC,0.8846839666366577,0.01781945675611496,0.09749649465084076
2021-02-04,SBIN,0.025091603631153703,0.48850380536168814,0.4864045998547226
2021-02-04,SUNPHARMA,0.055303312838077545,0.012673411518335342,0.9320232272148132
2021-02-04,ULTRACEMCO,0.7913095355033875,0.007378122769296169,0.2013123631477356
2021-02-05,BPCL,0.13306035101413727,0.008222725242376328,0.8587169051170349
2021-02-05,HEROMOTOCO,0.7540208771824837,0.050220325705595315,0.1957588018849492
2021-02-05,ICICIBANK,0.09516721218824387,0.009702390525490046,0.8951304256916046
2021-02-05,INDUSINDBK,0.06464919447898865,0.012227754108607769,0.9231230020523071
2021-02-05,M&M,0.6394952982664108,0.031085440889000893,0.329419257119298
2021-02-05,NTPC,0.9511354863643646,0.021732856519520283,0.02713166456669569
2021-02-05,SBIN,0.6440363383541504,0.029230037704110146,0.3267335978647073
2021-02-05,SUNPHARMA,0.0902920514345169,0.010751574765890837,0.8989563882350922
2021-02-05,TECHM,0.04609266761690378,0.025942261796444654,0.9279650747776031
2021-02-06,M&M,0.8465396165847778,0.015026838518679142,0.13843360543251038
2021-02-07,BHARTIARTL,0.6864449977874756,0.011763764545321465,0.3017912209033966
2021-02-07,NTPC,0.02271948754787445,0.9330634474754333,0.04421711340546608
2021-02-07,SUNPHARMA,0.23382529616355896,0.02672731690108776,0.7394473552703857
2021-02-08,CIPLA,0.09589332342147827,0.009972606785595417,0.8941340446472168
2021-02-08,DRREDDY,0.08326492458581924,0.010894183069467545,0.9058409333229065
2021-02-08,HCLTECH,0.6550552845001221,0.014168638736009598,0.33077600598335266
2021-02-08,HEROMOTOCO,0.710501492023468,0.00954235065728426,0.2799561321735382
2021-02-08,INDUSINDBK,0.08035103231668472,0.009795636869966984,0.9098532795906067
2021-02-08,M&M,0.5967386811971664,0.023386960849165916,0.37987431325018406
2021-02-08,NTPC,0.030363455042243005,0.5352829121053219,0.4343536369502544
2021-02-08,SBIN,0.07589303329586983,0.010834396816790104,0.9132725894451141
2021-02-08,TATASTEEL,0.06878933310508728,0.05871383100748062,0.8724968433380127
2021-02-08,TECHM,0.10804402083158493,0.009283451363444328,0.8826724886894226
2021-02-09,BHARTIARTL,0.11698900163173676,0.00903311837464571,0.8739778399467468
2021-02-09,BPCL,0.03519473768149813,0.6536355918894211,0.31116970752676326
2021-02-09,BRITANNIA,0.9516348242759705,0.022518811747431755,0.02584638725966215
2021-02-09,DRREDDY,0.10546305030584335,0.00936943432316184,0.8851675093173981
2021-02-09,ICICIBANK,0.15610672533512115,0.010265621822327375,0.8336276113986969
2021-02-09,NTPC,0.08589708805084229,0.011360159143805504,0.9027427434921265
2021-02-09,SBIN,0.14456748962402344,0.009550489485263824,0.8458820581436157
2021-02-09,SUNPHARMA,0.12338396161794662,0.008832023479044437,0.8677840232849121
2021-02-09,TATASTEEL,0.9348594188690186,0.02941814437508583,0.03572245053946972
2021-02-10,BHARTIARTL,0.12383612245321274,0.009441528469324112,0.8667223453521729
2021-02-10,EICHERMOT,0.948786050081253,0.020552515285089612,0.030661415308713913
2021-02-10,HEROMOTOCO,0.10417953878641129,0.010693274438381195,0.8851271867752075
2021-02-10,HINDALCO,0.8973004619280497,0.030097628012299538,0.07260190322995186
2021-02-10,NTPC,0.05470769666135311,0.013169122859835625,0.932123214006424
2021-02-10,SBIN,0.38208824396133423,0.1384186421831449,0.47949310143788654
2021-02-10,TATASTEEL,0.706483006477356,0.11749435216188431,0.17602258920669556
2021-02-11,COALINDIA,0.32342117947215837,0.655675050492088,0.020903776089350384
2021-02-11,EICHERMOT,0.05737961549311876,0.5104063674807549,0.43221398536115885
2021-02-11,HINDALCO,0.9554948210716248,0.014960548840463161,0.02954459749162197
2021-02-11,ITC,0.00938399089500308,0.9731413424015045,0.01747458055615425
2021-02-11,NTPC,0.9266340732574463,0.027316810563206673,0.04604904353618622
2021-02-11,POWERGRID,0.9433720111846924,0.03243014216423035,0.02419787459075451
2021-02-11,SBIN,0.04071982949972153,0.015143215656280518,0.9441369771957397
2021-02-11,TATASTEEL,0.08332130871713161,0.023540616966784,0.8931381106376648
2021-02-11,TECHM,0.14887669682502747,0.010018408298492432,0.8411048650741577
2021-02-11,TITAN,0.9057532548904419,0.036241442896425724,0.058005327358841896
2021-02-12,BHARTIARTL,0.1164548248052597,0.009951082058250904,0.8735941052436829
2021-02-12,ITC,0.7089238110929728,0.024134104140102863,0.26694206148386
2021-02-12,KOTAKBANK,0.0365157313644886,0.062038861215114594,0.9014454483985901
2021-02-12,NTPC,0.15189618431031704,0.011333383619785309,0.8367704451084137
2021-02-12,SBIN,0.7141659259796143,0.009630382061004639,0.2762036621570587
2021-02-12,SUNPHARMA,0.021468037739396095,0.4884980022907257,0.4900340139865875
2021-02-13,BHARTIARTL,0.06730218231678009,0.014181501232087612,0.9185162782669067
2021-02-13,ONGC,0.00973611231893301,0.9713062644004822,0.018957586959004402
2021-02-13,TITAN,0.06999475508928299,0.015031533315777779,0.9149737358093262
2021-02-15,COALINDIA,0.9526289701461792,0.022241756319999695,0.02512924186885357
2021-02-15,EICHERMOT,0.4564087297767401,0.03129858057945967,0.5122927241027355
2021-02-15,HCLTECH,0.887292206287384,0.00845824833959341,0.1042494848370552
2021-02-15,HINDUNILVR,0.9543134570121765,0.019281627610325813,0.02640494331717491
2021-02-15,ITC,0.32978833466768265,0.14361819066107273,0.5265935212373734
2021-02-15,KOTAKBANK,0.06626274436712265,0.011567069217562675,0.9221702218055725
2021-02-15,ONGC,0.6102217435836792,0.010358751751482487,0.3794194757938385
2021-02-16,AXISBANK,0.03939654305577278,0.3756835460662842,0.5849199295043945
2021-02-16,BPCL,0.2063257247209549,0.007816813886165619,0.7858574390411377
2021-02-16,COALINDIA,0.16362117230892181,0.008567208424210548,0.8278116583824158
2021-02-16,GRASIM,0.007513648364692926,0.9744465351104736,0.018039781600236893
2021-02-16,ICICIBANK,0.08826271072030067,0.020763657987117767,0.8909736275672913
2021-02-16,ITC,0.08083854615688324,0.01049845851957798,0.9086630344390869
2021-02-16,NESTLEIND,0.933553159236908,0.030967341735959053,0.03547948971390724
2021-02-16,NTPC,0.48212477564811707,0.010939203202724457,0.5069360136985779
2021-02-16,ONGC,0.4416204469744116,0.4995125411078334,0.058866966515779495
2021-02-16,POWERGRID,0.5481265261769295,0.013809127267450094,0.43806434236466885
2021-02-16,SBIN,0.1896940916776657,0.010767149738967419,0.799538791179657
2021-02-16,TECHM,0.8943508863449097,0.009158439002931118,0.09649063646793365
2021-02-17,BHARTIARTL,0.08140872418880463,0.011528126895427704,0.9070631265640259
2021-02-17,INDUSINDBK,0.5023064613342285,0.00975679699331522,0.48793673515319824
2021-02-17,ITC,0.10582149773836136,0.010631661862134933,0.8835468888282776
2021-02-17,NESTLEIND,0.3705344044913848,0.027517640342315037,0.6019479222595692
2021-02-17,POWERGRID,0.06448527425527573,0.02219732478260994,0.9133173823356628
2021-02-17,SBIN,0.03384095057845116,0.018095137551426888,0.9480639100074768
2021-02-18,AXISBANK,0.1620713770389557,0.008247064426541328,0.8296815156936646
2021-02-18,BHARTIARTL,0.9372616410255432,0.017252899706363678,0.04548535868525505
2021-02-18,BPCL,0.4787449836730957,0.0093764653429389,0.5118785500526428
2021-02-18,COALINDIA,0.08310499042272568,0.010620499961078167,0.9062744975090027
2021-02-18,DRREDDY,0.4338844120502472,0.009783390909433365,0.5563321709632874
2021-02-18,HEROMOTOCO,0.8789932727813721,0.011825760826468468,0.1091809868812561
2021-02-18,HINDALCO,0.05614186450839043,0.011691559106111526,0.932166576385498
2021-02-18,HINDUNILVR,0.06289485841989517,0.013318714685738087,0.9237864017486572
2021-02-18,ICICIBANK,0.11242160201072693,0.00988568365573883,0.8776927590370178
2021-02-18,INDUSINDBK,0.5605003982782364,0.02299218960106373,0.41650743037462234
2021-02-18,ITC,0.09484967589378357,0.009503580629825592,0.8956467509269714
2021-02-18,LT,0.621425211429596,0.023674393072724342,0.35490044951438904
2021-02-18,NESTLEIND,0.08701107650995255,0.010039363987743855,0.9029495716094971
2021-02-19,BAJAJ-AUTO,0.09582976251840591,0.00991177186369896,0.8942584991455078
2021-02-19,COALINDIA,0.14371907711029053,0.008672439493238926,0.8476084470748901
2021-02-19,DRREDDY,0.4116494953632355,0.010396088473498821,0.5779544115066528
2021-02-19,NESTLEIND,0.07353134453296661,0.010558241978287697,0.9159103631973267
2021-02-20,SBIN,0.22888869047164917,0.008200201205909252,0.7629110813140869
2021-02-21,SBIN,0.12245166022330523,0.017230041325092316,0.8603182733058929
2021-02-22,BHARTIARTL,0.141651451587677,0.010497299022972584,0.8478512167930603
2021-02-22,DRREDDY,0.32714658975601196,0.011939923278987408,0.6609135270118713
2021-02-22,INDUSINDBK,0.839755117893219,0.009581847116351128,0.15066300332546234
2021-02-22,NESTLEIND,0.07351532578468323,0.010534947738051414,0.9159497022628784
2021-02-22,ONGC,0.1881270557641983,0.010633501224219799,0.8012394309043884
2021-02-22,SBIN,0.030084190890192986,0.04108264297246933,0.9288331270217896
2021-02-22,TECHM,0.14202538132667542,0.010281250812113285,0.8476933240890503
2021-02-22,ULTRACEMCO,0.11203402280807495,0.00941767543554306,0.8785483241081238
2021-02-23,BAJAJ-AUTO,0.1837461143732071,0.012195046991109848,0.8040587902069092
2021-02-23,BHARTIARTL,0.7725147604942322,0.006623229943215847,0.22086197137832642
2021-02-23,BPCL,0.09372368454933167,0.013553953729569912,0.8927223086357117
2021-02-23,HINDALCO,0.3618743419647217,0.009698175825178623,0.6284274458885193
2021-02-23,NTPC,0.4226408898830414,0.01239531859755516,0.5649638175964355
2021-02-23,TECHM,0.0746963620185852,0.013905566185712814,0.9113980531692505
2021-02-24,BRITANNIA,0.06456470489501953,0.014692741446197033,0.9207425117492676
2021-02-24,COALINDIA,0.9417067766189575,0.02423044852912426,0.03406273573637009
2021-02-24,HINDALCO,0.4873964414000511,0.011537603568285704,0.5010659620165825
2021-02-24,ICICIBANK,0.9329220056533813,0.0235456470400095,0.0435323640704155
2021-02-25,AXISBANK,0.898105800151825,0.029156381264328957,0.07273788005113602
2021-02-25,BHARTIARTL,0.8139901161193848,0.014700980391353369,0.17130891419947147
2021-02-25,BPCL,0.18578997254371643,0.009547573514282703,0.8046624660491943
2021-02-25,HCLTECH,0.4882013499736786,0.010997445322573185,0.5008012056350708
2021-02-25,ICICIBANK,0.05145062506198883,0.01413203775882721,0.9344173073768616
2021-02-25,SBIN,0.018899748101830482,0.03463675081729889,0.9464634656906128
2021-02-26,BPCL,0.05013599619269371,0.03494643792510033,0.914917528629303
2021-02-26,KOTAKBANK,0.10044262558221817,0.008892428129911423,0.8906648755073547
2021-02-26,NTPC,0.05825965106487274,0.01571010984480381,0.9260302782058716
2021-02-27,NTPC,0.052129607647657394,0.021895918995141983,0.925974428653717
2021-02-27,SBIN,0.022859230637550354,0.02875056117773056,0.9483901858329773
2021-02-27,ULTRACEMCO,0.030085260048508644,0.794791579246521,0.1751231551170349
2021-02-28,BAJAJ-AUTO,0.8546805381774902,0.010625517927110195,0.13469402492046356
2021-03-01,BAJAJ-AUTO,0.9541064500808716,0.021622298285365105,0.02427120879292488
2021-03-01,BHARTIARTL,0.009808378294110298,0.9678491353988647,0.022342415526509285
2021-03-01,BPCL,0.07815741933882236,0.4793571410700679,0.44248539209365845
2021-03-01,COALINDIA,0.0374731570482254,0.3490418493747711,0.6134849786758423
2021-03-01,EICHERMOT,0.7474040985107422,0.02691151387989521,0.22568432986736298
2021-03-01,HEROMOTOCO,0.954617440700531,0.01664636842906475,0.028736257925629616
2021-03-01,KOTAKBANK,0.05601419880986214,0.20934022963047028,0.7346456050872803
2021-03-01,NESTLEIND,0.49708798341453075,0.014338298235088587,0.48857368901371956
2021-03-01,SBIN,0.02394593320786953,0.6345528364181519,0.34150129556655884
2021-03-02,BAJAJ-AUTO,0.15225598216056824,0.013874717988073826,0.8338692784309387
2021-03-02,BPCL,0.19006893038749695,0.007055140100419521,0.8028758764266968
2021-03-02,CIPLA,0.903694361448288,0.029087917413562536,0.06721776351332664
2021-03-02,COALINDIA,0.7266330122947693,0.03470697999000549,0.2386600524187088
2021-03-02,HEROMOTOCO,0.8993457853794098,0.02321690134704113,0.07743730954825878
2021-03-02,KOTAKBANK,0.050786618143320084,0.014619622379541397,0.9345937371253967
2021-03-02,M&M,0.9419465661048889,0.03140582889318466,0.02664753794670105
2021-03-02,NESTLEIND,0.05854848772287369,0.015306958928704262,0.926144540309906
2021-03-02,ONGC,0.6793301701545715,0.01023316103965044,0.3104366064071655
2021-03-02,SBIN,0.4693955760449171,0.022755012847483158,0.5078494139015675
2021-03-03,AXISBANK,0.10429640114307404,0.008800880052149296,0.8869027495384216
2021-03-03,BRITANNIA,0.02540302649140358,0.20008936524391174,0.7745075821876526
2021-03-03,KOTAKBANK,0.14549697935581207,0.14951352775096893,0.704989492893219
2021-03-03,SBIN,0.03395534306764603,0.2228793352842331,0.7431653141975403
2021-03-03,TATASTEEL,0.13569901883602142,0.007672443520277739,0.8566285371780396
2021-03-04,BAJAJ-AUTO,0.06597857922315598,0.01082788035273552,0.9231935143470764
2021-03-04,BHARTIARTL,0.4575852397829294,0.45667977910488844,0.0857350081205368
2021-03-04,COALINDIA,0.02667548879981041,0.02925744466483593,0.9440670609474182
2021-03-04,ICICIBANK,0.01819608360528946,0.6180299520492554,0.3637739419937134
2021-03-04,NESTLEIND,0.03364326059818268,0.04847895726561546,0.9178777933120728
2021-03-04,NTPC,0.044017333537340164,0.7002612948417664,0.2557213306427002
2021-03-05,COALINDIA,0.10225360840559006,0.019608795642852783,0.8781375885009766
2021-03-05,DRREDDY,0.08995630592107773,0.010379394516348839,0.8996643424034119
2021-03-05,KOTAKBANK,0.03737904503941536,0.05846826732158661,0.9041527509689331
2021-03-05,NTPC,0.06085674464702606,0.34608861804008484,0.5930546522140503
2021-03-08,BPCL,0.1630852371454239,0.038863662630319595,0.798051118850708
2021-03-08,COALINDIA,0.68819260597229,0.01342667918652296,0.2983807921409607
2021-03-08,JSWSTEEL,0.3803326189517975,0.5608664751052856,0.058800939470529556
2021-03-08,SBIN,0.22202003002166748,0.010376648046076298,0.76760333776474
2021-03-08,TATASTEEL,0.2577724754810333,0.02087933011353016,0.721348226070404
2021-03-09,KOTAKBANK,0.47630277602002025,0.47306311409920454,0.0506341177970171
2021-03-09,M&M,0.06658637523651123,0.012653838843107224,0.9207597970962524
2021-03-10,BPCL,0.035107508301734924,0.017658475786447525,0.947234034538269
2021-03-10,HCLTECH,0.046204786747694016,0.012344669550657272,0.9414505958557129
2021-03-10,ICICIBANK,0.11490844935178757,0.025493375957012177,0.8595981597900391
2021-03-10,INDUSINDBK,0.9113710522651672,0.018878068774938583,0.06975089758634567
2021-03-10,JSWSTEEL,0.9296801090240479,0.04533674940466881,0.024983109906315804
2021-03-10,ONGC,0.0658387541770935,0.012665624730288982,0.9214956164360046
2021-03-10,SUNPHARMA,0.904721736907959,0.022646792232990265,0.07263146340847015
2021-03-11,HEROMOTOCO,0.7153192758560181,0.012856874614953995,0.27182385325431824
2021-03-11,NTPC,0.9220725893974304,0.061629518866539,0.016297876834869385
2021-03-13,SBIN,0.04865065962076187,0.016953257843852043,0.9343960881233215
2021-03-14,ONGC,0.9434786438941956,0.03038039617240429,0.026140978559851646
2021-03-15,ITC,0.7109668254852295,0.008671331219375134,0.2803618907928467
2021-03-15,SBIN,0.01404124777764082,0.9531603455543518,0.03279830887913704
2021-03-15,TECHM,0.35365396986405057,0.14558530878275633,0.5007607278724512
2021-03-16,BHARTIARTL,0.018376179039478302,0.3631647527217865,0.6184590458869934
2021-03-16,ICICIBANK,0.4396333284676075,0.008858656976372004,0.5515080019831657
2021-03-16,ITC,0.030086737126111984,0.01860884018242359,0.9513044357299805
2021-03-16,TECHM,0.9224491715431213,0.007514793425798416,0.07003608345985413
2021-03-17,BHARTIARTL,0.9502315521240234,0.013885393738746643,0.03588306903839111
2021-03-17,SBIN,0.012203516438603401,0.9581217765808105,0.02967476099729538
2021-03-17,TATASTEEL,0.8319342732429504,0.007235428784042597,0.16083021461963654
2021-03-18,BHARTIARTL,0.16671600937843323,0.008258609334006906,0.8250253796577454
2021-03-18,M&M,0.9332278966903687,0.029414251446723938,0.03735785186290741
2021-03-19,BAJAJ-AUTO,0.39751044660806656,0.0676255002617836,0.5348640233278275
2021-03-19,BHARTIARTL,0.9364057183265686,0.024080222472548485,0.039514072239398956
2021-03-19,BPCL,0.052194736897945404,0.013147368095815182,0.9346579313278198
2021-03-19,SBIN,0.5056951642036438,0.015302971936762333,0.47900187969207764
2021-03-19,TECHM,0.6284230351448059,0.018503595143556595,0.3530734181404114
2021-03-21,BHARTIARTL,0.5976622104644775,0.01714155077934265,0.3851962089538574
2021-03-21,ITC,0.9024215936660767,0.015378585085272789,0.0821998119354248
2021-03-22,BHARTIARTL,0.44358304142951965,0.011842228472232819,0.5445747375488281
2021-03-23,BHARTIARTL,0.06757895648479462,0.010608313605189323,0.9218127131462097
2021-03-23,COALINDIA,0.3021307587623596,0.00971208792179823,0.6881571412086487
2021-03-23,HEROMOTOCO,0.9178967475891113,0.010074203833937645,0.07202901691198349
2021-03-23,ICICIBANK,0.10765258967876434,0.01067835371941328,0.8816689848899841
2021-03-24,BAJAJFINSV,0.8683879971504211,0.007864149287343025,0.12374784797430038
2021-03-24,BHARTIARTL,0.6274909973144531,0.285849928855896,0.08665916323661804
2021-03-24,ICICIBANK,0.11457771807909012,0.009713569656014442,0.8757086992263794
2021-03-24,INDUSINDBK,0.13469134271144867,0.008620508946478367,0.8566881418228149
2021-03-24,SBIN,0.5814096927642822,0.021813221275806427,0.39677706360816956
2021-03-25,ASIANPAINT,0.06904329359531403,0.010765604674816132,0.9201910495758057
2021-03-25,ICICIBANK,0.03697741776704788,0.6319575309753418,0.3310650587081909
2021-03-26,BAJAJ-AUTO,0.2043626457452774,0.008648399263620377,0.7869889140129089
2021-03-26,JSWSTEEL,0.29058611020445824,0.011123734526336193,0.6982901692390442
2021-03-26,SBIN,0.8212816715240479,0.010356606915593147,0.16836173832416534
2021-03-27,JSWSTEEL,0.3898043930530548,0.009404480457305908,0.6007911562919617
2021-03-27,TATASTEEL,0.10392966121435165,0.01914197951555252,0.8769283294677734
2021-03-28,COALINDIA,0.02000339701771736,0.9638801217079163,0.016116486862301826
2021-03-29,BAJAJ-AUTO,0.06774474680423737,0.01533004455268383,0.9169252514839172
2021-03-29,BHARTIARTL,0.02996676042675972,0.026073725894093513,0.9439595341682434
2021-03-29,KOTAKBANK,0.025805369019508362,0.042853161692619324,0.9313414096832275
2021-03-30,HEROMOTOCO,0.11443472653627396,0.013155166059732437,0.8724101185798645
2021-03-31,AXISBANK,0.09942228347063065,0.009279006160795689,0.891298770904541
2021-03-31,BPCL,0.06852963613346219,0.4893935793079436,0.44207680970430374
2021-03-31,M&M,0.3749311864376068,0.011348245665431023,0.6137205958366394
2021-03-31,ONGC,0.1905432492494583,0.2561577260494232,0.553299069404602
2021-03-31,SBIN,0.9327630996704102,0.021468386054039,0.045768529176712036
2021-03-31,TATASTEEL,0.056027766317129135,0.10359499603509903,0.8403772711753845
2021-04-01,BPCL,0.9487994313240051,0.02842630073428154,0.022774260491132736
2021-04-01,BRITANNIA,0.037177808582782745,0.05029010772705078,0.9125320911407471
2021-04-01,COALINDIA,0.008174961432814598,0.9751884341239929,0.016636580228805542
2021-04-01,EICHERMOT,0.15574893355369568,0.02064448595046997,0.823606550693512
2021-04-01,JSWSTEEL,0.5287369340658188,0.02172565134242177,0.4495374131947756
2021-04-01,M&M,0.04108962416648865,0.0648670569062233,0.8940433263778687
2021-04-01,SBIN,0.08695975691080093,0.011529599316418171,0.9015106558799744
2021-04-01,TATASTEEL,0.9117823243141174,0.03237324580550194,0.05584443360567093
2021-04-03,NTPC,0.14216238260269165,0.010751547291874886,0.8470860719680786
2021-04-05,HCLTECH,0.01168049219995737,0.9480618834495544,0.04025762528181076
2021-04-05,M&M,0.0845804363489151,0.009258444420993328,0.9061611294746399
2021-04-05,SBIN,0.3546045646071434,0.08376896288245916,0.5616265386343002
2021-04-05,SUNPHARMA,0.08552522212266922,0.010419552214443684,0.9040551781654358
2021-04-05,TECHM,0.01167392823845148,0.9458029270172119,0.04252305254340172
2021-04-06,AXISBANK,0.037769954185932875,0.4805927858687937,0.4816372189670801
2021-04-06,BAJFINANCE,0.022562092170119286,0.049293551594018936,0.9281443953514099
2021-04-06,BHARTIARTL,0.08320011012256145,0.012294100597500801,0.9045057892799377
2021-04-06,ICICIBANK,0.9462506175041199,0.01802827976644039,0.035721126943826675
2021-04-07,BRITANNIA,0.07129903882741928,0.012984689325094223,0.9157163500785828
2021-04-07,HCLTECH,0.4798700003884733,0.4898401163518429,0.030289930291473866
2021-04-07,ICICIBANK,0.028542526066303253,0.023907288908958435,0.9475502371788025
2021-04-07,INDUSINDBK,0.7996282279491425,0.01277591846883297,0.18759586475789547
2021-04-07,KOTAKBANK,0.9484859704971313,0.018952278420329094,0.03256174549460411
2021-04-07,M&M,0.08959920704364777,0.014720546081662178,0.8956802487373352
2021-04-07,SBIN,0.9467593431472778,0.01830855756998062,0.034932103008031845
2021-04-07,TATASTEEL,0.47037842869758606,0.4819805920124054,0.04764091596007347
2021-04-07,TECHM,0.9482016861438751,0.020735357888042927,0.031062893569469452
2021-04-07,TITAN,0.9551362991333008,0.018014829605817795,0.026848766952753067
2021-04-08,BHARTIARTL,0.35505688190460205,0.577156126499176,0.06778707355260849
2021-04-08,BPCL,0.031139954924583435,0.030421720817685127,0.9384382963180542
2021-04-08,JSWSTEEL,0.486575610935688,0.4858522303402424,0.027572205290198326
2021-04-08,M&M,0.035095568746328354,0.029450785368680954,0.9354537129402161
2021-04-08,TITAN,0.9470747113227844,0.02238508313894272,0.03054022789001465
2021-04-09,ICICIBANK,0.023693757131695747,0.30235111713409424,0.6739550828933716
2021-04-09,TATASTEEL,0.03196105733513832,0.1093735471367836,0.858665406703949
2021-04-10,ASIANPAINT,0.9361264705657959,0.016379201784729958,0.0474943108856678
2021-04-11,ASIANPAINT,0.9526868462562561,0.02040792815387249,0.02690521813929081
2021-04-11,HINDUNILVR,0.951748251914978,0.020200539380311966,0.028051253408193588
2021-04-11,ITC,0.9523317217826843,0.021498313173651695,0.026169920340180397
2021-04-11,NESTLEIND,0.9480716586112976,0.023847680538892746,0.028080672025680542
2021-04-11,SBIN,0.04560529440641403,0.017315559089183807,0.937079131603241
2021-04-12,AXISBANK,0.02648555114865303,0.58352130651474,0.3899931013584137
2021-04-12,CIPLA,0.5175821334123611,0.019618586637079716,0.4627993209287524
2021-04-12,KOTAKBANK,0.0329955592751503,0.02195577695965767,0.9450486302375793
2021-04-12,ONGC,0.12167425453662872,0.010238496586680412,0.8680872321128845
2021-04-12,SBIN,0.0359300896525383,0.09921999275684357,0.8648498952388763
2021-04-13,ASIANPAINT,0.9538249373435974,0.02337227575480938,0.02280281111598015
2021-04-13,BAJFINANCE,0.954700231552124,0.020071258768439293,0.025228481739759445
2021-04-13,CIPLA,0.9378343820571899,0.009709895588457584,0.05245561897754669
2021-04-13,DRREDDY,0.07981585711240768,0.009694332256913185,0.9104898571968079
2021-04-13,HINDUNILVR,0.9531006813049316,0.021558178588747978,0.025341155007481575
2021-04-13,ITC,0.48275227285921574,0.4882995877414942,0.028948165476322174
2021-04-13,NESTLEIND,0.9501689076423645,0.020405455492436886,0.02942565828561783
2021-04-13,TECHM,0.7655653953552246,0.006982764229178429,0.22745181620121002
2021-04-14,BAJAJFINSV,0.7024024128913879,0.04718455299735069,0.2504130005836487
2021-04-14,BHARTIARTL,0.7811030149459839,0.017503775656223297,0.2013932317495346
2021-04-14,GRASIM,0.9550930261611938,0.02034507505595684,0.02456188201904297
2021-04-14,ICICIBANK,0.05551966279745102,0.12497352622449398,0.8195067942142487
2021-04-15,AXISBANK,0.08603937923908234,0.024856140837073326,0.889104425907135
2021-04-15,BAJAJ-AUTO,0.305155074223876,0.6260520520930489,0.06879286095499992
2021-04-15,BPCL,0.6798079609870911,0.008400826714932919,0.3117912709712982
2021-04-15,BRITANNIA,0.029184885323047638,0.23823986947536469,0.7325752377510071
2021-04-15,ICICIBANK,0.952385663986206,0.021066850051283836,0.02654750645160675
2021-04-15,INDUSINDBK,0.9530022740364075,0.021339712664484978,0.025658074766397476
2021-04-15,KOTAKBANK,0.9521319270133972,0.02246333844959736,0.025404738262295723
2021-04-15,SBIN,0.9519419074058533,0.021932139992713928,0.02612600103020668
2021-04-15,TECHM,0.02967570722103119,0.0437435545027256,0.9265807271003723
2021-04-15,ULTRACEMCO,0.5429281741380692,0.4195734718814492,0.037498414516448975
2021-04-16,BHARTIARTL,0.11866121739149094,0.009605087339878082,0.8717337250709534
2021-04-16,HEROMOTOCO,0.1491896826773882,0.0852624368853867,0.7655478715896606
2021-04-19,BPCL,0.4455603063106537,0.007902196608483791,0.546537458896637
2021-04-19,HCLTECH,0.9572763442993164,0.01539975218474865,0.027323894202709198
2021-04-20,BAJAJ-AUTO,0.09874086827039719,0.010231881402432919,0.8910272121429443
2021-04-20,CIPLA,0.010970236733555794,0.9496710896492004,0.03935873880982399
2021-04-20,DRREDDY,0.9121048450469971,0.025687946006655693,0.062207307666540146
2021-04-20,HEROMOTOCO,0.008474529720842838,0.9428117275238037,0.048713672906160355
2021-04-20,NESTLEIND,0.9435130655765533,0.02875497844070196,0.02773196343332529
2021-04-20,TATASTEEL,0.062370434403419495,0.014580314047634602,0.92304927110672
2021-04-20,TECHM,0.07193112373352051,0.011943788267672062,0.9161250591278076
2021-04-21,BAJAJ-AUTO,0.040912874042987823,0.04719105362892151,0.9118961095809937
2021-04-21,CIPLA,0.05825008824467659,0.011299804784357548,0.9304501414299011
2021-04-21,ITC,0.943309485912323,0.02532818913459778,0.03136228397488594
2021-04-21,JSWSTEEL,0.9107517004013062,0.010629239492118359,0.07861901819705963
2021-04-21,NESTLEIND,0.058678799867630006,0.017388898134231567,0.9239322781562805
2021-04-21,ONGC,0.01481601968407631,0.9216219186782837,0.06356203556060791
2021-04-21,SBIN,0.016087006777524948,0.8801584243774414,0.10375450551509857
2021-04-21,TATASTEEL,0.3414476414521535,0.020283168492217857,0.6382692257563273
2021-04-22,HCLTECH,0.09893187135457993,0.874083399772644,0.02698473632335663
2021-04-22,HEROMOTOCO,0.768020749092102,0.006654307246208191,0.22532495856285095
2021-04-22,NESTLEIND,0.22067114462455115,0.017256182618439198,0.7620726628229022
2021-04-22,POWERGRID,0.1648537665605545,0.008595549501478672,0.8265506625175476
2021-04-22,TATASTEEL,0.012711839750409126,0.9499579071998596,0.03733030706644058
2021-04-22,TECHM,0.3740408420562744,0.012189468368887901,0.6137696504592896
2021-04-23,BPCL,0.057001370936632156,0.028705032542347908,0.9142935872077942
2021-04-23,COALINDIA,0.8831297159194946,0.009689435362815857,0.10718090832233429
2021-04-23,HCLTECH,0.11023175716400146,0.8730415105819702,0.016726819798350334
2021-04-23,ICICIBANK,0.0242864228785038,0.03685056045651436,0.9388630390167236
2021-04-23,ULTRACEMCO,0.102607361972332,0.00953613594174385,0.8878565430641174
2021-04-24,ICICIBANK,0.8035793304443359,0.15132828056812286,0.04509240264693896
2021-04-25,JSWSTEEL,0.7581617832183838,0.007837408222258091,0.23400083184242249
2021-04-26,HCLTECH,0.0747090745717287,0.017168949358165264,0.9081219434738159
2021-04-26,ICICIBANK,0.327214527875185,0.026810575897494953,0.6459748571117719
2021-04-26,KOTAKBANK,0.020444730296730995,0.4920223355293274,0.48753294348716736
2021-04-26,SBIN,0.044402800500392914,0.01932811737060547,0.9362691044807434
2021-04-26,TECHM,0.06889750715345144,0.6948128475341946,0.23628963995724916
2021-04-27,AXISBANK,0.4562721746042371,0.3135979203507304,0.2301299348473549
2021-04-27,BAJFINANCE,0.9507215917110443,0.02105435635894537,0.02822402771562338
2021-04-27,TATASTEEL,0.8941349983215332,0.012739581055939198,0.09312547743320465
2021-04-27,TECHM,0.4472825350239873,0.024218008387833834,0.5284994319081306
2021-04-28,AXISBANK,0.133863544712464,0.3107432040075461,0.5553932264447212
2021-04-28,BAJAJFINSV,0.9380224347114563,0.03310519829392433,0.02887239120900631
2021-04-28,CIPLA,0.1309424191713333,0.017639128491282463,0.8514184355735779
2021-04-28,HEROMOTOCO,0.2462531328201294,0.017182795330882072,0.736564040184021
2021-04-28,ICICIBANK,0.05551517382264137,0.17706088721752167,0.7674239277839661
2021-04-28,TECHM,0.9149538278579712,0.060590602457523346,0.02445552870631218
2021-04-29,AXISBANK,0.5099592320621014,0.024884287267923355,0.46515644434839487
2021-04-29,BAJAJ-AUTO,0.6838210662826896,0.0677485759370029,0.24843039363622665
2021-04-29,BAJAJFINSV,0.4799306388013065,0.49859880190342665,0.0214705690741539
2021-04-29,BAJFINANCE,0.007492677541449666,0.9745991230010986,0.017908228561282158
2021-04-29,BRITANNIA,0.9497130215167999,0.0243040407076478,0.025982974097132683
2021-04-29,HINDUNILVR,0.9441689054171244,0.02778584447999795,0.028045269350210827
2021-04-29,JSWSTEEL,0.5836765170097351,0.009216675534844398,0.407106876373291
2021-04-29,SBIN,0.6684686541557312,0.00929322000592947,0.322238028049469
2021-04-29,TECHM,0.48032074444927275,0.4989631976932287,0.02071608044207096
2021-04-30,BAJAJ-AUTO,0.6038523018360138,0.018801354616880418,0.377346371114254
2021-04-30,BAJFINANCE,0.16384688019752502,0.008413075469434261,0.8277400135993958
2021-04-30,DRREDDY,0.918991208076477,0.0190077293664217,0.06200103834271431
2021-04-30,HINDUNILVR,0.3648464120924473,0.02985810535028577,0.6052954792976379
2021-04-30,ICICIBANK,0.019119981676340103,0.3775087296962738,0.603371262550354
2021-04-30,INDUSINDBK,0.9347264766693115,0.038072734139859676,0.027200821787118912
2021-04-30,ITC,0.16908670961856842,0.013850937597453594,0.8170623779296875
2021-05-01,HEROMOTOCO,0.010797782801091671,0.9746360778808594,0.014566134661436081
2021-05-01,M&M,0.021812094375491142,0.959425687789917,0.01876218058168888
2021-05-01,SBIN,0.02279130555689335,0.02537498250603676,0.9518337845802307
2021-05-03,BAJAJ-AUTO,0.06011832132935524,0.013935444876551628,0.9259462356567383
2021-05-03,ICICIBANK,0.01679607294499874,0.9372543096542358,0.04594956710934639
2021-05-03,INDUSINDBK,0.45673187728971243,0.020376144908368587,0.5228919498622417
2021-05-03,KOTAKBANK,0.9282294511795044,0.046844606598218284,0.024925970161954563
2021-05-03,ONGC,0.6774115562438965,0.26746678352355957,0.05512166768312454
2021-05-03,SBIN,0.39712288975715637,0.01221754401922226,0.5906595587730408
2021-05-04,EICHERMOT,0.1346437931060791,0.1755625605583191,0.6897936463356018
2021-05-04,ICICIBANK,0.7120012640953064,0.23714067041873932,0.05085806921124458
2021-05-04,INDUSINDBK,0.9503112733364105,0.023737303912639618,0.025951402261853218
2021-05-04,ITC,0.09368366748094559,0.026343608275055885,0.8799727559089661
2021-05-04,KOTAKBANK,0.031455546617507935,0.030235938727855682,0.9383085370063782
2021-05-05,BAJFINANCE,0.7746098637580872,0.00823027640581131,0.2171599268913269
2021-05-05,TATASTEEL,0.9146567185719808,0.05092711808780829,0.034416137263178825
2021-05-06,HEROMOTOCO,0.9479904472827911,0.025187944993376732,0.026821603067219257
2021-05-06,TATASTEEL,0.6421840613087019,0.028594445437192917,0.3292215323696534
2021-05-07,AXISBANK,0.032297540456056595,0.05803187936544418,0.9096705317497253
2021-05-07,HEROMOTOCO,0.9269917607307434,0.039811018854379654,0.03319722041487694
2021-05-07,JSWSTEEL,0.912888377904892,0.014768036548048258,0.07234361581504345
2021-05-07,TATASTEEL,0.4651164300739765,0.031717535108327866,0.5031660124659538
2021-05-07,TITAN,0.038474198430776596,0.0286053828895092,0.9329204559326172
2021-05-07,ULTRACEMCO,0.4843287719413638,0.4947273563593626,0.020943869836628437
2021-05-09,HEROMOTOCO,0.013332952745258808,0.8398581147193909,0.1468089371919632
2021-05-09,TATASTEEL,0.11509646475315094,0.015567594207823277,0.8693358898162842
2021-05-10,HEROMOTOCO,0.40897833618024987,0.16608982564260563,0.4249318440755208
2021-05-10,SBIN,0.03476649895310402,0.015185927972197533,0.950047492980957
2021-05-10,TATASTEEL,0.2307969480752945,0.016843241173774004,0.7523598074913025
2021-05-10,ULTRACEMCO,0.029843274503946304,0.03190784156322479,0.938248872756958
2021-05-11,CIPLA,0.040303464978933334,0.6292046904563904,0.330491840839386
2021-05-11,HEROMOTOCO,0.6385023149972161,0.33631953534980613,0.025178158034880955
2021-05-11,ICICIBANK,0.2046237736940384,0.011717656627297401,0.7836585640907288
2021-05-11,KOTAKBANK,0.9497092366218567,0.02426583506166935,0.026024922728538513
2021-05-11,ULTRACEMCO,0.5096805794164538,0.01942469272762537,0.47089472273364663
2021-05-12,ASIANPAINT,0.495723120868206,0.03291415981948376,0.47136269975453615
2021-05-12,BAJAJ-AUTO,0.07340806722640991,0.019584951922297478,0.9070069789886475
2021-05-12,EICHERMOT,0.008415228687226772,0.9231553077697754,0.06842949241399765
2021-05-12,HCLTECH,0.9472547769546509,0.01965765841305256,0.03308764100074768
2021-05-12,SBIN,0.05638286471366882,0.047194816172122955,0.8964223265647888
2021-05-13,ASIANPAINT,0.6829978177944819,0.02754712477326393,0.28945504563550156
2021-05-13,AXISBANK,0.07771573960781097,0.009906543418765068,0.9123777151107788
2021-05-13,BAJFINANCE,0.05898725613951683,0.011080923490226269,0.9299318194389343
2021-05-13,ICICIBANK,0.052995312958955765,0.06993945688009262,0.8770652413368225
2021-05-13,ITC,0.21635617315769196,0.07831825315952301,0.7053256034851074
2021-05-13,SBIN,0.26796677708625793,0.014296350069344044,0.7177368402481079
2021-05-13,TECHM,0.09466205909848213,0.011094920802861452,0.8942430317401886
2021-05-14,ASIANPAINT,0.09447302669286728,0.04547879099845886,0.8600481748580933
2021-05-14,AXISBANK,0.10710340738296509,0.009443653747439384,0.8834528923034668
2021-05-14,CIPLA,0.94136510292689,0.03235957212746143,0.026275355368852615
2021-05-14,DRREDDY,0.48567564017139375,0.260920740198344,0.2534036128781736
2021-05-14,ONGC,0.1434590071439743,0.008995297364890575,0.8475456833839417
2021-05-14,TECHM,0.09077516943216324,0.010019735433161259,0.8992050886154175
2021-05-15,HEROMOTOCO,0.502237856388092,0.03455289453268051,0.46320924162864685
2021-05-16,DRREDDY,0.46589529514312744,0.02479441836476326,0.509310245513916
2021-05-17,BHARTIARTL,0.4817620594985783,0.4810102516785264,0.03722767625004053
2021-05-17,CIPLA,0.31984692097951967,0.3304703727674981,0.349682758251826
2021-05-17,DRREDDY,0.10900001041591167,0.027225851081311703,0.8637741506099701
2021-05-17,HEROMOTOCO,0.1812879592180252,0.007138392422348261,0.8115736842155457
2021-05-17,LT,0.027750223875045776,0.04656030610203743,0.9256894588470459
2021-05-17,ONGC,0.8050971031188965,0.006938167382031679,0.1879647672176361
2021-05-18,AXISBANK,0.05232081562280655,0.015141972340643406,0.9325372576713562
2021-05-18,BAJAJ-AUTO,0.20751789212226868,0.01371069811284542,0.7787714004516602
2021-05-18,BAJAJFINSV,0.038532547652721405,0.02461158111691475,0.9368558526039124
2021-05-18,BHARTIARTL,0.03153782710433006,0.03071780689060688,0.9377443194389343
2021-05-18,COALINDIA,0.4322696328163147,0.007876412943005562,0.5598539710044861
2021-05-18,HINDALCO,0.04164489358663559,0.052244361490011215,0.9061107039451599
2021-05-18,MARUTI,0.149186372756958,0.012817084789276123,0.8379965722560883
2021-05-18,ONGC,0.03199042193591595,0.6201864778995514,0.3478230983018875
2021-05-19,BHARTIARTL,0.3702538435657819,0.06630196670691173,0.5634442083537579
2021-05-19,EICHERMOT,0.010003547184169292,0.9393901228904724,0.050606392323970795
2021-05-19,HCLTECH,0.24504749476909637,0.009467381052672863,0.7454851269721985
2021-05-19,KOTAKBANK,0.06686393171548843,0.014122815802693367,0.919013261795044
2021-05-19,ONGC,0.014092296361923218,0.9337501525878906,0.05215750262141228
2021-05-19,SBIN,0.054541174322366714,0.014292561449110508,0.9311662912368774
2021-05-19,TECHM,0.10343663394451141,0.009784003719687462,0.8867793679237366
2021-05-20,AXISBANK,0.15816454589366913,0.013106899335980415,0.8287284970283508
2021-05-20,BAJFINANCE,0.0871487483382225,0.010167283937335014,0.9026839733123779
2021-05-20,BHARTIARTL,0.6624736165006956,0.0167398639023304,0.320786493519942
2021-05-20,CIPLA,0.8192372918128967,0.015943282516673207,0.16481939144432545
2021-05-20,ICICIBANK,0.04730122908949852,0.2593353996053338,0.6933633834123611
2021-05-20,M&M,0.8460379838943481,0.11622000485658646,0.03774194046854973
2021-05-20,MARUTI,0.0720066949725151,0.015560259111225605,0.9124330282211304
2021-05-20,ONGC,0.03751080669462681,0.7164223790168762,0.24606679752469063
2021-05-20,TECHM,0.07074136286973953,0.016861964017152786,0.9123966693878174
2021-05-21,HCLTECH,0.11177898943424225,0.011533470824360847,0.8766875267028809
2021-05-21,INDUSINDBK,0.05658767372369766,0.018683353438973427,0.9247289896011353
2021-05-21,JSWSTEEL,0.932298481464386,0.04416041448712349,0.02354121394455433
2021-05-21,M&M,0.019622473046183586,0.39882320165634155,0.5815542936325073
2021-05-21,MARUTI,0.08432462811470032,0.018482664600014687,0.897192656993866
2021-05-21,ONGC,0.04663071548566222,0.9014508724212646,0.051918383687734604
2021-05-21,SBIN,0.33037994677821797,0.31005694530904293,0.35956311225891113
2021-05-21,TECHM,0.1552416980266571,0.009402534924447536,0.8353557586669922
2021-05-22,DRREDDY,0.5530275702476501,0.01233337540179491,0.4346390664577484
2021-05-22,JSWSTEEL,0.10903189331293106,0.012118452228605747,0.8788496851921082
2021-05-23,JSWSTEEL,0.03569711744785309,0.8225165009498596,0.1417863368988037
2021-05-24,DRREDDY,0.8801743388175964,0.011219081468880177,0.10860656201839447
2021-05-24,GRASIM,0.9522984027862549,0.021508727222681046,0.02619290165603161
2021-05-24,HINDALCO,0.3391430551807086,0.06688575601826112,0.5939711431662241
2021-05-24,JSWSTEEL,0.2756936987861991,0.4830200597643852,0.24128617998212576
2021-05-24,ONGC,0.18551672995090485,0.5686383247375488,0.24584496021270752
2021-05-24,SBIN,0.029912129044532776,0.03489897772669792,0.935188889503479
2021-05-24,TATASTEEL,0.018199492245912552,0.3885175585746765,0.59328293800354
2021-05-25,ASIANPAINT,0.0730532631278038,0.012322796508669853,0.9146239757537842
2021-05-25,BAJAJ-AUTO,0.11091722548007965,0.01015148963779211,0.8789312839508057
2021-05-25,BAJAJFINSV,0.05089262127876282,0.012827057391405106,0.9362803101539612
2021-05-25,BPCL,0.02996935322880745,0.026888027787208557,0.9431426525115967
2021-05-25,CIPLA,0.09789678454399109,0.011394958943128586,0.8907082676887512
2021-05-25,HINDUNILVR,0.08906864374876022,0.010844295844435692,0.9000870585441589
2021-05-25,INDUSINDBK,0.07280982285737991,0.010825179517269135,0.916364997625351
2021-05-25,KOTAKBANK,0.05358373001217842,0.01214465219527483,0.9342716336250305
2021-05-26,BPCL,0.30506837368011475,0.07834869623184204,0.6165829300880432
2021-05-26,EICHERMOT,0.009220168925821781,0.9431850910186768,0.047594837844371796
2021-05-26,GRASIM,0.9523603320121765,0.020103389397263527,0.02753625065088272
2021-05-26,JSWSTEEL,0.018616409972310066,0.9562680721282959,0.025115517899394035
2021-05-26,KOTAKBANK,0.04392239451408386,0.024052904918789864,0.9320246577262878
2021-05-26,MARUTI,0.6878697872161865,0.010974420234560966,0.3011557459831238
2021-05-26,SBIN,0.2161201536655426,0.6312448382377625,0.15263500809669495
2021-05-26,TATASTEEL,0.04112337436527014,0.48877611104398966,0.4701005229726434
2021-05-27,EICHERMOT,0.48215970676392317,0.031364343129098415,0.48647592682391405
2021-05-27,HCLTECH,0.5093987584114075,0.009512482210993767,0.4810887575149536
2021-05-27,HEROMOTOCO,0.08668892830610275,0.011159076821058989,0.9021520018577576
2021-05-27,ICICIBANK,0.040985897183418274,0.01932474598288536,0.9396893978118896
2021-05-27,JSWSTEEL,0.019017158076167107,0.8256734609603882,0.15530933439731598
2021-05-27,ONGC,0.02247629500925541,0.2804146409034729,0.6971091032028198
2021-05-27,SBIN,0.1999962031841278,0.010140764527022839,0.7898630499839783
2021-05-27,SUNPHARMA,0.4878820348531008,0.020956410095095634,0.4911616016179323
2021-05-28,BAJAJ-AUTO,0.8355002403259277,0.014165246859192848,0.15033456683158875
2021-05-28,BPCL,0.7157810479402542,0.0181441567838192,0.26607475367685157
2021-05-28,CIPLA,0.46377323754131794,0.016462257597595453,0.5197645239531994
2021-05-28,EICHERMOT,0.5391392158344388,0.02066359855234623,0.44019719725474715
2021-05-28,HINDUNILVR,0.014859926886856556,0.9657176733016968,0.019422408193349838
2021-05-28,M&M,0.49242972396314144,0.025356790982186794,0.4822135204449296
2021-05-28,SBIN,0.036354247480630875,0.09856252372264862,0.8650832176208496
2021-05-28,SUNPHARMA,0.6454944921036562,0.023000146572788555,0.33150535449385643
2021-05-29,KOTAKBANK,0.709954023361206,0.010145388543605804,0.27990055084228516
2021-05-30,LT,0.7039601802825928,0.025454191491007805,0.2705855965614319
2021-05-31,BHARTIARTL,0.8922201991081238,0.009487575851380825,0.09829217940568924
2021-05-31,BPCL,0.07326404005289078,0.012411226518452168,0.9143247604370117
2021-05-31,CIPLA,0.7086978554725647,0.010309260338544846,0.28099286556243896
2021-05-31,EICHERMOT,0.09805724769830704,0.013291389681398869,0.888651430606842
2021-05-31,ICICIBANK,0.5022625227769216,0.024592801307638485,0.47314463555812836
2021-05-31,M&M,0.056732628494501114,0.3201627094919483,0.6231046238293251
2021-05-31,ONGC,0.04586929827928543,0.21702025830745697,0.737110435962677
2021-05-31,SBIN,0.03459561988711357,0.04260279983282089,0.9228016138076782
2021-05-31,SUNPHARMA,0.07436291128396988,0.011497597210109234,0.914139449596405
2021-05-31,TATASTEEL,0.04526883363723755,0.02870573103427887,0.9260254502296448
2021-06-01,AXISBANK,0.045705053955316544,0.02108316496014595,0.9332118034362793
2021-06-01,BAJAJ-AUTO,0.9359720349311829,0.023056709673255682,0.04097123444080353
2021-06-01,BAJAJFINSV,0.07723865658044815,0.010994115844368935,0.9117672443389893
2021-06-01,HEROMOTOCO,0.010186907835304737,0.9747689366340637,0.015044149942696095
2021-06-01,ITC,0.023087598849087954,0.4991789283230901,0.47773345932364464
2021-06-01,M&M,0.9496404826641083,0.023615782149136066,0.02674370352178812
2021-06-01,SBIN,0.6417403817176819,0.00942845270037651,0.3488312065601349
2021-06-01,SUNPHARMA,0.08862344175577164,0.008909649215638638,0.9024669528007507
2021-06-02,BAJAJ-AUTO,0.22457481920719147,0.2845506276935339,0.4908745735883713
2021-06-02,ICICIBANK,0.3406519591808319,0.00791765283793211,0.6514303684234619
2021-06-02,ITC,0.22906619124114513,0.1285668259486556,0.6423669755458832
2021-06-02,MARUTI,0.03599497675895691,0.025643743574619293,0.9383612275123596
2021-06-03,COALINDIA,0.08446210622787476,0.011781882494688034,0.9037560224533081
2021-06-03,INDUSINDBK,0.016084862872958183,0.951042890548706,0.032872285693883896
2021-06-03,ITC,0.5083550531417131,0.018386328127235174,0.4732586476020515
2021-06-03,ONGC,0.030867042019963264,0.49447089806199074,0.4746620748192072
2021-06-04,AXISBANK,0.11357367411255836,0.04287775745615363,0.8435485661029816
2021-06-04,ITC,0.048710644245147705,0.012713556177914143,0.9385758638381958
2021-06-04,SUNPHARMA,0.08605632930994034,0.009455123916268349,0.9044885635375977
2021-06-05,INDUSINDBK,0.8544071912765503,0.006958713289350271,0.13863414525985718
2021-06-05,ITC,0.02240728586912155,0.7871677875518799,0.1904248744249344
2021-06-06,DRREDDY,0.19268088042736053,0.5173079371452332,0.2900111675262451
2021-06-06,MARUTI,0.949991762638092,0.01781907118856907,0.032189108431339264
2021-06-06,TATASTEEL,0.7804839015007019,0.012137887999415398,0.20737820863723755
2021-06-07,AXISBANK,0.15857340395450592,0.0360318124294281,0.8053947687149048
2021-06-07,BAJFINANCE,0.03578360937535763,0.4903237638063729,0.4738925900310278
2021-06-07,ITC,0.1607670783996582,0.010522148571908474,0.8287107348442078
2021-06-07,ONGC,0.03343718498945236,0.03576698899269104,0.9307959079742432
2021-06-07,SBIN,0.06558378040790558,0.01248593907803297,0.9219303131103516
2021-06-08,BAJAJ-AUTO,0.0730508491396904,0.04173000529408455,0.8852190971374512
2021-06-08,BAJFINANCE,0.06698839366436005,0.009674561209976673,0.9233371019363403
2021-06-08,ITC,0.05825767666101456,0.04318637913092971,0.8985559344291687
2021-06-08,TATASTEEL,0.2262793481349945,0.009299198165535927,0.7644214630126953
2021-06-09,ASIANPAINT,0.08080754429101944,0.010470897890627384,0.9087215662002563
2021-06-09,ITC,0.10061071813106537,0.009724490344524384,0.8896647691726685
2021-06-09,SBIN,0.08080480992794037,0.013931508176028728,0.9052637219429016
2021-06-09,TECHM,0.2971201241016388,0.010703272186219692,0.6921765804290771
2021-06-10,JSWSTEEL,0.9388830065727234,0.030881792306900024,0.030235199257731438
2021-06-10,TATASTEEL,0.5181606411933899,0.04702433571219444,0.43481504917144775
2021-06-11,BAJFINANCE,0.5774241089820862,0.07392945885658264,0.3486464321613312
2021-06-11,ONGC,0.03362492471933365,0.28573930263519287,0.6806357502937317
2021-06-12,ICICIBANK,0.9263597130775452,0.010955240577459335,0.062685027718544
2021-06-13,AXISBANK,0.9007205963134766,0.008497528731822968,0.09078194200992584
2021-06-13,BPCL,0.31584233045578003,0.030673980712890625,0.6534836888313293
2021-06-13,COALINDIA,0.1631515882909298,0.012647707015275955,0.8242006599903107
2021-06-13,ITC,0.8337119817733765,0.006520310882478952,0.159767746925354
2021-06-14,COALINDIA,0.018701262306421995,0.4994238615036011,0.4818748524412513
2021-06-14,HCLTECH,0.07730240374803543,0.014582714065909386,0.9081149101257324
2021-06-15,COALINDIA,0.8287937939167023,0.09801981877535582,0.07318639382719994
2021-06-16,BPCL,0.9295973181724548,0.02136407233774662,0.04903858155012131
2021-06-16,COALINDIA,0.008087689988315105,0.9754546880722046,0.016457587480545044
2021-06-16,DRREDDY,0.07280305027961731,0.43167832493782043,0.49551862478256226
2021-06-16,ICICIBANK,0.6703939437866211,0.012723672203719616,0.3168823793530464
2021-06-16,SBIN,0.2671825885772705,0.008531177416443825,0.7242862582206726
2021-06-17,POWERGRID,0.6416387837380171,0.026222158844272297,0.3321390151977539
2021-06-18,COALINDIA,0.9411416053771973,0.017938174307346344,0.04092021659016609
2021-06-18,HINDUNILVR,0.08401209115982056,0.016915006563067436,0.8990728855133057
2021-06-18,POWERGRID,0.8583009839057922,0.025370799005031586,0.11632822453975677
2021-06-19,NTPC,0.9251452088356018,0.045177750289440155,0.029677024111151695
2021-06-19,SBIN,0.0377240888774395,0.1550239771604538,0.8072518706321716
2021-06-19,TITAN,0.06616327911615372,0.3136248290538788,0.6202118396759033
2021-06-21,BRITANNIA,0.6397602558135986,0.01755298674106598,0.3426867127418518
2021-06-21,COALINDIA,0.07470124214887619,0.019953453913331032,0.9053452610969543
2021-06-21,HINDUNILVR,0.05953545123338699,0.016579532995820045,0.9238849878311157
2021-06-21,ICICIBANK,0.35159666277468204,0.044940112779537834,0.6034632132699093
2021-06-21,MARUTI,0.8955056667327881,0.011651698499917984,0.09284265339374542
2021-06-21,NTPC,0.47436382714658976,0.5021936297416687,0.023442544974386692
2021-06-22,AXISBANK,0.9275100827217102,0.01170751266181469,0.06078241765499115
2021-06-22,HEROMOTOCO,0.9341138601303101,0.01224606204777956,0.05364004522562027
2021-06-22,HINDUNILVR,0.05299175903201103,0.04580461606383324,0.9012036323547363
2021-06-22,ICICIBANK,0.14435751736164093,0.027719786390662193,0.8279227018356323
2021-06-22,MARUTI,0.9429961442947388,0.025074461475014687,0.031929343938827515
2021-06-22,NTPC,0.24060723185539246,0.009133484214544296,0.750259280204773
2021-06-22,ONGC,0.012021809816360474,0.9586880803108215,0.029290147125720978
2021-06-23,BHARTIARTL,0.030483428388834,0.05130040645599365,0.9182161688804626
2021-06-23,CIPLA,0.8303354382514954,0.014748964458703995,0.15491558611392975
2021-06-23,HEROMOTOCO,0.948408842086792,0.02219160459935665,0.02939951792359352
2021-06-23,ICICIBANK,0.9511463046073914,0.022748056799173355,0.02610561065375805
2021-06-23,NTPC,0.9270464181900024,0.013575931545346975,0.05937764421105385
2021-06-24,INDUSINDBK,0.9487754702568054,0.018563957884907722,0.032660603523254395
2021-06-24,ONGC,0.9480983018875122,0.017121415585279465,0.034780267626047134
2021-06-24,RELIANCE,0.08511417265981436,0.09202284272760153,0.822862982749939
2021-06-24,TATASTEEL,0.0683036670088768,0.014985543675720692,0.9167107939720154
2021-06-25,INDUSINDBK,0.09245863556861877,0.01160955335944891,0.8959318399429321
2021-06-25,ONGC,0.8956791162490845,0.026738928630948067,0.07758193463087082
2021-06-25,RELIANCE,0.31458889273926616,0.2373757758177817,0.4480353333055973
2021-06-25,SBIN,0.7833659052848816,0.013926489278674126,0.20270757377147675
2021-06-26,BAJAJ-AUTO,0.07185167074203491,0.012047833763062954,0.9161005616188049
2021-06-26,RELIANCE,0.03422287106513977,0.13757571578025818,0.828201413154602
2021-06-27,KOTAKBANK,0.13485683500766754,0.009380933828651905,0.8557621836662292
2021-06-27,NTPC,0.1855926513671875,0.008175130002200603,0.8062322735786438
2021-06-28,ONGC,0.9321460723876953,0.03427939489483833,0.033574506640434265
2021-06-28,RELIANCE,0.1905018836259842,0.09038243442773819,0.719115674495697
2021-06-28,SBIN,0.19320693612098694,0.05474463105201721,0.7520483732223511
2021-06-29,AXISBANK,0.8869229555130005,0.008670216426253319,0.10440681874752045
2021-06-29,CIPLA,0.7527747948964437,0.01163615503658851,0.2355890447894732
2021-06-29,COALINDIA,0.8338856101036072,0.008441445417702198,0.15767301619052887
2021-06-29,HEROMOTOCO,0.051628101617097855,0.017820553854107857,0.9305513501167297
2021-06-29,INDUSINDBK,0.0469956248998642,0.01768036186695099,0.9353240132331848
2021-06-29,ITC,0.42486271262168884,0.00812669936567545,0.5670105218887329
2021-06-29,JSWSTEEL,0.10611062496900558,0.012818797491490841,0.881070613861084
2021-06-29,POWERGRID,0.4636577069759369,0.01387498714029789,0.522467315196991
2021-06-29,SBIN,0.02743653394281864,0.03649525344371796,0.9360682368278503
2021-06-30,AXISBANK,0.9417524337768555,0.021022699773311615,0.03722483664751053
2021-06-30,BAJAJ-AUTO,0.0221673883497715,0.5308006405830383,0.44703200459480286
2021-06-30,INDUSINDBK,0.9235939979553223,0.04059244692325592,0.035813573747873306
2021-06-30,JSWSTEEL,0.9231094717979431,0.012768514454364777,0.06412198394536972
2021-06-30,RELIANCE,0.935623049736023,0.03312460705637932,0.031252309679985046
2021-06-30,TITAN,0.7048711776733398,0.00923324003815651,0.28589558601379395
2021-07-01,AXISBANK,0.030179141089320183,0.036198779940605164,0.9336220622062683
2021-07-01,BAJAJ-AUTO,0.6841422617435455,0.021879921356836956,0.29397783738871414
2021-07-01,HEROMOTOCO,0.09287462383508682,0.06664111465215683,0.8404842615127563
2021-07-01,LT,0.03530498594045639,0.015724144876003265,0.9489708542823792
2021-07-01,MARUTI,0.4876759070903063,0.10876620002090931,0.40355786960572004
2021-07-01,TITAN,0.02730364166200161,0.03670964017510414,0.9359867572784424
2021-07-02,BHARTIARTL,0.8038453757762909,0.010893655475229025,0.18526097387075424
2021-07-02,KOTAKBANK,0.661198616027832,0.11373633146286011,0.22506509721279144
2021-07-02,M&M,0.025363512337207794,0.9609255194664001,0.01371095236390829
2021-07-02,RELIANCE,0.26980406045913696,0.010423013009130955,0.7197729349136353
2021-07-05,AXISBANK,0.5212798714637756,0.011866006068885326,0.4668540954589844
2021-07-05,BAJAJFINSV,0.9223257303237915,0.009911122731864452,0.06776311993598938
2021-07-05,HCLTECH,0.43160340189933777,0.541172981262207,0.027223611250519753
2021-07-05,ICICIBANK,0.041332125663757324,0.057907190173864365,0.9007607102394104
2021-07-05,NTPC,0.7793413996696472,0.010375967249274254,0.2102825939655304
2021-07-05,TATASTEEL,0.9369735717773438,0.02240645047277212,0.04061995446681976
2021-07-06,BAJAJ-AUTO,0.31341058015823364,0.12738579511642456,0.5592036247253418
2021-07-06,BAJFINANCE,0.9508219957351685,0.02218799851834774,0.026990022510290146
2021-07-06,KOTAKBANK,0.45078665018081665,0.00939385686069727,0.5398194789886475
2021-07-06,SBIN,0.025808976963162422,0.02315911278128624,0.9510318636894226
2021-07-06,TECHM,0.6106101274490356,0.007858317345380783,0.3815315365791321
2021-07-06,ULTRACEMCO,0.1258784532546997,0.008370375260710716,0.8657512068748474
2021-07-07,BAJAJFINSV,0.21875451505184174,0.7549834251403809,0.02626201882958412
2021-07-07,ONGC,0.011176835745573044,0.9667502641677856,0.022072933614253998
2021-07-07,TATASTEEL,0.3570222929120064,0.026028233890732128,0.6169494949281216
2021-07-08,AXISBANK,0.9490026235580444,0.020367953926324844,0.030629443004727364
2021-07-08,BAJAJ-AUTO,0.10198918730020523,0.012927279807627201,0.8850835561752319
2021-07-08,CIPLA,0.3475904166698456,0.008733636699616909,0.6436759829521179
2021-07-08,ICICIBANK,0.9489656686782837,0.02001214399933815,0.031022215262055397
2021-07-08,INDUSINDBK,0.4789801649749279,0.4916218798607588,0.02939792349934578
2021-07-08,KOTAKBANK,0.9491510987281799,0.021704785525798798,0.02914406917989254
2021-07-08,TATASTEEL,0.1274111568927765,0.010817714035511017,0.8617711663246155
2021-07-08,TITAN,0.18931755423545837,0.019888896495103836,0.7907935380935669
2021-07-09,BAJAJFINSV,0.05737429857254028,0.29366764426231384,0.6489580273628235
2021-07-09,HCLTECH,0.39393603801727295,0.008199109695851803,0.5978648066520691
2021-07-09,HINDUNILVR,0.3022136390209198,0.011433123610913754,0.6863532662391663
2021-07-09,INDUSINDBK,0.377031147480011,0.00707979965955019,0.6158890724182129
2021-07-09,JSWSTEEL,0.5033367518335581,0.01699072914198041,0.47967254649847746
2021-07-09,KOTAKBANK,0.067167729139328,0.05020160228013992,0.8826306462287903
2021-07-09,TATASTEEL,0.9191166758537292,0.011480901390314102,0.06940239667892456
2021-07-10,MARUTI,0.19732631742954254,0.010094794444739819,0.792578935623169
2021-07-11,ONGC,0.1578112095594406,0.009614379145205021,0.8325743675231934
2021-07-12,ASIANPAINT,0.943660318851471,0.017041310667991638,0.03929835185408592
2021-07-12,BAJAJ-AUTO,0.9442659020423889,0.014512077905237675,0.04122209921479225
2021-07-12,BAJFINANCE,0.06910133361816406,0.012338894419372082,0.918559730052948
2021-07-12,CIPLA,0.025390183553099632,0.9219121932983398,0.0526975616812706
2021-07-12,COALINDIA,0.9342247843742371,0.01370178535580635,0.052073463797569275
2021-07-12,DRREDDY,0.03605641424655914,0.5847833752632141,0.3791602551937103
2021-07-12,HEROMOTOCO,0.6657462865114212,0.012755032163113356,0.3214986752718687
2021-07-12,HINDALCO,0.948444128036499,0.014837582595646381,0.03671833127737045
2021-07-12,ITC,0.9460458159446716,0.016396095976233482,0.037558067589998245
2021-07-12,JSWSTEEL,0.050351861864328384,0.022359080612659454,0.9272890090942383
2021-07-12,M&M,0.9353206157684326,0.01683414727449417,0.04784534126520157
2021-07-12,MARUTI,0.5882834196090698,0.2716200277209282,0.14009654894471169
2021-07-12,NESTLEIND,0.9467083215713501,0.01829621195793152,0.03499549999833107
2021-07-12,RELIANCE,0.040827617049217224,0.8018395304679871,0.1573328822851181
2021-07-12,SBIN,0.07208473235368729,0.013996581546962261,0.913918673992157
2021-07-12,TATASTEEL,0.03362269699573517,0.025720471516251564,0.9406567811965942
2021-07-12,ULTRACEMCO,0.9494320154190063,0.014742061495780945,0.03582589328289032
2021-07-13,AXISBANK,0.9494820237159729,0.016824010759592056,0.03369396552443504
2021-07-13,BAJAJFINSV,0.010201387107372284,0.9589904546737671,0.030808186158537865
2021-07-13,BAJFINANCE,0.9493216872215271,0.01570012792944908,0.034978192299604416
2021-07-13,BRITANNIA,0.01626993902027607,0.9290112853050232,0.0547187477350235
2021-07-13,CIPLA,0.9542952179908752,0.020198775455355644,0.02550601214170456
2021-07-13,COALINDIA,0.3181612193584442,0.006552960257977247,0.6752857565879822
2021-07-13,DRREDDY,0.9532278180122375,0.020321447402238846,0.02645076811313629
2021-07-13,HEROMOTOCO,0.04442395642399788,0.6254714727401733,0.3301045894622803
2021-07-13,INDUSINDBK,0.950424075126648,0.015830816701054573,0.033745091408491135
2021-07-13,LT,0.9447414875030518,0.016287971287965775,0.03897053003311157
2021-07-13,NTPC,0.7445960640907288,0.01109471001351873,0.24430923536419868
2021-07-13,SBIN,0.04822718724608421,0.03552839532494545,0.9162444472312927
2021-07-13,SUNPHARMA,0.9532291293144226,0.01909581571817398,0.027675043791532516
2021-07-14,AXISBANK,0.4862788086757064,0.36657435540109873,0.1471468834206462
2021-07-14,ICICIBANK,0.3342659315094352,0.3385105499376853,0.32722350396215916
2021-07-14,ITC,0.12597240507602692,0.5590673685073853,0.3149602711200714
2021-07-14,KOTAKBANK,0.9523987174034119,0.017077254131436348,0.03052402287721634
2021-07-14,SBIN,0.9521164894104004,0.01806759089231491,0.029816001653671265
2021-07-15,AXISBANK,0.9537631273269653,0.021759621798992157,0.024477241560816765
2021-07-15,BAJAJ-AUTO,0.953659862279892,0.017840249463915825,0.028499816544353962
2021-07-15,BAJFINANCE,0.9509415030479431,0.01670583337545395,0.03235270082950592
2021-07-15,EICHERMOT,0.0648731216788292,0.020856259390711784,0.9142706394195557
2021-07-15,HEROMOTOCO,0.9525099694728851,0.019344747066497803,0.028145328164100647
2021-07-15,ICICIBANK,0.953835129737854,0.02163970097899437,0.02452518232166767
2021-07-15,ITC,0.9063587784767151,0.05771389603614807,0.035927318036556244
2021-07-15,KOTAKBANK,0.9532918334007263,0.022136401385068893,0.02457178197801113
2021-07-15,MARUTI,0.07751267310231924,0.44941083528101444,0.4730765335261822
2021-07-15,NTPC,0.864551842212677,0.015872707590460777,0.11957547068595886
2021-07-15,SBIN,0.9529963135719299,0.021628879010677338,0.025374822318553925
2021-07-15,ULTRACEMCO,0.9499666094779968,0.01549728773534298,0.03453611209988594
2021-07-16,BAJAJ-AUTO,0.04210226610302925,0.05986718460917473,0.8980305194854736
2021-07-16,BAJFINANCE,0.9550375938415527,0.02021987922489643,0.02474253997206688
2021-07-16,ITC,0.057540085166692734,0.7967033386230469,0.1457565724849701
2021-07-16,RELIANCE,0.23736990988254547,0.009096987545490265,0.753533124923706
2021-07-17,HCLTECH,0.09290673583745956,0.027768099680542946,0.8793251514434814
2021-07-19,HCLTECH,0.9336482733488083,0.03495680820196867,0.03139492589980364
2021-07-19,MARUTI,0.8036405444145203,0.008505366742610931,0.1878541260957718
2021-07-19,RELIANCE,0.26431489177048206,0.14181028958410025,0.5938748046755791
2021-07-20,ASIANPAINT,0.9321381449699402,0.0288989944383502,0.03896288449565569
2021-07-20,AXISBANK,0.037307992577552795,0.04286481812596321,0.9198272228240967
2021-07-20,BAJFINANCE,0.46959144342690706,0.509926388040185,0.020482121966779232
2021-07-20,HCLTECH,0.03014836460351944,0.031725164502859116,0.9381265044212341
2021-07-20,ICICIBANK,0.8982745409011841,0.006731513421982527,0.09499385952949524
2021-07-21,ASIANPAINT,0.08466038107872009,0.02394254133105278,0.8913970589637756
2021-07-21,BAJAJ-AUTO,0.12133779376745224,0.011969340965151787,0.8666929006576538
2021-07-21,BAJAJFINSV,0.008321561850607395,0.9743752479553223,0.01730317249894142
2021-07-21,BAJFINANCE,0.10995887219905853,0.2767412926380833,0.6132998441656431
2021-07-21,BHARTIARTL,0.04423140734434128,0.11261437833309174,0.84315425157547
2021-07-21,HCLTECH,0.09704042598605156,0.00984506355598569,0.8931145370006561
2021-07-21,ICICIBANK,0.9180847406387329,0.05037013813853264,0.03154516592621803
2021-07-22,ASIANPAINT,0.46356150538971025,0.06336487255369623,0.4730736222118139
2021-07-22,BAJAJ-AUTO,0.707835465669632,0.024758186656981707,0.26740639097988605
2021-07-22,BAJAJFINSV,0.007728310767561197,0.974972277879715,0.017299437895417213
2021-07-22,BAJFINANCE,0.5035517057403922,0.021647635381668806,0.47480064537376165
2021-07-22,BHARTIARTL,0.06975961476564407,0.05546357296407223,0.8747767806053162
2021-07-22,BPCL,0.6770222783088684,0.0749015873298049,0.24807613529264927
2021-07-22,HCLTECH,0.7493430376052856,0.009464508853852749,0.24119246006011963
2021-07-22,HINDUNILVR,0.6926606222987175,0.24156661797314882,0.06577280210331082
2021-07-22,ULTRACEMCO,0.9508817791938782,0.020296543836593628,0.028821604326367378
2021-07-23,BAJAJ-AUTO,0.4813413340598345,0.036162373959086835,0.4824962951242924
2021-07-23,BHARTIARTL,0.09310373663902283,0.8665268421173096,0.04036938026547432
2021-07-23,BPCL,0.21364714205265045,0.013653061352670193,0.772699773311615
2021-07-23,HINDUNILVR,0.41541173588484526,0.024714481085538864,0.5598738193511963
2021-07-23,ICICIBANK,0.25049376487731934,0.015256473794579506,0.7342497706413269
2021-07-23,JSWSTEEL,0.3903951942920685,0.1826670914888382,0.4269377291202545
2021-07-23,NTPC,0.9121202230453491,0.011623671278357506,0.076256163418293
2021-07-23,RELIANCE,0.9266051848729452,0.02458320806423823,0.04881164493660132
2021-07-23,ULTRACEMCO,0.03281690925359726,0.026070715859532356,0.9411123991012573
2021-07-24,AXISBANK,0.48903027176856995,0.08651681244373322,0.42445290088653564
2021-07-24,ICICIBANK,0.8901017308235168,0.016156278550624847,0.09374194592237473
2021-07-24,ITC,0.9096598923206329,0.06118299067020416,0.02915717475116253
2021-07-25,EICHERMOT,0.40733209252357483,0.007594197988510132,0.585073709487915
2021-07-25,ICICIBANK,0.028659814968705177,0.9424938559532166,0.028846345841884613
2021-07-26,AXISBANK,0.9442393978436788,0.02875753678381443,0.027003019427259762
2021-07-26,BAJAJ-AUTO,0.36896918962399167,0.0946649828304847,0.5363658089190722
2021-07-26,BAJAJFINSV,0.10986346751451492,0.6793728470802307,0.21076364815235138
2021-07-26,HINDUNILVR,0.42030898481607437,0.01834782473742962,0.5613431800156832
2021-07-26,ICICIBANK,0.28805541759356856,0.03540482418611646,0.6765397572889924
2021-07-26,INDUSINDBK,0.04883093386888504,0.6738903522491455,0.27727869153022766
2021-07-26,ITC,0.7602559074759483,0.02783760391175747,0.2119064901024103
2021-07-26,JSWSTEEL,0.6630856543779373,0.3078807042911649,0.029033641330897808
2021-07-26,KOTAKBANK,0.9400852918624878,0.02939236971239249,0.03052232600748539
2021-07-26,NTPC,0.15524153411388397,0.009013098664581776,0.8357453346252441
2021-07-26,RELIANCE,0.03669240511953831,0.0419864933937788,0.9213210940361023
2021-07-26,TECHM,0.06790617108345032,0.017334457486867905,0.9147593975067139
2021-07-26,ULTRACEMCO,0.5474638596177102,0.013582053035497666,0.43895407803356645
2021-07-27,AXISBANK,0.14454633928835392,0.015771962935104966,0.8396817147731781
2021-07-27,BAJAJ-AUTO,0.06782033418615659,0.3082706307371457,0.6239090462525686
2021-07-27,BAJAJFINSV,0.052381161600351334,0.012621290981769562,0.9349974989891052
2021-07-27,DRREDDY,0.52286122366786,0.45468757255002856,0.02245120331645012
2021-07-27,ICICIBANK,0.11016429215669632,0.09145614271983504,0.7983795404434204
2021-07-27,INDUSINDBK,0.9365783929824829,0.03466781290868918,0.028753769273559254
2021-07-27,ITC,0.49440865218639374,0.018431779462844133,0.4871595622971654
2021-07-27,JSWSTEEL,0.08893188089132309,0.010792010463774204,0.9002761244773865
2021-07-27,KOTAKBANK,0.028966650366783142,0.03777759522199631,0.9332557916641235
2021-07-27,LT,0.05005585836867491,0.02093660831451416,0.9290075699488322
2021-07-27,MARUTI,0.6334022283554077,0.008423229679465294,0.358174592256546
2021-07-27,RELIANCE,0.95022052526474,0.02084979973733425,0.028929677791893482
2021-07-27,TATASTEEL,0.22780577838420868,0.007945354096591473,0.7642488479614258
2021-07-27,ULTRACEMCO,0.15286317467689514,0.00872674398124218,0.8384100794792175
2021-07-28,AXISBANK,0.016921749338507652,0.8092466592788696,0.17383159697055817
2021-07-28,BAJAJ-AUTO,0.48824170231819153,0.19689230527728796,0.31486600637435913
2021-07-28,BHARTIARTL,0.9503017067909241,0.02394060790538788,0.025757646188139915
2021-07-28,DRREDDY,0.02867133915424347,0.04310907796025276,0.9282195568084717
2021-07-28,HINDUNILVR,0.09175746142864227,0.010989556089043617,0.8972529172897339
2021-07-28,INDUSINDBK,0.06036881543695927,0.026694566942751408,0.9129365980625153
2021-07-28,MARUTI,0.3842957466840744,0.21685258718207479,0.3988516889512539
2021-07-28,NESTLEIND,0.9220713973045349,0.03941306006163359,0.03851551190018654
2021-07-28,TECHM,0.5553795695304871,0.06205962225794792,0.3825607895851135
2021-07-28,ULTRACEMCO,0.32581302523612976,0.011661679483950138,0.6625252962112427
2021-07-29,AXISBANK,0.2117748260498047,0.009835246950387955,0.7783898711204529
2021-07-29,BHARTIARTL,0.3750792608285944,0.3500607380022605,0.274859977265199
2021-07-29,KOTAKBANK,0.06437496654689312,0.012887653894722462,0.9227373898029327
2021-07-29,MARUTI,0.4929888816550374,0.03200519736856222,0.4750059484504163
2021-07-29,NESTLEIND,0.3432546059290568,0.03839772194623947,0.6183477006852627
2021-07-29,NTPC,0.45043525099754333,0.008708811365067959,0.540855884552002
2021-07-29,TECHM,0.8603763580322266,0.020410029403865337,0.11921364553272724
2021-07-30,ICICIBANK,0.04643410909920931,0.4610706474632025,0.49249523878097534
2021-07-30,INDUSINDBK,0.05655758082866669,0.012995078228414059,0.9304473400115967
2021-07-30,ITC,0.06887535750865936,0.011256283149123192,0.9198683500289917
2021-07-30,MARUTI,0.03101709485054016,0.013753059320151806,0.9552298784255981
2021-07-30,SUNPHARMA,0.34869467839598656,0.16593737807124853,0.48536800034344196
2021-07-30,TECHM,0.05376802198588848,0.03150871768593788,0.91472327709198
2021-07-31,BHARTIARTL,0.008809973485767841,0.9759730100631714,0.015217029489576817
2021-07-31,BPCL,0.43996429443359375,0.009951205924153328,0.5500844717025757
2021-08-02,BAJAJ-AUTO,0.9156141877174377,0.050948433578014374,0.0334373414516449
2021-08-02,DRREDDY,0.04295242577791214,0.013466041535139084,0.9435815811157227
2021-08-02,MARUTI,0.3851306587457657,0.08646260636548202,0.5284067206084728
2021-08-02,NTPC,0.9512057900428772,0.022654661908745766,0.026139462366700172
2021-08-02,ONGC,0.11718576401472092,0.011743377894163132,0.8710708022117615
2021-08-02,SUNPHARMA,0.05807635374367237,0.020831682719290257,0.9210919439792633
2021-08-02,TECHM,0.1061495766043663,0.009780175983905792,0.8840702176094055
2021-08-03,BHARTIARTL,0.58421172760427,0.09890623530372977,0.3168820207938552
2021-08-03,BRITANNIA,0.6239549952248732,0.33604296514143545,0.04000207160909971
2021-08-03,INDUSINDBK,0.9279119372367859,0.02831537090241909,0.043772630393505096
2021-08-03,NTPC,0.5524138733744621,0.015047224704176188,0.43253887351602316
2021-08-03,SUNPHARMA,0.9524549841880798,0.020698605105280876,0.026846437714993954
2021-08-03,TITAN,0.41234974935650826,0.015360928606241941,0.5722893178462982
2021-08-04,AXISBANK,0.08393979072570801,0.010845016688108444,0.9052152633666992
2021-08-04,BAJFINANCE,0.16488158702850342,0.012930876575410366,0.8221874833106995
2021-08-04,BHARTIARTL,0.49005961511284113,0.029001408256590366,0.4809389766305685
2021-08-04,ICICIBANK,0.8530316352844238,0.0930652841925621,0.05390303581953049
2021-08-04,ITC,0.07606834173202515,0.011060018092393875,0.9128715991973877
2021-08-04,MARUTI,0.01687430590391159,0.9582870602607727,0.024838602170348167
2021-08-04,NTPC,0.052076809108257294,0.012142084538936615,0.9357811808586121
2021-08-04,SBIN,0.6676960264643034,0.3088011524329583,0.023502799371878307
2021-08-05,BHARTIARTL,0.6950646042823792,0.007773588877171278,0.2971617877483368
2021-08-05,CIPLA,0.9526107311248779,0.023669719696044922,0.02371952310204506
2021-08-05,HINDALCO,0.08835349977016449,0.1064285933971405,0.8052179217338562
2021-08-05,RELIANCE,0.9163184762001038,0.04707423597574234,0.03660721331834793
2021-08-05,SBIN,0.15735239163041115,0.022898901253938675,0.8197487195332845
2021-08-05,TECHM,0.08871624618768692,0.00992832612246275,0.9013553857803345
2021-08-05,TITAN,0.8693891167640686,0.01021988783031702,0.12039096653461456
2021-08-06,CIPLA,0.10312250070273876,0.02076212161531051,0.8761153817176819
2021-08-06,NTPC,0.05790717899799347,0.015831701457500458,0.9262611269950867
2021-08-09,COALINDIA,0.1593091506510973,0.02994296606630087,0.810747891664505
2021-08-09,HINDALCO,0.9487452308336893,0.016735949863990147,0.03451885345081488
2021-08-09,M&M,0.3157297968864441,0.013705683872103691,0.6705645322799683
2021-08-09,SBIN,0.03267117962241173,0.01468824502080679,0.9526405930519104
2021-08-10,CIPLA,0.6669299403826395,0.018404607350627582,0.3146654373655717
2021-08-10,COALINDIA,0.5782620079504946,0.398302319770058,0.02343571123977502
2021-08-10,HEROMOTOCO,0.2582663893699646,0.00964070949703455,0.7320928573608398
2021-08-10,ICICIBANK,0.17186741530895233,0.010279273614287376,0.8178533315658569
2021-08-10,INDUSINDBK,0.07025119662284851,0.010543962009251118,0.919204831123352
2021-08-10,ITC,0.10613104701042175,0.009405720047652721,0.8844631910324097
2021-08-10,JSWSTEEL,0.953191876411438,0.019252341240644455,0.027555817738175392
2021-08-10,M&M,0.9488392472267151,0.02420103456825018,0.02695973590016365
2021-08-10,NESTLEIND,0.09752695262432098,0.010345621034502983,0.8921273946762085
2021-08-10,RELIANCE,0.45320136348406476,0.014496462730069956,0.5323021772007147
2021-08-11,BPCL,0.08987193554639816,0.038528431206941605,0.8715996742248535
2021-08-11,EICHERMOT,0.012189856730401516,0.9486715197563171,0.0391385555267334
2021-08-11,ICICIBANK,0.37260565161705017,0.010831478983163834,0.6165629029273987
2021-08-11,POWERGRID,0.9488075077533722,0.02146714087575674,0.029725370928645134
2021-08-11,RELIANCE,0.047692786902189255,0.015106414444744587,0.9372007846832275
2021-08-11,TITAN,0.49973711371421814,0.02070400957018137,0.4795588180422783
2021-08-12,BPCL,0.4800492338836193,0.49837514851242304,0.02157564926892519
2021-08-12,CIPLA,0.8731075525283813,0.01518633309751749,0.11170605570077896
2021-08-12,EICHERMOT,0.012633522041141987,0.8082497119903564,0.17911678552627563
2021-08-12,HEROMOTOCO,0.946966290473938,0.026232969015836716,0.02680077590048313
2021-08-12,ITC,0.2777427136898041,0.008176096715033054,0.7140812277793884
2021-08-12,POWERGRID,0.9419615864753723,0.02475651726126671,0.03328196331858635
2021-08-12,RELIANCE,0.1291443407535553,0.01114581897854805,0.8597098588943481
2021-08-12,TATASTEEL,0.08886544406414032,0.049120161682367325,0.8620144128799438
2021-08-13,BAJAJ-AUTO,0.04237419366836548,0.09135887771844864,0.8662669062614441
2021-08-13,BPCL,0.49114255979657173,0.022446920163929462,0.48641046043485403
2021-08-13,COALINDIA,0.9593865275382996,0.018365150317549706,0.022248350083827972
2021-08-13,EICHERMOT,0.3069558951538056,0.2624972574412823,0.43054684391245246
2021-08-13,HEROMOTOCO,0.952534019947052,0.017813123762607574,0.029652873054146767
2021-08-13,LT,0.577301025390625,0.02087247557938099,0.40182653069496155
2021-08-13,SBIN,0.16220378875732422,0.01229032687842846,0.8255058526992798
2021-08-13,TATASTEEL,0.9433556199073792,0.018209494650363922,0.03843485936522484
2021-08-14,NTPC,0.21331718564033508,0.00727123161777854,0.7794115543365479
2021-08-15,M&M,0.4215488135814667,0.03911096602678299,0.5393401980400085
2021-08-16,HEROMOTOCO,0.027838842943310738,0.9494815468788147,0.022679675370454788
2021-08-16,RELIANCE,0.6796582937240601,0.22568653523921967,0.09465517103672028
2021-08-16,SBIN,0.03172383829951286,0.0300122182816267,0.9382639527320862
2021-08-16,TATASTEEL,0.35377000737935305,0.030938439071178436,0.6152915060520172
2021-08-17,HCLTECH,0.8968889117240906,0.008823071606457233,0.09428802877664566
2021-08-17,MARUTI,0.010722633451223373,0.9619764685630798,0.027300912886857986
2021-08-17,SBIN,0.7091690897941589,0.010196035727858543,0.28063488006591797
2021-08-17,TATASTEEL,0.060239773243665695,0.015792280435562134,0.9239679574966431
2021-08-18,COALINDIA,0.3248296082019806,0.11052380502223969,0.5646466016769409
2021-08-18,ICICIBANK,0.30426767468452454,0.05262923985719681,0.6431031227111816
2021-08-18,MARUTI,0.9365924596786499,0.023370416834950447,0.040037091821432114
2021-08-18,TATASTEEL,0.8663869500160217,0.012170142494142056,0.12144286185503006
2021-08-19,COALINDIA,0.08771668747067451,0.010632002260535955,0.9016513526439667
2021-08-19,M&M,0.059598442167043686,0.013064851984381676,0.9273366928100586
2021-08-19,MARUTI,0.23113897442817688,0.01141727901995182,0.7574437856674194
2021-08-19,ONGC,0.9166404008865356,0.008816228248178959,0.07454344630241394
2021-08-19,TATASTEEL,0.23468700889497995,0.06162377423606813,0.7036891877651215
2021-08-19,TECHM,0.08972182869911194,0.010362900793552399,0.8999152779579163
2021-08-20,COALINDIA,0.9376474022865295,0.012866531498730183,0.049485985189676285
2021-08-20,EICHERMOT,0.018228319473564625,0.4929051026701927,0.4888665657490492
2021-08-20,SBIN,0.23208849132061005,0.010152327828109264,0.7577592134475708
2021-08-21,NTPC,0.11524632573127747,0.009772976860404015,0.8749806880950928
2021-08-23,BAJFINANCE,0.8695719838142395,0.05663779377937317,0.07379021495580673
2021-08-23,BRITANNIA,0.15964683890342712,0.013262614607810974,0.8270905613899231
2021-08-23,COALINDIA,0.15108837187290192,0.008305370807647705,0.8406062126159668
2021-08-23,EICHERMOT,0.03940889611840248,0.3835581801831722,0.5770329236984253
2021-08-23,HEROMOTOCO,0.16639743745326996,0.008648928254842758,0.8249536752700806
2021-08-23,MARUTI,0.1548764556646347,0.009381024166941643,0.8357425332069397
2021-08-23,POWERGRID,0.14266642928123474,0.008199984207749367,0.8491336107254028
2021-08-23,TATASTEEL,0.09845416992902756,0.009135155472904444,0.8924106359481812
2021-08-24,BAJAJFINSV,0.9091023206710815,0.023671889677643776,0.06722576171159744
2021-08-24,BAJFINANCE,0.6472698450088501,0.01353774731978774,0.33919239044189453
2021-08-24,BHARTIARTL,0.40246469620615244,0.4759967289865017,0.12153853662312031
2021-08-24,EICHERMOT,0.03853479027748108,0.02406635880470276,0.9373988509178162
2021-08-24,ICICIBANK,0.07282689958810806,0.020474089309573174,0.906699001789093
2021-08-25,BHARTIARTL,0.16214945912361145,0.010364889167249203,0.8274856805801392
2021-08-25,CIPLA,0.7016892433166504,0.006577310152351856,0.29173344373703003
2021-08-25,COALINDIA,0.020783863961696625,0.8201658725738525,0.15905027091503143
2021-08-25,EICHERMOT,0.03492719307541847,0.026192622259259224,0.9388801455497742
2021-08-25,ICICIBANK,0.3947110840429862,0.2750551799933116,0.33023373410105705
2021-08-25,RELIANCE,0.09691502898931503,0.008456913754343987,0.8946280479431152
2021-08-26,BAJFINANCE,0.06011948734521866,0.01300429180264473,0.9268762469291687
2021-08-26,BHARTIARTL,0.04334571212530136,0.03455726057291031,0.9220970273017883
2021-08-26,BPCL,0.20188573002815247,0.012330858036875725,0.7857834100723267
2021-08-26,MARUTI,0.07718398422002792,0.21833719313144684,0.7044788002967834
2021-08-26,RELIANCE,0.27251261472702026,0.009222535416483879,0.7182648777961731
2021-08-26,TITAN,0.3246362544596195,0.020312069915235043,0.6550516784191132
2021-08-27,HEROMOTOCO,0.036485280841588974,0.939376711845398,0.024137916043400764
2021-08-27,MARUTI,0.03873332217335701,0.03408084809780121,0.9271858334541321
2021-08-27,ONGC,0.31658676266670227,0.010819527320563793,0.6725937128067017
2021-08-27,RELIANCE,0.9157111048698425,0.01030723750591278,0.07398161292076111
2021-08-28,TATASTEEL,0.8601704239845276,0.0071291858330369,0.13270041346549988
2021-08-29,BHARTIARTL,0.44433511421084404,0.010965138208121061,0.5446996986865997
2021-08-29,TATASTEEL,0.0920620933175087,0.011258936487138271,0.8966790437698364
2021-08-30,AXISBANK,0.6330338232219219,0.0172707112506032,0.34969544038176537
2021-08-30,BHARTIARTL,0.5919304117560387,0.015274337492883205,0.3927952526137233
2021-08-30,LT,0.05975691229104996,0.012233239598572254,0.9280098676681519
2021-08-30,MARUTI,0.5360538959503174,0.31929442286491394,0.1446516364812851
2021-08-30,NTPC,0.9517045021057129,0.015581032261252403,0.03271449729800224
2021-08-30,TATASTEEL,0.8195896148681641,0.009172925725579262,0.17123745381832123
2021-08-31,BHARTIARTL,0.9111796021461487,0.029673036187887192,0.05914739891886711
2021-08-31,COALINDIA,0.9006087779998779,0.011864347383379936,0.08752689510583878
2021-08-31,INDUSINDBK,0.24811451137065887,0.007924772799015045,0.7439607381820679
2021-08-31,KOTAKBANK,0.04872974008321762,0.015236365608870983,0.9360338449478149
2021-08-31,MARUTI,0.08390801213681698,0.40325885949035484,0.5128330985705057
2021-08-31,NTPC,0.060277510434389114,0.011375446803867817,0.9283470511436462
2021-09-01,AXISBANK,0.44231800828129053,0.4856556262820959,0.072026327252388
2021-09-01,BAJAJ-AUTO,0.9514209032058716,0.021983196027576923,0.026595931500196457
2021-09-01,BHARTIARTL,0.0932564487059911,0.012326785052816073,0.8944167892138163
2021-09-01,COALINDIA,0.6339126825332642,0.011546196416020393,0.3545410633087158
2021-09-01,HEROMOTOCO,0.018474917858839035,0.9723596572875977,0.009165463969111443
2021-09-01,ICICIBANK,0.04826275631785393,0.10531316697597504,0.8464241027832031
2021-09-01,MARUTI,0.9507850408554077,0.016104381531476974,0.033110592514276505
2021-09-01,RELIANCE,0.783139169216156,0.01758539490401745,0.19927538931369781
2021-09-02,AXISBANK,0.01908301468938589,0.4862091587856412,0.4947078004479408
2021-09-02,DRREDDY,0.9031757712364197,0.0180900190025568,0.07873422652482986
2021-09-02,EICHERMOT,0.012333613820374012,0.944313645362854,0.04335279017686844
2021-09-02,HEROMOTOCO,0.008932555094361305,0.9696927070617676,0.021374640986323357
2021-09-02,M&M,0.012745283544063568,0.9696827530860901,0.01757197640836239
2021-09-02,MARUTI,0.11004460602998734,0.012592737562954426,0.8773626089096069
2021-09-02,TATASTEEL,0.08784755319356918,0.009005546569824219,0.9031468629837036
2021-09-03,BHARTIARTL,0.47293710708618164,0.012834003195166588,0.5142289400100708
2021-09-03,RELIANCE,0.514886940519015,0.014251491365333399,0.47086156407992047
2021-09-03,SBIN,0.00834230799227953,0.9300222396850586,0.061635490506887436
2021-09-06,BPCL,0.01902034692466259,0.8827404975891113,0.09823910146951675
2021-09-06,HEROMOTOCO,0.11720924824476242,0.016254253685474396,0.8665364980697632
2021-09-06,ITC,0.6402910947799683,0.007946050725877285,0.3517628610134125
2021-09-06,MARUTI,0.42354533697168034,0.5275642847021421,0.04889037708441416
2021-09-06,RELIANCE,0.5056220665574074,0.01702516060322523,0.4773527458310127
2021-09-07,ASIANPAINT,0.8912764191627502,0.08375772833824158,0.024965789169073105
2021-09-07,AXISBANK,0.30481627583503723,0.014597810804843903,0.6805859208106995
2021-09-07,BPCL,0.07745002955198288,0.009461935609579086,0.9130880236625671
2021-09-07,DRREDDY,0.08307448774576187,0.010517564602196217,0.9064079523086548
2021-09-07,ICICIBANK,0.06958647817373276,0.012295683845877647,0.918117880821228
2021-09-07,ITC,0.888846218585968,0.0731370747089386,0.03801674768328667
2021-09-07,JSWSTEEL,0.9514877200126648,0.019626522436738014,0.02888580411672592
2021-09-07,RELIANCE,0.441183477640152,0.4587356448173523,0.10008090734481812
2021-09-08,COALINDIA,0.07353418320417404,0.016170628368854523,0.9102951884269714
2021-09-08,MARUTI,0.05972858797758818,0.8275843262672424,0.11268711695447564
2021-09-08,RELIANCE,0.5805482864379883,0.09624999761581421,0.3232017457485199
2021-09-08,TATASTEEL,0.5052878260612488,0.010557182133197784,0.48415496945381165
2021-09-09,AXISBANK,0.06272624060511589,0.4554470218718052,0.48182677384465933
2021-09-09,BHARTIARTL,0.8636801242828369,0.016215816140174866,0.12010406702756882
2021-09-09,ITC,0.04792768135666847,0.017911680042743683,0.9341607093811035
2021-09-09,KOTAKBANK,0.08247466664761305,0.47673138650134206,0.44079397432506084
2021-09-09,NTPC,0.5660009384155273,0.0093388007953763,0.42466023564338684
2021-09-09,ONGC,0.5982917547225952,0.2248561680316925,0.1768520474433899
2021-09-09,RELIANCE,0.6978694796562195,0.08364064991474152,0.2184898406267166
2021-09-09,TATASTEEL,0.14613790810108185,0.009710706770420074,0.8441513776779175
2021-09-09,ULTRACEMCO,0.6930131912231445,0.022807642817497253,0.2841791808605194
2021-09-10,MARUTI,0.9223472476005554,0.012597041204571724,0.06505569070577621
2021-09-10,RELIANCE,0.040197618305683136,0.021215444430708885,0.9385870099067688
2021-09-11,JSWSTEEL,0.920016884803772,0.02110971324145794,0.058873411267995834
2021-09-13,BHARTIARTL,0.9055749773979187,0.024123862385749817,0.07030125707387924
2021-09-13,HINDUNILVR,0.08652977521220843,0.010792141780257225,0.9026780923207601
2021-09-13,ICICIBANK,0.04460129514336586,0.9411986470222473,0.014200104400515556
2021-09-13,KOTAKBANK,0.4454525113105774,0.007759415544569492,0.5467880368232727
2021-09-14,BAJAJFINSV,0.19526652991771698,0.008899034932255745,0.7958344221115112
2021-09-14,COALINDIA,0.10518883168697357,0.009887945838272572,0.8849232792854309
2021-09-14,HCLTECH,0.9239367842674255,0.015267815440893173,0.06079532206058502
2021-09-15,AXISBANK,0.08923672139644623,0.00931714940816164,0.9014461040496826
2021-09-15,BAJAJ-AUTO,0.13739728927612305,0.009013624861836433,0.8535890579223633
2021-09-15,BHARTIARTL,0.25209490209817886,0.10939728887751698,0.6385078001767397
2021-09-15,COALINDIA,0.021232612431049347,0.922614574432373,0.05615292116999626
2021-09-15,ONGC,0.030387723818421364,0.019948245957493782,0.9496639966964722
2021-09-15,TECHM,0.6032504439353943,0.1458003968000412,0.2509491443634033
2021-09-16,BHARTIARTL,0.8626722395420074,0.019976588431745768,0.11735112220048904
2021-09-16,HEROMOTOCO,0.054970075376331806,0.020142694003880024,0.9248872399330139
2021-09-16,INDUSINDBK,0.21359833329916,0.03576244879513979,0.7506392300128937
2021-09-16,ITC,0.9360378384590149,0.04049620218575001,0.023465923964977264
2021-09-16,MARUTI,0.08783704042434692,0.0422765277326107,0.8698864579200745
2021-09-16,SBIN,0.379523865878582,0.017690771725028753,0.6027853488922119
2021-09-17,BHARTIARTL,0.09987212717533112,0.8160740733146667,0.08405376970767975
2021-09-17,COALINDIA,0.13177864253520966,0.00903007946908474,0.859191358089447
2021-09-17,INDUSINDBK,0.02747281640768051,0.03208686038851738,0.94044029712677
2021-09-19,HEROMOTOCO,0.6606459021568298,0.011462115682661533,0.3278920352458954
2021-09-19,SBIN,0.9247134327888489,0.031095974147319794,0.04419053718447685
2021-09-20,COALINDIA,0.836635172367096,0.009096219204366207,0.15426865220069885
2021-09-20,ITC,0.9510108232498169,0.019738269969820976,0.029250895604491234
2021-09-20,KOTAKBANK,0.340122211103638,0.022811210093398888,0.6370666014651457
2021-09-20,NESTLEIND,0.11205805093050003,0.5569562911987305,0.33098566718399525
2021-09-21,HINDUNILVR,0.46513578947633505,0.024756716564297676,0.5101074650883675
2021-09-21,MARUTI,0.21690733730793,0.00940671470016241,0.7736859321594238
2021-09-21,RELIANCE,0.13427451252937317,0.010841420851647854,0.8548840880393982
2021-09-21,TATASTEEL,0.9470705389976501,0.021524615585803986,0.03140483424067497
2021-09-22,AXISBANK,0.6464734077453613,0.012536146678030491,0.34099048376083374
2021-09-22,BHARTIARTL,0.04601144790649414,0.013136926107108593,0.9408516883850098
2021-09-22,HINDUNILVR,0.05980176478624344,0.01648254320025444,0.9237157106399536
2021-09-22,ONGC,0.030561143532395363,0.02761785499751568,0.9418209195137024
2021-09-22,SBIN,0.026691345497965813,0.030339952558279037,0.9429686665534973
2021-09-23,BHARTIARTL,0.8151562809944153,0.013362122932448983,0.17148157581686974
2021-09-23,BPCL,0.09651483595371246,0.009330276399850845,0.8941549062728882
2021-09-23,HINDUNILVR,0.07754971086978912,0.016621220856904984,0.905829131603241
2021-09-23,TECHM,0.03367268666625023,0.026171447709202766,0.9401558041572571
2021-09-24,BAJAJFINSV,0.03227699548006058,0.02729208394885063,0.9404309391975403
2021-09-24,ULTRACEMCO,0.7427905797958374,0.007696762215346098,0.2495126724243164
2021-09-27,ASIANPAINT,0.031227391213178635,0.027143973857164383,0.941628634929657
2021-09-27,BAJAJFINSV,0.05686558783054352,0.01612941361963749,0.9270049929618835
2021-09-27,BPCL,0.6379063129425049,0.007598981261253357,0.35449472069740295
2021-09-27,EICHERMOT,0.03682691603899002,0.02619350329041481,0.9369795918464661
2021-09-27,ICICIBANK,0.8026320934295654,0.006281615234911442,0.1910863071680069
2021-09-27,INDUSINDBK,0.145912304520607,0.0070373984053730965,0.8470503091812134
2021-09-27,ONGC,0.488463819026947,0.043237339705228806,0.4682987928390503
2021-09-27,RELIANCE,0.9417493939399719,0.01701931096613407,0.04123138263821602
2021-09-27,TATASTEEL,0.03582770377397537,0.03811347112059593,0.9260588884353638
2021-09-28,ICICIBANK,0.007736872415989637,0.9588643908500671,0.03339870646595955
2021-09-29,AXISBANK,0.014010520651936531,0.7539007067680359,0.23208878934383392
2021-09-29,BAJAJ-AUTO,0.12369242310523987,0.009555179625749588,0.8667523860931396
2021-09-29,BHARTIARTL,0.7446430325508118,0.14159701764583588,0.11375991255044937
2021-09-29,BPCL,0.2597014904022217,0.006863838993012905,0.7334346771240234
2021-09-29,BRITANNIA,0.8251789808273315,0.006493086460977793,0.16832798719406128
2021-09-29,INDUSINDBK,0.4625522941350937,0.009903281927108765,0.5275444239377975
2021-09-29,NTPC,0.41299598664045334,0.016981750261038542,0.5700222998857498
2021-09-29,RELIANCE,0.09357219561934471,0.014498351607471704,0.8919294774532318
2021-09-30,AXISBANK,0.22619754076004028,0.008613568730652332,0.7651888728141785
2021-09-30,COALINDIA,0.9424978494644165,0.029887933284044266,0.027614204213023186
2021-09-30,ITC,0.575264036655426,0.01171669946052134,0.4130192678421736
2021-09-30,MARUTI,0.0957576697692275,0.4874637206085026,0.41677857283502817
2021-09-30,NTPC,0.03696105256676674,0.15202194452285767,0.8110169768333435
2021-09-30,SUNPHARMA,0.049332521855831146,0.020313497632741928,0.9303539395332336
2021-10-01,BAJFINANCE,0.13176488876342773,0.6698774099349976,0.1983577162027359
2021-10-01,BHARTIARTL,0.07017232244834304,0.4812165042385459,0.448611194267869
2021-10-01,SUNPHARMA,0.8934791684150696,0.01456607598811388,0.09195469319820404
2021-10-01,TECHM,0.08273547887802124,0.01116812601685524,0.9060963988304138
2021-10-02,MARUTI,0.10485818982124329,0.0120786651968956,0.8830631375312805
2021-10-03,NTPC,0.023636363446712494,0.02039451338350773,0.9559690952301025
2021-10-03,RELIANCE,0.1143111139535904,0.009356873109936714,0.8763319849967957
2021-10-04,AXISBANK,0.19193212687969208,0.00905851274728775,0.7990093231201172
2021-10-04,BAJAJ-AUTO,0.024204516783356667,0.9419417381286621,0.03385379910469055
2021-10-04,CIPLA,0.10847066342830658,0.008633173070847988,0.8828961253166199
2021-10-04,COALINDIA,0.18064647912979126,0.007731598801910877,0.8116219639778137
2021-10-04,ICICIBANK,0.03087632544338703,0.0463150255382061,0.9228087067604065
2021-10-04,MARUTI,0.9548001885414124,0.020162243396043777,0.02503756433725357
2021-10-04,NTPC,0.5054401755332947,0.06518275290727615,0.4293770492076874
2021-10-04,RELIANCE,0.5144588947296143,0.3090847134590149,0.17645639181137085
2021-10-04,SBIN,0.047765959054231644,0.01380212139338255,0.9384319186210632
2021-10-05,BHARTIARTL,0.47994841635227203,0.015431411564350128,0.5046201931933562
2021-10-05,COALINDIA,0.6490677942832311,0.01812392007559538,0.3328083207209905
2021-10-05,INDUSINDBK,0.9030759731928507,0.03075034450739622,0.0661736565331618
2021-10-05,MARUTI,0.9204603433609009,0.0352010652422905,0.04433857649564743
2021-10-05,NTPC,0.3266721349209547,0.1587489666417241,0.5145788341760635
2021-10-05,ONGC,0.5006022453308105,0.01319518219679594,0.48620256781578064
2021-10-05,RELIANCE,0.9487613439559937,0.0144006023183465,0.036838095635175705
2021-10-05,TECHM,0.013222960755228996,0.9335430860519409,0.05323393642902374
2021-10-06,BAJAJFINSV,0.2075325846672058,0.006979553960263729,0.7854878306388855
2021-10-06,BAJFINANCE,0.8875889778137207,0.04874509945511818,0.0636659637093544
2021-10-06,CIPLA,0.9492189884185791,0.017928987741470337,0.032852012664079666
2021-10-06,DRREDDY,0.02077915519475937,0.9247183799743652,0.05450235307216644
2021-10-06,INDUSINDBK,0.06558593735098839,0.015282122883945704,0.9191319644451141
2021-10-06,RELIANCE,0.8007094264030457,0.07768171280622482,0.12160889804363251
2021-10-06,SBIN,0.8215001225471497,0.01483995746821165,0.16365987062454224
2021-10-06,SUNPHARMA,0.94114089012146,0.01575443334877491,0.043104708194732666
2021-10-07,AXISBANK,0.9452285170555115,0.017949389293789864,0.036822110414505005
2021-10-07,BAJAJ-AUTO,0.8182917833328247,0.00973936915397644,0.17196878790855408
2021-10-07,BPCL,0.04456344246864319,0.044778455048799515,0.910658061504364
2021-10-07,ICICIBANK,0.4913553223013878,0.01681060530245304,0.49183407984673977
2021-10-07,INDUSINDBK,0.9494646191596985,0.017280755564570427,0.03325469791889191
2021-10-07,KOTAKBANK,0.015970077365636826,0.9459865093231201,0.03804337978363037
2021-10-07,NTPC,0.42601120471954346,0.5325383543968201,0.04145044460892677
2021-10-07,RELIANCE,0.40130408356587094,0.03599461385359367,0.5627013159294924
2021-10-07,SBIN,0.9463154673576355,0.017840351909399033,0.03584408387541771
2021-10-07,TITAN,0.08151905983686447,0.03190496936440468,0.8865759372711182
2021-10-08,BAJAJ-AUTO,0.9464389383792877,0.018259516451507807,0.03530155122280121
2021-10-08,COALINDIA,0.028965776786208153,0.6268340349197388,0.34420010447502136
2021-10-08,EICHERMOT,0.018023434095084667,0.935802161693573,0.046174438670277596
2021-10-08,HEROMOTOCO,0.019175914116203785,0.9340014159679413,0.046822670847177505
2021-10-08,HINDALCO,0.7911480665206909,0.07282335311174393,0.13602854311466217
2021-10-08,KOTAKBANK,0.906705379486084,0.04096309468150139,0.05233151093125343
2021-10-08,M&M,0.9328221082687378,0.016403138637542725,0.05077468976378441
2021-10-08,MARUTI,0.021670625545084476,0.9072654843330383,0.07106392458081245
2021-10-08,ULTRACEMCO,0.9500470757484436,0.017070800065994263,0.03288211673498154
2021-10-10,MARUTI,0.8876011967658997,0.0070699225179851055,0.10532883554697037
2021-10-10,RELIANCE,0.06069527193903923,0.012458689510822296,0.9268460273742676
2021-10-11,ASIANPAINT,0.9475213289260864,0.02233281172811985,0.030145838856697083
2021-10-11,BRITANNIA,0.0176169965416193,0.9267317652702332,0.055651288479566574
2021-10-11,HCLTECH,0.9228524565696716,0.009389160200953484,0.06775839626789093
2021-10-11,ITC,0.9490513801574707,0.02074105106294155,0.030207574367523193
2021-10-11,JSWSTEEL,0.952359676361084,0.01668841391801834,0.030951902270317078
2021-10-11,MARUTI,0.6872228384017944,0.19524504244327545,0.1175321415066719
2021-10-11,NTPC,0.4388282895088196,0.289531946182251,0.2716398239135742
2021-10-11,RELIANCE,0.5195268727838993,0.01918842946179211,0.46128468960523605
2021-10-12,BAJFINANCE,0.9495642185211182,0.019254539161920547,0.03118116594851017
2021-10-12,BHARTIARTL,0.015468228608369827,0.6822738647460938,0.30225786566734314
2021-10-12,BPCL,0.03567749261856079,0.022759510204195976,0.9415629804134369
2021-10-12,EICHERMOT,0.7885808944702148,0.00931101106107235,0.20210812985897064
2021-10-12,NTPC,0.08250269759446383,0.06796128815039992,0.8495360612869263
2021-10-12,RELIANCE,0.7234143813451132,0.007425304967910051,0.26916031539440155
2021-10-13,AXISBANK,0.9489168524742126,0.01990167237818241,0.031181495636701584
2021-10-13,HCLTECH,0.13388636708259583,0.020272154361009598,0.8458414673805237
2021-10-13,ICICIBANK,0.9487613439559937,0.020664943382143974,0.030573714524507523
2021-10-13,INDUSINDBK,0.5393700376152992,0.40271434281021357,0.057915614917874336
2021-10-13,KOTAKBANK,0.01453746110200882,0.9554940462112427,0.029968585819005966
2021-10-13,RELIANCE,0.43073272705078125,0.05959514481946826,0.509672112762928
2021-10-14,AXISBANK,0.113984115421772,0.014836469665169716,0.871179461479187
2021-10-14,HCLTECH,0.9528713822364807,0.025759244337677956,0.021369343623518944
2021-10-14,NTPC,0.43323326110839844,0.19697630405426025,0.3697904348373413
2021-10-15,COALINDIA,0.026990655809640884,0.04716061055660248,0.9258487224578857
2021-10-15,HINDUNILVR,0.08559688925743103,0.011320609599351883,0.903082549571991
2021-10-15,TITAN,0.6067185997962952,0.01375731360167265,0.3795241415500641
2021-10-16,ITC,0.22663499414920807,0.012370925396680832,0.7609940767288208
2021-10-17,BHARTIARTL,0.9233825206756592,0.012212955392897129,0.06440459191799164
2021-10-17,COALINDIA,0.04516982659697533,0.016784965991973877,0.9380452036857605
2021-10-18,ASIANPAINT,0.9517225027084351,0.02165462262928486,0.02662278339266777
2021-10-18,BHARTIARTL,0.03792596980929375,0.06115783378481865,0.9009161591529846
2021-10-18,COALINDIA,0.9472842216491699,0.01516763772815466,0.03754810243844986
2021-10-18,HCLTECH,0.13729409873485565,0.011983463540673256,0.850722461938858
2021-10-18,HINDALCO,0.5278180465102196,0.012192071415483952,0.4599898774176836
2021-10-18,HINDUNILVR,0.9506402015686035,0.020879846066236496,0.028479918837547302
2021-10-18,ITC,0.014022532850503922,0.9573578834533691,0.028619548305869102
2021-10-18,JSWSTEEL,0.9348443746566772,0.01491398736834526,0.05024171248078346
2021-10-18,NESTLEIND,0.665221095085144,0.03380317613482475,0.3009757399559021
2021-10-18,SBIN,0.8309619426727295,0.009778675623238087,0.15925945341587067
2021-10-18,TATASTEEL,0.9361372590065002,0.015377535484731197,0.04848519712686539
2021-10-18,ULTRACEMCO,0.9518061677614847,0.019314874584476154,0.028878954549630482
2021-10-19,ASIANPAINT,0.9441514611244202,0.016106432303786278,0.03974208980798721
2021-10-19,AXISBANK,0.18710729479789734,0.13007062673568726,0.682822048664093
2021-10-19,BHARTIARTL,0.12495496869087219,0.007842816412448883,0.8672021627426147
2021-10-19,DRREDDY,0.7481822967529297,0.00792787130922079,0.24388982355594635
2021-10-19,HCLTECH,0.6690871442357699,0.019569711138804752,0.31134309930106
2021-10-19,HINDALCO,0.17898960411548615,0.010846393182873726,0.8101639747619629
2021-10-19,HINDUNILVR,0.7083672306034714,0.25594732305034995,0.035685417242348194
2021-10-19,ITC,0.9498546123504639,0.016932260245084763,0.03321310132741928
2021-10-19,NESTLEIND,0.9402776956558228,0.02787199802696705,0.03185033053159714
2021-10-19,SBIN,0.16008470952510834,0.013133206404745579,0.8267821073532104
2021-10-19,ULTRACEMCO,0.24516774314854825,0.01890064962208271,0.7359316221305302
2021-10-20,HINDUNILVR,0.3596240170300007,0.29347723846634227,0.3468987587839365
2021-10-20,NESTLEIND,0.3523462237790227,0.16755483066663146,0.480098946330448
2021-10-20,ULTRACEMCO,0.12105615437030792,0.008591517806053162,0.8703523278236389
2021-10-21,ASIANPAINT,0.22742496151477098,0.7448731064796448,0.027701862156391144
2021-10-21,BHARTIARTL,0.08724839985370636,0.01122377160936594,0.9015278220176697
2021-10-21,COALINDIA,0.04286447539925575,0.4227709174156189,0.534364640712738
2021-10-21,HEROMOTOCO,0.9245763421058655,0.020925724878907204,0.05449802801012993
2021-10-21,HINDUNILVR,0.05968811735510826,0.012219937052577734,0.9280919432640076
2021-10-21,JSWSTEEL,0.9469851851463318,0.020321572199463844,0.032693177461624146
2021-10-21,NESTLEIND,0.06525087356567383,0.012024507857859135,0.9227246642112732
2021-10-21,RELIANCE,0.48913269490003586,0.018567961174994707,0.49229931458830833
2021-10-21,SBIN,0.03284286707639694,0.026926057413220406,0.9402310848236084
2021-10-22,ASIANPAINT,0.11060269083827734,0.41058860532939434,0.4788087047636509
2021-10-22,BPCL,0.8062016367912292,0.11952771991491318,0.07427063584327698
2021-10-22,ICICIBANK,0.032740671187639236,0.03614281117916107,0.9311165809631348
2021-10-22,JSWSTEEL,0.019014941528439522,0.9079908728599548,0.07299424707889557
2021-10-22,KOTAKBANK,0.8758047223091125,0.023103846237063408,0.10109143704175949
2021-10-22,RELIANCE,0.8988313476244608,0.03371706542869409,0.06745159067213535
2021-10-23,ICICIBANK,0.33836530148983,0.3959956342975299,0.26563904993236065
2021-10-23,RELIANCE,0.9439218640327454,0.03179612010717392,0.024282073602080345
2021-10-24,ICICIBANK,0.13978447020053864,0.011419509537518024,0.8487959504127502
2021-10-24,JSWSTEEL,0.09042958915233612,0.018755203112959862,0.8908151984214783
2021-10-24,SBIN,0.03741655312478542,0.030866367742419243,0.931717038154602
2021-10-25,ASIANPAINT,0.06188856406758229,0.3292508528878291,0.6088605665912231
2021-10-25,BHARTIARTL,0.1496904492378235,0.18869496881961823,0.6616145968437195
2021-10-25,EICHERMOT,0.07548420876264572,0.011419855989515781,0.9130959510803223
2021-10-25,HCLTECH,0.1740807145833969,0.008282223716378212,0.8176370859146118
2021-10-25,HINDUNILVR,0.9510930180549622,0.021758083254098892,0.0271489005535841
2021-10-25,ICICIBANK,0.10249595670029521,0.20171491615474224,0.6957891182973981
2021-10-25,KOTAKBANK,0.5140518546104431,0.008035430684685707,0.47791266441345215
2021-10-25,RELIANCE,0.029773231595754623,0.040944650769233704,0.9292820692062378
2021-10-25,TECHM,0.5607225142419339,0.39360668528825044,0.04567079376429319
2021-10-25,TITAN,0.013860558159649372,0.9580363035202026,0.02810305915772915
2021-10-26,ASIANPAINT,0.6605268915494283,0.02023033332079649,0.3192427617808183
2021-10-26,AXISBANK,0.19071114156395197,0.3964636796154082,0.41282520769163966
2021-10-26,BAJFINANCE,0.9511839747428894,0.022727319970726967,0.026088690385222435
2021-10-26,BHARTIARTL,0.019175205379724503,0.6822125911712646,0.29861220717430115
2021-10-26,EICHERMOT,0.39902517199516296,0.07799842208623886,0.5229763984680176
2021-10-26,ICICIBANK,0.3529602525134881,0.02044500969350338,0.6265947458644708
2021-10-26,JSWSTEEL,0.664707658191522,0.017904856242239475,0.31738748339315254
2021-10-26,KOTAKBANK,0.018726936541497707,0.967133641242981,0.014139415696263313
2021-10-26,RELIANCE,0.6895657405257225,0.014716674340888858,0.29571759048849344
2021-10-26,TATASTEEL,0.15017080307006836,0.009799696505069733,0.8400295376777649
2021-10-26,TECHM,0.4540362171828747,0.10331307910382748,0.44265068247914313
2021-10-27,ASIANPAINT,0.8789207637310028,0.054371120408177376,0.06670808233320713
2021-10-27,AXISBANK,0.47690422367304564,0.035279019735753536,0.4878167659044266
2021-10-27,BAJAJ-AUTO,0.42564598470926285,0.25413770880550146,0.32021632231771946
2021-10-27,BAJAJFINSV,0.9507158398628235,0.01477314904332161,0.03451108559966087
2021-10-27,BAJFINANCE,0.9384699662526449,0.02580351009964943,0.03572650315860907
2021-10-27,BHARTIARTL,0.013379232957959175,0.9637500047683716,0.02287079580128193
2021-10-27,BPCL,0.6857626438140869,0.01929181069135666,0.29494550824165344
2021-10-27,CIPLA,0.4957649614661932,0.08601629547774792,0.41821870021522045
2021-10-27,INDUSINDBK,0.6185810677707195,0.35413940375049907,0.02727953561892112
2021-10-27,KOTAKBANK,0.02971786819398403,0.05747191607952118,0.912810206413269
2021-10-27,MARUTI,0.7369893193244934,0.08925090730190277,0.17375971376895905
2021-10-28,AXISBANK,0.4916245434433222,0.02608620561659336,0.48228921461850405
2021-10-28,BAJAJ-AUTO,0.479570560855791,0.4925113106146455,0.027918175794184208
2021-10-28,BAJFINANCE,0.0725746179620425,0.010565041564404964,0.916860302289327
2021-10-28,BHARTIARTL,0.43194983899593353,0.427024447824806,0.1410256577655673
2021-10-28,COALINDIA,0.8596444129943848,0.008670520037412643,0.1316850781440735
2021-10-28,INDUSINDBK,0.9319624304771423,0.029215720171729725,0.03882180651028951
2021-10-28,ITC,0.4958694037050009,0.041218158788979053,0.46291245194152
2021-10-28,KOTAKBANK,0.5179585255682468,0.017388853710144758,0.4646526165306568
2021-10-28,LT,0.06408727169036865,0.013653998263180256,0.922258734703064
2021-10-28,MARUTI,0.34973015263676643,0.17967511837681135,0.47059470042586327
2021-10-28,TITAN,0.9527830481529236,0.014280586503446102,0.03293634578585625
2021-10-29,AXISBANK,0.9506915211677551,0.02351103164255619,0.02579747885465622
2021-10-29,BAJAJ-AUTO,0.4598532855510712,0.019488747604191302,0.5206579715013504
2021-10-29,BHARTIARTL,0.02824975550174713,0.11401708424091339,0.8577331304550171
2021-10-29,BPCL,0.9461160898208618,0.032003290951251984,0.02188056707382202
2021-10-29,CIPLA,0.525968674570322,0.42808139231055975,0.04594994802027941
2021-10-29,DRREDDY,0.9474381804466248,0.022297747433185577,0.030264077708125114
2021-10-29,ICICIBANK,0.5268610380589962,0.01903107576072216,0.4541078535839915
2021-10-29,INDUSINDBK,0.14625227389236292,0.018157835118472576,0.8355898459752401
2021-10-29,ITC,0.9500898122787476,0.023149888962507248,0.02676023170351982
2021-10-29,KOTAKBANK,0.9503872394561768,0.02438316121697426,0.025229675695300102
2021-10-29,MARUTI,0.5010807905346155,0.018888026010245085,0.480031156912446
2021-10-31,ICICIBANK,0.013198936358094215,0.969350278377533,0.01745074801146984
2021-11-01,BAJAJ-AUTO,0.00850481353700161,0.9755262732505798,0.015968957915902138
2021-11-01,DRREDDY,0.03028310090303421,0.03311310801655054,0.9366038143634796
2021-11-01,JSWSTEEL,0.7952914237976074,0.016008563339710236,0.18869997560977936
2021-11-01,MARUTI,0.009259680286049843,0.9752816557884216,0.01545866671949625
2021-11-01,ONGC,0.13086947798728943,0.009096117690205574,0.8600344061851501
2021-11-01,RELIANCE,0.058169685304164886,0.016164956614375114,0.9256653189659119
2021-11-01,SUNPHARMA,0.30856621265411377,0.015019876882433891,0.676413893699646
2021-11-02,AXISBANK,0.11715561896562576,0.009268435649573803,0.8735759258270264
2021-11-02,BAJAJFINSV,0.9520499110221863,0.021340621635317802,0.02660951390862465
2021-11-02,BAJFINANCE,0.05714898183941841,0.01164658460766077,0.9312044382095337
2021-11-02,BHARTIARTL,0.9479410648345947,0.02673470973968506,0.025324245914816856
2021-11-02,EICHERMOT,0.9517390727996826,0.0199420303106308,0.028318846598267555
2021-11-02,INDUSINDBK,0.026375211775302887,0.04847579449415207,0.9251489639282227
2021-11-02,KOTAKBANK,0.10155652463436127,0.012221991084516048,0.8862214684486389
2021-11-02,MARUTI,0.03615610674023628,0.026020435616374016,0.937823474407196
2021-11-02,NTPC,0.5336949452757835,0.015418021474033594,0.4508869834244251
2021-11-02,SBIN,0.13886979532738528,0.017402741592377424,0.8437274694442749
2021-11-02,SUNPHARMA,0.9546821713447571,0.021586300805211067,0.023731529712677002
2021-11-03,BHARTIARTL,0.8353719711303711,0.03373946202918887,0.1308885901235044
2021-11-03,BPCL,0.09029922634363174,0.013364279642701149,0.8963364958763123
2021-11-03,CIPLA,0.022094910964369774,0.839956521987915,0.13794854283332825
2021-11-03,INDUSINDBK,0.05771658569574356,0.01466298382729292,0.9276204109191895
2021-11-03,MARUTI,0.016776892356574535,0.9441397190093994,0.03908338537439704
2021-11-03,NTPC,0.9474320411682129,0.03369355574250221,0.018874388188123703
2021-11-03,SBIN,0.7325878702104092,0.02888169977813959,0.23853042908012867
2021-11-03,SUNPHARMA,0.643852677817146,0.03071407911678155,0.3254332256813844
2021-11-04,BHARTIARTL,0.8729466795921326,0.06992277503013611,0.057130612432956696
2021-11-04,NTPC,0.08803573250770569,0.013292711228132248,0.8986715078353882
2021-11-05,BHARTIARTL,0.09331537783145905,0.013306147418916225,0.893378496170044
2021-11-05,EICHERMOT,0.09865143895149231,0.01331913098692894,0.8880293965339661
2021-11-05,SBIN,0.062089964747428894,0.44268066994845867,0.49522942677140236
2021-11-05,SUNPHARMA,0.11104322224855423,0.010428384877741337,0.878528356552124
2021-11-06,INDUSINDBK,0.021857379004359245,0.8502361178398132,0.12790656089782715
2021-11-06,KOTAKBANK,0.4080902338027954,0.028972193598747253,0.5629375576972961
2021-11-06,SBIN,0.23830819129943848,0.009334479458630085,0.7523573040962219
2021-11-07,BAJFINANCE,0.03861791267991066,0.019069340080022812,0.9423127770423889
2021-11-07,COALINDIA,0.08394847065210342,0.8184868097305298,0.09756475687026978
2021-11-08,BAJAJ-AUTO,0.1736816018819809,0.0075521888211369514,0.8187662363052368
2021-11-08,BAJAJFINSV,0.06903864815831184,0.011444354895502329,0.9195170104503632
2021-11-08,BRITANNIA,0.9508387744426727,0.022934414446353912,0.026226834394037724
2021-11-08,DRREDDY,0.952090859413147,0.0226035974919796,0.025305520743131638
2021-11-08,INDUSINDBK,0.015612355433404446,0.9509063959121704,0.033481333404779434
2021-11-08,NTPC,0.17660334706306458,0.009531584568321705,0.813865065574646
2021-11-08,RELIANCE,0.05040469579398632,0.029100239276885986,0.9204950630664825
2021-11-08,SBIN,0.026620052754878998,0.21786019578576088,0.7555197477340698
2021-11-09,DRREDDY,0.9515810012817383,0.020131591707468033,0.02828739769756794
2021-11-09,EICHERMOT,0.9197037220001221,0.031163090374320745,0.049133178777992725
2021-11-09,M&M,0.5198330730199814,0.026454036124050617,0.4537128498777747
2021-11-09,ONGC,0.02710660547018051,0.0876937061548233,0.8851996660232544
2021-11-09,POWERGRID,0.9529466032981873,0.022262096405029297,0.024791302159428596
2021-11-09,ULTRACEMCO,0.3297242671251297,0.013651444111019373,0.6566243171691895
2021-11-10,BHARTIARTL,0.6924468874931335,0.0073841954581439495,0.3001689016819
2021-11-10,BRITANNIA,0.01975148171186447,0.9537261724472046,0.026522424072027206
2021-11-10,CIPLA,0.8530915379524231,0.017792820930480957,0.12911561131477356
2021-11-10,M&M,0.23502043895423413,0.20671584252268077,0.5582637127488852
2021-11-10,MARUTI,0.11243539303541183,0.014544692821800709,0.8730199933052063
2021-11-10,POWERGRID,0.9480666816234589,0.021874841302633286,0.030058526434004307
2021-11-10,TITAN,0.7417300343513489,0.008428553119301796,0.2498413324356079
2021-11-11,ONGC,0.10527364909648895,0.008538128808140755,0.8861882090568542
2021-11-11,TATASTEEL,0.9487847089767456,0.02037147432565689,0.030843837186694145
2021-11-11,TITAN,0.17702290415763855,0.01862821727991104,0.8043488264083862
2021-11-12,RELIANCE,0.9216971397399902,0.03957656770944595,0.0387263186275959
2021-11-12,TATASTEEL,0.9353005290031433,0.024099604226648808,0.04059990216046572
2021-11-13,MARUTI,0.7105603218078613,0.012821104377508163,0.2766185998916626
2021-11-14,ONGC,0.01005000714212656,0.9572327733039856,0.032717201858758926
2021-11-15,BAJAJ-AUTO,0.054368991404771805,0.4684693180024624,0.47716169711202383
2021-11-15,BHARTIARTL,0.565544843673706,0.019221464172005653,0.41523367166519165
2021-11-15,COALINDIA,0.3017212189733982,0.09019583277404308,0.6080829501152039
2021-11-15,HEROMOTOCO,0.555995242856443,0.20794532587751746,0.23605940416455268
2021-11-15,HINDALCO,0.9499597549438477,0.017293542623519897,0.03274675831198692
2021-11-15,ONGC,0.14720003306865692,0.0204144399613142,0.8323854804039001
2021-11-15,TATASTEEL,0.04076188802719116,0.07670463854447007,0.8825334906578064
2021-11-15,TECHM,0.06001349352300167,0.015473418403416872,0.9245130866765976
2021-11-15,TITAN,0.06213970482349396,0.40787971019744873,0.5299805998802185
2021-11-16,ASIANPAINT,0.6185250282287598,0.34225818514823914,0.039216794073581696
2021-11-16,COALINDIA,0.04115033149719238,0.9133293032646179,0.04552038758993149
2021-11-16,GRASIM,0.9509774446487427,0.02179199643433094,0.027230631560087204
2021-11-17,ASIANPAINT,0.8930481672286987,0.03436116501688957,0.0725906640291214
2021-11-17,COALINDIA,0.6425595283508301,0.012580662034451962,0.3448598086833954
2021-11-17,HINDALCO,0.948915958404541,0.019642675295472145,0.03144136071205139
2021-11-17,ITC,0.04694505035877228,0.01187522616237402,0.9411797523498535
2021-11-17,SBIN,0.9186009764671326,0.011786612682044506,0.06961235404014587
2021-11-17,TECHM,0.859695315361023,0.011657956056296825,0.12864673137664795
2021-11-18,COALINDIA,0.12288699299097061,0.008599619381129742,0.8685134053230286
2021-11-18,HCLTECH,0.08932430297136307,0.010534004308283329,0.900141716003418
2021-11-18,INDUSINDBK,0.2530710995197296,0.008186650462448597,0.7387422323226929
2021-11-19,ICICIBANK,0.021239345893263817,0.875195324420929,0.10356532782316208
2021-11-19,ITC,0.025334959849715233,0.5650097131729126,0.4096553325653076
2021-11-19,MARUTI,0.039816416800022125,0.04561987519264221,0.9145637154579163
2021-11-21,COALINDIA,0.6512936949729919,0.2417362630367279,0.10696999728679657
2021-11-21,SBIN,0.17084689438343048,0.739203155040741,0.08994996547698975
2021-11-22,AXISBANK,0.10525309294462204,0.011202364228665829,0.8835445642471313
2021-11-22,BHARTIARTL,0.49578137695789337,0.028332478366792202,0.4758861269801855
2021-11-22,BPCL,0.06314398348331451,0.017970826476812363,0.9188852310180664
2021-11-22,KOTAKBANK,0.02989376336336136,0.04647495225071907,0.9236313104629517
2021-11-22,MARUTI,0.042411867529153824,0.8622683882713318,0.09531975537538528
2021-11-22,ONGC,0.1115138903260231,0.01248876005411148,0.8759974241256714
2021-11-22,RELIANCE,0.048376671969890594,0.022466792725026608,0.9291565716266632
2021-11-22,TATASTEEL,0.07356087118387222,0.012546156533062458,0.9138929843902588
2021-11-23,BHARTIARTL,0.5566378943622112,0.07072280952706933,0.37263926956802607
2021-11-23,ICICIBANK,0.20558997988700867,0.012687155976891518,0.781722903251648
2021-11-23,INDUSINDBK,0.11226836591959,0.3568762242794037,0.5308554172515869
2021-11-23,ITC,0.11747412383556366,0.00970257818698883,0.8728232979774475
2021-11-23,MARUTI,0.038494668900966644,0.5782985091209412,0.3832068145275116
2021-11-24,BHARTIARTL,0.5157944373786449,0.017995002679526806,0.46621054969727993
2021-11-24,COALINDIA,0.8911712169647217,0.026302509009838104,0.0825263112783432
2021-11-24,INDUSINDBK,0.02317916601896286,0.022220348939299583,0.95460045337677
2021-11-24,ITC,0.058994051069021225,0.016811098903417587,0.924194872379303
2021-11-24,RELIANCE,0.3910546638071537,0.008037952706217766,0.6009074002504349
2021-11-24,SBIN,0.2844138443470001,0.011417195200920105,0.7041689157485962
2021-11-25,ASIANPAINT,0.2063968311995268,0.4792613536119461,0.31434183940291405
2021-11-25,AXISBANK,0.0667441263794899,0.0313323438167572,0.9019235372543335
2021-11-25,BHARTIARTL,0.17955954745411873,0.015763700008392334,0.8046767711639404
2021-11-25,COALINDIA,0.09036886692047119,0.010347180999815464,0.8992839455604553
2021-11-25,ITC,0.33365607261657715,0.014579374343156815,0.6517645716667175
2021-11-25,ONGC,0.09211833775043488,0.13230851851403713,0.7755731046199799
2021-11-25,RELIANCE,0.5262548178434372,0.26277840230613947,0.2109667807817459
2021-11-26,COALINDIA,0.0698271170258522,0.011966698803007603,0.9182062149047852
2021-11-26,HEROMOTOCO,0.05057807266712189,0.024720799177885056,0.9247011542320251
2021-11-26,NTPC,0.1440785825252533,0.008981113322079182,0.846940279006958
2021-11-26,RELIANCE,0.048973383381962776,0.021319727413356304,0.9297069013118744
2021-11-27,TATASTEEL,0.9249695539474487,0.00829059723764658,0.06673988699913025
2021-11-28,BHARTIARTL,0.8997622132301331,0.053521111607551575,0.04671669378876686
2021-11-29,ASIANPAINT,0.8627496361732483,0.00820341520011425,0.12904693186283112
2021-11-29,CIPLA,0.03143390640616417,0.021986940875649452,0.9465791583061218
2021-11-29,INDUSINDBK,0.4734329283237457,0.010871787555515766,0.5156952738761902
2021-11-29,KOTAKBANK,0.7252150177955627,0.011063735000789165,0.26372119784355164
2021-11-29,RELIANCE,0.9357858300209045,0.025076109915971756,0.039138030260801315
2021-11-30,BAJAJFINSV,0.01974473148584366,0.08567743003368378,0.8945778012275696
2021-11-30,COALINDIA,0.9430639147758484,0.02888648398220539,0.028049612417817116
2021-11-30,ICICIBANK,0.014536185190081596,0.8756756782531738,0.10978810489177704
2021-11-30,MARUTI,0.6619307398796082,0.16485489904880524,0.17321434617042542
2021-12-01,BAJAJ-AUTO,0.012484397739171982,0.970660388469696,0.0168552715331316
2021-12-01,MARUTI,0.010011816397309303,0.9745012521743774,0.01548697054386139
2021-12-01,POWERGRID,0.03253847360610962,0.02114369533956051,0.9463178515434265
2021-12-02,HEROMOTOCO,0.00857417844235897,0.967563271522522,0.023862507194280624
2021-12-02,INDUSINDBK,0.03377188742160797,0.020846053957939148,0.9453821182250977
2021-12-02,M&M,0.11426106095314026,0.32113730907440186,0.5646016001701355
2021-12-02,POWERGRID,0.11483263224363327,0.009440778754651546,0.8757266402244568
2021-12-02,SBIN,0.5090333223342896,0.0076383547857403755,0.48332834243774414
2021-12-02,TATASTEEL,0.5796819925308228,0.011211789213120937,0.4091062843799591
2021-12-02,TECHM,0.9468164443969727,0.028909653425216675,0.024273844435811043
2021-12-03,COALINDIA,0.5409399643540382,0.01618489809334278,0.442875150591135
2021-12-03,HEROMOTOCO,0.911657989025116,0.013122797012329102,0.0752192810177803
2021-12-03,KOTAKBANK,0.018772421404719353,0.699758768081665,0.28146880865097046
2021-12-03,MARUTI,0.012620402500033379,0.9528642296791077,0.03451533615589142
2021-12-03,RELIANCE,0.8104653358459473,0.008022382855415344,0.18151219189167023
2021-12-03,TECHM,0.10706827044487,0.010516392067074776,0.8824152946472168
2021-12-06,HCLTECH,0.520824670791626,0.012900137342512608,0.4662751853466034
2021-12-06,HINDUNILVR,0.0775102898478508,0.014821182005107403,0.9076685309410095
2021-12-06,ICICIBANK,0.36570711582899096,0.023196389339864253,0.6110965013504028
2021-12-06,ITC,0.06846842914819717,0.016556108370423317,0.9149755239486694
2021-12-06,M&M,0.10262196511030197,0.010565732605755329,0.8868123292922974
2021-12-06,SUNPHARMA,0.06216263025999069,0.01563732884824276,0.9222000241279602
2021-12-06,ULTRACEMCO,0.29444006085395813,0.011494550853967667,0.6940654516220093
2021-12-07,KOTAKBANK,0.026687415316700935,0.030705947428941727,0.9426066279411316
2021-12-07,NESTLEIND,0.8861386775970459,0.012276439927518368,0.10158481448888779
2021-12-07,SBIN,0.12500569224357605,0.0137407835572958,0.8612534999847412
2021-12-08,AXISBANK,0.03378641977906227,0.032956406474113464,0.9332571625709534
2021-12-08,BHARTIARTL,0.8559849858283997,0.014826247934252024,0.1291887741535902
2021-12-08,DRREDDY,0.906428337097168,0.03205361217260361,0.06151805445551872
2021-12-08,RELIANCE,0.9311503767967224,0.016866406425833702,0.05198318883776665
2021-12-09,ASIANPAINT,0.9025772213935852,0.011905955150723457,0.08551674336194992
2021-12-09,AXISBANK,0.7790670394897461,0.01474926620721817,0.20618367195129395
2021-12-09,BHARTIARTL,0.597724437713623,0.011238843202590942,0.39103665947914124
2021-12-09,COALINDIA,0.044316284358501434,0.018768521025776863,0.9369151592254639
2021-12-09,DRREDDY,0.696198046207428,0.007740440312772989,0.2960614860057831
2021-12-09,ITC,0.6715723276138306,0.08794338256120682,0.2404843419790268
2021-12-09,MARUTI,0.5997180342674255,0.01227826438844204,0.38800373673439026
2021-12-09,RELIANCE,0.9461542367935181,0.02472027949988842,0.029125573113560677
2021-12-10,INDUSINDBK,0.888042151927948,0.013891515787690878,0.09806630574166775
2021-12-10,ITC,0.43718260899186134,0.05686297453939915,0.5059544295072556
2021-12-10,SBIN,0.01630202680826187,0.05019920691847801,0.9334987998008728
2021-12-11,BPCL,0.03811889886856079,0.0404200479388237,0.9214610457420349
2021-12-11,COALINDIA,0.018610844388604164,0.6784982681274414,0.3028908967971802
2021-12-11,KOTAKBANK,0.034239694476127625,0.029561985284090042,0.9361982941627502
2021-12-11,TITAN,0.031716130673885345,0.03124162182211876,0.937042236328125
2021-12-12,MARUTI,0.08248261362314224,0.010125922039151192,0.9073914289474487
2021-12-13,ASIANPAINT,0.03810957819223404,0.017047811299562454,0.9448425769805908
2021-12-13,BAJAJ-AUTO,0.06395699083805084,0.01841885782778263,0.9176241755485535
2021-12-13,HCLTECH,0.027425430715084076,0.9437978267669678,0.028776802122592926
2021-12-13,ITC,0.03143530711531639,0.0171784870326519,0.9513862133026123
2021-12-13,TATASTEEL,0.09579022228717804,0.011920489370822906,0.8922892808914185
2021-12-14,BHARTIARTL,0.8700782656669617,0.012203464284539223,0.11771831661462784
2021-12-14,ICICIBANK,0.0384749099612236,0.20899616181850433,0.7525289058685303
2021-12-14,ITC,0.11700858920812607,0.020677877590060234,0.8623135685920715
2021-12-14,MARUTI,0.2726476192474365,0.04193275421857834,0.6854196190834045
2021-12-14,POWERGRID,0.08788621425628662,0.009617328643798828,0.9024964570999146
2021-12-14,RELIANCE,0.05152662843465805,0.06467809528112411,0.8837952613830566
2021-12-15,BAJAJ-AUTO,0.05516428500413895,0.7081762552261353,0.2366594672203064
2021-12-15,BAJFINANCE,0.4597717151045799,0.009070451371371746,0.5311578214168549
2021-12-15,ITC,0.4769607111811638,0.04191078618168831,0.4811284989118576
2021-12-15,M&M,0.585749089717865,0.03429948538541794,0.37995147705078125
2021-12-15,SBIN,0.6613815426826477,0.011654860340058804,0.3269636332988739
2021-12-15,TATASTEEL,0.7758525013923645,0.0069220950827002525,0.21722547709941864
2021-12-16,ITC,0.0872274674475193,0.03298722766339779,0.8797852993011475
2021-12-16,RELIANCE,0.3799329996109009,0.20706665515899658,0.41300034523010254
2021-12-17,BHARTIARTL,0.31987431761808693,0.494587873108685,0.18553778156638145
2021-12-17,ICICIBANK,0.7026907205581665,0.013693110086023808,0.28361618518829346
2021-12-17,ITC,0.09729471802711487,0.010530088096857071,0.8921752274036407
2021-12-17,SBIN,0.6099891066551208,0.30300867557525635,0.0870022252202034
2021-12-18,BAJAJ-AUTO,0.8130506873130798,0.010571523569524288,0.17637786269187927
2021-12-18,ITC,0.21813823282718658,0.008498015813529491,0.7733637094497681
2021-12-19,RELIANCE,0.017028994858264923,0.9487940669059753,0.03417695499956608
2021-12-20,AXISBANK,0.5516321808099747,0.009267759509384632,0.43910007178783417
2021-12-20,BRITANNIA,0.2685728967189789,0.012079483829438686,0.7193476557731628
2021-12-20,CIPLA,0.9308159351348877,0.014829141087830067,0.05435490980744362
2021-12-20,EICHERMOT,0.009097241796553135,0.9688106775283813,0.02209206111729145
2021-12-20,ITC,0.061227547004818916,0.011420178692787886,0.9273522794246674
2021-12-21,HCLTECH,0.11907628178596497,0.00898971501737833,0.8719340562820435
2021-12-21,ICICIBANK,0.5674472451210022,0.10641475766897202,0.3261380195617676
2021-12-21,SBIN,0.0348210334777832,0.019635291770100594,0.945543646812439
2021-12-22,HCLTECH,0.4006338119506836,0.020829789340496063,0.578536331653595
2021-12-23,AXISBANK,0.05017734318971634,0.017277779057621956,0.9325448870658875
2021-12-23,HEROMOTOCO,0.908491313457489,0.010240508243441582,0.08126825094223022
2021-12-23,HINDUNILVR,0.058668576180934906,0.014503776095807552,0.9268276691436768
2021-12-24,HCLTECH,0.6976863145828247,0.09030009806156158,0.21201359294354916
2021-12-24,ITC,0.009967793710529804,0.9111414551734924,0.07889070361852646
2021-12-24,LT,0.08590218052268028,0.011158688459545374,0.9029391407966614
2021-12-24,RELIANCE,0.7340126633644104,0.014859448187053204,0.25112783908843994
2021-12-27,CIPLA,0.07727652043104172,0.015012672170996666,0.9077108502388
2021-12-27,DRREDDY,0.08540291339159012,0.010866845026612282,0.9037302136421204
2021-12-27,HCLTECH,0.034728143364191055,0.019384531304240227,0.9458872675895691
2021-12-27,INDUSINDBK,0.5089972615242004,0.007748912088572979,0.4832538366317749
2021-12-27,NTPC,0.11174740642309189,0.00986788421869278,0.8783847093582153
2021-12-27,TATASTEEL,0.04649478569626808,0.07231858372688293,0.8811866641044617
2021-12-28,BHARTIARTL,0.12252454459667206,0.010263878852128983,0.8672115802764893
2021-12-28,CIPLA,0.5047070980072021,0.008645840920507908,0.4866470992565155
2021-12-28,RELIANCE,0.027909984812140465,0.03262673690915108,0.9394633173942566
2021-12-28,TATASTEEL,0.16314344108104706,0.019398802891373634,0.8174577951431274
2021-12-28,TECHM,0.09330105036497116,0.010207023471593857,0.8964919447898865
2021-12-29,BAJAJ-AUTO,0.22750511765480042,0.00914535392075777,0.7633495330810547
2021-12-29,DRREDDY,0.4539748728275299,0.4920240640640259,0.054001010954380035
2021-12-29,HINDUNILVR,0.4674820005893707,0.05399077385663986,0.4785272777080536
2021-12-29,ICICIBANK,0.9262183904647827,0.022038893774151802,0.05174262821674347
2021-12-29,NTPC,0.24171170592308044,0.01631063991226256,0.7419776618480682
2021-12-29,ULTRACEMCO,0.14757775887846947,0.010906440205872059,0.841515839099884
2021-12-30,BAJFINANCE,0.2064100056886673,0.009052458684891462,0.7845375537872314
2021-12-30,ITC,0.7398742139339447,0.014967975439503789,0.24515783041715622
2021-12-30,NTPC,0.542551577091217,0.009338481351733208,0.4481099545955658
2021-12-31,RELIANCE,0.6299319192767143,0.034785012093683086,0.3352830670773983
2021-12-31,TECHM,0.10770862549543381,0.008384459652006626,0.883906900882721
2022-01-01,EICHERMOT,0.9354192614555359,0.022716276347637177,0.04186446592211723
2022-01-01,M&M,0.009158236905932426,0.975635290145874,0.015206445939838886
2022-01-01,MARUTI,0.013632913120090961,0.9711092710494995,0.01525783259421587
2022-01-01,NTPC,0.10028775036334991,0.2819516360759735,0.6177605986595154
2022-01-02,NTPC,0.06545291095972061,0.010495953261852264,0.9240511059761047
2022-01-03,COALINDIA,0.9152837991714478,0.04296599701046944,0.0417502298951149
2022-01-03,EICHERMOT,0.6301094889640808,0.13730075769126415,0.23258979246020317
2022-01-03,MARUTI,0.9034541845321655,0.021022990345954895,0.07552291452884674
2022-01-03,NTPC,0.44988012686371803,0.010275691747665405,0.539844237267971
2022-01-03,ONGC,0.07936286926269531,0.01644560694694519,0.9041915535926819
2022-01-04,AXISBANK,0.0508812852203846,0.07657027244567871,0.8725484013557434
2022-01-04,BHARTIARTL,0.04650616645812988,0.23181910812854767,0.7216747403144836
2022-01-04,COALINDIA,0.24270693212747574,0.012750898953527212,0.7445421516895294
2022-01-04,EICHERMOT,0.026676787063479424,0.9603424072265625,0.012980853207409382
2022-01-04,HCLTECH,0.9342994689941406,0.04615531489253044,0.019545091316103935
2022-01-04,HINDUNILVR,0.04351624473929405,0.5098033547401428,0.4466803967952728
2022-01-04,ICICIBANK,0.5896350741386414,0.010680587962269783,0.3996843695640564
2022-01-05,AXISBANK,0.9481323957443237,0.020815139636397362,0.031052518635988235
2022-01-05,BAJFINANCE,0.1731928437948227,0.7713003754615784,0.05550677701830864
2022-01-05,BHARTIARTL,0.15255041420459747,0.007123211864382029,0.8403263092041016
2022-01-05,HEROMOTOCO,0.013979312963783741,0.9380958676338196,0.04792485386133194
2022-01-05,ICICIBANK,0.9494014382362366,0.02062966674566269,0.029968934133648872
2022-01-05,INDUSINDBK,0.9483265280723572,0.019319873303174973,0.03235361725091934
2022-01-05,KOTAKBANK,0.9498875737190247,0.02112611196935177,0.02898632362484932
2022-01-05,NTPC,0.032926615327596664,0.019745854660868645,0.9473275542259216
2022-01-05,ONGC,0.20886971056461334,0.08615733683109283,0.7049729228019714
2022-01-06,BHARTIARTL,0.9423750638961792,0.027338778600096703,0.030286191031336784
2022-01-06,NTPC,0.8857508301734924,0.009775527752935886,0.10447362810373306
2022-01-06,ONGC,0.035823188722133636,0.1549314260482788,0.8092454075813293
2022-01-06,RELIANCE,0.7775760094324747,0.016849453871448834,0.2055745298663775
2022-01-06,TECHM,0.9498620629310608,0.01616370864212513,0.03397422283887863
2022-01-07,ASIANPAINT,0.055912233889102936,0.017158029600977898,0.9269297122955322
2022-01-07,BHARTIARTL,0.04622187837958336,0.015632862225174904,0.938145250082016
2022-01-07,GRASIM,0.05198276787996292,0.015308784320950508,0.9327084422111511
2022-01-07,HEROMOTOCO,0.018884150311350822,0.6709656119346619,0.31015026569366455
2022-01-07,HINDUNILVR,0.10357502102851868,0.02432446926832199,0.8721005916595459
2022-01-07,ICICIBANK,0.0635218471288681,0.019558411091566086,0.9169197082519531
2022-01-07,JSWSTEEL,0.6504208445549011,0.008608885109424591,0.3409702479839325
2022-01-07,RELIANCE,0.6174708604812622,0.08938268572092056,0.293146550655365
2022-01-07,TATASTEEL,0.014214014634490013,0.971105694770813,0.014680307358503342
2022-01-07,TITAN,0.3399803650875886,0.06925975282986958,0.590759918714563
2022-01-09,ITC,0.19650939106941223,0.02095825970172882,0.7825323939323425
2022-01-09,KOTAKBANK,0.012770560570061207,0.91628697514534,0.07094249501824379
2022-01-09,RELIANCE,0.0457729697227478,0.020927878096699715,0.93329918384552
2022-01-10,ASIANPAINT,0.01919323205947876,0.9463968276977539,0.034409839659929276
2022-01-10,HINDUNILVR,0.9503132700920105,0.021201806142926216,0.028484869748353958
2022-01-10,ITC,0.9520887136459351,0.022151198238134384,0.02576012723147869
2022-01-10,JSWSTEEL,0.02993588149547577,0.16244250535964966,0.8076215982437134
2022-01-10,KOTAKBANK,0.024821030907332897,0.5236004889011383,0.4515784680843353
2022-01-10,NESTLEIND,0.9499207735061646,0.02233174629509449,0.02774745039641857
2022-01-10,TECHM,0.25506243109703064,0.006820221431553364,0.7381173372268677
2022-01-10,TITAN,0.5172064527869225,0.015754805877804756,0.46703873202204704
2022-01-11,BAJAJ-AUTO,0.0346221849322319,0.904968798160553,0.06040909141302109
2022-01-11,JSWSTEEL,0.9494873583316803,0.022444664500653744,0.028067915700376034
2022-01-11,KOTAKBANK,0.027940494939684868,0.11359123885631561,0.8584682941436768
2022-01-12,BAJFINANCE,0.21370049938559532,0.016136146150529385,0.7701633870601654
2022-01-12,HCLTECH,0.03382197022438049,0.01875697448849678,0.9474210143089294
2022-01-12,LT,0.9492788314819336,0.01670294813811779,0.03401827812194824
2022-01-12,ULTRACEMCO,0.01614181138575077,0.9422846436500549,0.041573505848646164
2022-01-13,CIPLA,0.04391283541917801,0.843623161315918,0.1124640479683876
2022-01-13,RELIANCE,0.2209281325340271,0.009350614622235298,0.769721269607544
2022-01-14,BHARTIARTL,0.3806464672088623,0.020830735564231873,0.5985227823257446
2022-01-14,BRITANNIA,0.03652442991733551,0.02757367305457592,0.9359018206596375
2022-01-14,EICHERMOT,0.7265400290489197,0.015575247816741467,0.25788480043411255
2022-01-14,HCLTECH,0.008737076073884964,0.9711867570877075,0.020076176151633263
2022-01-14,HEROMOTOCO,0.7905943095684052,0.011644020676612854,0.1977616623044014
2022-01-14,SUNPHARMA,0.03151237592101097,0.03358430415391922,0.9349033236503601
2022-01-14,TATASTEEL,0.8547142148017883,0.03362462669610977,0.1116611659526825
2022-01-17,ASIANPAINT,0.019348151981830597,0.9230817556381226,0.05757012963294983
2022-01-17,AXISBANK,0.11811618506908417,0.014530980959534645,0.8673528432846069
2022-01-17,HCLTECH,0.370670494224344,0.012618427430944783,0.6167110827352319
2022-01-17,HEROMOTOCO,0.9238772690296173,0.0392046719789505,0.03691806457936764
2022-01-17,MARUTI,0.8275415897369385,0.05142425745725632,0.12103421986103058
2022-01-17,NTPC,0.42299890518188477,0.008571379818022251,0.568429708480835
2022-01-17,TECHM,0.11382472515106201,0.011297575198113918,0.8748776912689209
2022-01-17,ULTRACEMCO,0.940806433558464,0.02510977629572153,0.03408375568687916
2022-01-18,COALINDIA,0.7101635932922363,0.0089007169008255,0.280935674905777
2022-01-18,HCLTECH,0.06976661831140518,0.009214998222887516,0.9210184216499329
2022-01-18,ICICIBANK,0.07716728001832962,0.013957052491605282,0.9088756442070007
2022-01-18,MARUTI,0.01341160573065281,0.9630303978919983,0.02355802431702614
2022-01-18,TECHM,0.39875085949897765,0.02123396685346961,0.5800151731818914
2022-01-18,ULTRACEMCO,0.17418800946325064,0.17227049839372435,0.6535415022323529
2022-01-19,AXISBANK,0.014610868878662586,0.6174355149269104,0.3679536283016205
2022-01-19,BAJAJ-AUTO,0.9533354938030243,0.021627298556268215,0.025037276558578014
2022-01-19,BAJFINANCE,0.9481935302416483,0.02139860639969508,0.030407839144269627
2022-01-19,BHARTIARTL,0.9412620067596436,0.014661160297691822,0.04407678171992302
2022-01-19,COALINDIA,0.9411778450012207,0.014129762537777424,0.04469243809580803
2022-01-19,HINDALCO,0.9470700025558472,0.015779908746480942,0.03715012967586517
2022-01-19,HINDUNILVR,0.5797515511512756,0.37270668148994446,0.047541797161102295
2022-01-19,JSWSTEEL,0.9316660165786743,0.01431688666343689,0.05401704087853432
2022-01-19,NTPC,0.08468497544527054,0.010916928760707378,0.9043980836868286
2022-01-19,ONGC,0.007355595473200083,0.975674033164978,0.01697038672864437
2022-01-19,SBIN,0.19742928445339203,0.5203530192375183,0.28221774101257324
2022-01-19,TATASTEEL,0.9358609914779663,0.015625784173607826,0.04851324111223221
2022-01-20,HINDUNILVR,0.5242238640785217,0.0412578284740448,0.4345182776451111
2022-01-20,KOTAKBANK,0.11085840314626694,0.07001123577356339,0.8191303014755249
2022-01-20,ONGC,0.03508709743618965,0.015810469165444374,0.9491024613380432
2022-01-21,ASIANPAINT,0.4645993122830987,0.05270904861390591,0.482691646553576
2022-01-21,BAJAJ-AUTO,0.893656313419342,0.01283008698374033,0.09351356327533722
2022-01-21,HINDUNILVR,0.027493659406900406,0.034275833517313004,0.9382304549217224
2022-01-21,ICICIBANK,0.9482316374778748,0.01535730343312025,0.036411017179489136
2022-01-21,JSWSTEEL,0.009772994555532932,0.9653987884521484,0.02482816018164158
2022-01-21,RELIANCE,0.9298928081989288,0.018357654102146626,0.05174954142421484
2022-01-21,SBIN,0.15149801969528198,0.012025754898786545,0.8364761471748352
2022-01-22,ICICIBANK,0.3403435641278823,0.32167412464817363,0.3379823000480731
2022-01-24,ASIANPAINT,0.9499934315681458,0.025153804570436478,0.02485288307070732
2022-01-24,AXISBANK,0.9500834047794342,0.023241574876010418,0.026675031520426273
2022-01-24,BAJAJ-AUTO,0.4313951153308153,0.08203563746064901,0.48656924068927765
2022-01-24,BAJAJFINSV,0.9539414048194885,0.021771147847175598,0.02428748831152916
2022-01-24,BAJFINANCE,0.07117174938321114,0.011681266594678164,0.9171470403671265
2022-01-24,HCLTECH,0.1782163679599762,0.009012815542519093,0.8127707839012146
2022-01-24,HINDUNILVR,0.9099940061569214,0.03645602334290743,0.05354995001107454
2022-01-24,ICICIBANK,0.506515384092927,0.18082873709499836,0.3126558676362038
2022-01-24,JSWSTEEL,0.6396818819145361,0.32992061351736385,0.030397463589906693
2022-01-24,RELIANCE,0.49193403124809265,0.027660420164465904,0.48040551878511906
2022-01-24,TECHM,0.06786725670099258,0.24505601823329926,0.68707674741745
2022-01-25,AXISBANK,0.051341790705919266,0.03920749947428703,0.9094507098197937
2022-01-25,BAJFINANCE,0.8348822593688965,0.006981691811233759,0.15813596546649933
2022-01-25,BHARTIARTL,0.21074480563402176,0.00758484797552228,0.7816703617572784
2022-01-25,BPCL,0.7448060512542725,0.015229112934321165,0.23996484093368053
2022-01-25,CIPLA,0.49450819566845894,0.01965436991304159,0.4858373887836933
2022-01-25,HEROMOTOCO,0.28660476207733154,0.00936324242502451,0.7040320038795471
2022-01-25,HINDUNILVR,0.011233932338654995,0.9678923487663269,0.02087373286485672
2022-01-25,ICICIBANK,0.9509157538414001,0.0224363524466753,0.026647884398698807
2022-01-25,MARUTI,0.007963705342262983,0.9745380580425262,0.01749823149293661
2022-01-25,POWERGRID,0.5647109746932983,0.023654242977499962,0.41163477301597595
2022-01-25,RELIANCE,0.9497566819190979,0.02124745212495327,0.02899598330259323
2022-01-26,MARUTI,0.7223365902900696,0.012538019567728043,0.2651253938674927
2022-01-27,AXISBANK,0.2851968500763178,0.17351392097771168,0.5412892401218414
2022-01-27,BAJAJ-AUTO,0.09579852968454361,0.012142088264226913,0.8920593857765198
2022-01-27,BAJAJFINSV,0.0706477239727974,0.01093228068202734,0.9184200167655945
2022-01-27,CIPLA,0.029844554141163826,0.03281211853027344,0.9373433589935303
2022-01-27,HINDUNILVR,0.06778992712497711,0.012757424265146255,0.9194526672363281
2022-01-27,ICICIBANK,0.28218164294958115,0.013235696591436863,0.7045826315879822
2022-01-27,ITC,0.09836791455745697,0.010323846712708473,0.8913082480430603
2022-01-27,M&M,0.22226889431476593,0.01970033533871174,0.7580307722091675
2022-01-27,NTPC,0.46862030029296875,0.008864828385412693,0.5225149393081665
2022-01-27,RELIANCE,0.8529598712921143,0.00802573747932911,0.1390143483877182
2022-01-27,SBIN,0.909601092338562,0.01780336583033204,0.07259558141231537
2022-01-27,SUNPHARMA,0.26683327555656433,0.010017994791269302,0.723148763179779
2022-01-27,TECHM,0.16605094633996487,0.060682838782668114,0.7732662260532379
2022-01-28,ASIANPAINT,0.07233835756778717,0.012725797481834888,0.9149358868598938
2022-01-28,BAJAJ-AUTO,0.08531450480222702,0.011439384892582893,0.9032461047172546
2022-01-28,BHARTIARTL,0.17552529089152813,0.08775075268931687,0.7367239892482758
2022-01-28,CIPLA,0.8832206428050995,0.014868366066366434,0.10191091522574425
2022-01-28,DRREDDY,0.1551993191242218,0.010117931291460991,0.834682822227478
2022-01-28,HINDUNILVR,0.060742877423763275,0.013455742038786411,0.9258013367652893
2022-01-28,ICICIBANK,0.08447205275297165,0.011646689847111702,0.9038812518119812
2022-01-28,JSWSTEEL,0.07778853178024292,0.012000651098787785,0.9102107882499695
2022-01-28,ONGC,0.8802682757377625,0.012364254333078861,0.10736756026744843
2022-01-28,SBIN,0.18971917033195496,0.021371424198150635,0.7889094352722168
2022-01-29,BAJAJ-AUTO,0.06751707941293716,0.010067417286336422,0.9224154949188232
2022-01-29,CIPLA,0.08616906404495239,0.010669050738215446,0.903161883354187
2022-01-29,INDUSINDBK,0.7005562633275986,0.26960577815771103,0.02983792871236801
2022-01-29,MARUTI,0.06739897280931473,0.011468651704490185,0.9211323857307434
2022-01-29,NESTLEIND,0.06121024489402771,0.047405049204826355,0.8913847804069519
2022-01-29,NTPC,0.5115316435694695,0.01929608639329672,0.46917227655649185
2022-01-29,SBIN,0.023190511390566826,0.3772772252559662,0.5995322465896606
2022-01-30,BAJAJ-AUTO,0.040886539965867996,0.020851967856287956,0.9382615685462952
2022-01-30,NTPC,0.09580796211957932,0.0601920522749424,0.843999981880188
2022-01-31,ASIANPAINT,0.10264421254396439,0.010758197866380215,0.8865976333618164
2022-01-31,BAJAJ-AUTO,0.08104145526885986,0.013505100272595882,0.9054534435272217
2022-01-31,BAJAJFINSV,0.10550522059202194,0.00944086629897356,0.8850538730621338
2022-01-31,BHARTIARTL,0.08064480125904083,0.011614476330578327,0.9077407121658325
2022-01-31,BPCL,0.9490006566047668,0.020078351721167564,0.0309209693223238
2022-01-31,INDUSINDBK,0.6777669390042623,0.02033301318685214,0.3019000422209501
2022-01-31,NTPC,0.8630090355873108,0.10289932228624821,0.03409158997237682
2022-01-31,RELIANCE,0.609152615070343,0.013671590015292168,0.3771757986396551
2022-01-31,SBIN,0.13485659658908844,0.017396457493305206,0.8477469682693481
2022-01-31,SUNPHARMA,0.9514291286468506,0.01834453083574772,0.03022627905011177
2022-01-31,TECHM,0.9531325101852417,0.021783769130706787,0.025083724409341812
2022-02-01,BAJAJ-AUTO,0.025241215713322163,0.5041135065257549,0.4706452530808747
2022-02-01,BHARTIARTL,0.09162115305662155,0.013602109625935555,0.8947767615318298
2022-02-01,BPCL,0.9508985280990601,0.021978281438350677,0.027123214676976204
2022-02-01,BRITANNIA,0.9522079825401306,0.021724700927734375,0.026067332675059635
2022-02-01,COALINDIA,0.5556148812174797,0.04738772660493851,0.3969973996281624
2022-02-01,DRREDDY,0.6729069724678993,0.017875387333333492,0.30921761132776737
2022-02-01,ICICIBANK,0.0892036035656929,0.0212986022233963,0.8894977569580078
2022-02-01,INDUSINDBK,0.500870605930686,0.01801265776157379,0.4811167847365141
2022-02-01,ITC,0.486050371080637,0.06309631932526827,0.45085334591567516
2022-02-01,KOTAKBANK,0.5189781654626131,0.017040601698681712,0.4639812004752457
2022-02-01,LT,0.06010347604751587,0.014070303179323673,0.9258262515068054
2022-02-01,MARUTI,0.012742556631565094,0.9718306660652161,0.015426702797412872
2022-02-01,NTPC,0.9450080096721649,0.026222432032227516,0.028769503347575665
2022-02-01,ONGC,0.16481755673885345,0.1297249048948288,0.7054575085639954
2022-02-01,SBIN,0.1355009227991104,0.02600705996155739,0.8384920358657837
2022-02-01,SUNPHARMA,0.6607613836725553,0.01923411898314953,0.32000447375078994
2022-02-01,TATASTEEL,0.06338769197463989,0.015207805670797825,0.9214044213294983
2022-02-01,TECHM,0.952417254447937,0.019751429557800293,0.02783134300261736
2022-02-02,ASIANPAINT,0.13679049909114838,0.01141247060149908,0.8517970442771912
2022-02-02,BPCL,0.030562864616513252,0.03313010558485985,0.9363070726394653
2022-02-02,CIPLA,0.07837488502264023,0.010385259985923767,0.9112398624420166
2022-02-02,HINDUNILVR,0.0752994641661644,0.013121363706886768,0.9115791916847229
2022-02-02,INDUSINDBK,0.1190575361251831,0.01652360148727894,0.8644189238548279
2022-02-02,ITC,0.8101723790168762,0.013948270119726658,0.1758793592453003
2022-02-02,KOTAKBANK,0.0482940711081028,0.014999687671661377,0.9367062449455261
2022-02-02,LT,0.06783902645111084,0.01089632511138916,0.9212645888328552
2022-02-02,NTPC,0.04892813786864281,0.013248990289866924,0.9378228783607483
2022-02-02,ONGC,0.19267797470092773,0.012223456054925919,0.795098602771759
2022-02-02,SUNPHARMA,0.05318504944443703,0.014876073226332664,0.931938886642456
2022-02-02,TATASTEEL,0.05342162400484085,0.7266334295272827,0.21994493901729584
2022-02-02,TECHM,0.5169743609925112,0.018732524166504543,0.46429310242335003
2022-02-03,AXISBANK,0.7361344695091248,0.006116785574704409,0.25774869322776794
2022-02-03,BPCL,0.09560525417327881,0.012815834954380989,0.8915788531303406
2022-02-03,HEROMOTOCO,0.05305199325084686,0.9191448092460632,0.027803216129541397
2022-02-03,ITC,0.9544590711593628,0.01972472295165062,0.025816192850470543
2022-02-03,MARUTI,0.05831852927803993,0.01666542887687683,0.9250160455703735
2022-02-03,SUNPHARMA,0.10441847890615463,0.010622140020132065,0.88495934009552
2022-02-03,TECHM,0.08748811706900597,0.011448345147073269,0.9010635256767273
2022-02-04,AXISBANK,0.1309903860092163,0.013109054416418076,0.8559005856513977
2022-02-04,CIPLA,0.16325148940086365,0.007956387475132942,0.828792154788971
2022-02-04,ITC,0.3497976291303833,0.034595445885012545,0.6156068931644162
2022-02-04,TECHM,0.05296625941991806,0.03368501737713814,0.9133486747741699
2022-02-04,TITAN,0.5766792297363281,0.20239360630512238,0.22092710435390472
2022-02-05,SBIN,0.9473481774330139,0.026985924690961838,0.025665834546089172
2022-02-06,DRREDDY,0.7059862017631531,0.00752401864156127,0.2864898145198822
2022-02-07,BHARTIARTL,0.9422581791877747,0.01724010892212391,0.04050174728035927
2022-02-07,COALINDIA,0.4565964937210083,0.008543139323592186,0.5348603129386902
2022-02-07,INDUSINDBK,0.12520398199558258,0.020104004070162773,0.8546919822692871
2022-02-07,MARUTI,0.0768289566040039,0.04537725821137428,0.8777937889099121
2022-02-07,ONGC,0.012896724976599216,0.7889852523803711,0.19811801612377167
2022-02-07,SBIN,0.460992656648159,0.02793024107813835,0.511077094823122
2022-02-07,TATASTEEL,0.11108719930052757,0.022820338141173124,0.8660924434661865
2022-02-07,TECHM,0.06620260328054428,0.012114085257053375,0.9216833710670471
2022-02-08,BAJFINANCE,0.49092212319374084,0.04819655977189541,0.460881344974041
2022-02-08,BHARTIARTL,0.7205231189727783,0.008566510863602161,0.2709103226661682
2022-02-08,BPCL,0.08855119347572327,0.008418077602982521,0.9030306935310364
2022-02-08,GRASIM,0.3794228136539459,0.5740240216255188,0.046553224325180054
2022-02-08,ITC,0.9523508548736572,0.022901443764567375,0.02474779635667801
2022-02-08,MARUTI,0.43140702073772746,0.048792929078141846,0.519800047079722
2022-02-08,SBIN,0.6627127155661583,0.019575908159216244,0.31771132598320645
2022-02-08,TATASTEEL,0.6494131249686083,0.01754670062412818,0.33304018278916675
2022-02-09,BHARTIARTL,0.7210436905734241,0.022816558834165335,0.25613977015018463
2022-02-09,BPCL,0.05157392006367445,0.08491208963096142,0.8635140061378479
2022-02-09,BRITANNIA,0.933075487613678,0.01887964829802513,0.048044923692941666
2022-02-09,KOTAKBANK,0.12217579782009125,0.028402183204889297,0.8494219779968262
2022-02-09,TATASTEEL,0.03462404012680054,0.022199219092726707,0.9431766867637634
2022-02-10,BHARTIARTL,0.00814302871003747,0.9715898931026459,0.020267064683139324
2022-02-10,COALINDIA,0.0387444794178009,0.015830695629119873,0.9454248547554016
2022-02-10,HINDALCO,0.07068067789077759,0.015108663588762283,0.9142106771469116
2022-02-10,HINDUNILVR,0.4886793512851,0.013621957506984472,0.49769869074225426
2022-02-10,ICICIBANK,0.0714707151055336,0.010301701724529266,0.9182276129722595
2022-02-10,INDUSINDBK,0.06974547356367111,0.01592695154249668,0.9143275618553162
2022-02-10,POWERGRID,0.9489355385303497,0.020194873213768005,0.03086964786052704
2022-02-10,RELIANCE,0.12407051026821136,0.007898495299741626,0.8680310249328613
2022-02-10,SBIN,0.5084073543548584,0.015708893537521362,0.4758838415145874
2022-02-11,BHARTIARTL,0.06489674304611981,0.48455630987882614,0.4505469463765621
2022-02-11,HEROMOTOCO,0.010449145920574665,0.9709069728851318,0.018643907271325588
2022-02-11,HINDALCO,0.9454594552516937,0.018191850744187832,0.03634872008115053
2022-02-11,M&M,0.7164439880289137,0.2517583896405995,0.03179762791842222
2022-02-11,ONGC,0.4921038057655096,0.020897476002573967,0.4869987200945616
2022-02-11,TATASTEEL,0.47575732693076134,0.023986537009477615,0.5002561062574387
2022-02-12,BAJAJ-AUTO,0.05802444368600845,0.09032986778765917,0.8516457180182139
2022-02-12,COALINDIA,0.9275715351104736,0.016900300979614258,0.05552813783288002
2022-02-12,SBIN,0.06283394992351532,0.11940301209688187,0.8177630305290222
2022-02-13,BAJAJ-AUTO,0.18481184542179108,0.05104236863553524,0.7641457915306091
2022-02-14,AXISBANK,0.3080919086933136,0.01068065781146288,0.681227445602417
2022-02-14,BHARTIARTL,0.04770461469888687,0.014228933490812778,0.9380664825439453
2022-02-14,COALINDIA,0.7661483898758888,0.02192484512925148,0.21192677207291127
2022-02-14,GRASIM,0.9496561288833618,0.019126731902360916,0.031217128038406372
2022-02-14,HEROMOTOCO,0.193139910697937,0.7251389026641846,0.08172117173671722
2022-02-14,ICICIBANK,0.25949522107839584,0.05115851014852524,0.6893462240695953
2022-02-14,M&M,0.04526394233107567,0.021201567724347115,0.9335344433784485
2022-02-14,ONGC,0.8670872449874878,0.07581916451454163,0.057093605399131775
2022-02-14,RELIANCE,0.7578054666519165,0.0384550504386425,0.2037394493818283
2022-02-15,CIPLA,0.0799953043460846,0.4649682380259037,0.4550364390015602
2022-02-15,EICHERMOT,0.15052736178040504,0.048156547670563064,0.8013161222139994
2022-02-15,HEROMOTOCO,0.07420597225427628,0.010541793890297413,0.9152522087097168
2022-02-15,ITC,0.08447354286909103,0.01109388004988432,0.9044325947761536
2022-02-15,M&M,0.058736205101013184,0.011624102480709553,0.9296396374702454
2022-02-15,MARUTI,0.9481051564216614,0.023173421621322632,0.028721412643790245
2022-02-15,ONGC,0.9486440420150757,0.019891008734703064,0.03146494925022125
2022-02-15,POWERGRID,0.14632759988307953,0.008351640775799751,0.8453207612037659
2022-02-15,SBIN,0.07813645713031292,0.31925151124596596,0.6026120781898499
2022-02-15,TECHM,0.11855362355709076,0.039882589131593704,0.8415637612342834
2022-02-16,ASIANPAINT,0.2642369568347931,0.013353424146771431,0.7224096059799194
2022-02-16,BHARTIARTL,0.13116416335105896,0.009133112616837025,0.8597027659416199
2022-02-16,BPCL,0.5781126022338867,0.009196195751428604,0.412691205739975
2022-02-16,DRREDDY,0.16995801031589508,0.008375666104257107,0.8216663002967834
2022-02-16,HEROMOTOCO,0.035363636910915375,0.017643839120864868,0.9469925761222839
2022-02-16,JSWSTEEL,0.04060489311814308,0.016007086262106895,0.9433879852294922
2022-02-16,ONGC,0.06371717154979706,0.047517675906419754,0.8887651562690735
2022-02-17,BAJAJ-AUTO,0.7575611472129822,0.006959847640246153,0.23547901213169098
2022-02-17,EICHERMOT,0.6880195289850235,0.01630752005924781,0.29567296120027703
2022-02-17,HEROMOTOCO,0.09097115136682987,0.4285559616982937,0.4804728999733925
2022-02-17,NESTLEIND,0.6888476610183716,0.06929797679185867,0.24185428023338318
2022-02-17,ONGC,0.2403269112110138,0.030792029574513435,0.7288811206817627
2022-02-17,POWERGRID,0.10329791903495789,0.009469541721045971,0.8872325420379639
2022-02-17,RELIANCE,0.013302270323038101,0.8372819423675537,0.1494157314300537
2022-02-18,COALINDIA,0.4069791557267308,0.02904596133157611,0.5639748759567738
2022-02-18,EICHERMOT,0.047866880893707275,0.013939290307462215,0.9381938576698303
2022-02-18,GRASIM,0.9528631567955017,0.02079835720360279,0.026338431984186172
2022-02-18,NESTLEIND,0.4889243273064494,0.03372699208557606,0.4773486666381359
2022-02-19,NTPC,0.8147252202033997,0.0068479073233902454,0.1784268021583557
2022-02-21,BHARTIARTL,0.5815737247467041,0.009041153825819492,0.40938517451286316
2022-02-21,COALINDIA,0.08265099488198757,0.4201130932196975,0.49723590910434723
2022-02-21,DRREDDY,0.9401475787162781,0.026006313040852547,0.03384614363312721
2022-02-21,HEROMOTOCO,0.6719692349433899,0.010770482942461967,0.3172602355480194
2022-02-21,NESTLEIND,0.9332008957862854,0.04250301048159599,0.024296103045344353
2022-02-21,NTPC,0.03337112441658974,0.034153711050748825,0.9324751496315002
2022-02-22,BPCL,0.6172317862510681,0.007912173867225647,0.37485602498054504
2022-02-22,COALINDIA,0.08072851598262787,0.011346476152539253,0.9079249799251556
2022-02-22,NESTLEIND,0.06472974518934886,0.014624299171070257,0.9206459323565165
2022-02-23,BAJAJFINSV,0.06512849777936935,0.013152320869266987,0.9217191934585571
2022-02-23,BHARTIARTL,0.04112136550247669,0.2949815820902586,0.6638970673084259
2022-02-23,COALINDIA,0.10232913494110107,0.010045928880572319,0.887624979019165
2022-02-23,KOTAKBANK,0.05923810601234436,0.02136293053627014,0.9193989634513855
2022-02-23,MARUTI,0.3116939505562186,0.014372070087119937,0.6739339837804437
2022-02-23,NESTLEIND,0.08183867111802101,0.011011160910129547,0.9071501791477203
2022-02-23,RELIANCE,0.8942115306854248,0.010114544071257114,0.09567395597696304
2022-02-24,BHARTIARTL,0.1753840148448944,0.009356431663036346,0.8152595162391663
2022-02-24,COALINDIA,0.03495398163795471,0.05819541960954666,0.9068505764007568
2022-02-24,HINDUNILVR,0.03183216601610184,0.026214933022856712,0.9419529438018799
2022-02-25,HINDUNILVR,0.05986975505948067,0.014502014964818954,0.9256282448768616
2022-02-25,MARUTI,0.09921418875455856,0.020757246762514114,0.8800285458564758
2022-02-25,NTPC,0.025761371478438377,0.05503681302070618,0.9192017912864685
2022-02-27,HEROMOTOCO,0.9434264898300171,0.01362079568207264,0.04295274242758751
2022-02-27,KOTAKBANK,0.07285594940185547,0.019167585298419,0.9079764485359192
2022-02-28,BHARTIARTL,0.5024629086256027,0.15689706755802035,0.34064003825187683
2022-02-28,EICHERMOT,0.8516466617584229,0.12597708404064178,0.02237619459629059
2022-02-28,ICICIBANK,0.03517170995473862,0.034664224833250046,0.9301640391349792
2022-02-28,RELIANCE,0.05152551829814911,0.01874740608036518,0.9297271370887756
2022-02-28,TATASTEEL,0.02952137216925621,0.5330728888511658,0.43740570545196533
2022-02-28,TECHM,0.12020032666623592,0.01619131164625287,0.8636083602905273
2022-02-28,ULTRACEMCO,0.10076809674501419,0.009525207802653313,0.8897067308425903
2022-03-01,BPCL,0.10720544308423996,0.6877629160881042,0.20503166317939758
2022-03-01,COALINDIA,0.9459875226020813,0.019656896591186523,0.03435549885034561
2022-03-01,HINDUNILVR,0.13014955818653107,0.016725663095712662,0.8531247973442078
2022-03-01,SBIN,0.013077237643301487,0.8339677453041077,0.15295501053333282
2022-03-01,TATASTEEL,0.03784932196140289,0.02703404426574707,0.9351166486740112
2022-03-02,BAJAJ-AUTO,0.020284765399992466,0.895854264497757,0.0838610134087503
2022-03-02,COALINDIA,0.08171232044696808,0.010767695493996143,0.9075199365615845
2022-03-02,EICHERMOT,0.009304018691182137,0.9699954390525818,0.020700493827462196
2022-03-02,POWERGRID,0.030048618093132973,0.027834195643663406,0.9421172142028809
2022-03-02,SBIN,0.04102427512407303,0.016719741746783257,0.942255973815918
2022-03-03,ASIANPAINT,0.07319082319736481,0.013226582668721676,0.9135826230049133
2022-03-03,BAJAJ-AUTO,0.03835033252835274,0.7583568692207336,0.2032928168773651
2022-03-03,HEROMOTOCO,0.04291990026831627,0.019795294851064682,0.9372847676277161
2022-03-03,ONGC,0.9066233038902283,0.044832006096839905,0.04854468256235123
2022-03-03,RELIANCE,0.8040975332260132,0.02607884258031845,0.16982366144657135
2022-03-04,ASIANPAINT,0.06308670341968536,0.18691131472587585,0.7500019669532776
2022-03-04,AXISBANK,0.11252909153699875,0.010212209075689316,0.8772586584091187
2022-03-04,HCLTECH,0.1202508881688118,0.01639595255255699,0.8633531928062439
2022-03-04,HEROMOTOCO,0.8115183413028717,0.008604801259934902,0.17987684160470963
2022-03-04,ICICIBANK,0.19105158746242523,0.04037909209728241,0.76856929063797
2022-03-04,NTPC,0.13272033631801605,0.007798950653523207,0.8594806790351868
2022-03-04,RELIANCE,0.10460672527551651,0.01501937210559845,0.8803739547729492
2022-03-04,SBIN,0.07556571066379547,0.009891536086797714,0.9145427942276001
2022-03-05,ASIANPAINT,0.4593324363231659,0.008555774576961994,0.5321118235588074
2022-03-06,COALINDIA,0.953168511390686,0.01705186627805233,0.029779663309454918
2022-03-07,AXISBANK,0.5694908499717712,0.00804744940251112,0.42246171832084656
2022-03-07,BAJFINANCE,0.34184666350483894,0.32329382312794525,0.3348595437904199
2022-03-07,COALINDIA,0.6389245986938477,0.01045389287173748,0.3506214916706085
2022-03-07,ITC,0.04208837077021599,0.018928220495581627,0.9389833807945251
2022-03-07,MARUTI,0.009406432509422302,0.9623028039932251,0.02829078584909439
2022-03-07,ONGC,0.07688070833683014,0.15811878442764282,0.7650004625320435
2022-03-08,AXISBANK,0.49430975317955017,0.011253777891397476,0.4944365322589874
2022-03-08,BRITANNIA,0.8906424045562744,0.00872822105884552,0.10062936693429947
2022-03-08,JSWSTEEL,0.49640308506786823,0.48486205469816923,0.018734916113317013
2022-03-08,ONGC,0.024725941941142082,0.04508531093597412,0.930188775062561
2022-03-09,HINDUNILVR,0.07719644159078598,0.020349862053990364,0.9024537205696106
2022-03-09,INDUSINDBK,0.00957681704312563,0.9629224538803101,0.027500610798597336
2022-03-09,ITC,0.0404534712433815,0.016958359628915787,0.942588210105896
2022-03-10,BHARTIARTL,0.9271624684333801,0.016345305368304253,0.056492190808057785
2022-03-10,COALINDIA,0.10204194486141205,0.010370371863245964,0.8875876665115356
2022-03-10,HCLTECH,0.07143110036849976,0.014944632537662983,0.9136242270469666
2022-03-10,LT,0.67524254322052,0.2964712083339691,0.02828623726963997
2022-03-10,SBIN,0.1363976150751114,0.010905995965003967,0.852696418762207
2022-03-11,ICICIBANK,0.8381324410438538,0.01443732250481844,0.1474301964044571
2022-03-11,MARUTI,0.2129659503698349,0.0082808006554842,0.7787532806396484
2022-03-11,RELIANCE,0.037190355360507965,0.015205297619104385,0.9476043581962585
2022-03-12,NTPC,0.4603966474533081,0.025137258227914572,0.5144661664962769
2022-03-12,TATASTEEL,0.6216112375259399,0.02189178578555584,0.35649701952934265
2022-03-12,TECHM,0.09137813746929169,0.0093380156904459,0.8992838859558105
2022-03-13,ICICIBANK,0.7844148278236389,0.012939011678099632,0.2026461958885193
2022-03-14,BPCL,0.834781289100647,0.00814918801188469,0.15706954896450043
2022-03-14,CIPLA,0.41929406113922596,0.024581944104284048,0.5561240166425705
2022-03-14,HINDUNILVR,0.03090704930946231,0.4675540216267109,0.5015389509499073
2022-03-14,INDUSINDBK,0.03649308532476425,0.018201030790805817,0.9453058242797852
2022-03-14,TATASTEEL,0.09685461968183517,0.014292711392045021,0.8888526558876038
2022-03-15,MARUTI,0.6544424295425415,0.02076668292284012,0.32479092478752136
2022-03-16,BAJAJFINSV,0.062233537435531616,0.018070454709231853,0.9196959733963013
2022-03-16,BPCL,0.015964966267347336,0.6244622468948364,0.35957276821136475
2022-03-16,COALINDIA,0.057347219437360764,0.05915103107690811,0.8835017681121826
2022-03-16,NESTLEIND,0.09505647420883179,0.20431214570999146,0.7006313800811768
2022-03-17,BPCL,0.11497455835342407,0.008612578734755516,0.8764128088951111
2022-03-17,BRITANNIA,0.1964922696352005,0.011955752968788147,0.791551947593689
2022-03-17,NESTLEIND,0.07051347941160202,0.0701591745018959,0.8593273758888245
2022-03-17,NTPC,0.7636253237724304,0.1596820056438446,0.07669268548488617
2022-03-18,ICICIBANK,0.3264148533344269,0.010699538514018059,0.6628856062889099
2022-03-18,MARUTI,0.01805889792740345,0.8032209277153015,0.178720161318779
2022-03-20,MARUTI,0.23883332312107086,0.008211219683289528,0.7529554963111877
2022-03-21,COALINDIA,0.048911724239587784,0.38689619302749634,0.5641920566558838
2022-03-21,INDUSINDBK,0.09646923094987869,0.06075435131788254,0.8427764177322388
2022-03-21,JSWSTEEL,0.027877865359187126,0.03614217787981033,0.935979962348938
2022-03-21,MARUTI,0.20425409078598022,0.3970043952576816,0.3987414911389351
2022-03-21,RELIANCE,0.44740644097328186,0.013917629607021809,0.5386759042739868
2022-03-22,BAJAJ-AUTO,0.06555212289094925,0.026752017438411713,0.9076958298683167
2022-03-22,BHARTIARTL,0.9260653257369995,0.014724916778504848,0.059209831058979034
2022-03-22,HINDUNILVR,0.06217083893716335,0.012560206931084394,0.9252689182758331
2022-03-22,NESTLEIND,0.061815112829208374,0.016476059332489967,0.9217087626457214
2022-03-23,AXISBANK,0.13149701058864594,0.008607455529272556,0.8598955869674683
2022-03-23,CIPLA,0.11083321273326874,0.011425834149122238,0.8777409791946411
2022-03-23,HEROMOTOCO,0.02303631277754903,0.5295854918658733,0.44737826474010944
2022-03-23,KOTAKBANK,0.5326138883829117,0.04771843645721674,0.41966769099235535
2022-03-23,MARUTI,0.23323173820972443,0.050507109612226486,0.7162611484527588
2022-03-23,RELIANCE,0.03978591039776802,0.01574622094631195,0.9444679021835327
2022-03-24,BHARTIARTL,0.1866675168275833,0.010409219190478325,0.8029232621192932
2022-03-24,HEROMOTOCO,0.012315047904849052,0.9503434896469116,0.037341419607400894
2022-03-24,MARUTI,0.09031799715012312,0.03794810641556978,0.8717339038848877
2022-03-24,ONGC,0.02179793594405055,0.7254654467105865,0.2527366476133466
2022-03-24,SBIN,0.6599436551332474,0.010130728362128139,0.32992567494511604
2022-03-24,TITAN,0.3457868993282318,0.009164849296212196,0.645048201084137
2022-03-25,BHARTIARTL,0.07331977039575577,0.02110852114856243,0.9055717587471008
2022-03-25,DRREDDY,0.02699224278330803,0.03702313080430031,0.9359846711158752
2022-03-25,ICICIBANK,0.01005604350939393,0.9501084983348846,0.039835430681705475
2022-03-25,SBIN,0.09786759316921234,0.014444377273321152,0.8876881003379822
2022-03-25,TECHM,0.12126430869102478,0.007784141693264246,0.8709515333175659
2022-03-27,BAJAJ-AUTO,0.037815749645233154,0.02075498178601265,0.9414292573928833
2022-03-28,BHARTIARTL,0.46570806577801704,0.02337714098393917,0.510914858430624
2022-03-28,BPCL,0.05429506301879883,0.01272560004144907,0.9329794049263
2022-03-28,COALINDIA,0.20162473618984222,0.01672968454658985,0.7816455960273743
2022-03-28,ICICIBANK,0.0194771159440279,0.8768875598907471,0.10363525152206421
2022-03-28,ONGC,0.9168083071708679,0.009182398207485676,0.07400931417942047
2022-03-28,RELIANCE,0.21270018815994263,0.010393752716481686,0.7769061326980591
2022-03-29,BHARTIARTL,0.45486112125217915,0.019451678730547428,0.5256872065365314
2022-03-29,HEROMOTOCO,0.016811445355415344,0.9653835892677307,0.01780499890446663
2022-03-29,ONGC,0.055557943880558014,0.0222394447773695,0.9222026169300079
2022-03-29,SBIN,0.06348671205341816,0.029078429099172354,0.90743488073349
2022-03-29,TATASTEEL,0.2600484136492014,0.04643664788454771,0.6935149431228638
2022-03-30,AXISBANK,0.22653223425149918,0.01040108297020197,0.7630666941404343
2022-03-30,BAJAJ-AUTO,0.09598920494318008,0.011296145617961884,0.8927146196365356
2022-03-30,HEROMOTOCO,0.04392797499895096,0.0653216764330864,0.8907504081726074
2022-03-30,ITC,0.936569333076477,0.03777331858873367,0.025657353922724724
2022-03-30,RELIANCE,0.9093446731567383,0.012009709142148495,0.07864571362733841
2022-03-30,TECHM,0.10385725647211075,0.013727929443120956,0.8824148774147034
2022-03-31,AXISBANK,0.28183170704340393,0.09711459312926639,0.6210536875508048
2022-03-31,HEROMOTOCO,0.3239407539367676,0.012279338203370571,0.6637799739837646
2022-03-31,HINDALCO,0.07957299053668976,0.012933075428009033,0.9074939489364624
2022-03-31,ITC,0.13600590825080872,0.6151031255722046,0.2488909661769867
2022-03-31,NTPC,0.5152076371014118,0.014828805811703205,0.46996359527111053
2022-03-31,ONGC,0.017636144533753395,0.883355975151062,0.09900783747434616
2022-03-31,TECHM,0.3495734632015228,0.008303510025143623,0.6421230435371399
2022-04-01,ASIANPAINT,0.5271350741386414,0.023954369127750397,0.44891056418418884
2022-04-01,AXISBANK,0.021845679730176926,0.17007684707641602,0.8080773949623108
2022-04-01,BAJAJ-AUTO,0.0322241447865963,0.019046124070882797,0.9487297534942627
2022-04-01,BAJAJFINSV,0.11838472634553909,0.010107317008078098,0.871508002281189
2022-04-01,COALINDIA,0.15574144944548607,0.4694776851683855,0.37478087842464447
2022-04-01,HEROMOTOCO,0.10071836318820715,0.47415607888251543,0.425125515088439
2022-04-01,HINDUNILVR,0.9098818898200989,0.018208391964435577,0.07190968841314316
2022-04-01,KOTAKBANK,0.8206530809402466,0.021047770977020264,0.15829914808273315
2022-04-01,MARUTI,0.9358218014240265,0.01904971059411764,0.04512852244079113
2022-04-01,NTPC,0.0729159563779831,0.011410411447286606,0.9156736135482788
2022-04-01,POWERGRID,0.06495699286460876,0.012551577761769295,0.9224914908409119
2022-04-02,RELIANCE,0.04425099492073059,0.016311850398778915,0.9394371509552002
2022-04-03,MARUTI,0.5550252795219421,0.009070602245628834,0.4359041154384613
2022-04-04,BAJAJ-AUTO,0.011184399016201496,0.9641241133213043,0.024691441096365452
2022-04-04,HCLTECH,0.9494622349739075,0.025871023535728455,0.024666767567396164
2022-04-04,ICICIBANK,0.13675744831562042,0.008771045133471489,0.8544715046882629
2022-04-04,INDUSINDBK,0.04776958003640175,0.5900601744651794,0.36217018961906433
2022-04-05,ASIANPAINT,0.07734058052301407,0.010813596658408642,0.911845862865448
2022-04-05,COALINDIA,0.2135833352804184,0.6322601437568665,0.15415653586387634
2022-04-05,EICHERMOT,0.45272940397262573,0.02134702354669571,0.5259236097335815
2022-04-05,HINDALCO,0.2315538227558136,0.015263927169144154,0.7531822323799133
2022-04-05,ICICIBANK,0.05503438785672188,0.013391038402915001,0.9315745234489441
2022-04-05,NTPC,0.91233891248703,0.010165142826735973,0.07749590277671814
2022-04-05,TATASTEEL,0.47791070537641644,0.4972132947295904,0.02487602736800909
2022-04-06,BAJFINANCE,0.3554232120513916,0.010571150109171867,0.6340057253837585
2022-04-06,BPCL,0.10359958559274673,0.013442081399261951,0.8829584121704102
2022-04-06,COALINDIA,0.020809773355722427,0.8996833562850952,0.07950693368911743
2022-04-06,SBIN,0.017981676384806633,0.7038220167160034,0.2781963348388672
2022-04-06,TITAN,0.9402185082435608,0.040883004665374756,0.01889854110777378
2022-04-07,ASIANPAINT,0.9470898509025574,0.02247123420238495,0.030438944697380066
2022-04-07,BRITANNIA,0.9468768239021301,0.02124093845486641,0.03188217058777809
2022-04-07,ITC,0.07367832213640213,0.9144865274429321,0.011835169047117233
2022-04-07,MARUTI,0.061921585351228714,0.014956115745007992,0.9231222867965698
2022-04-08,AXISBANK,0.01350703276693821,0.7781230807304382,0.2083699107170105
2022-04-08,BHARTIARTL,0.9449482560157776,0.014260918833315372,0.04079083725810051
2022-04-08,ICICIBANK,0.6242774724960327,0.04265527753159404,0.3330672085285187
2022-04-08,ITC,0.947155624628067,0.019286196678876877,0.033558230847120285
2022-04-08,JSWSTEEL,0.9486510157585144,0.025711840018630028,0.025637174025177956
2022-04-11,AXISBANK,0.9491498470306396,0.019486740231513977,0.03136347606778145
2022-04-11,HEROMOTOCO,0.04109566658735275,0.019250091165304184,0.9396542310714722
2022-04-11,ICICIBANK,0.9492764472961426,0.019977116957306862,0.030746402218937874
2022-04-11,INDUSINDBK,0.4974542688578367,0.11500327475368977,0.3875424526631832
2022-04-11,ITC,0.812571108341217,0.05891288071870804,0.1285160481929779
2022-04-11,KOTAKBANK,0.948362410068512,0.020878832787275314,0.03075871430337429
2022-04-11,MARUTI,0.07548411935567856,0.023211760446429253,0.9013041257858276
2022-04-11,RELIANCE,0.5634631514549255,0.010251419618725777,0.42628544569015503
2022-04-11,SBIN,0.5257043838500977,0.010323482565581799,0.4639720916748047
2022-04-12,BPCL,0.23069769144058228,0.007665311452001333,0.7616369724273682
2022-04-12,COALINDIA,0.8859645128250122,0.010077581740915775,0.1039578840136528
2022-04-12,ITC,0.949446976184845,0.016748005524277687,0.03380496799945831
2022-04-12,MARUTI,0.8449514508247375,0.008036842569708824,0.14701171219348907
2022-04-12,NESTLEIND,0.9470487236976624,0.019236119464039803,0.03371525555849075
2022-04-12,NTPC,0.03726942464709282,0.01913686841726303,0.9435936808586121
2022-04-12,ULTRACEMCO,0.02105668932199478,0.9348146915435791,0.04412872716784477
2022-04-13,BPCL,0.6165708303451538,0.00808962807059288,0.37533947825431824
2022-04-13,HCLTECH,0.020034292712807655,0.9072356820106506,0.07273001968860626
2022-04-13,HEROMOTOCO,0.10022434592247009,0.7153393030166626,0.1844363510608673
2022-04-13,ICICIBANK,0.6311810612678528,0.00830491166561842,0.3605140149593353
2022-04-13,TECHM,0.9428151249885559,0.0196596160531044,0.03752522170543671
2022-04-14,ASIANPAINT,0.014018298126757145,0.9469312429428101,0.039050474762916565
2022-04-14,BAJAJ-AUTO,0.026037313044071198,0.8989428877830505,0.07501979917287827
2022-04-14,BPCL,0.7447632551193237,0.007247218396514654,0.24798952043056488
2022-04-14,CIPLA,0.9486480355262756,0.018494855612516403,0.03285720571875572
2022-04-14,COALINDIA,0.01961473934352398,0.8677032589912415,0.1126820370554924
2022-04-14,HEROMOTOCO,0.014547929167747498,0.944463312625885,0.040988776832818985
2022-04-14,ITC,0.013702628202736378,0.9733591675758362,0.012938156723976135
2022-04-14,MARUTI,0.9431169033050537,0.016828764230012894,0.0400543212890625
2022-04-14,RELIANCE,0.5512796491384506,0.015540273860096931,0.4331800825893879
2022-04-15,BHARTIARTL,0.9282181262969971,0.04823901131749153,0.023542841896414757
2022-04-15,TATASTEEL,0.9467918276786804,0.032865215092897415,0.02034291997551918
2022-04-17,MARUTI,0.18259616196155548,0.009075327776372433,0.8083285093307495
2022-04-17,RELIANCE,0.010737826116383076,0.9682393670082092,0.02102278172969818
2022-04-18,ICICIBANK,0.2949065566062927,0.01885850913822651,0.6862348914146423
2022-04-18,MARUTI,0.9340461492538452,0.01934536173939705,0.046608492732048035
2022-04-18,NTPC,0.10080672055482864,0.844138503074646,0.0550546869635582
2022-04-18,SBIN,0.6326576471328735,0.20619622245430946,0.1611461229622364
2022-04-18,TATASTEEL,0.7877129316329956,0.023904142901301384,0.18838290870189667
2022-04-19,BPCL,0.9303929805755615,0.016944563016295433,0.052662443369627
2022-04-19,COALINDIA,0.8403602242469788,0.03646526113152504,0.12317448730270068
2022-04-19,HINDALCO,0.9458087682723999,0.014828315936028957,0.03936285525560379
2022-04-19,JSWSTEEL,0.9467626810073853,0.01688232831656933,0.03635498881340027
2022-04-19,NTPC,0.02879795804619789,0.033282358199357986,0.9379196763038635
2022-04-19,ONGC,0.05495928227901459,0.019473109394311905,0.925567626953125
2022-04-19,RELIANCE,0.05989082530140877,0.01081632636487484,0.9292929172515869
2022-04-19,SBIN,0.9040328860282898,0.05694075673818588,0.03902633488178253
2022-04-19,TATASTEEL,0.9428765773773193,0.01659271866083145,0.04053059592843056
2022-04-19,TECHM,0.03199554234743118,0.026925353333353996,0.9410791397094727
2022-04-20,ITC,0.5244330167770386,0.011795608326792717,0.46377134323120117
2022-04-20,NTPC,0.9400167465209961,0.033352453261613846,0.026630783453583717
2022-04-20,TATASTEEL,0.018650051206350327,0.5260069370269775,0.45534297823905945
2022-04-21,BPCL,0.08518219739198685,0.012781779281795025,0.9020359516143799
2022-04-21,ICICIBANK,0.9193610548973083,0.022267799824476242,0.058371156454086304
2022-04-21,ITC,0.07054551690816879,0.01090166810899973,0.918552815914154
2022-04-21,NESTLEIND,0.010940423235297203,0.9617937207221985,0.02726585790514946
2022-04-21,NTPC,0.6051308512687683,0.007955003529787064,0.3869141936302185
2022-04-22,BAJFINANCE,0.07753092795610428,0.01409337017685175,0.9083756804466248
2022-04-22,BPCL,0.04025707021355629,0.03439674153923988,0.925346165895462
2022-04-22,HCLTECH,0.35112033939609927,0.0857500631051759,0.5631295973435044
2022-04-22,ICICIBANK,0.5155927067001661,0.14379790611565113,0.3406093828380108
2022-04-22,MARUTI,0.16967402398586273,0.010321972891688347,0.8200039863586426
2022-04-22,NESTLEIND,0.48059497649470967,0.03008952426413695,0.48931549830983084
2022-04-22,RELIANCE,0.12252238392829895,0.014713562093675137,0.8627640008926392
2022-04-22,TECHM,0.835604727268219,0.011881989426910877,0.15251334011554718
2022-04-23,COALINDIA,0.009164448827505112,0.9568167924880981,0.034018680453300476
2022-04-23,HCLTECH,0.15645037591457367,0.009210387244820595,0.8343392014503479
2022-04-23,ICICIBANK,0.9204316735267639,0.05337671563029289,0.02619164250791073
2022-04-23,NESTLEIND,0.052942074835300446,0.017400115728378296,0.9296577572822571
2022-04-24,COALINDIA,0.008852752856910229,0.9527405500411987,0.03840668499469757
2022-04-24,MARUTI,0.8746868371963501,0.008366825059056282,0.11694636195898056
2022-04-24,ONGC,0.7581169605255127,0.010672478936612606,0.23121051490306854
2022-04-25,ASIANPAINT,0.015654578804969788,0.8221957087516785,0.16214963793754578
2022-04-25,AXISBANK,0.02328246459364891,0.46354255080223083,0.5131750106811523
2022-04-25,BAJFINANCE,0.14381201565265656,0.015251894481480122,0.8409360647201538
2022-04-25,BPCL,0.8817072510719299,0.007135224528610706,0.11115744709968567
2022-04-25,HCLTECH,0.3103366531431675,0.010147102177143097,0.6795162558555603
2022-04-25,ICICIBANK,0.20893593451806478,0.027336857547717437,0.7637272264276233
2022-04-25,JSWSTEEL,0.05575519800186157,0.02488491963595152,0.9193598628044128
2022-04-25,NESTLEIND,0.041477230843156576,0.4852274670265615,0.47329525370150805
2022-04-25,NTPC,0.1771828979253769,0.008281254209578037,0.8145358562469482
2022-04-26,BAJAJFINSV,0.3053892254829407,0.012668297626078129,0.6819424629211426
2022-04-26,BAJFINANCE,0.9412635564804077,0.026485081141193707,0.03225137976308664
2022-04-26,ICICIBANK,0.09907833486795425,0.009402872063219547,0.8915188312530518
2022-04-26,RELIANCE,0.9153818488121033,0.01756804995238781,0.0670500099658966
2022-04-27,BAJAJFINSV,0.049353040754795074,0.01773340441286564,0.932913601398468
2022-04-27,BAJFINANCE,0.10530291932324569,0.08757367916405201,0.807123397787412
2022-04-27,BHARTIARTL,0.0769248753786087,0.012996329925954342,0.9100788235664368
2022-04-27,NTPC,0.23339927196502686,0.008586145006120205,0.7580146193504333
2022-04-27,ONGC,0.851921796798706,0.008682895451784134,0.1393953114748001
2022-04-28,AXISBANK,0.11640850889186065,0.48054462609191734,0.40304687681297463
2022-04-28,BAJAJ-AUTO,0.013996778056025505,0.7417242741212249,0.24427892500534654
2022-04-28,BAJAJFINSV,0.47937227110378444,0.4981843354180455,0.022443357855081558
2022-04-28,HEROMOTOCO,0.024931296706199646,0.03960172086954117,0.9354669451713562
2022-04-28,HINDUNILVR,0.4973340225405991,0.026359635638073087,0.4763063108548522
2022-04-28,ICICIBANK,0.8831362128257751,0.007402144372463226,0.10946165025234222
2022-04-28,POWERGRID,0.05598490312695503,0.01754329912364483,0.9264717698097229
2022-04-28,RELIANCE,0.5023483335971832,0.05775482580065727,0.4398968555033207
2022-04-29,AXISBANK,0.03959014266729355,0.10097331181168556,0.8594365417957306
2022-04-29,BAJAJ-AUTO,0.38053496927022934,0.011426061391830444,0.6080389631291231
2022-04-29,COALINDIA,0.9569361805915833,0.017247477546334267,0.025816379114985466
2022-04-29,HINDUNILVR,0.06204192588726679,0.01265573346366485,0.9253022869427999
2022-04-29,RELIANCE,0.0747035052627325,0.018796165008097887,0.9065003395080566
2022-04-30,AXISBANK,0.13530243560671806,0.010998935904353857,0.853698655962944
2022-04-30,BAJAJ-AUTO,0.07176844030618668,0.011744481511414051,0.916487067937851
2022-04-30,COALINDIA,0.8399550318717957,0.05930827930569649,0.10073674470186234
2022-04-30,HINDUNILVR,0.06051855906844139,0.013078869320452213,0.9264025688171387
2022-04-30,ICICIBANK,0.11002055555582047,0.012195208109915257,0.8777841925621033
2022-04-30,INDUSINDBK,0.05531171150505543,0.012707679998129606,0.9319805800914764
2022-04-30,MARUTI,0.25883834436535835,0.012401212472468615,0.7287604510784149
2022-04-30,ULTRACEMCO,0.10329412668943405,0.00946507416665554,0.8872408270835876
2022-05-01,MARUTI,0.8318598866462708,0.13337650895118713,0.03476366400718689
2022-05-01,ONGC,0.02877926453948021,0.3334575593471527,0.6377632021903992
2022-05-02,BAJAJ-AUTO,0.008615100756287575,0.975357174873352,0.016027754172682762
2022-05-02,COALINDIA,0.9474971294403076,0.0200665220618248,0.03243635222315788
2022-05-02,HINDUNILVR,0.07924431934952736,0.011008404505749544,0.9097472627957662
2022-05-02,INDUSINDBK,0.3422567555680871,0.10931233689188957,0.5484309419989586
2022-05-02,MARUTI,0.948693722486496,0.018923891708254814,0.03238238487392664
2022-05-02,SBIN,0.035899531096220016,0.031326666474342346,0.932773768901825
2022-05-02,ULTRACEMCO,0.6508357040584087,0.24216098338365555,0.10700333739320438
2022-05-03,AXISBANK,0.13011066615581512,0.010426064021885395,0.8594632744789124
2022-05-03,BAJAJFINSV,0.07455592229962349,0.010440385900437832,0.9150036573410034
2022-05-03,BAJFINANCE,0.06883086264133453,0.011026816442608833,0.9201422929763794
2022-05-03,HEROMOTOCO,0.0116326455026865,0.971916675567627,0.016450759023427963
2022-05-03,INDUSINDBK,0.12143342516251973,0.01140443781124694,0.8671621339661735
2022-05-03,ITC,0.8897457122802734,0.00856115110218525,0.10169316083192825
2022-05-03,MARUTI,0.10091662034392357,0.012571665458381176,0.8865117232004801
2022-05-03,TATASTEEL,0.49148380290716887,0.06022829515859485,0.44828793313354254
2022-05-03,ULTRACEMCO,0.2971143629401922,0.01120731863193214,0.6916783004999161
2022-05-04,BRITANNIA,0.9507228136062622,0.02177715953439474,0.02750001009553671
2022-05-04,HEROMOTOCO,0.038650251692160964,0.730280501767993,0.23106922442093492
2022-05-04,KOTAKBANK,0.02880280092358589,0.03214976191520691,0.9390473961830139
2022-05-04,MARUTI,0.2917158901691437,0.008518264628946781,0.6997658014297485
2022-05-04,SBIN,0.38638216257095337,0.009641255252063274,0.6039766073226929
2022-05-04,TATASTEEL,0.6505682120720545,0.024867750704288483,0.3245640421907107
2022-05-05,BAJAJFINSV,0.06943538039922714,0.011242112144827843,0.9193224906921387
2022-05-05,BRITANNIA,0.042289383709430695,0.017019156366586685,0.9406915307044983
2022-05-05,HEROMOTOCO,0.2342188454100064,0.011102680649076189,0.7546784707478115
2022-05-05,ICICIBANK,0.17433083802461624,0.05897016171365976,0.7666989862918854
2022-05-05,KOTAKBANK,0.13053907034918666,0.02148046065121889,0.8479804694652557
2022-05-05,TATASTEEL,0.34476669784635305,0.014783343067392707,0.640449938364327
2022-05-05,ULTRACEMCO,0.9416331648826599,0.012048633769154549,0.04631820321083069
2022-05-06,COALINDIA,0.013058223761618137,0.9009276628494263,0.08601414412260056
2022-05-06,ONGC,0.5494992733001709,0.013212013989686966,0.43728873133659363
2022-05-06,POWERGRID,0.6235685348510742,0.012767626903951168,0.36366382241249084
2022-05-06,RELIANCE,0.9421716928482056,0.032893240451812744,0.024935081601142883
2022-05-06,TECHM,0.034398194402456284,0.019634997472167015,0.9459667205810547
2022-05-07,HEROMOTOCO,0.09839022904634476,0.009962394833564758,0.8916473984718323
2022-05-07,KOTAKBANK,0.08910680562257767,0.011420733761042356,0.8994724750518799
2022-05-07,TATASTEEL,0.061906248331069946,0.015433303080499172,0.9226604104042053
2022-05-08,TATASTEEL,0.20743252336978912,0.01031544990837574,0.7822520136833191
2022-05-09,HEROMOTOCO,0.06405854225158691,0.013623470440506935,0.9223180413246155
2022-05-09,POWERGRID,0.026634853333234787,0.025741472840309143,0.947623610496521
2022-05-09,RELIANCE,0.6412234051773945,0.029914813116192818,0.32886175997555256
2022-05-10,ASIANPAINT,0.8780018240213394,0.0824059834703803,0.03959219576790929
2022-05-10,AXISBANK,0.04474321939051151,0.7313083112239838,0.22394843213260174
2022-05-10,CIPLA,0.8533897399902344,0.007905201986432076,0.13870501518249512
2022-05-10,ICICIBANK,0.6489784121513367,0.008492646738886833,0.3425288796424866
2022-05-10,JSWSTEEL,0.9516523480415344,0.020363876596093178,0.02798379771411419
2022-05-10,SBIN,0.5030926913022995,0.040573549922555685,0.45633378624916077
2022-05-10,SUNPHARMA,0.02336069941520691,0.9525253772735596,0.024113915860652924
2022-05-11,ASIANPAINT,0.02697983104735613,0.893985390663147,0.07903474848717451
2022-05-11,AXISBANK,0.031441714614629745,0.15522876381874084,0.8133295178413391
2022-05-11,CIPLA,0.33004961830253404,0.39717219086984795,0.27277818073829013
2022-05-11,DRREDDY,0.908327043056488,0.02220790646970272,0.06946504861116409
2022-05-11,EICHERMOT,0.030746350064873695,0.02574802376329899,0.943505585193634
2022-05-12,ASIANPAINT,0.4137825779616833,0.012367724673822522,0.573849702719599
2022-05-12,AXISBANK,0.1354161575436592,0.008428194560110569,0.8561556339263916
2022-05-12,BAJAJ-AUTO,0.33392998576164246,0.011728689074516296,0.6543413400650024
2022-05-12,BAJAJFINSV,0.04671049118041992,0.021569976583123207,0.9317194819450378
2022-05-12,BHARTIARTL,0.928148090839386,0.016437914222478867,0.05541399493813515
2022-05-12,CIPLA,0.07703244239091873,0.013832653127610683,0.9091349005699157
2022-05-12,COALINDIA,0.08105801045894623,0.01181610394269228,0.9071259498596191
2022-05-12,HEROMOTOCO,0.7131117582321167,0.010047771967947483,0.276840478181839
2022-05-12,KOTAKBANK,0.26952619664371014,0.013907502172514796,0.7165663540363312
2022-05-12,NTPC,0.5696412920951843,0.010752181522548199,0.4196065366268158
2022-05-13,BHARTIARTL,0.9354420304298401,0.015279809944331646,0.04927825182676315
2022-05-13,SBIN,0.9432424902915955,0.025167357176542282,0.03159018233418465
2022-05-13,TECHM,0.2035800665616989,0.01685323379933834,0.7795666456222534
2022-05-14,LT,0.09624525532126427,0.009947732090950012,0.8938070237636566
2022-05-14,SBIN,0.25928202271461487,0.011862809769809246,0.7288551330566406
2022-05-15,ASIANPAINT,0.12945519387722015,0.012057933956384659,0.8584868311882019
2022-05-15,BHARTIARTL,0.6069573163986206,0.009027376770973206,0.38401535153388977
2022-05-15,CIPLA,0.07482031732797623,0.010599775239825249,0.9145798683166504
2022-05-15,HCLTECH,0.14900671939055124,0.00956567128499349,0.8414276242256165
2022-05-15,HINDALCO,0.08819421380758286,0.01302331779152155,0.8987824320793152
2022-05-15,HINDUNILVR,0.008612514473497868,0.970576822757721,0.020810667425394058
2022-05-15,KOTAKBANK,0.12092635035514832,0.009741454385221004,0.8693321943283081
2022-05-15,LT,0.19720995426177979,0.011530278716236353,0.791259765625
2022-05-15,MARUTI,0.4776560068130493,0.016283612698316574,0.5060604214668274
2022-05-15,RELIANCE,0.18554358184337616,0.0085432268679142,0.8059132099151611
2022-05-15,ULTRACEMCO,0.06322814524173737,0.011871867813169956,0.9248999953269958
2022-05-16,BAJAJFINSV,0.09837114065885544,0.013774546794593334,0.887854278087616
2022-05-16,BHARTIARTL,0.06947936117649078,0.013748222030699253,0.9167724251747131
2022-05-16,EICHERMOT,0.6537284000466267,0.017810071197648842,0.32846156135201454
2022-05-16,KOTAKBANK,0.08240053802728653,0.013006255030632019,0.9045932292938232
2022-05-16,LT,0.06463190168142319,0.011211905628442764,0.9241561889648438
2022-05-16,SBIN,0.37049204483628273,0.07017630391887256,0.5593316618885312
2022-05-16,TATASTEEL,0.13365264236927032,0.022297807037830353,0.8440495133399963
2022-05-16,TECHM,0.5806666158139706,0.01756318546831608,0.40177019163966177
2022-05-17,BPCL,0.02589571475982666,0.02557981200516224,0.9485244750976562
2022-05-17,EICHERMOT,0.08829059451818466,0.014094357378780842,0.8976150751113892
2022-05-17,SBIN,0.11646470427513123,0.011650130618363619,0.87188521027565
2022-05-17,TECHM,0.212314048781991,0.011220218380913138,0.7764657437801361
2022-05-18,BHARTIARTL,0.7613717909902334,0.02320731058716774,0.21542085967957975
2022-05-19,AXISBANK,0.04302747920155525,0.5044849514961243,0.4524875581264496
2022-05-19,DRREDDY,0.9503503441810608,0.020658819936215878,0.028990874998271465
2022-05-19,ITC,0.6116503469645977,0.02267972882837057,0.3656699400395155
2022-05-19,M&M,0.07082627713680267,0.01651812344789505,0.9126555919647217
2022-05-19,SBIN,0.3181037902832031,0.012948693707585335,0.6689475178718567
2022-05-19,TECHM,0.0700615718960762,0.4757274719886482,0.4542109239846468
2022-05-20,BHARTIARTL,0.10017372667789459,0.01018516393378377,0.8896411061286926
2022-05-20,DRREDDY,0.044231001287698746,0.04291573166847229,0.9128532409667969
2022-05-20,ITC,0.11530056223273277,0.01371613863323416,0.8709833025932312
2022-05-20,MARUTI,0.0465859891846776,0.5272548422217369,0.42615911550819874
2022-05-20,NTPC,0.8186966180801392,0.00850073341280222,0.17280267179012299
2022-05-21,DRREDDY,0.1020565815269947,0.010249181650578976,0.887694239616394
2022-05-21,NTPC,0.059988055378198624,0.012468246743083,0.9275436997413635
2022-05-22,BHARTIARTL,0.37790849804878235,0.013690496794879436,0.6084010601043701
2022-05-22,HINDUNILVR,0.08764760941267014,0.010194831527769566,0.9021575450897217
2022-05-23,AXISBANK,0.06888218224048615,0.018077820539474487,0.9130399823188782
2022-05-23,NESTLEIND,0.0394730418920517,0.8555490374565125,0.10497786849737167
2022-05-23,NTPC,0.951095720132192,0.01967405155301094,0.029230190441012383
2022-05-23,ONGC,0.3257681131362915,0.010314349085092545,0.6639174818992615
2022-05-23,POWERGRID,0.9478541314601898,0.018921686336398125,0.0332241952419281
2022-05-24,GRASIM,0.9482112526893616,0.02576892077922821,0.026019789278507233
2022-05-24,INDUSINDBK,0.09620196372270584,0.6155444979667664,0.2882535755634308
2022-05-24,NTPC,0.9432796835899353,0.011714449152350426,0.04500587284564972
2022-05-24,POWERGRID,0.1096772626042366,0.009532122872769833,0.880790650844574
2022-05-25,COALINDIA,0.9547633528709412,0.021935662254691124,0.023300951346755028
2022-05-25,GRASIM,0.4997303858399391,0.02418936789035797,0.47608024533838034
2022-05-26,BAJAJFINSV,0.03415348380804062,0.02451435849070549,0.9413321614265442
2022-05-26,BHARTIARTL,0.03553440049290657,0.01732567325234413,0.9471399188041687
2022-05-26,BPCL,0.9493811130523682,0.021183431148529053,0.029435439966619015
2022-05-26,COALINDIA,0.6500967219471931,0.028005751160283882,0.3218975178897381
2022-05-26,MARUTI,0.037898171693086624,0.8723830580711365,0.0897187814116478
2022-05-26,NTPC,0.025585323572158813,0.026281239464879036,0.9481334686279297
2022-05-26,ONGC,0.15713108330965042,0.00824156729504466,0.8346273303031921
2022-05-27,ASIANPAINT,0.05955289676785469,0.01977538876235485,0.9206717014312744
2022-05-27,BHARTIARTL,0.49850343726575375,0.018579835072159767,0.48291674349457026
2022-05-27,HINDALCO,0.6528685068090757,0.01553497277200222,0.3315965471168359
2022-05-27,ICICIBANK,0.16246458888053894,0.01389158796519041,0.8236438035964966
2022-05-27,JSWSTEEL,0.5693829655647278,0.017194871325045824,0.41342213936150074
2022-05-27,TECHM,0.06752605736255646,0.031847260892391205,0.9006266593933105
2022-05-28,BAJAJFINSV,0.04034633934497833,0.02283198945224285,0.936821699142456
2022-05-28,ITC,0.07937522232532501,0.012766292318701744,0.9078584909439087
2022-05-29,JSWSTEEL,0.21668945252895355,0.7145681381225586,0.06874250620603561
2022-05-29,SBIN,0.8446434140205383,0.011665563099086285,0.1436910331249237
2022-05-30,BPCL,0.12708547990769148,0.027557690627872944,0.8453567922115326
2022-05-30,COALINDIA,0.06394366174936295,0.8604979515075684,0.07555840164422989
2022-05-30,HEROMOTOCO,0.0946522206068039,0.013772614300251007,0.8915751576423645
2022-05-30,JSWSTEEL,0.7299875617027283,0.016100160777568817,0.2539123296737671
2022-05-30,ONGC,0.33059682448705036,0.043915583131213985,0.6254875833789507
2022-05-30,TECHM,0.09435749799013138,0.021747592836618423,0.8838949203491211
2022-05-31,BPCL,0.02709667757153511,0.16761179268360138,0.8052915930747986
2022-05-31,COALINDIA,0.4979259595274925,0.017654170747846365,0.48441979102790356
2022-05-31,HINDUNILVR,0.8792897462844849,0.08321953564882278,0.037490688264369965
2022-05-31,JSWSTEEL,0.14875942468643188,0.010651959106326103,0.8405886292457581
2022-05-31,M&M,0.8620806535085043,0.09657483547925949,0.04134454826513926
2022-05-31,MARUTI,0.1588951200246811,0.16306079924106598,0.6780440807342529
2022-05-31,ONGC,0.9438474476337433,0.017898447811603546,0.03825411573052406
2022-06-01,AXISBANK,0.019648617133498192,0.043565936386585236,0.9367853999137878
2022-06-01,BAJAJ-AUTO,0.9251727759838104,0.04235737398266792,0.03246984165161848
2022-06-01,BAJFINANCE,0.053259920328855515,0.024960961192846298,0.9217791557312012
2022-06-01,COALINDIA,0.02059878408908844,0.04267004877328873,0.936731219291687
2022-06-01,HEROMOTOCO,0.009945809841156006,0.8883853554725647,0.10166876763105392
2022-06-01,HINDUNILVR,0.03135652840137482,0.041841667145490646,0.9268018007278442
2022-06-01,ITC,0.8571473360061646,0.01880163699388504,0.1240510642528534
2022-06-01,M&M,0.9380954504013062,0.036214690655469894,0.02568989247083664
2022-06-01,MARUTI,0.03450022265315056,0.47922614216804504,0.4862736761569977
2022-06-01,TATASTEEL,0.26464223861694336,0.013411177322268486,0.7219465970993042
2022-06-02,BHARTIARTL,0.6929952502250671,0.0114164212718606,0.29558834433555603
2022-06-02,COALINDIA,0.04781189560890198,0.020273182541131973,0.9319149255752563
2022-06-02,EICHERMOT,0.015105090104043484,0.915216863155365,0.06967800110578537
2022-06-02,MARUTI,0.010109244845807552,0.9556346535682678,0.03425607830286026
2022-06-03,COALINDIA,0.6399353742599487,0.00858805701136589,0.3514765799045563
2022-06-03,EICHERMOT,0.8792935013771057,0.09422016888856888,0.026486355811357498
2022-06-03,ONGC,0.936588704586029,0.014085420407354832,0.04932590574026108
2022-06-03,RELIANCE,0.09764580987393856,0.02188339363783598,0.8804707825183868
2022-06-03,SBIN,0.08852618932723999,0.01402751263231039,0.8974462747573853
2022-06-05,COALINDIA,0.008007800206542015,0.9695174098014832,0.02247484028339386
2022-06-05,JSWSTEEL,0.13280123472213745,0.04355183243751526,0.8236469030380249
2022-06-05,ONGC,0.043729018419981,0.3424079716205597,0.6138630509376526
2022-06-06,JSWSTEEL,0.06677991151809692,0.04898306727409363,0.8842369914054871
2022-06-06,KOTAKBANK,0.023684388026595116,0.06404149532318115,0.9122741222381592
2022-06-06,LT,0.1157977357506752,0.02252298779785633,0.8616792559623718
2022-06-06,ONGC,0.7087169885635376,0.009788046590983868,0.2814949154853821
2022-06-06,ULTRACEMCO,0.2232472002506256,0.009493459016084671,0.7672593593597412
2022-06-08,BAJAJFINSV,0.9137896299362183,0.014897579327225685,0.0713128075003624
2022-06-08,HINDUNILVR,0.059779565781354904,0.01701481267809868,0.9232056140899658
2022-06-08,ICICIBANK,0.9335187673568726,0.018225548788905144,0.048255641013383865
2022-06-08,MARUTI,0.48781415820121765,0.015067110769450665,0.4971187114715576
2022-06-08,SBIN,0.9396453499794006,0.010484734550118446,0.04986981302499771
2022-06-08,TECHM,0.057717256247997284,0.011692625470459461,0.9305900931358337
2022-06-09,BAJAJ-AUTO,0.04085944592952728,0.021361760795116425,0.9377788305282593
2022-06-09,COALINDIA,0.6102624982595444,0.009772970341145992,0.37996452301740646
2022-06-09,HEROMOTOCO,0.2642349302768707,0.010246854275465012,0.7255181670188904
2022-06-09,MARUTI,0.18622004985809326,0.01266862265765667,0.8011113405227661
2022-06-09,RELIANCE,0.16147640347480774,0.007930615916848183,0.8305929899215698
2022-06-09,TATASTEEL,0.12032795045524836,0.4812520781997591,0.3984199482947588
2022-06-10,BPCL,0.8615520000457764,0.047031939029693604,0.09141608327627182
2022-06-10,COALINDIA,0.31706002354621887,0.02637200988829136,0.6565679907798767
2022-06-10,DRREDDY,0.8223332762718201,0.014857246540486813,0.16280940175056458
2022-06-10,KOTAKBANK,0.1322186142206192,0.514626145362854,0.3531552255153656
2022-06-12,ICICIBANK,0.00925002433359623,0.971889853477478,0.01886012591421604
2022-06-12,MARUTI,0.5889434814453125,0.016776492819190025,0.39427998661994934
2022-06-13,BPCL,0.0783960372209549,0.012232042849063873,0.9093719720840454
2022-06-13,DRREDDY,0.042838916182518005,0.327264666557312,0.6298964023590088
2022-06-13,ONGC,0.009868206456303596,0.961017370223999,0.02911454252898693
2022-06-13,RELIANCE,0.08987957239151001,0.8089483976364136,0.10117203742265701
2022-06-13,TATASTEEL,0.7509346008300781,0.010091546922922134,0.23897384107112885
2022-06-13,ULTRACEMCO,0.03208134323358536,0.20618431270122528,0.7617343664169312
2022-06-14,BAJAJ-AUTO,0.04985196143388748,0.11794182658195496,0.8322062492370605
2022-06-14,CIPLA,0.6318661570549011,0.010209260508418083,0.3579246699810028
2022-06-14,DRREDDY,0.25507035851478577,0.010280669666826725,0.7346489429473877
2022-06-14,KOTAKBANK,0.19229373335838318,0.024420158937573433,0.7832860946655273
2022-06-15,BPCL,0.5328775644302368,0.40145358443260193,0.06566883623600006
2022-06-15,JSWSTEEL,0.7736232876777649,0.14786262810230255,0.07851406931877136
2022-06-15,MARUTI,0.1872627753764391,0.2877069925889373,0.5250302292406559
2022-06-16,BHARTIARTL,0.861230194568634,0.027139144018292427,0.11163066327571869
2022-06-16,COALINDIA,0.5659920573234558,0.058106787502765656,0.37590113282203674
2022-06-16,ITC,0.2751944363117218,0.2419474571943283,0.4828580617904663
2022-06-16,MARUTI,0.510775625705719,0.02644793875515461,0.46277642250061035
2022-06-16,RELIANCE,0.45109742879867554,0.5084989666938782,0.040403664112091064
2022-06-16,SBIN,0.04306536912918091,0.24861755967140198,0.7083170413970947
2022-06-17,BAJAJ-AUTO,0.04793648049235344,0.08655856549739838,0.8655049204826355
2022-06-17,BPCL,0.22999271750450134,0.008700098842382431,0.7613071799278259
2022-06-17,CIPLA,0.057038564234972,0.011434532701969147,0.9315268397331238
2022-06-17,INDUSINDBK,0.022152308374643326,0.07895172387361526,0.8988959789276123
2022-06-17,ULTRACEMCO,0.013522123917937279,0.8879184722900391,0.0985594317317009
2022-06-18,ICICIBANK,0.40534406900405884,0.018824229948222637,0.5758316963911057
2022-06-18,ULTRACEMCO,0.029621027410030365,0.02778136357665062,0.9425976276397705
2022-06-19,ICICIBANK,0.008233067579567432,0.9682115316390991,0.023555483669042587
2022-06-19,ONGC,0.13317209482192993,0.026694703847169876,0.8401331901550293
2022-06-20,BAJFINANCE,0.05165622755885124,0.02039850316941738,0.9279451966285706
2022-06-20,INDUSINDBK,0.05128784850239754,0.10414505749940872,0.8445671200752258
2022-06-20,MARUTI,0.5544037222862244,0.09669748817880948,0.3488987796008587
2022-06-20,TATASTEEL,0.7249553799629211,0.07249666750431061,0.20254795253276825
2022-06-20,TECHM,0.9458291530609131,0.009722153656184673,0.04444866254925728
2022-06-20,TITAN,0.010057509876787663,0.942022979259491,0.04791950061917305
2022-06-21,HINDUNILVR,0.029665781185030937,0.022488344460725784,0.9478458166122437
2022-06-21,ICICIBANK,0.024497538805007935,0.7596492767333984,0.21585313975811005
2022-06-21,ITC,0.057630740106105804,0.04592292010784149,0.8964463472366333
2022-06-21,MARUTI,0.07786139845848083,0.02611706405878067,0.8960214853286743
2022-06-21,NTPC,0.09613004326820374,0.010718951001763344,0.8931509852409363
2022-06-21,TATASTEEL,0.04120936989784241,0.47834167536348104,0.4804489463567734
2022-06-22,DRREDDY,0.13093408942222595,0.009700787253677845,0.8593651056289673
2022-06-22,ITC,0.8741670846939087,0.019606085494160652,0.10622686892747879
2022-06-22,MARUTI,0.04072415828704834,0.8702566027641296,0.08901916444301605
2022-06-22,NTPC,0.11560670286417007,0.009817453101277351,0.8745758533477783
2022-06-22,RELIANCE,0.2797873318195343,0.023123057559132576,0.6970896124839783
2022-06-22,TATASTEEL,0.10834230855107307,0.3641084721311927,0.5275492295622826
2022-06-23,DRREDDY,0.10554187744855881,0.009573654271662235,0.8848844170570374
2022-06-23,HEROMOTOCO,0.9280767440795898,0.016543209552764893,0.055380094796419144
2022-06-23,ONGC,0.20451180636882782,0.02489280141890049,0.770595371723175
2022-06-23,TATASTEEL,0.15545152127742767,0.026621270924806595,0.8179271817207336
2022-06-23,TITAN,0.4685565233230591,0.015550622716546059,0.5158928036689758
2022-06-24,AXISBANK,0.04108533263206482,0.040053337812423706,0.9188612699508667
2022-06-24,BHARTIARTL,0.15572894969955087,0.47511009545996785,0.36916099302470684
2022-06-24,COALINDIA,0.3439995050430298,0.007482795510441065,0.6485177278518677
2022-06-24,HEROMOTOCO,0.6274553537368774,0.2975919246673584,0.07495271414518356
2022-06-24,ITC,0.033544477075338364,0.028724320232868195,0.9377312660217285
2022-06-24,M&M,0.16811124980449677,0.6237540245056152,0.2081346958875656
2022-06-24,MARUTI,0.8392564058303833,0.021845102310180664,0.13889847695827484
2022-06-24,NTPC,0.05178628861904144,0.015830023214221,0.9323837161064148
2022-06-24,TATASTEEL,0.31308287382125854,0.011883948929607868,0.6750331521034241
2022-06-25,MARUTI,0.7553344368934631,0.0077132247388362885,0.23695236444473267
2022-06-26,ICICIBANK,0.9346606135368347,0.031957462430000305,0.03338197246193886
2022-06-27,BAJAJ-AUTO,0.044627439230680466,0.027546380646526814,0.9278261661529541
2022-06-27,CIPLA,0.047035131603479385,0.05693593993782997,0.8960288763046265
2022-06-27,DRREDDY,0.9482212662696838,0.02197934128344059,0.029799440875649452
2022-06-27,EICHERMOT,0.14095592498779297,0.019739151000976562,0.8393048644065857
2022-06-27,ICICIBANK,0.49779077619314194,0.011742862407118082,0.49046633765101433
2022-06-27,SBIN,0.08794999867677689,0.010642508044838905,0.9014074802398682
2022-06-27,TATASTEEL,0.7996026873588562,0.02960021421313286,0.17079706490039825
2022-06-27,ULTRACEMCO,0.12269140779972076,0.15336503088474274,0.7239435911178589
2022-06-28,BAJAJ-AUTO,0.7239685654640198,0.19128307700157166,0.0847482904791832
2022-06-28,CIPLA,0.814756453037262,0.007757988292723894,0.17748551070690155
2022-06-28,HINDUNILVR,0.7304768562316895,0.04200100526213646,0.22752204537391663
2022-06-28,M&M,0.5441167329748472,0.11646074553330739,0.33942248796423274
2022-06-28,MARUTI,0.08629748970270157,0.013984404504299164,0.8997181057929993
2022-06-28,ONGC,0.09855085611343384,0.6664767364660898,0.23497241238753
2022-06-28,SBIN,0.144379660487175,0.009279762394726276,0.8463405966758728
2022-06-28,TATASTEEL,0.5768250226974487,0.0083357406159242,0.414839227994283
2022-06-29,BAJAJ-AUTO,0.092216607183218,0.016067727003246546,0.8917156755924225
2022-06-29,JSWSTEEL,0.7282317876815796,0.009571895934641361,0.26219630241394043
2022-06-29,M&M,0.07211277633905411,0.01034229900687933,0.917544960975647
2022-06-29,RELIANCE,0.41303375363349915,0.38161760568618774,0.20534871518611908
2022-06-29,SUNPHARMA,0.10885967314243317,0.008940720930695534,0.8821995854377747
2022-06-30,BHARTIARTL,0.23749899864196777,0.017505379393696785,0.744995653629303
2022-06-30,HCLTECH,0.9309477210044861,0.04652868211269379,0.02252362295985222
2022-06-30,HINDUNILVR,0.032643988728523254,0.03380875289440155,0.9335471987724304
2022-06-30,ITC,0.0661354511976242,0.01417019497603178,0.9196944236755371
2022-06-30,MARUTI,0.26081958413124084,0.012270903214812279,0.7269095182418823
2022-06-30,RELIANCE,0.02836109884083271,0.8215530514717102,0.15008586645126343
2022-06-30,SBIN,0.04187784716486931,0.059341397136449814,0.8987807035446167
2022-06-30,ULTRACEMCO,0.08643871359527111,0.013574683107435703,0.8999865651130676
2022-07-01,BAJAJ-AUTO,0.0544142946600914,0.02175796590745449,0.9238277077674866
2022-07-01,HEROMOTOCO,0.06161579117178917,0.01058768667280674,0.927796483039856
2022-07-01,ITC,0.9092815518379211,0.016088351607322693,0.07463006675243378
2022-07-01,MARUTI,0.5196649134159088,0.03021253738552332,0.450122507289052
2022-07-01,NTPC,0.39187270402908325,0.00965373869985342,0.5984735488891602
2022-07-01,RELIANCE,0.34303624276071787,0.5759090334177017,0.08105472289025784
2022-07-01,SBIN,0.9512903690338135,0.01632627658545971,0.03238335996866226
2022-07-01,TITAN,0.05524968355894089,0.91851806640625,0.026232270523905754
2022-07-02,COALINDIA,0.5614820122718811,0.017885558307170868,0.4206324517726898
2022-07-02,NTPC,0.16855372488498688,0.007790760602802038,0.8236554861068726
2022-07-03,JSWSTEEL,0.8463648557662964,0.009556016884744167,0.14407917857170105
2022-07-03,NTPC,0.9453102946281433,0.02305161952972412,0.031638097018003464
2022-07-03,RELIANCE,0.7501785159111023,0.18160688877105713,0.06821462512016296
2022-07-04,BAJAJ-AUTO,0.060484711080789566,0.01301976852118969,0.9264954924583435
2022-07-04,BAJAJFINSV,0.5904867649078369,0.20768287777900696,0.20183031260967255
2022-07-04,COALINDIA,0.8171042799949646,0.009596269577741623,0.17329947650432587
2022-07-04,INDUSINDBK,0.9416947364807129,0.02639744244515896,0.031907837837934494
2022-07-04,ITC,0.06459232047200203,0.014079746790230274,0.9213279783725739
2022-07-04,KOTAKBANK,0.01450731698423624,0.9059008955955505,0.0795917734503746
2022-07-04,TATASTEEL,0.8826351761817932,0.010128933936357498,0.1072358638048172
2022-07-04,TECHM,0.4537520408630371,0.009585697203874588,0.5366622805595398
2022-07-05,BAJAJ-AUTO,0.2986864745616913,0.007660141680389643,0.6936533451080322
2022-07-05,TATASTEEL,0.013891248032450676,0.950900137424469,0.03520863130688667
2022-07-05,TECHM,0.017662202939391136,0.9307030439376831,0.051634788513183594
2022-07-06,ASIANPAINT,0.7909863591194153,0.1723957657814026,0.03661786764860153
2022-07-06,BAJFINANCE,0.577934741973877,0.0614171028137207,0.36064815521240234
2022-07-06,KOTAKBANK,0.19498762488365173,0.008981125429272652,0.7960312962532043
2022-07-06,M&M,0.8740441203117371,0.03723933547735214,0.08871657401323318
2022-07-06,MARUTI,0.043842460960149765,0.01941605657339096,0.9367414712905884
2022-07-06,ONGC,0.015633272007107735,0.9627758264541626,0.02159082517027855
2022-07-06,TATASTEEL,0.06134593114256859,0.023375501856207848,0.9152786135673523
2022-07-06,TITAN,0.7410428524017334,0.223722442984581,0.03523470461368561
2022-07-07,AXISBANK,0.9326862096786499,0.013049555942416191,0.05426418036222458
2022-07-07,JSWSTEEL,0.9488564133644104,0.026060551404953003,0.025083065032958984
2022-07-07,M&M,0.9094834923744202,0.03786686435341835,0.05264970287680626
2022-07-07,ONGC,0.9262499809265137,0.018761098384857178,0.05498895421624184
2022-07-07,RELIANCE,0.919248640537262,0.019694367423653603,0.06105703115463257
2022-07-07,SBIN,0.053682874888181686,0.01698763109743595,0.929329514503479
2022-07-07,TECHM,0.11139906942844391,0.010096129029989243,0.8785048127174377
2022-07-08,BHARTIARTL,0.03189330920577049,0.08150140941143036,0.8866053223609924
2022-07-08,CIPLA,0.046368006616830826,0.8217400908470154,0.13189184665679932
2022-07-08,DRREDDY,0.9482372999191284,0.018778912723064423,0.03298375755548477
2022-07-08,HINDUNILVR,0.10802260041236877,0.01156697142869234,0.8804104328155518
2022-07-08,ICICIBANK,0.8863708972930908,0.0350252203643322,0.07860395312309265
2022-07-08,KOTAKBANK,0.19353626668453217,0.009916984476149082,0.7965466976165771
2022-07-08,M&M,0.1878228336572647,0.008658070117235184,0.8035190999507904
2022-07-08,MARUTI,0.043992213904857635,0.0162130668759346,0.9397947788238525
2022-07-08,ONGC,0.059176553040742874,0.11693353950977325,0.8238899111747742
2022-07-08,SUNPHARMA,0.9428830742835999,0.01683327555656433,0.04028366133570671
2022-07-08,TATASTEEL,0.08261401206254959,0.6762729287147522,0.24111299216747284
2022-07-08,TECHM,0.7623677253723145,0.016825783997774124,0.22080649435520172
2022-07-09,LT,0.126480370759964,0.009505693800747395,0.8640139698982239
2022-07-09,M&M,0.0788235291838646,0.010045218281447887,0.9111312627792358
2022-07-09,MARUTI,0.4667940903455019,0.015529545955359936,0.5176763795316219
2022-07-10,BRITANNIA,0.9562559723854065,0.019369954243302345,0.02437407337129116
2022-07-10,MARUTI,0.3262963593006134,0.02290358766913414,0.6508000493049622
2022-07-10,SBIN,0.9117186069488525,0.013075930066406727,0.07520546764135361
2022-07-11,BHARTIARTL,0.4961420651525259,0.0202805669978261,0.48357734456658363
2022-07-11,BPCL,0.0083467997610569,0.9326700568199158,0.058983054012060165
2022-07-11,COALINDIA,0.9357801079750061,0.01586899906396866,0.048350878059864044
2022-07-11,M&M,0.09012790769338608,0.00951153039932251,0.9003605842590332
2022-07-11,MARUTI,0.06710802763700485,0.024349555373191833,0.9085424542427063
2022-07-11,RELIANCE,0.008100459352135658,0.9619506597518921,0.02994895912706852
2022-07-11,SBIN,0.05650082603096962,0.7738922834396362,0.16960684955120087
2022-07-12,AXISBANK,0.5038977079093456,0.018204580061137676,0.4778977558016777
2022-07-12,BHARTIARTL,0.17397604882717133,0.009169114753603935,0.8168548941612244
2022-07-12,DRREDDY,0.08569563180208206,0.012365328148007393,0.9019389748573303
2022-07-12,HCLTECH,0.9404158890247345,0.03134067077189684,0.028243474662303925
2022-07-12,ICICIBANK,0.9485030174255371,0.01809908263385296,0.03339792788028717
2022-07-12,INDUSINDBK,0.9471531510353088,0.017533693462610245,0.035313136875629425
2022-07-12,KOTAKBANK,0.9481603503227234,0.01945936679840088,0.032380253076553345
2022-07-12,SBIN,0.9490808844566345,0.01828780770301819,0.0326312854886055
2022-07-12,TATASTEEL,0.7748719453811646,0.17661461234092712,0.048513464629650116
2022-07-13,CIPLA,0.02654631994664669,0.9199138283729553,0.05353984609246254
2022-07-13,COALINDIA,0.11440868675708771,0.6370887160301208,0.24850265681743622
2022-07-13,HCLTECH,0.40297052823007107,0.07361787610820361,0.5234115922025272
2022-07-13,INDUSINDBK,0.010137836448848248,0.8875018358230591,0.10236035287380219
2022-07-13,ITC,0.9499720931053162,0.017381269484758377,0.032646603882312775
2022-07-13,NESTLEIND,0.9473723769187927,0.018369808793067932,0.03425789996981621
2022-07-13,NTPC,0.38199666142463684,0.014932752586901188,0.6030705571174622
2022-07-13,ONGC,0.060545384883880615,0.9269780516624451,0.012476570904254913
2022-07-13,SBIN,0.03757327049970627,0.022358957678079605,0.9400677680969238
2022-07-14,ASIANPAINT,0.9438400864601135,0.01705334708094597,0.03910651430487633
2022-07-14,AXISBANK,0.9531074166297913,0.018950695171952248,0.027941888198256493
2022-07-14,BHARTIARTL,0.5699240565299988,0.009739168919622898,0.4203367829322815
2022-07-14,CIPLA,0.11291126906871796,0.009878273122012615,0.8772104978561401
2022-07-14,COALINDIA,0.9434006214141846,0.01667843945324421,0.039920903742313385
2022-07-14,HCLTECH,0.07437552511692047,0.008853874169290066,0.9167706370353699
2022-07-14,HEROMOTOCO,0.06792581081390381,0.014584545977413654,0.9174896478652954
2022-07-14,ICICIBANK,0.952970027923584,0.018689284101128578,0.028340686112642288
2022-07-14,INDUSINDBK,0.9524164795875549,0.01774650439620018,0.02983706258237362
2022-07-14,JSWSTEEL,0.02272051014006138,0.9211515784263611,0.056127842515707016
2022-07-14,KOTAKBANK,0.7659434676170349,0.11599495261907578,0.11806155741214752
2022-07-15,BHARTIARTL,0.8559466004371643,0.06395425647497177,0.08009915053844452
2022-07-15,DRREDDY,0.15293152630329132,0.009273297153413296,0.8377951383590698
2022-07-15,ITC,0.03599486127495766,0.5521767735481262,0.41182830929756165
2022-07-17,ICICIBANK,0.009033502079546452,0.9675297737121582,0.023436671122908592
2022-07-17,TATASTEEL,0.0686720460653305,0.013905374333262444,0.9174226522445679
2022-07-18,AXISBANK,0.8776917457580566,0.05121200531721115,0.07109624892473221
2022-07-18,BHARTIARTL,0.8288880586624146,0.02566477470099926,0.14544714987277985
2022-07-18,CIPLA,0.0500868521630764,0.019341373816132545,0.9305717945098877
2022-07-18,HCLTECH,0.9097117185592651,0.009565955027937889,0.08072240650653839
2022-07-18,HEROMOTOCO,0.508782297372818,0.023921212181448936,0.4672965072095394
2022-07-18,HINDALCO,0.6363641023635864,0.009196033235639334,0.3544398844242096
2022-07-18,JSWSTEEL,0.19960404932498932,0.014578130096197128,0.7858178615570068
2022-07-18,MARUTI,0.3894791603088379,0.016648752614855766,0.5938721299171448
2022-07-18,NTPC,0.6592000126838684,0.00873405672609806,0.3320658951997757
2022-07-19,ASIANPAINT,0.910369336605072,0.010485062375664711,0.07914555817842484
2022-07-19,BHARTIARTL,0.17187915742397308,0.807094156742096,0.02102665789425373
2022-07-19,COALINDIA,0.12549041211605072,0.547243595123291,0.32726597785949707
2022-07-19,HINDUNILVR,0.9192743897438049,0.04400318736831347,0.03672243530551592
2022-07-19,INDUSINDBK,0.0272336695343256,0.028241731226444244,0.9445245862007141
2022-07-20,COALINDIA,0.27810031175613403,0.011295790784060955,0.7106039226055145
2022-07-20,HINDUNILVR,0.4943901312847932,0.03230633477990826,0.47330353160699207
2022-07-20,ITC,0.12551376596093178,0.00938810221850872,0.8650981485843658
2022-07-20,JSWSTEEL,0.18933765590190887,0.010040022432804108,0.800622284412384
2022-07-20,MARUTI,0.9012898802757263,0.009346818551421165,0.08936332166194916
2022-07-20,NTPC,0.9186677932739258,0.010924200527369976,0.07040797173976898
2022-07-20,ONGC,0.04737572744488716,0.034129537642002106,0.9184947609901428
2022-07-20,RELIANCE,0.346063032746315,0.4028695020824671,0.25106747448444366
2022-07-20,SBIN,0.09327183663845062,0.013041653670370579,0.8936864733695984
2022-07-20,TATASTEEL,0.6974103301763535,0.009519414510577917,0.2930701896548271
2022-07-21,BAJAJFINSV,0.061363186687231064,0.011844608001410961,0.9267922639846802
2022-07-21,GRASIM,0.05234026163816452,0.014839865267276764,0.9328198432922363
2022-07-21,INDUSINDBK,0.5869061893650463,0.024781928663807257,0.3883118879582201
2022-07-21,ITC,0.26896294578909874,0.033098858781158924,0.6979382038116455
2022-07-21,NTPC,0.028417473658919334,0.03134293109178543,0.9402396082878113
2022-07-22,BHARTIARTL,0.5063700079917908,0.0104588707908988,0.48317110538482666
2022-07-22,INDUSINDBK,0.0409335121512413,0.02670954540371895,0.9323570132255554
2022-07-22,JSWSTEEL,0.546424388885498,0.42488133907318115,0.0286942757666111
2022-07-22,KOTAKBANK,0.9513835906982422,0.020086226984858513,0.02853011153638363
2022-07-22,RELIANCE,0.5743085471913218,0.02004188485443592,0.40564957167953253
2022-07-22,SBIN,0.13498400151729584,0.016235599294304848,0.8487803936004639
2022-07-23,ICICIBANK,0.14495404064655304,0.3854771535843611,0.46956881508231163
2022-07-23,INDUSINDBK,0.07714725285768509,0.009859628975391388,0.9129930734634399
2022-07-23,KOTAKBANK,0.4880393110215664,0.032297408208251,0.4796633590012789
2022-07-23,TATASTEEL,0.01900520548224449,0.7267721891403198,0.25422266125679016
2022-07-23,TECHM,0.13948936760425568,0.009168731048703194,0.8513419032096863
2022-07-24,ASIANPAINT,0.097985178232193,0.0149032361805439,0.8871116042137146
2022-07-24,AXISBANK,0.91522216796875,0.061737194657325745,0.02304055355489254
2022-07-24,BHARTIARTL,0.01078855898231268,0.9693952202796936,0.019816268235445023
2022-07-24,TECHM,0.05214271694421768,0.9356813430786133,0.01217588223516941
2022-07-25,ASIANPAINT,0.8865237832069397,0.0919591635465622,0.021517088636755943
2022-07-25,AXISBANK,0.23249276851614317,0.04092185012996197,0.7265853583812714
2022-07-25,BAJAJFINSV,0.02865983359515667,0.09331998229026794,0.878020167350769
2022-07-25,BHARTIARTL,0.031906358897686005,0.02568414993584156,0.9424094557762146
2022-07-25,HINDUNILVR,0.050719812512397766,0.645883321762085,0.30339688062667847
2022-07-25,ICICIBANK,0.3079109326004982,0.03473713658750057,0.6573519371449947
2022-07-25,JSWSTEEL,0.6765105357393623,0.2148712933063507,0.10861815623939038
2022-07-25,KOTAKBANK,0.08435571938753128,0.016244617756456137,0.8993996679782867
2022-07-25,M&M,0.05654211714863777,0.011974498629570007,0.9314833879470825
2022-07-25,MARUTI,0.6302228569984436,0.009781722910702229,0.35999539494514465
2022-07-25,RELIANCE,0.6652386908729871,0.0213748998939991,0.31338641978800297
2022-07-25,TATASTEEL,0.4804113768041134,0.4955657268874347,0.024022907484322786
2022-07-25,TECHM,0.37606612406671047,0.3200980711262673,0.30383582040667534
2022-07-25,ULTRACEMCO,0.7398458272218704,0.01587287848815322,0.24428129335865378
2022-07-26,ASIANPAINT,0.7335248552262783,0.14843735611066222,0.11803782591596246
2022-07-26,AXISBANK,0.06653396133333445,0.0794407851062715,0.854025274515152
2022-07-26,BAJAJ-AUTO,0.949379950761795,0.022736066952347755,0.027883932925760746
2022-07-26,BAJAJFINSV,0.15159423649311066,0.6174279451370239,0.23097781836986542
2022-07-26,BHARTIARTL,0.600498303771019,0.020038199611008167,0.3794635087251663
2022-07-26,HCLTECH,0.01081131026148796,0.9726501703262329,0.016538474708795547
2022-07-26,ICICIBANK,0.26521281339228153,0.1969071610365063,0.5378800202161074
2022-07-26,JSWSTEEL,0.06503472849726677,0.1162691037170589,0.8186961710453033
2022-07-26,KOTAKBANK,0.10079772397875786,0.010841569863259792,0.8883606791496277
2022-07-26,LT,0.9414896965026855,0.035438504070043564,0.023071734234690666
2022-07-26,ONGC,0.5927966833114624,0.00926101766526699,0.39794230461120605
2022-07-26,SBIN,0.29147613048553467,0.270039439201355,0.4384844899177551
2022-07-26,TATASTEEL,0.28484139614738524,0.4286011179210618,0.28655745135620236
2022-07-26,TECHM,0.08158600019911925,0.10224839796622594,0.8161656260490417
2022-07-26,ULTRACEMCO,0.27310138707980514,0.22575749992392957,0.5011411216109991
2022-07-27,ASIANPAINT,0.032194973435252905,0.4971053972840309,0.4706995664164424
2022-07-27,AXISBANK,0.17976882929603258,0.011280685818443695,0.8089504639307658
2022-07-27,BAJAJ-AUTO,0.8693310022354126,0.01084419246762991,0.11982478201389313
2022-07-27,BAJAJFINSV,0.028852906078100204,0.025113316252827644,0.946033775806427
2022-07-27,BAJFINANCE,0.9264834523200989,0.027452722191810608,0.04606383386999369
2022-07-27,COALINDIA,0.22357963025569916,0.00867935735732317,0.7677409648895264
2022-07-27,DRREDDY,0.6450725793838501,0.011179264634847641,0.34374815225601196
2022-07-27,HCLTECH,0.06549769639968872,0.016018720343708992,0.9184836149215698
2022-07-27,HEROMOTOCO,0.8295679092407227,0.006930723786354065,0.1635013222694397
2022-07-27,LT,0.5271759107708931,0.027358961291611195,0.4454651325941086
2022-07-27,MARUTI,0.9480195641517639,0.019031604751944542,0.032948839478194714
2022-07-27,NESTLEIND,0.9416596293449402,0.03736748918890953,0.02097284235060215
2022-07-27,TATASTEEL,0.41779536101967096,0.3613678318215534,0.22083684895187616
2022-07-27,TECHM,0.3291528504341841,0.013114523608237505,0.6577326017431915
2022-07-28,ASIANPAINT,0.08911143243312836,0.013095634058117867,0.8977929055690765
2022-07-28,BAJAJ-AUTO,0.10562063381075859,0.01969447700927655,0.8746848503748575
2022-07-28,BAJAJFINSV,0.9399341146151224,0.02413848725457986,0.035927401234706245
2022-07-28,BAJFINANCE,0.8166528344154358,0.11411785334348679,0.06922926753759384
2022-07-28,DRREDDY,0.9512833952903748,0.020485879853367805,0.02823072299361229
2022-07-28,HCLTECH,0.012439452111721039,0.9698745608329773,0.01768592931330204
2022-07-28,ICICIBANK,0.16859187185764313,0.010207855142652988,0.8212002515792847
2022-07-28,LT,0.09194288899501164,0.0097838311145703,0.8982732892036438
2022-07-28,NESTLEIND,0.3071432113647461,0.25859982590191066,0.4342569289728999
2022-07-28,ONGC,0.42352497577667236,0.008358696475625038,0.568116307258606
2022-07-28,RELIANCE,0.05477884039282799,0.02462773397564888,0.9205935001373291
2022-07-28,TATASTEEL,0.09966001287102699,0.015764599665999413,0.8845753371715546
2022-07-28,TECHM,0.09513068199157715,0.010134141892194748,0.8947351574897766
2022-07-29,ASIANPAINT,0.10868694633245468,0.009750910103321075,0.8815621137619019
2022-07-29,BAJAJ-AUTO,0.3304181143641472,0.012854981794953346,0.656726898625493
2022-07-29,BAJFINANCE,0.11969809047877789,0.010716836201027036,0.8695850819349289
2022-07-29,CIPLA,0.007731995545327663,0.9745768010616302,0.017691184766590595
2022-07-29,DRREDDY,0.07288827002048492,0.03323185071349144,0.8938798904418945
2022-07-29,KOTAKBANK,0.09677170217037201,0.009991161525249481,0.8932371735572815
2022-07-29,LT,0.09934590756893158,0.009466269053518772,0.8911877870559692
2022-07-29,MARUTI,0.0735551044344902,0.014591667335480452,0.9118532240390778
2022-07-29,NESTLEIND,0.8074135184288025,0.014578724279999733,0.1780078262090683
2022-07-29,NTPC,0.6951703727245331,0.01941776182502508,0.28541185781359674
2022-07-29,SUNPHARMA,0.9483459293842316,0.018537428230047226,0.03311663120985031
2022-07-30,BHARTIARTL,0.03912781924009323,0.07540282607078552,0.8854693174362183
2022-07-30,COALINDIA,0.24007636308670044,0.016109241172671318,0.7438144087791443
2022-07-30,DRREDDY,0.8640255331993103,0.00947091169655323,0.12650354206562042
2022-07-30,NESTLEIND,0.05585123226046562,0.017140546813607216,0.9270082712173462
2022-07-30,ONGC,0.10473395884037018,0.010338446125388145,0.8849276006221771
2022-07-30,RELIANCE,0.2261502593755722,0.021570846438407898,0.7522789239883423
2022-07-31,CIPLA,0.08162546902894974,0.010981467552483082,0.9073930978775024
2022-07-31,DRREDDY,0.0960889421403408,0.010795378359034657,0.8931156545877457
2022-07-31,HEROMOTOCO,0.24737751483917236,0.009621058590710163,0.743001401424408
2022-07-31,INDUSINDBK,0.05248100310564041,0.028356355614960194,0.9191626608371735
2022-07-31,NESTLEIND,0.07899325340986252,0.01192905412365993,0.9090777039527893
2022-08-01,BAJAJ-AUTO,0.007852636277675629,0.9758371114730835,0.01631029136478901
2022-08-01,BHARTIARTL,0.8616401553153992,0.02307669073343277,0.11528315395116806
2022-08-01,CIPLA,0.09013748168945312,0.01184168178588152,0.8980208039283752
2022-08-01,HCLTECH,0.09433722496032715,0.01145530678331852,0.8942074775695801
2022-08-01,ITC,0.7182962698861957,0.23270971607416868,0.04899403778836131
2022-08-01,M&M,0.9191701412200928,0.04649168998003006,0.03433818370103836
2022-08-01,MARUTI,0.9525410532951355,0.02275446616113186,0.024704406037926674
2022-08-01,SBIN,0.12046366184949875,0.012418495491147041,0.8671178221702576
2022-08-01,SUNPHARMA,0.11313073337078094,0.010336046107113361,0.8765332102775574
2022-08-02,BAJAJFINSV,0.08543229848146439,0.010144333820790052,0.9044233858585358
2022-08-02,CIPLA,0.057410845533013344,0.013302503153681755,0.9292866289615631
2022-08-02,HEROMOTOCO,0.12495862692594528,0.016828324645757675,0.8582130670547485
2022-08-02,ITC,0.05853065336123109,0.21011588536202908,0.7313534617424011
2022-08-02,M&M,0.028785282745957375,0.024453574791550636,0.9467611908912659
2022-08-02,NTPC,0.9524245858192444,0.01241423562169075,0.03516122326254845
2022-08-02,RELIANCE,0.03213309869170189,0.032455191016197205,0.9354117512702942
2022-08-02,SBIN,0.9133473634719849,0.01229104120284319,0.07436157017946243
2022-08-02,SUNPHARMA,0.07035144418478012,0.011120057664811611,0.9185285568237305
2022-08-03,ITC,0.05312298610806465,0.01348258275538683,0.9333944320678711
2022-08-03,MARUTI,0.7994635701179504,0.011541069485247135,0.1889953315258026
2022-08-03,SUNPHARMA,0.019110899418592453,0.1194419115781784,0.8614471554756165
2022-08-03,TATASTEEL,0.3909035958349705,0.046069099102169275,0.5630272775888443
2022-08-04,BAJFINANCE,0.06095768138766289,0.013361349701881409,0.9256809949874878
2022-08-04,BRITANNIA,0.22857631742954254,0.013228027150034904,0.7581956386566162
2022-08-04,ITC,0.28270856104791164,0.013197618070989847,0.7040938530117273
2022-08-04,JSWSTEEL,0.013786732219159603,0.9550250768661499,0.031188160181045532
2022-08-04,NTPC,0.11457932988802592,0.010084756650030613,0.8753359317779541
2022-08-04,TITAN,0.9356310367584229,0.01369284838438034,0.050676118582487106
2022-08-05,CIPLA,0.1544988453388214,0.010758832097053528,0.8347423672676086
2022-08-05,HINDALCO,0.06527088582515717,0.01413966529071331,0.9205894470214844
2022-08-05,ICICIBANK,0.45216238498687744,0.14868499338626862,0.39915257692337036
2022-08-05,INDUSINDBK,0.11373846232891083,0.021471083164215088,0.8647904992103577
2022-08-05,M&M,0.49141780100762844,0.03742152824997902,0.47116065490990877
2022-08-05,TITAN,0.5396203994750977,0.023153072223067284,0.4372265003621578
2022-08-06,AXISBANK,0.678043007850647,0.009928109124302864,0.31202879548072815
2022-08-06,BRITANNIA,0.9503704607486725,0.021680105477571487,0.02794947288930416
2022-08-06,SBIN,0.07663760147988796,0.5027087461203337,0.42065364215523005
2022-08-06,ULTRACEMCO,0.03686968609690666,0.018598612397909164,0.9445316791534424
2022-08-07,BPCL,0.011113986372947693,0.9644261002540588,0.02445993572473526
2022-08-07,JSWSTEEL,0.17962710559368134,0.11726035177707672,0.7031125426292419
2022-08-07,MARUTI,0.12020011991262436,0.009792156517505646,0.8700077533721924
2022-08-07,RELIANCE,0.043379951268434525,0.01992759108543396,0.9366924166679382
2022-08-08,BHARTIARTL,0.9492396414279938,0.018095746636390686,0.03266461193561554
2022-08-08,BPCL,0.9499430954456329,0.019838636741042137,0.030218323692679405
2022-08-08,CIPLA,0.05278220400214195,0.01814865879714489,0.9290691614151001
2022-08-08,JSWSTEEL,0.061854444444179535,0.019486086443066597,0.9186593890190125
2022-08-08,M&M,0.5024864599108696,0.01734033413231373,0.48017323296517134
2022-08-08,POWERGRID,0.9459783434867859,0.01827256567776203,0.035749103873968124
2022-08-08,RELIANCE,0.452102767303586,0.14595444942824543,0.40194275478521985
2022-08-08,SBIN,0.06954525224864483,0.1256721788085997,0.8047825992107391
2022-08-08,TATASTEEL,0.03311840072274208,0.0698309987783432,0.8970505595207214
2022-08-09,AXISBANK,0.29897579550743103,0.010010081343352795,0.6910141706466675
2022-08-09,ITC,0.09657803922891617,0.009502939879894257,0.893919050693512
2022-08-09,JSWSTEEL,0.952032208442688,0.01933436281979084,0.028633493930101395
2022-08-09,M&M,0.07592976558953524,0.010779744945466518,0.9132905006408691
2022-08-09,SBIN,0.19020520150661469,0.012143320714433989,0.797651489575704
2022-08-09,TECHM,0.22541449964046478,0.009243978187441826,0.765341579914093
2022-08-10,BHARTIARTL,0.49266092851758003,0.031607228331267834,0.4757317937910557
2022-08-10,BPCL,0.022564390674233437,0.8710618019104004,0.1063738688826561
2022-08-10,COALINDIA,0.5374786332249641,0.036055260337889194,0.4264660459011793
2022-08-10,EICHERMOT,0.9507476091384888,0.01954839378595352,0.029703978449106216
2022-08-10,HINDALCO,0.7070193688074747,0.06293675924340884,0.23004387319087982
2022-08-10,SBIN,0.28745514154434204,0.01321854256093502,0.6993263363838196
2022-08-11,BHARTIARTL,0.1070451233536005,0.011155543150380254,0.8817993253469467
2022-08-11,COALINDIA,0.7531942538917065,0.04694286291487515,0.1998628843575716
2022-08-11,EICHERMOT,0.6134262929360071,0.019765821906427544,0.36680789788564044
2022-08-11,HINDALCO,0.2319241389632225,0.0387047945211331,0.7293710708618164
2022-08-11,ICICIBANK,0.923021137714386,0.02056797221302986,0.05641094967722893
2022-08-11,ITC,0.5160214900970459,0.16858495771884918,0.3153936266899109
2022-08-11,ULTRACEMCO,0.12608486413955688,0.011001077480614185,0.8629140853881836
2022-08-12,COALINDIA,0.22607831160227457,0.012854487945636114,0.7610671619574229
2022-08-12,EICHERMOT,0.07475046813488007,0.011833100579679012,0.9134163856506348
2022-08-12,GRASIM,0.947807788848877,0.02827187441289425,0.023920400068163872
2022-08-12,HINDALCO,0.06614572554826736,0.01388685405254364,0.9199674129486084
2022-08-12,MARUTI,0.4451325833797455,0.008907030336558819,0.5459603667259216
2022-08-12,ONGC,0.5042462137838205,0.1270311096062263,0.368722690269351
2022-08-12,TATASTEEL,0.049492496997117996,0.016171591356396675,0.9343358874320984
2022-08-14,COALINDIA,0.18032166361808777,0.008572841063141823,0.811105489730835
2022-08-14,INDUSINDBK,0.07192016392946243,0.010509267449378967,0.9175705313682556
2022-08-14,TITAN,0.03262069448828697,0.12701945006847382,0.8403598070144653
2022-08-15,BPCL,0.6693330407142639,0.009358723647892475,0.3213081955909729
2022-08-15,EICHERMOT,0.08901751786470413,0.013375991955399513,0.8976064324378967
2022-08-15,HCLTECH,0.11893744021654129,0.020492635667324066,0.860569953918457
2022-08-15,HEROMOTOCO,0.07000913470983505,0.012970227748155594,0.9170206785202026
2022-08-15,M&M,0.9065533876419067,0.008867941796779633,0.08457856625318527
2022-08-15,ONGC,0.07092174142599106,0.014949224889278412,0.9141290187835693
2022-08-16,BAJFINANCE,0.0830061286687851,0.8119205236434937,0.10507334768772125
2022-08-16,CIPLA,0.06367260217666626,0.021037083119153976,0.9152902960777283
2022-08-16,COALINDIA,0.8468783497810364,0.062393687665462494,0.09072790294885635
2022-08-16,HEROMOTOCO,0.4344978667795658,0.09492098912596703,0.47058110497891903
2022-08-16,NTPC,0.3947003521025181,0.010385653004050255,0.5949140638113022
2022-08-16,TITAN,0.4315238259732723,0.08050471125170588,0.48797139152884483
2022-08-17,BHARTIARTL,0.29350312426686287,0.01309545012190938,0.6934014558792114
2022-08-17,HEROMOTOCO,0.0908835418522358,0.011021270882338285,0.8980951607227325
2022-08-17,M&M,0.9270232915878296,0.008995519950985909,0.06398119777441025
2022-08-17,RELIANCE,0.40887951850891113,0.007247375790029764,0.5838731527328491
2022-08-17,ULTRACEMCO,0.8044613003730774,0.007708938326686621,0.18782976269721985
2022-08-18,BHARTIARTL,0.32837599515914917,0.012118546292185783,0.6595054268836975
2022-08-18,HCLTECH,0.2936927378177643,0.01684042625129223,0.6894668340682983
2022-08-18,JSWSTEEL,0.04010685160756111,0.015208226628601551,0.9446849822998047
2022-08-18,MARUTI,0.6501828283071518,0.01671882439404726,0.3330983519554138
2022-08-18,NTPC,0.05433971434831619,0.023965217173099518,0.9216951131820679
2022-08-18,ONGC,0.61721803744634,0.04537017953892549,0.3374118010203044
2022-08-19,AXISBANK,0.6374350190162659,0.008712075650691986,0.35385292768478394
2022-08-19,BHARTIARTL,0.04257583990693092,0.019242431968450546,0.9381816983222961
2022-08-19,COALINDIA,0.08345744013786316,0.012463921681046486,0.9040786623954773
2022-08-19,DRREDDY,0.11944994330406189,0.38793501257896423,0.4926149547100067
2022-08-19,ICICIBANK,0.09606362134218216,0.013645494356751442,0.8902908563613892
2022-08-19,M&M,0.03053484484553337,0.08714788407087326,0.882317304611206
2022-08-19,NTPC,0.16224022209644318,0.010565257631242275,0.8271945714950562
2022-08-19,ONGC,0.04567364975810051,0.024509580805897713,0.9298167824745178
2022-08-19,TITAN,0.015529213473200798,0.9224058389663696,0.06206486374139786
2022-08-20,CIPLA,0.060173399746418,0.014195892959833145,0.9256307482719421
2022-08-21,MARUTI,0.2522343695163727,0.08037932217121124,0.6673862934112549
2022-08-22,BPCL,0.08359452523291111,0.019029689021408558,0.8973758220672607
2022-08-22,CIPLA,0.39000028371810913,0.009545224718749523,0.6004545092582703
2022-08-22,ITC,0.15204593539237976,0.015808315947651863,0.8321456909179688
2022-08-22,ONGC,0.10362187027931213,0.037598587572574615,0.8587794899940491
2022-08-22,ULTRACEMCO,0.8823572993278503,0.03311070799827576,0.08453191816806793
2022-08-23,HCLTECH,0.9453009366989136,0.01568547450006008,0.03901354596018791
2022-08-23,NTPC,0.04361312463879585,0.8802325129508972,0.07615435123443604
2022-08-24,BHARTIARTL,0.03615511208772659,0.03955238685011864,0.9242925047874451
2022-08-24,HINDALCO,0.22576364874839783,0.007200213614851236,0.7670361399650574
2022-08-24,MARUTI,0.06159369647502899,0.4977842029184103,0.44062210991978645
2022-08-24,ONGC,0.07903110235929489,0.01728082448244095,0.9036880135536194
2022-08-25,BAJAJ-AUTO,0.2540256083011627,0.1717768907546997,0.5741974711418152
2022-08-25,EICHERMOT,0.016190191730856895,0.7532654404640198,0.2305443435907364
2022-08-25,ICICIBANK,0.0741373747587204,0.01383807510137558,0.9120244979858398
2022-08-25,KOTAKBANK,0.614635169506073,0.032112833112478256,0.35325202345848083
2022-08-25,MARUTI,0.5464209318161011,0.011168869212269783,0.4424101412296295
2022-08-26,EICHERMOT,0.015728754922747612,0.9296087622642517,0.05466248467564583
2022-08-26,NTPC,0.34279848355799913,0.037199447862803936,0.6200020909309387
2022-08-26,TATASTEEL,0.05678018741309643,0.015627624467015266,0.9275921881198883
2022-08-26,ULTRACEMCO,0.11104416847229004,0.009708843193948269,0.8792470097541809
2022-08-27,ONGC,0.027239779010415077,0.03262301906943321,0.9401371479034424
2022-08-27,RELIANCE,0.20765751600265503,0.013697460293769836,0.7786449790000916
2022-08-28,AXISBANK,0.8488456606864929,0.008939714170992374,0.1422145813703537
2022-08-28,MARUTI,0.06413152068853378,0.06478042155504227,0.8710880875587463
2022-08-29,BPCL,0.11844203434884548,0.47257700748741627,0.4089809712022543
2022-08-29,COALINDIA,0.6073029041290283,0.014518826268613338,0.37817826867103577
2022-08-29,ICICIBANK,0.013278861530125141,0.933933675289154,0.05278749763965607
2022-08-29,JSWSTEEL,0.2955789566040039,0.6659009456634521,0.03852006793022156
2022-08-29,NTPC,0.07274785824120045,0.014994615223258734,0.9122575223445892
2022-08-29,ONGC,0.021781425923109055,0.05516184866428375,0.9230566620826721
2022-08-29,RELIANCE,0.2918383749918296,0.012824889917213183,0.6953367464817487
2022-08-29,TATASTEEL,0.023357408121228218,0.34145987033843994,0.6351827383041382
2022-08-30,COALINDIA,0.7526821494102478,0.045526426285505295,0.20179136097431183
2022-08-30,NTPC,0.2475544512271881,0.009169523604214191,0.7432760000228882
2022-08-30,RELIANCE,0.054965647558371224,0.2889634408056736,0.6560708830753962
2022-08-30,TATASTEEL,0.11466169357299805,0.008915448561310768,0.8764228820800781
2022-08-31,CIPLA,0.03789790719747543,0.025807147845625877,0.9362949132919312
2022-08-31,MARUTI,0.08563903905451298,0.021106330677866936,0.8932546079158783
2022-08-31,NTPC,0.7981640100479126,0.008877716027200222,0.19295825064182281
2022-08-31,TATASTEEL,0.32986943889409304,0.2663910035043955,0.4037395268678665
2022-09-01,BAJAJ-AUTO,0.9480345845222473,0.022374926134943962,0.029590507969260216
2022-09-01,CIPLA,0.04098754748702049,0.10807351022958755,0.8509389162063599
2022-09-01,GRASIM,0.047191016376018524,0.01597747579216957,0.9368314743041992
2022-09-01,HEROMOTOCO,0.9379584789276123,0.01872061751782894,0.0433209203183651
2022-09-01,MARUTI,0.4950845316052437,0.026252949610352516,0.4786625625565648
2022-09-01,ONGC,0.16717844177037477,0.35687992721796036,0.47594163194298744
2022-09-01,SBIN,0.0075646392069756985,0.9732453227043152,0.019190018996596336
2022-09-02,EICHERMOT,0.16343529522418976,0.009883607737720013,0.8266810774803162
2022-09-02,HEROMOTOCO,0.4861558638513088,0.083280423656106,0.430563704110682
2022-09-02,INDUSINDBK,0.8912883400917053,0.011537894606590271,0.09717374294996262
2022-09-02,ITC,0.8740617036819458,0.01790328323841095,0.10803496092557907
2022-09-03,KOTAKBANK,0.5591827630996704,0.05000123009085655,0.3908160626888275
2022-09-04,TECHM,0.187211811542511,0.46942079067230225,0.34336739778518677
2022-09-05,NTPC,0.09602268040180206,0.01005666982382536,0.8939206600189209
2022-09-06,HCLTECH,0.055607546120882034,0.03444252908229828,0.9099498987197876
2022-09-06,INDUSINDBK,0.06379447132349014,0.012289619073271751,0.9239159226417542
2022-09-06,ITC,0.35872340202331543,0.23443734645843506,0.4068392813205719
2022-09-06,RELIANCE,0.10487940162420273,0.010477584786713123,0.884643018245697
2022-09-07,BAJAJ-AUTO,0.04708493500947952,0.9309371113777161,0.021978026255965233
2022-09-07,BHARTIARTL,0.11477757478132844,0.2561502889730036,0.6290721204131842
2022-09-07,BRITANNIA,0.05002661794424057,0.5118389129638672,0.43813443183898926
2022-09-07,CIPLA,0.7875173687934875,0.01676795957610011,0.19571465998888016
2022-09-07,COALINDIA,0.904577374458313,0.010645161382853985,0.08477750420570374
2022-09-07,HCLTECH,0.9298946261405945,0.02685839682817459,0.04324699938297272
2022-09-07,ICICIBANK,0.026423491537570953,0.9048596620559692,0.06871691346168518
2022-09-07,KOTAKBANK,0.037959661334753036,0.020656010136008263,0.9413843154907227
2022-09-07,MARUTI,0.9369651675224304,0.012701994739472866,0.05033281818032265
2022-09-07,ULTRACEMCO,0.9246455430984497,0.046788688749074936,0.028565773740410805
2022-09-08,ASIANPAINT,0.17478959262371063,0.7981633543968201,0.02704709582030773
2022-09-08,BAJFINANCE,0.0837068259716034,0.00966221559792757,0.9066309332847595
2022-09-08,BHARTIARTL,0.03181740641593933,0.024593908339738846,0.9435886740684509
2022-09-08,CIPLA,0.043180912733078,0.023840876296162605,0.9329782724380493
2022-09-08,HCLTECH,0.019801827147603035,0.8630885481834412,0.11710959672927856
2022-09-08,ICICIBANK,0.5884329974651337,0.016341134905815125,0.39522589929401875
2022-09-08,ITC,0.14501633867621422,0.16098222648724914,0.6940014660358429
2022-09-09,ASIANPAINT,0.018098782747983932,0.8527998328208923,0.12910141050815582
2022-09-09,AXISBANK,0.08374220132827759,0.016818983480334282,0.8994387984275818
2022-09-09,COALINDIA,0.12875108420848846,0.008721604011952877,0.8625273704528809
2022-09-09,EICHERMOT,0.22318996489048004,0.0111539326608181,0.7656561136245728
2022-09-09,HEROMOTOCO,0.06995604187250137,0.024876108393073082,0.9051678776741028
2022-09-09,ITC,0.21372029185295105,0.7611274719238281,0.025152262300252914
2022-09-09,NTPC,0.9349867701530457,0.020132379606366158,0.04488075152039528
2022-09-10,ONGC,0.9215201139450073,0.01748870313167572,0.06099109724164009
2022-09-10,TECHM,0.37784789130091667,0.45899044536054134,0.16316161304712296
2022-09-11,ICICIBANK,0.9321671724319458,0.03257598727941513,0.035256803035736084
2022-09-11,INDUSINDBK,0.10531900823116302,0.03072161227464676,0.8639593124389648
2022-09-11,M&M,0.6096323132514954,0.013894837349653244,0.3764728605747223
2022-09-12,CIPLA,0.0794067531824112,0.01088270079344511,0.9097105264663696
2022-09-12,HINDALCO,0.06883152574300766,0.4194185137748718,0.5117499828338623
2022-09-12,HINDUNILVR,0.16783477365970612,0.009035177528858185,0.8231300711631775
2022-09-12,JSWSTEEL,0.9414740800857544,0.02832906972616911,0.0301967840641737
2022-09-12,NTPC,0.03510645776987076,0.027370037510991096,0.9375235438346863
2022-09-12,ONGC,0.05513853207230568,0.018192019313573837,0.9266694784164429
2022-09-12,SBIN,0.079879529774189,0.021509356796741486,0.8986110687255859
2022-09-13,BHARTIARTL,0.18076567351818085,0.007953938096761703,0.811280369758606
2022-09-13,COALINDIA,0.4069419130682945,0.3233974501490593,0.269660672172904
2022-09-13,EICHERMOT,0.32409247756004333,0.008433032780885696,0.6674744486808777
2022-09-13,HCLTECH,0.0073125120252370834,0.9641651511192322,0.028522351756691933
2022-09-13,JSWSTEEL,0.37397292256355286,0.012789192609488964,0.6132379174232483
2022-09-13,M&M,0.06905585713684559,0.01074198354035616,0.9202021956443787
2022-09-13,TATASTEEL,0.04578933119773865,0.024135712534189224,0.93007493019104
2022-09-14,KOTAKBANK,0.7209998369216919,0.007653852459043264,0.2713463008403778
2022-09-14,MARUTI,0.8169811964035034,0.007453902857378125,0.17556488141417503
2022-09-14,TATASTEEL,0.343081695958972,0.01631306391209364,0.640605241060257
2022-09-14,TECHM,0.025176778435707092,0.22807198762893677,0.7467512488365173
2022-09-14,WIPRO,0.05564334616065025,0.7888503670692444,0.15550631284713745
2022-09-15,BPCL,0.023361319676041603,0.10734062641859055,0.8692980408668518
2022-09-15,NTPC,0.04930030182003975,0.018282687291502953,0.9324169754981995
2022-09-16,BHARTIARTL,0.03829491138458252,0.17518873512744904,0.7865163087844849
2022-09-16,HEROMOTOCO,0.5104519724845886,0.009121023118495941,0.4804270565509796
2022-09-16,HINDALCO,0.0190554428845644,0.9130032658576965,0.06794138252735138
2022-09-16,INDUSINDBK,0.9413343667984009,0.022148409858345985,0.03651721775531769
2022-09-17,BHARTIARTL,0.0640980526804924,0.026471279561519623,0.909430742263794
2022-09-17,HINDUNILVR,0.09036748856306076,0.0107994070276618,0.8988330960273743
2022-09-18,ICICIBANK,0.44760799407958984,0.31602391600608826,0.2363680750131607
2022-09-18,MARUTI,0.48031289875507355,0.01100774435326457,0.5086793601512909
2022-09-18,ONGC,0.07936615496873856,0.02362404577434063,0.8970098495483398
2022-09-18,TATASTEEL,0.18696461617946625,0.010898232460021973,0.8021371364593506
2022-09-19,AXISBANK,0.06200791895389557,0.020454682409763336,0.9175374507904053
2022-09-19,MARUTI,0.7169124484062195,0.18369387090206146,0.09939375519752502
2022-09-19,POWERGRID,0.025190552696585655,0.09161301702260971,0.8831964731216431
2022-09-20,BAJAJ-AUTO,0.036389049142599106,0.7259492874145508,0.2376617044210434
2022-09-20,HEROMOTOCO,0.9003696441650391,0.007343190722167492,0.09228716790676117
2022-09-20,KOTAKBANK,0.15042749047279358,0.010871216654777527,0.8387013077735901
2022-09-20,TATASTEEL,0.9526010751724243,0.021906249225139618,0.025492694228887558
2022-09-20,WIPRO,0.10394789278507233,0.012352614663541317,0.8836995363235474
2022-09-21,AXISBANK,0.040049102157354355,0.04347654804587364,0.9164743423461914
2022-09-21,RELIANCE,0.719842255115509,0.011545314453542233,0.26861250400543213
2022-09-21,WIPRO,0.014896053355187178,0.8791975677013397,0.10590637847781181
2022-09-22,BHARTIARTL,0.04637546092271805,0.01642124354839325,0.9372033476829529
2022-09-22,HEROMOTOCO,0.9062156677246094,0.01913626119494438,0.07464805245399475
2022-09-22,HINDUNILVR,0.9059441685676575,0.04390100762248039,0.05015484616160393
2022-09-22,MARUTI,0.77862149477005,0.16269062459468842,0.058687880635261536
2022-09-22,SBIN,0.21285563707351685,0.009907309897243977,0.7772369980812073
2022-09-23,HEROMOTOCO,0.9276779890060425,0.012790349312126637,0.05953169986605644
2022-09-23,HINDUNILVR,0.02919064462184906,0.02712072618305683,0.943688690662384
2022-09-23,NESTLEIND,0.1809237152338028,0.008397825993597507,0.8106784820556641
2022-09-23,RELIANCE,0.07867150753736496,0.01015631202608347,0.9111721515655518
2022-09-23,TATASTEEL,0.12813829630613327,0.19917653780430555,0.6726851314306259
2022-09-23,WIPRO,0.0947202262468636,0.2738021067343652,0.6314776726067066
2022-09-24,BPCL,0.920908510684967,0.009457061998546124,0.06963440775871277
2022-09-25,HINDUNILVR,0.007804884575307369,0.9676690697669983,0.024526000022888184
2022-09-25,M&M,0.11240535974502563,0.018097681924700737,0.8694969415664673
2022-09-25,ONGC,0.5424048528075218,0.012207260821014643,0.44538791477680206
2022-09-25,TATASTEEL,0.126718670129776,0.015400880947709084,0.8578804135322571
2022-09-26,AXISBANK,0.8260138034820557,0.007857782766222954,0.16612845659255981
2022-09-26,BHARTIARTL,0.08093513548374176,0.01055640447884798,0.9085085391998291
2022-09-26,BPCL,0.07818544656038284,0.06740878522396088,0.8544057607650757
2022-09-26,HEROMOTOCO,0.7715349793434143,0.008577454835176468,0.2198875993490219
2022-09-26,MARUTI,0.1108141839504242,0.009052247740328312,0.8801336288452148
2022-09-26,POWERGRID,0.9433223605155945,0.031203391030430794,0.02547428011894226
2022-09-26,SBIN,0.08017930388450623,0.015297520905733109,0.9045231938362122
2022-09-26,SUNPHARMA,0.06773821264505386,0.017007920891046524,0.9152538180351257
2022-09-26,TATASTEEL,0.0978933610022068,0.01782285887748003,0.8842838009198507
2022-09-26,WIPRO,0.09631941094994545,0.017405159771442413,0.8862754106521606
2022-09-27,ASIANPAINT,0.03006630577147007,0.028911450877785683,0.9410222172737122
2022-09-27,AXISBANK,0.4559742733836174,0.007805010071024299,0.5362206548452377
2022-09-27,BPCL,0.04804124403744936,0.48754663253203034,0.4644121592864394
2022-09-27,HCLTECH,0.13163058459758759,0.01030093152076006,0.8580684661865234
2022-09-27,MARUTI,0.1535518765449524,0.03718619421124458,0.8092618584632874
2022-09-27,ONGC,0.20834176242351532,0.013726581819355488,0.7779316306114197
2022-09-27,POWERGRID,0.8527714610099792,0.11753571778535843,0.02969284914433956
2022-09-27,RELIANCE,0.6265357136726379,0.016274908557534218,0.3571893870830536
2022-09-27,TATASTEEL,0.0445951372385025,0.07953060418367386,0.8758742809295654
2022-09-28,AXISBANK,0.014939263463020325,0.9469459652900696,0.038114722818136215
2022-09-28,HINDALCO,0.8289579749107361,0.007518615573644638,0.16352345049381256
2022-09-28,NTPC,0.15057122707366943,0.008952037431299686,0.8404766917228699
2022-09-29,CIPLA,0.46002131700515747,0.008533724583685398,0.5314449071884155
2022-09-29,DRREDDY,0.028785336762666702,0.9241929054260254,0.047021761536598206
2022-09-29,HEROMOTOCO,0.6014398336410522,0.008289055898785591,0.3902710974216461
2022-09-29,HINDUNILVR,0.816697895526886,0.01529854629188776,0.16800352931022644
2022-09-29,RELIANCE,0.23252443969249725,0.014520682394504547,0.75295490026474
2022-09-29,SUNPHARMA,0.06366021186113358,0.015625400468707085,0.9207143187522888
2022-09-30,BAJFINANCE,0.027759524062275887,0.018678952008485794,0.9535614848136902
2022-09-30,CIPLA,0.7128672003746033,0.009596660733222961,0.27753615379333496
2022-09-30,COALINDIA,0.5671620965003967,0.011356026865541935,0.4214819073677063
2022-09-30,EICHERMOT,0.09674505144357681,0.010836352594196796,0.8924185633659363
2022-09-30,HEROMOTOCO,0.12552325427532196,0.04301699995994568,0.8314597010612488
2022-09-30,ICICIBANK,0.01694398745894432,0.9238592982292175,0.05919671058654785
2022-09-30,NESTLEIND,0.013759562280029058,0.620880588889122,0.3653598316013813
2022-09-30,SBIN,0.39937748946249485,0.0875119473785162,0.5131106004118919
2022-09-30,ULTRACEMCO,0.017853377386927605,0.08032235503196716,0.9018242955207825
2022-10-01,BHARTIARTL,0.2621086413661639,0.010980855983992418,0.7269105017185211
2022-10-01,COALINDIA,0.938673198223114,0.014635051600635052,0.0466916561126709
2022-10-01,HEROMOTOCO,0.008732715621590614,0.9746496677398682,0.016617529094219208
2022-10-01,MARUTI,0.9517964720726013,0.02059430256485939,0.0276092030107975
2022-10-01,NTPC,0.9406334757804871,0.011292867362499237,0.048073675483465195
2022-10-01,TECHM,0.2550448179244995,0.008230851963162422,0.7367243766784668
2022-10-02,WIPRO,0.0250655859708786,0.025943389162421227,0.9489910006523132
2022-10-03,BAJAJ-AUTO,0.009606522507965565,0.9749971032142639,0.01539635844528675
2022-10-03,BHARTIARTL,0.045308420434594154,0.2614736147224903,0.6932179778814316
2022-10-03,BRITANNIA,0.06219292804598808,0.01398236583918333,0.923824667930603
2022-10-03,MARUTI,0.9064517617225647,0.05239009112119675,0.04115820303559303
2022-10-03,ONGC,0.816883385181427,0.09776545315980911,0.08535122126340866
2022-10-04,ICICIBANK,0.9413363933563232,0.014310251921415329,0.04435337707400322
2022-10-04,INDUSINDBK,0.7097957730293274,0.03179503263284763,0.25840919589002925
2022-10-04,MARUTI,0.06771374493837357,0.0599839985370636,0.872302234172821
2022-10-04,SBIN,0.0940723642706871,0.011023330502212048,0.8949042558670044
2022-10-04,TATASTEEL,0.037450797855854034,0.02292199805378914,0.9396271705627441
2022-10-04,WIPRO,0.03282208740711212,0.17223906889557838,0.794938862323761
2022-10-05,RELIANCE,0.03408660739660263,0.6746523976325989,0.2912609279155731
2022-10-06,BAJFINANCE,0.06743647903203964,0.913762629032135,0.01880076713860035
2022-10-06,BHARTIARTL,0.051249779760837555,0.012997690588235855,0.9357525706291199
2022-10-06,INDUSINDBK,0.05883263982832432,0.017474716994911432,0.9236926734447479
2022-10-06,MARUTI,0.13873566687107086,0.012602034024894238,0.8486623167991638
2022-10-06,NTPC,0.5811222791671753,0.009121617302298546,0.4097560942173004
2022-10-06,SBIN,0.06671371310949326,0.022458873689174652,0.9108273386955261
2022-10-06,TECHM,0.3389066755771637,0.05579283460974693,0.6053004264831543
2022-10-06,TITAN,0.9489182233810425,0.019986573606729507,0.03109515644609928
2022-10-07,HEROMOTOCO,0.15019772201776505,0.008732369169592857,0.8410698771476746
2022-10-07,ICICIBANK,0.17408816516399384,0.05591762438416481,0.7699941992759705
2022-10-07,NTPC,0.8042067289352417,0.021195311099290848,0.17459803819656372
2022-10-07,RELIANCE,0.33519475907087326,0.014486276234189669,0.6503189404805502
2022-10-07,TITAN,0.21866261214017868,0.01728889439254999,0.7640484571456909
2022-10-07,WIPRO,0.05838445574045181,0.02998775616288185,0.9116277694702148
2022-10-08,HEROMOTOCO,0.09336619079113007,0.02114578941836953,0.8854880928993225
2022-10-09,BPCL,0.010295134969055653,0.9697904586791992,0.01991436444222927
2022-10-10,BAJAJ-AUTO,0.08627792447805405,0.042004961520433426,0.8717171549797058
2022-10-10,BHARTIARTL,0.2066342681646347,0.01262170635163784,0.7807440161705017
2022-10-10,CIPLA,0.9395762085914612,0.033404842019081116,0.027018873021006584
2022-10-10,HINDUNILVR,0.09149108082056046,0.8710413575172424,0.03746753931045532
2022-10-10,JSWSTEEL,0.4792194259352982,0.49619001522660255,0.02459061238914728
2022-10-10,ONGC,0.04249584674835205,0.9170047044754028,0.04049945995211601
2022-10-10,RELIANCE,0.8081228137016296,0.007349222898483276,0.1845279037952423
2022-10-10,TITAN,0.08252261579036713,0.010995648801326752,0.9064816832542419
2022-10-11,BAJAJ-AUTO,0.9452087879180908,0.01865646056830883,0.036134760826826096
2022-10-11,BAJFINANCE,0.954859733581543,0.020483501255512238,0.024656809866428375
2022-10-11,BHARTIARTL,0.5102153085172176,0.013556153513491154,0.4762285593897104
2022-10-11,EICHERMOT,0.9449748396873474,0.017537709325551987,0.03748748451471329
2022-10-11,HEROMOTOCO,0.255890225370725,0.32107972757269937,0.4230300585428874
2022-10-11,ICICIBANK,0.13881784677505493,0.009875377640128136,0.8513067960739136
2022-10-11,JSWSTEEL,0.44964855909347534,0.010704495012760162,0.5396469831466675
2022-10-11,LT,0.9469183683395386,0.019852973520755768,0.033228542655706406
2022-10-11,M&M,0.028173577040433884,0.8919289708137512,0.0798974335193634
2022-10-11,MARUTI,0.9446024894714355,0.017217407003045082,0.038180019706487656
2022-10-11,POWERGRID,0.031272999942302704,0.2109576314687729,0.7577694058418274
2022-10-11,TITAN,0.7105435729026794,0.007683892268687487,0.28177255392074585
2022-10-11,ULTRACEMCO,0.08138234168291092,0.021272026002407074,0.8973456621170044
2022-10-11,WIPRO,0.2801710456609726,0.14824219439178704,0.5715867582708597
2022-10-12,ASIANPAINT,0.9458011388778687,0.021834619343280792,0.03236430138349533
2022-10-12,AXISBANK,0.9495522975921631,0.018163004890084267,0.032284680753946304
2022-10-12,BRITANNIA,0.9486590623855591,0.02247108519077301,0.028869830071926117
2022-10-12,COALINDIA,0.20096294954419136,0.008151393383741379,0.7908856570720673
2022-10-12,HCLTECH,0.5086804535239935,0.24130557291209698,0.2500139195472002
2022-10-12,HEROMOTOCO,0.8324307799339294,0.010122171603143215,0.1574469655752182
2022-10-12,HINDUNILVR,0.945755660533905,0.021528594195842743,0.03271568939089775
2022-10-12,ICICIBANK,0.9478141069412231,0.017465025186538696,0.03472083434462547
2022-10-12,INDUSINDBK,0.943732500076294,0.017497330904006958,0.038770098239183426
2022-10-12,ITC,0.9334129691123962,0.036940427497029305,0.0296466164290905
2022-10-12,KOTAKBANK,0.9490293264389038,0.01910518668591976,0.03186540678143501
2022-10-12,RELIANCE,0.9318171143531799,0.011825964786112309,0.056356966495513916
2022-10-12,SBIN,0.013480419293045998,0.9484339356422424,0.03808560222387314
2022-10-12,WIPRO,0.04344761480266849,0.3910713189591964,0.5654810982135435
2022-10-13,BAJAJ-AUTO,0.9233196973800659,0.04996829107403755,0.026712046936154366
2022-10-13,COALINDIA,0.5890133380889893,0.008999299257993698,0.4019874036312103
2022-10-13,HCLTECH,0.7365685682743788,0.017193800071254373,0.24623761931434274
2022-10-13,HINDALCO,0.2426179964095354,0.6889490932226181,0.0684328954666853
2022-10-13,MARUTI,0.0934632271528244,0.07577496767044067,0.8307617902755737
2022-10-13,TECHM,0.9482038617134094,0.01984463445842266,0.03195155784487724
2022-10-13,WIPRO,0.23727001436054707,0.2272920750081539,0.5354379054158926
2022-10-14,AXISBANK,0.011354289017617702,0.9375699162483215,0.05107571557164192
2022-10-14,BAJAJ-AUTO,0.9311308264732361,0.04112229123711586,0.0277468953281641
2022-10-14,BPCL,0.3961532786488533,0.007518360391259193,0.5963283479213715
2022-10-14,HCLTECH,0.15404994785785675,0.009401584975421429,0.8365485072135925
2022-10-14,LT,0.02897367626428604,0.9399354457855225,0.031090879812836647
2022-10-14,MARUTI,0.3293193280696869,0.013199113309383392,0.6574814915657043
2022-10-14,RELIANCE,0.09179703891277313,0.00799901969730854,0.9002039432525635
2022-10-14,TATASTEEL,0.024147920310497284,0.04341791197657585,0.9324342012405396
2022-10-14,WIPRO,0.009397655725479126,0.9732502102851868,0.01735215913504362
2022-10-15,BAJAJ-AUTO,0.08828194066882133,0.012400145176798105,0.8993178904056549
2022-10-15,HCLTECH,0.18316729366779327,0.00909404642879963,0.8077386021614075
2022-10-15,WIPRO,0.1611233986914158,0.019822085741907358,0.8190544843673706
2022-10-16,AXISBANK,0.38831886649131775,0.5550190806388855,0.05666209012269974
2022-10-16,HINDALCO,0.19840621948242188,0.009838677011430264,0.7917550802230835
2022-10-17,BAJAJ-AUTO,0.48837848907957476,0.18305470856527487,0.3285667874539892
2022-10-17,HINDUNILVR,0.17566300928592682,0.008082907646894455,0.8162540793418884
2022-10-17,JSWSTEEL,0.3840208649635315,0.008783924393355846,0.6071951985359192
2022-10-17,NESTLEIND,0.9562307596206665,0.016205985099077225,0.02756326273083687
2022-10-17,NTPC,0.44513813592493534,0.15867974609136581,0.3961821310222149
2022-10-17,SUNPHARMA,0.06344500929117203,0.01494587305933237,0.9216091632843018
2022-10-17,WIPRO,0.2227148413658142,0.014791871421039104,0.7624933123588562
2022-10-18,ASIANPAINT,0.9026203751564026,0.04686002805829048,0.0505196638405323
2022-10-18,AXISBANK,0.3506447374820709,0.5237535238265991,0.12560175359249115
2022-10-18,BAJAJ-AUTO,0.08215895667672157,0.010794352740049362,0.9070466756820679
2022-10-18,BHARTIARTL,0.24814042448997498,0.011716208420693874,0.740143358707428
2022-10-18,ITC,0.9528315663337708,0.023270944133400917,0.023897508159279823
2022-10-18,ONGC,0.23617573082447052,0.009301871992647648,0.7545223832130432
2022-10-18,SBIN,0.5004397630691528,0.2628510296344757,0.23670917749404907
2022-10-18,TECHM,0.7761685252189636,0.012498538009822369,0.21133290231227875
2022-10-18,TITAN,0.24435563385486603,0.010123955085873604,0.7455204725265503
2022-10-19,AXISBANK,0.9510877132415771,0.024893272668123245,0.02401895634829998
2022-10-19,ICICIBANK,0.045454200357198715,0.8818631172180176,0.07268277555704117
2022-10-19,INDUSINDBK,0.9230597019195557,0.01557477517053485,0.061365555971860886
2022-10-19,ITC,0.7989193797111511,0.008586464449763298,0.1924942284822464
2022-10-19,NESTLEIND,0.365353321035703,0.01424662210047245,0.6204000401000181
2022-10-19,WIPRO,0.02690525073558092,0.5422386787831783,0.43085608538240194
2022-10-20,ASIANPAINT,0.6464346858362356,0.32632118215163547,0.027244108418623608
2022-10-20,AXISBANK,0.35236621151367825,0.030369081844886143,0.6172646985699733
2022-10-20,BAJFINANCE,0.9450448453426361,0.0236129192635417,0.031342209316790104
2022-10-20,HINDALCO,0.01242054719477892,0.969639778137207,0.017939748242497444
2022-10-20,HINDUNILVR,0.9508920311927795,0.018302906304597855,0.030805092304944992
2022-10-20,INDUSINDBK,0.09730820978681247,0.2772478849316637,0.6254438677181801
2022-10-20,ITC,0.9497014880180359,0.02350091002881527,0.026797588914632797
2022-10-20,NESTLEIND,0.2776693195104599,0.01390027068555355,0.7084303848445416
2022-10-20,ULTRACEMCO,0.4809204215804736,0.017193936742842197,0.5018856519212326
2022-10-21,ASIANPAINT,0.923751711845398,0.022316718474030495,0.05393148958683014
2022-10-21,AXISBANK,0.05051853973418474,0.042452309280633926,0.9070291519165039
2022-10-21,BAJAJ-AUTO,0.877282977104187,0.008189729414880276,0.11452729254961014
2022-10-21,BAJAJFINSV,0.9449252784252167,0.026906492188572884,0.028168211691081524
2022-10-21,BAJFINANCE,0.472715986892581,0.03643536474555731,0.49084861017763615
2022-10-21,HINDUNILVR,0.657555028796196,0.08500051250060399,0.2574444357305765
2022-10-21,ICICIBANK,0.9547131657600403,0.020657001063227654,0.024629846215248108
2022-10-21,INDUSINDBK,0.031028304249048233,0.03214109316468239,0.9368306398391724
2022-10-21,ITC,0.9496190845966339,0.020951136015355587,0.02942975703626871
2022-10-21,JSWSTEEL,0.16445083916187286,0.8220032453536987,0.013545946218073368
2022-10-21,KOTAKBANK,0.9383047819137573,0.04317905753850937,0.01851615682244301
2022-10-21,RELIANCE,0.7578166741877794,0.040713803470134736,0.201469524204731
2022-10-21,SBIN,0.5719943046569824,0.05010276660323143,0.37790295481681824
2022-10-22,BPCL,0.022202912718057632,0.8900371193885803,0.08775996416807175
2022-10-22,ICICIBANK,0.3991415537893772,0.13288285303860903,0.4679755624383688
2022-10-22,KOTAKBANK,0.4898179229348898,0.03486597817391157,0.4753160933032632
2022-10-23,CIPLA,0.01688164286315441,0.7382795214653015,0.24483877420425415
2022-10-23,ICICIBANK,0.9255341291427612,0.016409816220402718,0.058056049048900604
2022-10-23,JSWSTEEL,0.06397750228643417,0.2858681082725525,0.6501544117927551
2022-10-23,KOTAKBANK,0.060780808329582214,0.014474797993898392,0.9247444272041321
2022-10-24,ASIANPAINT,0.0705060213804245,0.01430498342961073,0.9151890277862549
2022-10-24,AXISBANK,0.1932985819876194,0.011689785402268171,0.7950116693973541
2022-10-24,BAJFINANCE,0.14099817226330438,0.011156798340380192,0.8478449980417887
2022-10-24,HINDUNILVR,0.037766228429973125,0.49228924605995417,0.46994453854858875
2022-10-24,ITC,0.07656753684083621,0.01629872682193915,0.9071337183316549
2022-10-24,JSWSTEEL,0.5419251322746277,0.042160436511039734,0.4159144461154938
2022-10-24,ULTRACEMCO,0.19053621590137482,0.010397491976618767,0.7990663647651672
2022-10-25,ASIANPAINT,0.10855698212981224,0.1114182909950614,0.7800247073173523
2022-10-25,AXISBANK,0.13429320454597474,0.012055754289031028,0.8536510109901428
2022-10-25,BAJAJFINSV,0.9509697556495667,0.019787520170211792,0.02924272231757641
2022-10-25,BAJFINANCE,0.36928969124952954,0.013938822783529758,0.6167714937279621
2022-10-25,HEROMOTOCO,0.10590118914842606,0.015360857360064983,0.8787379264831543
2022-10-25,HINDUNILVR,0.9506351351737976,0.02038596384227276,0.028978953137993813
2022-10-25,ICICIBANK,0.315583199262619,0.00997873768210411,0.6744380593299866
2022-10-25,INDUSINDBK,0.10134326666593552,0.010497023351490498,0.8881596922874451
2022-10-25,ITC,0.07590382546186447,0.012489501852542162,0.911606639623642
2022-10-25,JSWSTEEL,0.9082403540611267,0.0606246218085289,0.031135047599673272
2022-10-25,NTPC,0.19773457944393158,0.30323734879493713,0.4990280866622925
2022-10-25,TATASTEEL,0.8746241927146912,0.01218823529779911,0.11318755149841309
2022-10-25,ULTRACEMCO,0.21080172061920166,0.010357067920267582,0.7788411974906921
2022-10-26,ASIANPAINT,0.09204650670289993,0.010983606800436974,0.8969699144363403
2022-10-26,HEROMOTOCO,0.6604234576225281,0.007357714232057333,0.33221882581710815
2022-10-26,INDUSINDBK,0.29637548327445984,0.5873842835426331,0.11624012887477875
2022-10-26,JSWSTEEL,0.0806441456079483,0.009390299208462238,0.9099655151367188
2022-10-26,KOTAKBANK,0.09054967015981674,0.011048699729144573,0.89840167760849
2022-10-26,WIPRO,0.025158311240375042,0.7912065386772156,0.1836351975798607
2022-10-27,BAJAJFINSV,0.07602458447217941,0.009584404993802309,0.9143910109996796
2022-10-27,HCLTECH,0.10031269490718842,0.02143516717478633,0.8782521486282349
2022-10-27,ICICIBANK,0.8734138607978821,0.03406380116939545,0.09252240508794785
2022-10-27,ITC,0.08914681524038315,0.011659468524158001,0.8991937041282654
2022-10-27,JSWSTEEL,0.7711156010627747,0.010561326518654823,0.21832305192947388
2022-10-27,MARUTI,0.9410611987113953,0.03058750554919243,0.028351230546832085
2022-10-28,DRREDDY,0.9502010643482208,0.019727937877178192,0.03007098287343979
2022-10-28,JSWSTEEL,0.027037490159273148,0.032246340066194534,0.9407162070274353
2022-10-28,MARUTI,0.9440127909183502,0.01833222433924675,0.03765496052801609
2022-10-29,MARUTI,0.834769070148468,0.0070243095979094505,0.15820668637752533
2022-10-29,RELIANCE,0.05233057588338852,0.07179097086191177,0.8758783936500549
2022-10-30,MARUTI,0.016754187643527985,0.958259642124176,0.024986134842038155
2022-10-31,AXISBANK,0.047399090602993965,0.01722067268565297,0.935380220413208
2022-10-31,BHARTIARTL,0.942145437002182,0.027842157520353794,0.03001235704869032
2022-10-31,HCLTECH,0.15316836535930634,0.024120185524225235,0.8227114677429199
2022-10-31,ICICIBANK,0.010551602579653263,0.9644302129745483,0.025018127635121346
2022-10-31,MARUTI,0.5797546178102493,0.022351899929344655,0.39789346903562545
2022-10-31,NTPC,0.6431649749477705,0.02015548385679722,0.33667954926689464
2022-10-31,SBIN,0.050335511565208435,0.013981879688799381,0.9356825947761536
2022-10-31,TATASTEEL,0.049952225759625435,0.03298310562968254,0.9170646965503693
2022-10-31,TECHM,0.007417728658765554,0.9749193787574768,0.017662938684225082
2022-11-01,AXISBANK,0.022562397178262472,0.48570720106363297,0.4917304031550884
2022-11-01,BHARTIARTL,0.9498592813809713,0.01680150969574849,0.03333923717339834
2022-11-01,DRREDDY,0.1069059893488884,0.00952077005058527,0.8835732340812683
2022-11-01,ICICIBANK,0.2183935698121786,0.01395929791033268,0.7676471471786499
2022-11-01,LT,0.061273638159036636,0.011774684302508831,0.9269517064094543
2022-11-01,MARUTI,0.2955575614857177,0.16744363649437824,0.5369987804442644
2022-11-01,NTPC,0.09740463644266129,0.010075115598738194,0.8925203084945679
2022-11-01,SUNPHARMA,0.9457017779350281,0.017162400297820568,0.03713579475879669
2022-11-01,TATASTEEL,0.10763805572475706,0.423536305981023,0.46882566357297556
2022-11-01,TECHM,0.8156285881996155,0.15550947282463312,0.02886193711310625
2022-11-01,ULTRACEMCO,0.03250376507639885,0.02207375317811966,0.9454224705696106
2022-11-01,WIPRO,0.010464240796864033,0.9728853106498718,0.01665041409432888
2022-11-02,ASIANPAINT,0.11945513635873795,0.00919437687844038,0.8713505268096924
2022-11-02,BHARTIARTL,0.14897022023797035,0.015316226333379746,0.8357135415077209
2022-11-02,HEROMOTOCO,0.01869557797908783,0.9613513946533203,0.019953031092882156
2022-11-02,LT,0.09319774061441422,0.009770691394805908,0.8970316052436829
2022-11-02,NTPC,0.4781758887693286,0.02752094343304634,0.4943032022565603
2022-11-02,TATASTEEL,0.17546607553958893,0.015386458486318588,0.8091474771499634
2022-11-02,TECHM,0.04195229336619377,0.49099670350551605,0.4670509500429034
2022-11-02,WIPRO,0.6423487067222595,0.02646048739552498,0.33119073510169983
2022-11-03,BRITANNIA,0.2653188407421112,0.010233419016003609,0.7244477272033691
2022-11-03,HEROMOTOCO,0.010724170133471489,0.9718204140663147,0.01745552010834217
2022-11-03,KOTAKBANK,0.06560984253883362,0.6382577419281006,0.2961324155330658
2022-11-03,TATASTEEL,0.06850414723157883,0.0102896299213171,0.9212062358856201
2022-11-03,TITAN,0.9554153680801392,0.024238962680101395,0.020345652475953102
2022-11-03,WIPRO,0.03243881277740002,0.11040246114134789,0.857158750295639
2022-11-04,BPCL,0.8443776369094849,0.014921264722943306,0.14070113003253937
2022-11-04,BRITANNIA,0.948710024356842,0.02021427359431982,0.03107575885951519
2022-11-04,HEROMOTOCO,0.9509878754615784,0.017139391973614693,0.031872622668743134
2022-11-04,INDUSINDBK,0.023694995790719986,0.9565457701683044,0.019759204238653183
2022-11-04,RELIANCE,0.10511845536530018,0.022708562668412924,0.8721729815006256
2022-11-04,TECHM,0.7283502817153931,0.012274920009076595,0.25937482714653015
2022-11-04,TITAN,0.38551606237888336,0.12890860252082348,0.4855753766993682
2022-11-05,SBIN,0.03543663024902344,0.06307372450828552,0.9014896154403687
2022-11-06,BPCL,0.05404041334986687,0.030006378889083862,0.9159532189369202
2022-11-06,RELIANCE,0.07403890788555145,0.009350688196718693,0.9166104197502136
2022-11-06,TATASTEEL,0.046029604971408844,0.024880800396203995,0.9290896058082581
2022-11-07,BAJAJFINSV,0.6928266882896423,0.17404675483703613,0.13312651216983795
2022-11-07,BHARTIARTL,0.5956546068191528,0.018316591158509254,0.3860287666320801
2022-11-07,CIPLA,0.956215500831604,0.020983444526791573,0.02280106581747532
2022-11-07,HEROMOTOCO,0.23985046645005545,0.01361849531531334,0.7465310593446096
2022-11-07,M&M,0.7630602717399597,0.21095094084739685,0.025988705456256866
2022-11-07,SBIN,0.09835587441921234,0.0513165183365345,0.8503276109695435
2022-11-07,TITAN,0.33012673258781433,0.025637054815888405,0.6442362666130066
2022-11-07,ULTRACEMCO,0.012873650528490543,0.9368916153907776,0.05023481696844101
2022-11-07,WIPRO,0.5458561182022095,0.012155558913946152,0.4419883191585541
2022-11-08,BPCL,0.9495508074760437,0.02081864606589079,0.02963058464229107
2022-11-08,BRITANNIA,0.9498956203460693,0.022164249792695045,0.027940163388848305
2022-11-08,CIPLA,0.9514095783233643,0.021866019815206528,0.02672441303730011
2022-11-08,COALINDIA,0.9507218599319458,0.019189409911632538,0.030088678002357483
2022-11-08,HEROMOTOCO,0.5374282039701939,0.01473211171105504,0.44783967547118664
2022-11-08,POWERGRID,0.9461115002632141,0.019994597882032394,0.03389384225010872
2022-11-08,WIPRO,0.03123885951936245,0.48769074957817793,0.48107038624584675
2022-11-09,AXISBANK,0.04951899312436581,0.014999969862401485,0.9354810118675232
2022-11-09,BHARTIARTL,0.021150844171643257,0.9134431481361389,0.0654059648513794
2022-11-09,BRITANNIA,0.9486527442932129,0.02021014504134655,0.031137142330408096
2022-11-09,CIPLA,0.2860823420342058,0.25052624801173806,0.46339140133932233
2022-11-09,COALINDIA,0.9413171211878458,0.021388785913586617,0.03729401590923468
2022-11-09,HEROMOTOCO,0.12067738175392151,0.009434875566512346,0.8698877692222595
2022-11-09,HINDALCO,0.011199695989489555,0.9718264937400818,0.016973910853266716
2022-11-09,ICICIBANK,0.013360832817852497,0.971004068851471,0.01563509926199913
2022-11-09,POWERGRID,0.9461951851844788,0.017577480524778366,0.036227308213710785
2022-11-09,SBIN,0.40075910091400146,0.01315008383244276,0.5860908627510071
2022-11-09,WIPRO,0.012401671148836613,0.9389254450798035,0.04867282509803772
2022-11-10,AXISBANK,0.009110157378017902,0.9630604386329651,0.027829322963953018
2022-11-10,COALINDIA,0.37948769330978394,0.01669011265039444,0.6038221716880798
2022-11-10,EICHERMOT,0.9528855681419373,0.020972282625734806,0.026142138056457043
2022-11-10,HINDALCO,0.033101655542850494,0.9334502816200256,0.033447958528995514
2022-11-10,ICICIBANK,0.02724410593509674,0.047966908663511276,0.9247889518737793
2022-11-10,ITC,0.04847218468785286,0.018097486346960068,0.9334303736686707
2022-11-10,WIPRO,0.8885109424591064,0.01569345034658909,0.09579555690288544
2022-11-11,BHARTIARTL,0.12235166877508163,0.011910514906048775,0.865737795829773
2022-11-11,BPCL,0.0732206478714943,0.01126839965581894,0.9155109524726868
2022-11-11,BRITANNIA,0.14177682995796204,0.01449495553970337,0.8437281847000122
2022-11-11,CIPLA,0.05921385437250137,0.011908565647900105,0.928877592086792
2022-11-11,EICHERMOT,0.6324593774043024,0.33433842783172923,0.0332021942983071
2022-11-11,HINDALCO,0.9421557188034058,0.015795734710991383,0.042048532515764236
2022-11-11,JSWSTEEL,0.9504103660583496,0.01769518107175827,0.03189446032047272
2022-11-11,M&M,0.9101507812738419,0.01909723598510027,0.07075197016820312
2022-11-11,SBIN,0.09953062981367111,0.010679855942726135,0.8897895216941833
2022-11-12,ONGC,0.08631423860788345,0.03466101735830307,0.8790247440338135
2022-11-13,BPCL,0.07437241077423096,0.014626686461269855,0.9110008478164673
2022-11-13,COALINDIA,0.10398092493414879,0.010071445256471634,0.8859476447105408
2022-11-14,EICHERMOT,0.12534836089859405,0.3287047818303108,0.5459468550980091
2022-11-14,GRASIM,0.9496870040893555,0.019206464290618896,0.03110659308731556
2022-11-14,HEROMOTOCO,0.2699354849755764,0.014557759743183851,0.7155067026615143
2022-11-14,HINDALCO,0.0434793783351779,0.029139290563762188,0.927381306886673
2022-11-14,KOTAKBANK,0.3643057942390442,0.09077609330415726,0.5449180603027344
2022-11-14,LT,0.5637985467910767,0.008172676898539066,0.42802879214286804
2022-11-14,M&M,0.8597042560577393,0.014301292598247528,0.12599439918994904
2022-11-15,BHARTIARTL,0.009089513681828976,0.9382869601249695,0.05262359604239464
2022-11-15,EICHERMOT,0.2596072231729825,0.011889772800107798,0.728502998749415
2022-11-15,GRASIM,0.9443842172622681,0.0164248775690794,0.039190925657749176
2022-11-15,KOTAKBANK,0.020258991047739983,0.36010023951530457,0.6196408271789551
2022-11-15,M&M,0.04932422190904617,0.012415152974426746,0.9382606148719788
2022-11-15,MARUTI,0.610566258430481,0.010033860802650452,0.3793998956680298
2022-11-15,ONGC,0.9459486305713654,0.019234185107052326,0.03481712006032467
2022-11-16,AXISBANK,0.14562682807445526,0.01322735846042633,0.8411458730697632
2022-11-16,COALINDIA,0.15852417051792145,0.007794695906341076,0.8336811661720276
2022-11-16,EICHERMOT,0.10376507043838501,0.013444865122437477,0.8827900290489197
2022-11-16,HINDALCO,0.07141683250665665,0.013318720273673534,0.9152644276618958
2022-11-16,WIPRO,0.09040861576795578,0.011922252364456654,0.8976691961288452
2022-11-17,AXISBANK,0.024823054671287537,0.8254431486129761,0.1497337520122528
2022-11-17,EICHERMOT,0.22130227088928223,0.011128620244562626,0.7675691246986389
2022-11-17,ITC,0.9524612426757812,0.01649072952568531,0.031048033386468887
2022-11-17,ONGC,0.028483303263783455,0.03128466755151749,0.94023197889328
2022-11-17,WIPRO,0.8693565130233765,0.015131308697164059,0.1155121847987175
2022-11-18,BAJAJ-AUTO,0.23114857077598572,0.017931917682290077,0.75091952085495
2022-11-18,BHARTIARTL,0.291860643774271,0.013338235206902027,0.6948011219501495
2022-11-18,EICHERMOT,0.02608536183834076,0.041210293769836426,0.9327043890953064
2022-11-18,MARUTI,0.7817170023918152,0.012806499376893044,0.20547649264335632
2022-11-18,SUNPHARMA,0.8462831974029541,0.012977449223399162,0.14073936641216278
2022-11-18,TATASTEEL,0.13017025589942932,0.01843288168311119,0.8513968586921692
2022-11-20,ICICIBANK,0.8805339336395264,0.01672075130045414,0.10274530947208405
2022-11-20,MARUTI,0.9322861433029175,0.011548367328941822,0.05616553872823715
2022-11-21,AXISBANK,0.9530773162841797,0.01802128367125988,0.028901392593979836
2022-11-21,HINDUNILVR,0.060583025217056274,0.017101826146245003,0.9223151803016663
2022-11-21,RELIANCE,0.06881775707006454,0.1680719256401062,0.763110339641571
2022-11-22,BHARTIARTL,0.8247431516647339,0.011707729659974575,0.16354916989803314
2022-11-22,HINDALCO,0.15959486365318298,0.010684570297598839,0.8297206163406372
2022-11-22,M&M,0.08320813626050949,0.00940733589231968,0.9073845744132996
2022-11-22,RELIANCE,0.5805230438709259,0.013775585684925318,0.4057013690471649
2022-11-23,JSWSTEEL,0.6816348433494568,0.26812347769737244,0.050241619348526
2022-11-24,CIPLA,0.02791260927915573,0.1300073266029358,0.8420800566673279
2022-11-24,ICICIBANK,0.020231693983078003,0.8456867337226868,0.13408149778842926
2022-11-24,LT,0.0719885379076004,0.012224933132529259,0.9157865047454834
2022-11-24,ONGC,0.03170366585254669,0.0260578915476799,0.9422385096549988
2022-11-24,SBIN,0.5939165651798248,0.013704122975468636,0.3923793137073517
2022-11-25,AXISBANK,0.46555420383810997,0.014945584814995527,0.5195001736283302
2022-11-25,COALINDIA,0.5339673906564713,0.01437642052769661,0.45165618633230525
2022-11-25,HEROMOTOCO,0.8923383951187134,0.017624352127313614,0.09003734588623047
2022-11-28,BPCL,0.7099226713180542,0.12030254304409027,0.1697748452425003
2022-11-28,HEROMOTOCO,0.24408894777297974,0.010020225308835506,0.7458908557891846
2022-11-28,KOTAKBANK,0.678475558757782,0.00786624290049076,0.3136582672595978
2022-11-28,ONGC,0.07681061327457428,0.034934598952531815,0.8882547616958618
2022-11-28,RELIANCE,0.02874979004263878,0.0373731330037117,0.9338771104812622
2022-11-28,TECHM,0.42651790380477905,0.021057788282632828,0.5524243116378784
2022-11-29,BHARTIARTL,0.9207112789154053,0.009411683306097984,0.06987703591585159
2022-11-29,CIPLA,0.30277201533317566,0.009158376604318619,0.6880696415901184
2022-11-29,KOTAKBANK,0.08311759680509567,0.010301640257239342,0.9065807461738586
2022-11-29,LT,0.10199511051177979,0.009737865999341011,0.8882670402526855
2022-11-29,ONGC,0.05021988973021507,0.014395862817764282,0.935384213924408
2022-11-29,SBIN,0.13347388803958893,0.009097293019294739,0.8574288487434387
2022-11-29,TITAN,0.01553704310208559,0.857453465461731,0.1270095258951187
2022-11-29,WIPRO,0.05167635530233383,0.018418332561850548,0.9299052953720093
2022-11-30,BRITANNIA,0.08805433660745621,0.008549351245164871,0.9033963680267334
2022-11-30,CIPLA,0.027651404961943626,0.9574958682060242,0.014852681197226048
2022-11-30,ONGC,0.17349369823932648,0.023157045245170593,0.8033492565155029
2022-11-30,WIPRO,0.13635101914405823,0.008269435726106167,0.8553795218467712
2022-12-01,ASIANPAINT,0.12358316779136658,0.027581989765167236,0.8488348722457886
2022-12-01,AXISBANK,0.7802240550518036,0.013341783545911312,0.20643416978418827
2022-12-01,BAJAJ-AUTO,0.03945313021540642,0.9477217197418213,0.012825168669223785
2022-12-01,BRITANNIA,0.89966881275177,0.007702359464019537,0.09262877702713013
2022-12-01,COALINDIA,0.9447946548461914,0.02318185567855835,0.03202352672815323
2022-12-01,EICHERMOT,0.05664868652820587,0.05575251579284668,0.8875987529754639
2022-12-01,HEROMOTOCO,0.8803120255470276,0.01695823296904564,0.10272974520921707
2022-12-01,ICICIBANK,0.2551522155602773,0.015425649161140123,0.7294221023718516
2022-12-01,M&M,0.9471110701560974,0.016426919028162956,0.036462072283029556
2022-12-01,MARUTI,0.9492286145687103,0.02443753369152546,0.026333891786634922
2022-12-01,ONGC,0.7735286951065063,0.00792747363448143,0.21854382753372192
2022-12-01,ULTRACEMCO,0.06359167397022247,0.01495676301419735,0.9214516282081604
2022-12-01,WIPRO,0.06999950390309095,0.414947600569576,0.515052892267704
2022-12-02,AXISBANK,0.010734513401985168,0.9324835538864136,0.056781888008117676
2022-12-02,EICHERMOT,0.039555564522743225,0.9047664999961853,0.055677905678749084
2022-12-02,MARUTI,0.5168269276618958,0.019414614886045456,0.4637584388256073
2022-12-02,NTPC,0.9479026794433594,0.02520148456096649,0.026895873248577118
2022-12-02,ONGC,0.07591373473405838,0.02581155300140381,0.8982747793197632
2022-12-02,SBIN,0.6335887908935547,0.012202946469187737,0.35420820116996765
2022-12-02,ULTRACEMCO,0.23607805371284485,0.009796533733606339,0.7541254758834839
2022-12-03,BHARTIARTL,0.9033761024475098,0.008556252345442772,0.08806763589382172
2022-12-04,HINDUNILVR,0.8439105153083801,0.016450388357043266,0.13963903486728668
2022-12-04,MARUTI,0.02544541098177433,0.8174872398376465,0.15706734359264374
2022-12-04,ONGC,0.7451220750808716,0.010535910725593567,0.24434204399585724
2022-12-05,BHARTIARTL,0.7919955253601074,0.007661501411348581,0.20034296810626984
2022-12-05,ICICIBANK,0.5710038095712662,0.04310044879093766,0.385895699262619
2022-12-05,KOTAKBANK,0.8800725936889648,0.012663222849369049,0.1072641983628273
2022-12-06,BHARTIARTL,0.17722125351428986,0.013955199159681797,0.8088235259056091
2022-12-06,HINDUNILVR,0.08463577926158905,0.010863729752600193,0.9045004844665527
2022-12-06,ITC,0.48832542076706886,0.058619517367333174,0.45305509865283966
2022-12-06,MARUTI,0.05583572760224342,0.15272749960422516,0.7914367914199829
2022-12-06,SBIN,0.028457432985305786,0.13139434158802032,0.8401482701301575
2022-12-07,AXISBANK,0.24887044727802277,0.009688458405435085,0.7414410710334778
2022-12-07,HINDUNILVR,0.8879609704017639,0.06722647696733475,0.04481251537799835
2022-12-07,MARUTI,0.048386480659246445,0.7557201981544495,0.19589337706565857
2022-12-07,ONGC,0.09074569493532181,0.01537661999464035,0.8938777446746826
2022-12-07,SBIN,0.15920770168304443,0.7812812328338623,0.059511058032512665
2022-12-07,TECHM,0.5335906147956848,0.008790028281509876,0.4576192796230316
2022-12-08,ICICIBANK,0.9008321762084961,0.013037137687206268,0.08613066375255585
2022-12-08,ITC,0.9367780685424805,0.03188024088740349,0.03134174644947052
2022-12-08,JSWSTEEL,0.016288669779896736,0.8072293400764465,0.17648205161094666
2022-12-08,KOTAKBANK,0.29122909903526306,0.036172784864902496,0.6725981831550598
2022-12-08,NTPC,0.11406567692756653,0.01310463435947895,0.8728297054767609
2022-12-08,ONGC,0.11844075471162796,0.02701435424387455,0.8545448780059814
2022-12-08,SUNPHARMA,0.02973235212266445,0.017794189974665642,0.9524734616279602
2022-12-09,AXISBANK,0.3593806969001889,0.02095498563721776,0.6196642965078354
2022-12-09,BHARTIARTL,0.09941887110471725,0.009013759903609753,0.8915674090385437
2022-12-09,HEROMOTOCO,0.01671670563519001,0.7186399102210999,0.26464346051216125
2022-12-09,HINDUNILVR,0.06049000844359398,0.014423677697777748,0.9250863194465637
2022-12-09,INDUSINDBK,0.0636012926697731,0.16350194811820984,0.7728967666625977
2022-12-09,TATASTEEL,0.15376272797584534,0.009711945429444313,0.8365253210067749
2022-12-12,AXISBANK,0.051904790103435516,0.020041069015860558,0.92805415391922
2022-12-12,HCLTECH,0.17190659046173096,0.008816144429147243,0.819277286529541
2022-12-12,ICICIBANK,0.6423190832138062,0.012402134947478771,0.3452788293361664
2022-12-12,KOTAKBANK,0.06547223031520844,0.009954705834388733,0.9245730638504028
2022-12-12,MARUTI,0.13196074962615967,0.32443211538096267,0.5436071380972862
2022-12-12,NTPC,0.018462790176272392,0.5439254641532898,0.4376116991043091
2022-12-12,ONGC,0.6317762136459351,0.009877990931272507,0.35834577679634094
2022-12-12,SBIN,0.009631101973354816,0.9663073420524597,0.02406151592731476
2022-12-12,WIPRO,0.32993695388237637,0.2526813689619303,0.4173816690842311
2022-12-13,ASIANPAINT,0.06673697382211685,0.18323415517807007,0.7500289082527161
2022-12-13,ICICIBANK,0.28796717524528503,0.01465939823538065,0.6973735094070435
2022-12-13,ITC,0.057786259800195694,0.01828235201537609,0.9239314198493958
2022-12-13,NTPC,0.08474578708410263,0.013715356588363647,0.9015388488769531
2022-12-13,RELIANCE,0.15964196994900703,0.012314098421484232,0.8280439674854279
2022-12-14,BHARTIARTL,0.15743456780910492,0.009754721075296402,0.8328106999397278
2022-12-14,COALINDIA,0.4300542548298836,0.00974154844880104,0.5602042227983475
2022-12-14,NTPC,0.023959508165717125,0.03729376941919327,0.9387467503547668
2022-12-14,ULTRACEMCO,0.18498793244361877,0.008881342597305775,0.8061307668685913
2022-12-15,CIPLA,0.052129555493593216,0.011696666479110718,0.9361737966537476
2022-12-15,M&M,0.6878069639205933,0.00848444551229477,0.3037085235118866
2022-12-15,SBIN,0.023661181330680847,0.18037156760692596,0.7959672212600708
2022-12-15,WIPRO,0.9433437585830688,0.015832679346203804,0.0408235602080822
2022-12-16,CIPLA,0.05129728466272354,0.016773022711277008,0.9319297075271606
2022-12-16,HINDUNILVR,0.11451201140880585,0.012211861088871956,0.8732761144638062
2022-12-16,ONGC,0.04849647358059883,0.01577470451593399,0.9357288479804993
2022-12-16,TECHM,0.09581229090690613,0.009867974556982517,0.8943197131156921
2022-12-16,ULTRACEMCO,0.10959013178944588,0.036850187461823225,0.853559672832489
2022-12-16,WIPRO,0.08062941581010818,0.05714806541800499,0.8622225522994995
2022-12-17,KOTAKBANK,0.007789129391312599,0.9655710458755493,0.026639770716428757
2022-12-18,TATASTEEL,0.017986677587032318,0.8886894583702087,0.09332380443811417
2022-12-19,BHARTIARTL,0.008621828630566597,0.9717863202095032,0.019591884687542915
2022-12-19,NTPC,0.010227215476334095,0.9725764393806458,0.017196372151374817
2022-12-19,RELIANCE,0.08593615144491196,0.008718494325876236,0.9053453803062439
2022-12-19,SBIN,0.07472543977200985,0.01483208779245615,0.9104425013065338
2022-12-19,WIPRO,0.04681125236675143,0.307657950790599,0.6455307523719966
2022-12-20,BHARTIARTL,0.10994305461645126,0.01374579593539238,0.876311182975769
2022-12-20,JSWSTEEL,0.0811355784535408,0.030731216073036194,0.88813316822052
2022-12-20,MARUTI,0.11466760685046513,0.23096065626790127,0.6543717583020529
2022-12-20,NTPC,0.14478753507137299,0.009007164277136326,0.8462052941322327
2022-12-20,TITAN,0.889704167842865,0.0071448939852416515,0.10315095633268356
2022-12-20,WIPRO,0.5623006224632263,0.007718490902334452,0.4299808442592621
2022-12-21,BAJFINANCE,0.9508991837501526,0.01998152583837509,0.029119370505213737
2022-12-21,LT,0.03505980968475342,0.06361564993858337,0.9013245701789856
2022-12-21,MARUTI,0.546646237373352,0.02480493299663067,0.4285488724708557
2022-12-21,WIPRO,0.03689851984381676,0.9272893071174622,0.03581215441226959
2022-12-22,BAJFINANCE,0.8419819474220276,0.011510872282087803,0.14650718867778778
2022-12-22,BHARTIARTL,0.26621997356414795,0.008237713947892189,0.7255423069000244
2022-12-22,CIPLA,0.376077800989151,0.01290321908891201,0.61101895570755
2022-12-22,DRREDDY,0.1186048835515976,0.009314575232565403,0.8720805048942566
2022-12-22,ITC,0.04986324906349182,0.6211203336715698,0.3290163278579712
2022-12-22,MARUTI,0.9175079464912415,0.014205058105289936,0.06828705966472626
2022-12-22,NESTLEIND,0.22303923964500427,0.018247822299599648,0.7587129473686218
2022-12-22,RELIANCE,0.28711375445127485,0.01290988065302372,0.6999763637781143
2022-12-23,CIPLA,0.18288244307041168,0.013029651716351509,0.8040878772735596
2022-12-23,ICICIBANK,0.016082920134067535,0.8677442073822021,0.11617285758256912
2022-12-23,JSWSTEEL,0.067179836332798,0.010811612010002136,0.9220085740089417
2022-12-23,RELIANCE,0.9519258737564087,0.018844304606318474,0.02922973409295082
2022-12-23,TITAN,0.21803556382656097,0.014442733488976955,0.7675216794013977
2022-12-24,ICICIBANK,0.019419390708208084,0.3416629135608673,0.6389176845550537
2022-12-24,JSWSTEEL,0.9452010989189148,0.014325598254799843,0.04047323763370514
2022-12-25,MARUTI,0.9287710189819336,0.009251199662685394,0.061977796256542206
2022-12-25,ONGC,0.09356492012739182,0.030223257839679718,0.8762117624282837
2022-12-26,ICICIBANK,0.057133050014575325,0.2289530634880066,0.7139138778050741
2022-12-26,NTPC,0.21155546605587006,0.007461331784725189,0.7809832096099854
2022-12-26,SUNPHARMA,0.007662625517696142,0.9603549242019653,0.03198248893022537
2022-12-27,CIPLA,0.12347397953271866,0.01528170146048069,0.861244261264801
2022-12-27,COALINDIA,0.9199957847595215,0.009654487483203411,0.07034969329833984
2022-12-27,ICICIBANK,0.015944944694638252,0.8665040731430054,0.11755096167325974
2022-12-27,LT,0.23099800944328308,0.01321413740515709,0.7557878494262695
2022-12-27,MARUTI,0.837023138999939,0.02032251190394163,0.14265433512628078
2022-12-27,NTPC,0.05389905348420143,0.02156587690114975,0.9245350360870361
2022-12-27,TATASTEEL,0.16660404205322266,0.09612662345170975,0.7372693419456482
2022-12-28,AXISBANK,0.9455220103263855,0.017690623179078102,0.03678739815950394
2022-12-28,BHARTIARTL,0.06721174716949463,0.009231625124812126,0.9235566854476929
2022-12-28,HINDALCO,0.08691678196191788,0.014304818585515022,0.8987783789634705
2022-12-28,ICICIBANK,0.04692225158214569,0.05411749146878719,0.8989602327346802
2022-12-28,ITC,0.0824306458234787,0.01079477183520794,0.9067745804786682
2022-12-28,NTPC,0.20349280536174774,0.01021070871502161,0.7862964868545532
2022-12-28,RELIANCE,0.1817686054855585,0.01980864970634381,0.7984227339426676
2022-12-29,BHARTIARTL,0.021484509110450745,0.02659338340163231,0.9519221186637878
2022-12-29,EICHERMOT,0.47505781054496765,0.007470152340829372,0.517471969127655
2022-12-29,ICICIBANK,0.015263866633176804,0.8298470973968506,0.15488898754119873
2022-12-29,JSWSTEEL,0.05693286284804344,0.019766848534345627,0.9233003258705139
2022-12-29,NTPC,0.098926842212677,0.011648516170680523,0.8894245624542236
2022-12-29,RELIANCE,0.03357379138469696,0.026913683861494064,0.9395125508308411
2022-12-29,SBIN,0.5914692878723145,0.010904336348176003,0.39762642979621887
2022-12-30,BAJFINANCE,0.1298208236694336,0.16529740393161774,0.7048817276954651
2022-12-30,CIPLA,0.20093998312950134,0.007240446750074625,0.7918195724487305
2022-12-30,EICHERMOT,0.020851925015449524,0.8078945279121399,0.171253502368927
2022-12-30,HEROMOTOCO,0.3038647770881653,0.011981060728430748,0.6841540932655334
2022-12-30,HINDUNILVR,0.061284199357032776,0.015867149457335472,0.9228485822677612
2022-12-30,MARUTI,0.7533879280090332,0.009197077713906765,0.23741498589515686
2022-12-30,SBIN,0.08726797997951508,0.015513882040977478,0.8972181081771851
2022-12-30,TECHM,0.28384488821029663,0.6645076870918274,0.051647402346134186
2022-12-30,WIPRO,0.052848462015390396,0.08164310455322266,0.8655084371566772
2022-12-31,ONGC,0.07060132175683975,0.0148072624579072,0.9145914316177368
2023-01-01,SBIN,0.8463602066040039,0.022096076980233192,0.13154366612434387
2023-01-02,BAJAJ-AUTO,0.009026618674397469,0.9752115607261658,0.015761911869049072
2023-01-02,BAJFINANCE,0.030648140236735344,0.23581260442733765,0.7335392236709595
2023-01-02,HEROMOTOCO,0.14386978776504597,0.33714326936751604,0.5189869683235884
2023-01-02,ICICIBANK,0.0702752023935318,0.34902164340019226,0.5807031393051147
2023-01-02,MARUTI,0.43490841845050454,0.5350735187530518,0.030018096789717674
2023-01-02,NTPC,0.9427212476730347,0.01945321634411812,0.03782561793923378
2023-01-02,ONGC,0.5076993703842163,0.01399571355432272,0.4783048927783966
2023-01-02,TATASTEEL,0.8662882447242737,0.01615830697119236,0.11755348742008209
2023-01-03,BHARTIARTL,0.21302953362464905,0.010129204951226711,0.7768412828445435
2023-01-03,BRITANNIA,0.2568470537662506,0.01293348427861929,0.7302194833755493
2023-01-03,ONGC,0.5989304780960083,0.01493572536855936,0.3861338794231415
2023-01-03,RELIANCE,0.9510970115661621,0.01568707823753357,0.03321591019630432
2023-01-03,TATASTEEL,0.033201467245817184,0.021015819162130356,0.9457826614379883
2023-01-03,WIPRO,0.3817576766014099,0.5701982378959656,0.04804399609565735
2023-01-04,HEROMOTOCO,0.23152941465377808,0.7328189015388489,0.03565169870853424
2023-01-04,INDUSINDBK,0.683320164680481,0.02975016087293625,0.286929726600647
2023-01-04,MARUTI,0.09242309629917145,0.013980472460389137,0.8935964703559875
2023-01-04,NTPC,0.3001351458951831,0.39201151160523295,0.3078533262014389
2023-01-04,ONGC,0.8068998456001282,0.00797294545918703,0.1851271688938141
2023-01-04,SBIN,0.14089062809944153,0.007436702959239483,0.8516727089881897
2023-01-05,BAJFINANCE,0.04507008567452431,0.5921291932463646,0.3628007238730788
2023-01-05,BHARTIARTL,0.10576287657022476,0.009882296435534954,0.884354829788208
2023-01-05,COALINDIA,0.9431539177894592,0.022444766014814377,0.034401338547468185
2023-01-05,INDUSINDBK,0.46118836011737585,0.19488112442195415,0.34393057599663734
2023-01-05,NTPC,0.5207085013389587,0.01574089005589485,0.4635505974292755
2023-01-05,ONGC,0.6830214262008667,0.00962005089968443,0.3073585629463196
2023-01-06,HINDALCO,0.06843093037605286,0.01606997475028038,0.9154990315437317
2023-01-06,TITAN,0.93590247631073,0.031352199614048004,0.03274525701999664
2023-01-06,WIPRO,0.051256824284791946,0.025718793272972107,0.9230243563652039
2023-01-07,MARUTI,0.7599377036094666,0.01369383092969656,0.22636845521628857
2023-01-07,TITAN,0.9520364999771118,0.017197230830788612,0.030766161158680916
2023-01-08,NTPC,0.900467038154602,0.02707826904952526,0.07245463132858276
2023-01-09,BAJAJ-AUTO,0.47222182154655457,0.042732398957014084,0.485045850276947
2023-01-09,BHARTIARTL,0.9486485719680786,0.01755174808204174,0.03379969671368599
2023-01-09,GRASIM,0.9116475582122803,0.03928914666175842,0.04906322434544563
2023-01-09,ICICIBANK,0.12638631463050842,0.01892540231347084,0.854688286781311
2023-01-09,JSWSTEEL,0.9433637261390686,0.016795476898550987,0.039840858429670334
2023-01-09,NTPC,0.35040487193812925,0.3207244547083974,0.3288707099854946
2023-01-09,TATASTEEL,0.027028260752558708,0.033421147614717484,0.9395505785942078
2023-01-09,TITAN,0.46981361834332347,0.4876041216775775,0.04258231818675995
2023-01-10,AXISBANK,0.5001351851969957,0.019378209952265024,0.480486610904336
2023-01-10,COALINDIA,0.08034992404282093,0.015358531847596169,0.9042915403842926
2023-01-10,ICICIBANK,0.0316760390996933,0.7076823711395264,0.2606416344642639
2023-01-10,ITC,0.8936659097671509,0.06873349845409393,0.03760063648223877
2023-01-10,M&M,0.033043164759874344,0.0194996427744627,0.9474571943283081
2023-01-10,MARUTI,0.0821460708975792,0.07750169187784195,0.8403522372245789
2023-01-10,NTPC,0.04860411863774061,0.14233305025845766,0.8090627789497375
2023-01-11,AXISBANK,0.5278002433478832,0.015169155783951283,0.45703061390668154
2023-01-11,BHARTIARTL,0.013583948835730553,0.9627507328987122,0.023665355518460274
2023-01-11,EICHERMOT,0.041347935795784,0.02041158452630043,0.9382404685020447
2023-01-11,ICICIBANK,0.9254997372627258,0.029107602313160896,0.04539268184453249
2023-01-11,INDUSINDBK,0.9527879357337952,0.01759893074631691,0.029613159596920013
2023-01-11,MARUTI,0.2914960652589798,0.013031254149973392,0.6954726777970791
2023-01-11,NTPC,0.9512208104133606,0.01930035650730133,0.02947884239256382
2023-01-12,BRITANNIA,0.949224054813385,0.02031036652624607,0.03046569600701332
2023-01-12,HCLTECH,0.954646110534668,0.02323189564049244,0.022121984511613846
2023-01-12,ITC,0.9506336450576782,0.020538700744509697,0.028827635571360588
2023-01-12,MARUTI,0.416215683799237,0.05040854285471141,0.5333757866173983
2023-01-12,TECHM,0.5798292756080627,0.007299004588276148,0.41287174820899963
2023-01-12,WIPRO,0.23898494243621826,0.621830403804779,0.13918468356132507
2023-01-13,BPCL,0.502073347568512,0.4430012106895447,0.05492546781897545
2023-01-13,DRREDDY,0.1381101757287979,0.009000915102660656,0.8528888821601868
2023-01-13,HCLTECH,0.1471238931020101,0.015114513536294302,0.8377615809440613
2023-01-13,ICICIBANK,0.044314637780189514,0.5759963393211365,0.37968897819519043
2023-01-13,MARUTI,0.025132587179541588,0.033406324684619904,0.9414610266685486
2023-01-13,RELIANCE,0.05126691609621048,0.01900969259440899,0.9297234416007996
2023-01-13,WIPRO,0.3133415107925733,0.2411801296596726,0.44547836016863585
2023-01-14,MARUTI,0.17193086445331573,0.2727030813694,0.5553659796714783
2023-01-15,SBIN,0.7746378779411316,0.09898807108402252,0.1263740360736847
2023-01-15,WIPRO,0.14608584344387054,0.828239381313324,0.02567475102841854
2023-01-16,AXISBANK,0.5179622694849968,0.058921853080391884,0.42311587557196617
2023-01-16,BAJFINANCE,0.9285982251167297,0.015950672328472137,0.05545111745595932
2023-01-16,BHARTIARTL,0.043270111083984375,0.014524448662996292,0.9422054886817932
2023-01-16,BPCL,0.9454861879348755,0.030987095087766647,0.023526685312390327
2023-01-16,HCLTECH,0.0800870805978775,0.008364400826394558,0.9115484952926636
2023-01-16,KOTAKBANK,0.1816156804561615,0.23031747341156006,0.5880668759346008
2023-01-16,MARUTI,0.08665104024112225,0.018913276959210634,0.8944356739521027
2023-01-16,SUNPHARMA,0.865136981010437,0.03050905466079712,0.10435396432876587
2023-01-16,WIPRO,0.11144935658999852,0.014876891991921834,0.8736737540790013
2023-01-17,BPCL,0.9566251635551453,0.020321493968367577,0.02305334433913231
2023-01-17,CIPLA,0.9496316313743591,0.021092820912599564,0.02927563153207302
2023-01-17,COALINDIA,0.1078374981880188,0.661053478717804,0.23110902309417725
2023-01-17,ITC,0.9230167865753174,0.00989517942070961,0.06708802282810211
2023-01-17,M&M,0.2615838050842285,0.008114823140203953,0.7303013801574707
2023-01-17,MARUTI,0.30228376388549805,0.028977229570349056,0.6687389810880026
2023-01-17,NTPC,0.46799701638519764,0.01923431269824505,0.5127686760388315
2023-01-17,RELIANCE,0.8887155055999756,0.020915569737553596,0.09036888182163239
2023-01-17,TATASTEEL,0.14372499783833823,0.5255599891146024,0.3307150478164355
2023-01-17,TITAN,0.9382743239402771,0.01691773533821106,0.04480795934796333
2023-01-17,WIPRO,0.056236326694488525,0.13825088739395142,0.8055127859115601
2023-01-18,ASIANPAINT,0.9528319835662842,0.023626849055290222,0.023541122674942017
2023-01-18,BHARTIARTL,0.5747257173061371,0.008606825023889542,0.41666749119758606
2023-01-18,CIPLA,0.18121106922626495,0.008716859854757786,0.8100720643997192
2023-01-18,HINDUNILVR,0.2683345377445221,0.30742835253477097,0.42423708736896515
2023-01-18,INDUSINDBK,0.6551128079493841,0.055436827863256134,0.2894503666708867
2023-01-18,ITC,0.3489765524864197,0.5102416276931763,0.14078176021575928
2023-01-18,MARUTI,0.010940923355519772,0.8757532238960266,0.11330591887235641
2023-01-18,SBIN,0.5682452470064163,0.013203152921050787,0.41855157911777496
2023-01-18,TATASTEEL,0.4620458781719208,0.014529123902320862,0.5234249830245972
2023-01-18,WIPRO,0.007976851426064968,0.9748337268829346,0.01718948408961296
2023-01-19,ASIANPAINT,0.9451659619808197,0.02641446515917778,0.028419564478099346
2023-01-19,HINDUNILVR,0.8471413254737854,0.040114558301866055,0.11274410039186478
2023-01-19,INDUSINDBK,0.08837111932890755,0.09081505358751331,0.8208138389246804
2023-01-19,JSWSTEEL,0.9514570832252502,0.02129560522735119,0.027247218415141106
2023-01-19,MARUTI,0.5494148135185242,0.009992232546210289,0.4405929446220398
2023-01-19,RELIANCE,0.948736310005188,0.013636614196002483,0.03762713447213173
2023-01-19,TATASTEEL,0.04166554659605026,0.0234812144190073,0.934853196144104
2023-01-19,TECHM,0.2709740586578846,0.01569440681487322,0.7133314907550812
2023-01-20,ASIANPAINT,0.4288524479738304,0.15178805177233048,0.4193595214081662
2023-01-20,AXISBANK,0.944934606552124,0.016834720969200134,0.03823069483041763
2023-01-20,BAJFINANCE,0.9541593194007874,0.021295597776770592,0.02454506605863571
2023-01-20,COALINDIA,0.9468675255775452,0.019784048199653625,0.03334846347570419
2023-01-20,DRREDDY,0.3249046504497528,0.009235505945980549,0.6658598184585571
2023-01-20,HCLTECH,0.9512223601341248,0.018759065307676792,0.03001861460506916
2023-01-20,HINDALCO,0.020797323435544968,0.9381815791130066,0.041021063923835754
2023-01-20,HINDUNILVR,0.3816838463147481,0.0622750006409155,0.5560411579079099
2023-01-20,ICICIBANK,0.5295232431963086,0.02691682893782854,0.44355991296470165
2023-01-20,INDUSINDBK,0.06101400405168533,0.012161729857325554,0.9268243312835693
2023-01-20,JSWSTEEL,0.9301730990409851,0.050221119076013565,0.019605739042162895
2023-01-20,KOTAKBANK,0.9495563507080078,0.019343188032507896,0.031100457534193993
2023-01-20,M&M,0.06499525159597397,0.010830833576619625,0.924173891544342
2023-01-20,RELIANCE,0.9492212057113647,0.024708861112594606,0.026069895923137666
2023-01-20,TATASTEEL,0.2670611906796694,0.4636327503249049,0.2693061288446188
2023-01-20,ULTRACEMCO,0.47723702201619744,0.4921450577676296,0.03061795514076948
2023-01-20,WIPRO,0.48070843471214175,0.4942837730050087,0.025007780641317368
2023-01-21,ASIANPAINT,0.09716391563415527,0.015117730014026165,0.8877183198928833
2023-01-21,ICICIBANK,0.6574346398313841,0.029029449447989464,0.31353588836888474
2023-01-21,JSWSTEEL,0.25991737842559814,0.15575075149536133,0.5843319296836853
2023-01-21,KOTAKBANK,0.5996283171698451,0.03455340350046754,0.36581829003989697
2023-01-21,ULTRACEMCO,0.009802369400858879,0.972978949546814,0.017218705266714096
2023-01-22,ASIANPAINT,0.08147594332695007,0.01019635982811451,0.9083276987075806
2023-01-22,BAJAJ-AUTO,0.800997793674469,0.011027881875634193,0.18797427415847778
2023-01-22,HINDUNILVR,0.06867704540491104,0.010177399031817913,0.9211455583572388
2023-01-23,AXISBANK,0.7150940862484276,0.03153465664945543,0.25337122613564134
2023-01-23,BAJFINANCE,0.7074559330940247,0.03193181753158569,0.26061221957206726
2023-01-23,COALINDIA,0.17531201243400574,0.00791186187416315,0.8167761564254761
2023-01-23,ICICIBANK,0.358956649278601,0.04617884502901385,0.5948645146563649
2023-01-23,JSWSTEEL,0.4232075600884855,0.10664525628089905,0.4701471896842122
2023-01-23,KOTAKBANK,0.09429330937564373,0.02049831603653729,0.8852083832025528
2023-01-23,MARUTI,0.07662671990692616,0.8854838907718658,0.03788936138153076
2023-01-23,RELIANCE,0.644522820909818,0.03816818445920944,0.3173089964936177
2023-01-23,ULTRACEMCO,0.517371411745747,0.33416162710636854,0.1484670229256153
2023-01-23,WIPRO,0.04511124733835459,0.8002738356590271,0.15461488626897335
2023-01-24,AXISBANK,0.2637951547900836,0.05567461314300696,0.6805302103360494
2023-01-24,BHARTIARTL,0.8138250112533569,0.057627663016319275,0.1285473257303238
2023-01-24,BPCL,0.20283228158950806,0.006739351898431778,0.7904284000396729
2023-01-24,DRREDDY,0.008790135383605957,0.9720564484596252,0.019153403118252754
2023-01-24,HCLTECH,0.128713458776474,0.010286451317369938,0.861000120639801
2023-01-24,JSWSTEEL,0.06270265579223633,0.010948005132377148,0.9263492822647095
2023-01-24,KOTAKBANK,0.07872260361909866,0.011355554684996605,0.9099218845367432
2023-01-24,MARUTI,0.9531757533550262,0.02111072465777397,0.025713547132909298
2023-01-24,ULTRACEMCO,0.3816171462337176,0.010536544024944305,0.6078463246424993
2023-01-25,BAJAJ-AUTO,0.9500191609064738,0.020466178034742672,0.029514602075020473
2023-01-25,CIPLA,0.4799474966712296,0.49811496678739786,0.021937482990324497
2023-01-25,DRREDDY,0.9508876502513885,0.020224079489707947,0.028888204135000706
2023-01-25,HEROMOTOCO,0.8640291094779968,0.007620340678840876,0.12835048139095306
2023-01-25,ITC,0.6441500186920166,0.010321310721337795,0.34552866220474243
2023-01-25,MARUTI,0.5956702704230944,0.04622603456179301,0.3581036627292633
2023-01-25,NESTLEIND,0.8230132460594177,0.008372579701244831,0.16861416399478912
2023-01-25,ONGC,0.025566866621375084,0.02525576390326023,0.9491773247718811
2023-01-25,RELIANCE,0.7589329481124878,0.00750329252332449,0.23356378078460693
2023-01-25,SUNPHARMA,0.3571940064430237,0.013284190557897091,0.6295218467712402
2023-01-25,ULTRACEMCO,0.11486294120550156,0.008543354459106922,0.8765937089920044
2023-01-25,WIPRO,0.9504368305206299,0.020004918798804283,0.029558176174759865
2023-01-26,AXISBANK,0.17143839597702026,0.8014612793922424,0.02710033766925335
2023-01-26,ICICIBANK,0.016477640718221664,0.8556563258171082,0.12786604464054108
2023-01-26,MARUTI,0.9305344223976135,0.026216771453619003,0.04324876517057419
2023-01-27,ASIANPAINT,0.008973443880677223,0.9406800866127014,0.05034640058875084
2023-01-27,BAJAJ-AUTO,0.36839477469523746,0.019123154692351818,0.6124820883075396
2023-01-27,BAJFINANCE,0.7139962273649871,0.027635034639388323,0.2583687277510762
2023-01-27,BHARTIARTL,0.019067902117967606,0.9506791234016418,0.030253034085035324
2023-01-27,BPCL,0.16697803139686584,0.008517980575561523,0.8245039582252502
2023-01-27,CIPLA,0.6387157316009203,0.032848499404887356,0.3284357910354932
2023-01-27,COALINDIA,0.23376008868217468,0.007733238395303488,0.758506715297699
2023-01-27,DRREDDY,0.07767248526215553,0.01793985813856125,0.9043876826763153
2023-01-27,ICICIBANK,0.032493176559607186,0.0845816358923912,0.8829251925150553
2023-01-28,BAJFINANCE,0.9483332633972168,0.019482171162962914,0.03218456730246544
2023-01-28,MARUTI,0.05559174716472626,0.015766193624585867,0.928642064332962
2023-01-28,NTPC,0.9518334269523621,0.023110028356313705,0.025056568905711174
2023-01-29,BAJAJ-AUTO,0.057251940170923867,0.011935315715769926,0.9308127562204996
2023-01-29,CIPLA,0.08108743466436863,0.012128856033086777,0.9067836701869965
2023-01-29,DRREDDY,0.0953231193125248,0.010491128079593182,0.8941857516765594
2023-01-29,MARUTI,0.023513188585639,0.6675048470497131,0.3089819550514221
2023-01-29,TECHM,0.6281939744949341,0.3098151385784149,0.06199093908071518
2023-01-30,BAJAJFINSV,0.6376249029611548,0.3398317514608304,0.022543322294950485
2023-01-30,BAJFINANCE,0.2926894901320338,0.1537905647419393,0.553519937209785
2023-01-30,BPCL,0.635910023159037,0.3386342264711857,0.025455743074417114
2023-01-30,CIPLA,0.8782525062561035,0.011109252460300922,0.11063818633556366
2023-01-30,HEROMOTOCO,0.2627831697463989,0.010600334033370018,0.7266165018081665
2023-01-30,ITC,0.1541238371282816,0.020617777481675148,0.8252584040164948
2023-01-30,MARUTI,0.6491862535476685,0.04960327222943306,0.3012104630470276
2023-01-30,NTPC,0.7439619693905115,0.19152316031977534,0.0645148791372776
2023-01-30,POWERGRID,0.9151960015296936,0.010355555452406406,0.07444847375154495
2023-01-30,RELIANCE,0.0740380585193634,0.0290952380746603,0.8968667387962341
2023-01-30,TECHM,0.4847561784554273,0.26595354732126,0.24929024791345
2023-01-30,WIPRO,0.006903789937496185,0.9733462929725647,0.019749952480196953
2023-01-31,BAJAJ-AUTO,0.12900687754154205,0.011829569935798645,0.8591635227203369
2023-01-31,BAJFINANCE,0.7959377765655518,0.011977686546742916,0.19208452105522156
2023-01-31,BPCL,0.49510145373642445,0.41819032095372677,0.08670822717249393
2023-01-31,BRITANNIA,0.939014196395874,0.01346170250326395,0.04752408340573311
2023-01-31,CIPLA,0.028067823499441147,0.20442886650562286,0.7675032615661621
2023-01-31,COALINDIA,0.9471393823623657,0.024621553098162014,0.02823907881975174
2023-01-31,JSWSTEEL,0.15116514265537262,0.6682917475700378,0.18054310977458954
2023-01-31,LT,0.059754591435194016,0.0299126785248518,0.9103327393531799
2023-01-31,NTPC,0.10494925081729889,0.010386721541484198,0.884663999080658
2023-01-31,RELIANCE,0.8958342671394348,0.013121102005243301,0.09104471653699875
2023-01-31,TECHM,0.08323963452130556,0.39898471464402974,0.5177756436169147
2023-01-31,WIPRO,0.012379934079945087,0.9697157740592957,0.017904194071888924
2023-02-01,BAJAJ-AUTO,0.0076069519855082035,0.9740465879440308,0.01834648847579956
2023-02-01,BPCL,0.0907830148935318,0.017042404040694237,0.8921745419502258
2023-02-01,BRITANNIA,0.8987943728764852,0.02695247468849023,0.07425314001739025
2023-02-01,COALINDIA,0.9434226353963217,0.02033424253265063,0.036243158703049026
2023-02-01,EICHERMOT,0.15337589383125305,0.7597441673278809,0.08687998354434967
2023-02-01,HINDUNILVR,0.05655403807759285,0.014088030904531479,0.9293579459190369
2023-02-01,ICICIBANK,0.94034743309021,0.02549072355031967,0.03416191786527634
2023-02-01,ITC,0.2847132384777069,0.13039578373233476,0.5848909839987755
2023-02-01,KOTAKBANK,0.10546612739562988,0.009560054168105125,0.8849737644195557
2023-02-01,LT,0.09377900138497353,0.009836127748712897,0.8963848799467087
2023-02-01,POWERGRID,0.947117030620575,0.019213822670280933,0.03366916347295046
2023-02-01,SUNPHARMA,0.9497357606887817,0.018827266059815884,0.031436968594789505
2023-02-01,TATASTEEL,0.8205788731575012,0.010763651691377163,0.16865743696689606
2023-02-01,TECHM,0.10795056819915771,0.013719679787755013,0.87832972407341
2023-02-01,TITAN,0.6092416644096375,0.36423081159591675,0.02652757056057453
2023-02-02,BAJAJFINSV,0.12581470608711243,0.008952313102781773,0.8652330040931702
2023-02-02,BAJFINANCE,0.08765184879302979,0.010793987661600113,0.9015541672706604
2023-02-02,HCLTECH,0.07368563860654831,0.021140016615390778,0.9051743149757385
2023-02-02,HEROMOTOCO,0.00766030652448535,0.9709548354148865,0.02138483338057995
2023-02-02,INDUSINDBK,0.13382993638515472,0.015604125335812569,0.8505659699440002
2023-02-02,ITC,0.7537055015563965,0.021880116313695908,0.2244144082069397
2023-02-02,LT,0.19600249826908112,0.010706689208745956,0.7932908535003662
2023-02-02,MARUTI,0.5244302302598953,0.03187354747205973,0.4436962343752384
2023-02-02,SBIN,0.9271605014801025,0.01045453641563654,0.06238488852977753
2023-02-02,SUNPHARMA,0.09221175499260426,0.010977354366332293,0.8968109488487244
2023-02-02,TECHM,0.0899200513958931,0.010158822871744633,0.8999210894107819
2023-02-02,TITAN,0.00877676997333765,0.9736086130142212,0.017614539712667465
2023-02-02,WIPRO,0.05358968675136566,0.5654172897338867,0.3809930384159088
2023-02-03,COALINDIA,0.4188226908445358,0.014594663865864277,0.5665826114515463
2023-02-03,INDUSINDBK,0.4561050236225128,0.026490173302590847,0.517404817044735
2023-02-03,ITC,0.9487003087997437,0.019086461048573256,0.03221322875469923
2023-02-03,KOTAKBANK,0.45559749007225037,0.00875967089086771,0.5356429219245911
2023-02-03,SBIN,0.5052189864218235,0.026409748010337353,0.4683712786063552
2023-02-03,TECHM,0.6918537616729736,0.008084439672529697,0.30006182193756104
2023-02-03,TITAN,0.39964038133621216,0.4618569016456604,0.13850274682044983
2023-02-04,AXISBANK,0.03198042884469032,0.02216900698840618,0.9458506107330322
2023-02-04,BHARTIARTL,0.07887908816337585,0.011850444599986076,0.9092704057693481
2023-02-04,BPCL,0.17036965489387512,0.16217409074306488,0.6674562692642212
2023-02-04,ITC,0.007618082221597433,0.9751541614532471,0.01722777634859085
2023-02-05,COALINDIA,0.1302081048488617,0.008330638520419598,0.8614612221717834
2023-02-05,KOTAKBANK,0.16581466794013977,0.5203263759613037,0.3138589560985565
2023-02-06,BAJAJFINSV,0.047169625759124756,0.03095191903412342,0.921878457069397
2023-02-06,BHARTIARTL,0.9519785046577454,0.0207285825163126,0.027292903512716293
2023-02-06,BPCL,0.27680328488349915,0.007712482940405607,0.7154842019081116
2023-02-06,HEROMOTOCO,0.9435726404190063,0.02429746650159359,0.03212990611791611
2023-02-06,ITC,0.31391410032908124,0.026468148765464623,0.6596177518367767
2023-02-06,M&M,0.05280041694641113,0.020001931115984917,0.9271976947784424
2023-02-06,RELIANCE,0.4967355728149414,0.010138383135199547,0.4931260049343109
2023-02-06,SBIN,0.4364948868751526,0.039145249873399734,0.5243598818778992
2023-02-06,TATASTEEL,0.25713809866768617,0.6934783309698105,0.04938358751436075
2023-02-07,BHARTIARTL,0.9420090913772583,0.014499502256512642,0.043491411954164505
2023-02-07,HCLTECH,0.08670486509799957,0.013094150461256504,0.9002010226249695
2023-02-07,HEROMOTOCO,0.7203315957449377,0.25689109694212675,0.02277729706838727
2023-02-07,HINDALCO,0.03241785988211632,0.9113686382770538,0.056213440373539925
2023-02-07,ITC,0.0981777012348175,0.010313707403838634,0.8915085792541504
2023-02-07,ONGC,0.5333725064992905,0.13817825354635715,0.3284492688253522
2023-02-07,SBIN,0.19673128798604012,0.1362171620130539,0.6670515537261963
2023-02-07,TATASTEEL,0.4673437885940075,0.13932759128510952,0.39332863378028077
2023-02-07,WIPRO,0.6769382357597351,0.1408897340297699,0.1821720451116562
2023-02-08,BHARTIARTL,0.9472791701555252,0.02085790503770113,0.03186295833438635
2023-02-08,HEROMOTOCO,0.939987063407898,0.021214183419942856,0.03879881650209427
2023-02-08,ITC,0.06423123925924301,0.013412084430456161,0.9223566651344299
2023-02-08,JSWSTEEL,0.026133811101317406,0.34053942561149597,0.6333267688751221
2023-02-08,KOTAKBANK,0.25277185440063477,0.037631019949913025,0.709597110748291
2023-02-08,ONGC,0.6791538596153259,0.020126115530729294,0.30072006583213806
2023-02-08,RELIANCE,0.6632781624794006,0.01771338889375329,0.3190084472298622
2023-02-08,SBIN,0.3537071918447812,0.07223404788722594,0.5740587562322617
2023-02-08,TATASTEEL,0.14543651975691319,0.5010932572185993,0.35347019834443927
2023-02-08,ULTRACEMCO,0.08874123636633158,0.7205771803855896,0.19068160094320774
2023-02-09,BAJFINANCE,0.3426545783877373,0.6025988459587097,0.054746562615036964
2023-02-09,BHARTIARTL,0.4992741048336029,0.032162051647901535,0.4685637950897217
2023-02-09,HEROMOTOCO,0.04118217155337334,0.9321605563163757,0.026657266542315483
2023-02-09,HINDALCO,0.6351822266976038,0.3367936151723067,0.028024158750971157
2023-02-09,KOTAKBANK,0.8701434135437012,0.020938435569405556,0.10891810059547424
2023-02-09,NESTLEIND,0.7797239422798157,0.008499851450324059,0.21177616715431213
2023-02-09,NTPC,0.010834733955562115,0.9301409125328064,0.05902431905269623
2023-02-09,ONGC,0.904457688331604,0.009380726143717766,0.0861615315079689
2023-02-09,ULTRACEMCO,0.0688688107766211,0.5457957834005356,0.38533537834882736
2023-02-10,BPCL,0.43855878710746765,0.5426323413848877,0.018808843567967415
2023-02-10,HCLTECH,0.036644045263528824,0.950898289680481,0.01245773583650589
2023-02-10,HEROMOTOCO,0.07304275035858154,0.240797221660614,0.6861600279808044
2023-02-10,HINDALCO,0.5835235640406609,0.08864276111125946,0.32783363324900466
2023-02-10,JSWSTEEL,0.047765739262104034,0.17878715693950653,0.7734471559524536
2023-02-10,KOTAKBANK,0.424487192183733,0.009631347144022584,0.5658814534544945
2023-02-10,M&M,0.9414518475532532,0.035841844975948334,0.02270638570189476
2023-02-10,RELIANCE,0.31677854526787996,0.011179579771123827,0.6720418743789196
2023-02-10,SUNPHARMA,0.7954311966896057,0.009613242000341415,0.19495554268360138
2023-02-10,TATASTEEL,0.06720470637083054,0.014525806531310081,0.9182694554328918
2023-02-11,BHARTIARTL,0.08520157635211945,0.012196297757327557,0.9026021361351013
2023-02-11,HEROMOTOCO,0.09041222184896469,0.011583860497921705,0.8980039060115814
2023-02-11,SBIN,0.8170413970947266,0.00899060070514679,0.17396803200244904
2023-02-12,M&M,0.9494054019451141,0.021153457462787628,0.02944115549325943
2023-02-12,TATASTEEL,0.06387034058570862,0.01725655421614647,0.918873131275177
2023-02-13,HEROMOTOCO,0.10059235244989395,0.00990523025393486,0.8895024061203003
2023-02-13,JSWSTEEL,0.9354284405708313,0.03503337502479553,0.029538098722696304
2023-02-13,KOTAKBANK,0.02464171312749386,0.022248947992920876,0.9531093239784241
2023-02-13,M&M,0.3155067265033722,0.07561289193108678,0.6088803857564926
2023-02-13,NTPC,0.14229097962379456,0.008280009962618351,0.8494290709495544
2023-02-13,RELIANCE,0.08794869482517242,0.010879488661885262,0.9011718034744263
2023-02-13,SBIN,0.6497898697853088,0.01177042257040739,0.3384396433830261
2023-02-14,EICHERMOT,0.9474421143531799,0.01793420873582363,0.03462362289428711
2023-02-14,HINDALCO,0.05126609094440937,0.02979679824784398,0.9189371466636658
2023-02-14,ITC,0.050758734345436096,0.01937696896493435,0.9298642873764038
2023-02-14,KOTAKBANK,0.7213147878646851,0.009322326630353928,0.2693629562854767
2023-02-14,M&M,0.03742913901805878,0.021728722378611565,0.9408421516418457
2023-02-14,RELIANCE,0.4736935943365097,0.0534486542455852,0.4728577509522438
2023-02-15,BPCL,0.16647332906723022,0.008406530134379864,0.8251201510429382
2023-02-15,EICHERMOT,0.37593309581279755,0.017272666717569034,0.6067942803104719
2023-02-15,GRASIM,0.9508519768714905,0.018054507672786713,0.031093480065464973
2023-02-15,HEROMOTOCO,0.9183387756347656,0.0111732492223382,0.07048789411783218
2023-02-15,HINDUNILVR,0.6559585332870483,0.007486066780984402,0.33655545115470886
2023-02-15,ICICIBANK,0.9182529449462891,0.018948344513773918,0.06279870122671127
2023-02-15,ITC,0.0878748707473278,0.5215562097728252,0.3905689176172018
2023-02-15,KOTAKBANK,0.027648311108350754,0.03865104168653488,0.933700680732727
2023-02-15,M&M,0.048315320163965225,0.012502981349825859,0.9391816258430481
2023-02-15,NESTLEIND,0.9524244666099548,0.01829623058438301,0.02927926555275917
2023-02-15,ONGC,0.14424873888492584,0.008785639889538288,0.8469656109809875
2023-02-15,SBIN,0.5183359980583191,0.44157934188842773,0.04008464142680168
2023-02-15,TECHM,0.9312260150909424,0.03073989413678646,0.03803405165672302
2023-02-16,HINDUNILVR,0.1749333292245865,0.5454930067062378,0.2795736789703369
2023-02-16,KOTAKBANK,0.1920599341392517,0.015376892872154713,0.7925631999969482
2023-02-16,M&M,0.05100104212760925,0.013250526040792465,0.9357484579086304
2023-02-16,NESTLEIND,0.6093607085446516,0.045111991775532566,0.34552724349002045
2023-02-16,ONGC,0.9308671355247498,0.040846437215805054,0.02828637696802616
2023-02-16,SBIN,0.0627814456820488,0.017354151234030724,0.9198644161224365
2023-02-16,TATASTEEL,0.8488876223564148,0.009710893966257572,0.1414015293121338
2023-02-16,TECHM,0.10293842852115631,0.38597485423088074,0.5110867023468018
2023-02-16,WIPRO,0.1361730396747589,0.015703774988651276,0.8481231331825256
2023-02-17,COALINDIA,0.5208140015602112,0.04778182506561279,0.43140414357185364
2023-02-17,EICHERMOT,0.9498603343963623,0.01954752579331398,0.030592191964387894
2023-02-17,HINDALCO,0.008660566061735153,0.9706175923347473,0.020721856504678726
2023-02-17,HINDUNILVR,0.7319864630699158,0.011442414484918118,0.25657108426094055
2023-02-17,ICICIBANK,0.4081294536590576,0.02879323624074459,0.5630773305892944
2023-02-17,M&M,0.07617800682783127,0.01041392795741558,0.9134080410003662
2023-02-17,NESTLEIND,0.2075793038432797,0.2787948655895889,0.5136258214091262
2023-02-17,ONGC,0.9501088559627533,0.024723177775740623,0.025167955085635185
2023-02-17,TATASTEEL,0.7140030860900879,0.013956199400126934,0.2720406949520111
2023-02-17,ULTRACEMCO,0.9396507740020752,0.03354915231466293,0.026800105348229408
2023-02-17,WIPRO,0.9478898644447327,0.023955808952450752,0.028154412284493446
2023-02-18,BAJAJ-AUTO,0.03659770265221596,0.034940894693136215,0.9284614324569702
2023-02-18,CIPLA,0.8071458339691162,0.010154436342418194,0.1826997548341751
2023-02-18,EICHERMOT,0.060694459825754166,0.014654327183961868,0.9246512651443481
2023-02-18,ONGC,0.07338906079530716,0.013598908670246601,0.9130119681358337
2023-02-19,RELIANCE,0.6117864847183228,0.1662408858537674,0.22197267413139343
2023-02-19,SUNPHARMA,0.046397849917411804,0.014968919567763805,0.9386332035064697
2023-02-20,AXISBANK,0.12909448146820068,0.011259038932621479,0.8596465587615967
2023-02-20,CIPLA,0.017276830039918423,0.9575878381729126,0.02513537493844827
2023-02-20,COALINDIA,0.09563681483268738,0.07801484316587448,0.8263484239578247
2023-02-20,EICHERMOT,0.6258782744407654,0.012922646477818489,0.36119914054870605
2023-02-20,HINDUNILVR,0.47840984631329775,0.49361509643495083,0.027975053526461124
2023-02-20,INDUSINDBK,0.069170743227005,0.012196757830679417,0.918632447719574
2023-02-20,NESTLEIND,0.48180972924456,0.4948523389175534,0.023337939754128456
2023-02-20,ONGC,0.9006712734699249,0.015559196937829256,0.08376953937113285
2023-02-20,RELIANCE,0.49726775847375393,0.02427021972835064,0.47846202552318573
2023-02-20,ULTRACEMCO,0.0852830708026886,0.016714029014110565,0.8980029225349426
2023-02-20,WIPRO,0.010119984857738018,0.9648414850234985,0.0250384658575058
2023-02-21,ASIANPAINT,0.4588812217116356,0.027340651489794254,0.5137781202793121
2023-02-21,AXISBANK,0.08201912045478821,0.008587089367210865,0.909393846988678
2023-02-21,BHARTIARTL,0.2537851482629776,0.33500511944293976,0.41120972111821175
2023-02-21,HINDUNILVR,0.07913565635681152,0.09344413131475449,0.8274202346801758
2023-02-21,ICICIBANK,0.6684892177581787,0.13243524730205536,0.19907552003860474
2023-02-21,KOTAKBANK,0.052536074072122574,0.02139272727072239,0.9260711669921875
2023-02-21,NTPC,0.9245104789733887,0.041951123625040054,0.03353840857744217
2023-02-21,ONGC,0.2041163593530655,0.1275237649679184,0.6683598756790161
2023-02-21,WIPRO,0.22521567437797785,0.7359603047370911,0.03882401343435049
2023-02-22,BPCL,0.012821020558476448,0.9522019624710083,0.034977026283741
2023-02-22,MARUTI,0.04864555224776268,0.03382837772369385,0.9175260663032532
2023-02-22,NTPC,0.6873451471328735,0.01782866194844246,0.2948262393474579
2023-02-22,ONGC,0.15871261060237885,0.017086118459701538,0.8242012858390808
2023-02-22,SBIN,0.9383126497268677,0.03952748328447342,0.022159799933433533
2023-02-22,SUNPHARMA,0.949053168296814,0.02496742084622383,0.025979381054639816
2023-02-22,WIPRO,0.026598806492984295,0.9348503053188324,0.03855086490511894
2023-02-23,BPCL,0.39714789390563965,0.008871066384017467,0.5939810872077942
2023-02-23,KOTAKBANK,0.02913101576268673,0.061483338475227356,0.9093856811523438
2023-02-23,POWERGRID,0.9198933839797974,0.04815158247947693,0.031954966485500336
2023-02-23,SBIN,0.015735697001218796,0.9476667046546936,0.03659766539931297
2023-02-23,TATASTEEL,0.11082946509122849,0.013197587803006172,0.8759729862213135
2023-02-23,WIPRO,0.02185850590467453,0.9252429604530334,0.05289852246642113
2023-02-24,AXISBANK,0.06786315143108368,0.009486459195613861,0.9226503968238831
2023-02-24,CIPLA,0.04986095614731312,0.02509873080998659,0.9250403046607971
2023-02-24,MARUTI,0.7099620699882507,0.049171581864356995,0.24086633324623108
2023-02-24,NTPC,0.02451029233634472,0.05729076638817787,0.9181990027427673
2023-02-24,WIPRO,0.08409210294485092,0.03319937735795975,0.8827085494995117
2023-02-25,AXISBANK,0.02702178619801998,0.6021443009376526,0.3708338737487793
2023-02-26,EICHERMOT,0.946038544178009,0.015691246837377548,0.038270119577646255
2023-02-26,ITC,0.007104235701262951,0.967427670955658,0.025468064472079277
2023-02-26,TITAN,0.93736332654953,0.010928984731435776,0.05170764774084091
2023-02-27,AXISBANK,0.041740626096725464,0.014645705930888653,0.9436137080192566
2023-02-27,BAJAJ-AUTO,0.011088566854596138,0.9687909483909607,0.020120510831475258
2023-02-27,BHARTIARTL,0.8324267268180847,0.010261902585625648,0.15731142461299896
2023-02-27,GRASIM,0.9509381651878357,0.019149228930473328,0.029912596568465233
2023-02-27,HINDUNILVR,0.12753945589065552,0.059099819511175156,0.8133607506752014
2023-02-27,JSWSTEEL,0.9501886963844299,0.02227586694061756,0.027535423636436462
2023-02-27,MARUTI,0.25817441940307617,0.042823709547519684,0.6990018486976624
2023-02-27,NTPC,0.06307073682546616,0.012013029307126999,0.9249162077903748
2023-02-27,POWERGRID,0.9360170364379883,0.031112398952245712,0.032870542258024216
2023-02-27,TECHM,0.8304109573364258,0.03431111201643944,0.13527795672416687
2023-02-27,WIPRO,0.03209257870912552,0.02779104746878147,0.9401164054870605
2023-02-28,AXISBANK,0.024029871448874474,0.03643803298473358,0.9395321607589722
2023-02-28,BAJAJ-AUTO,0.03948793560266495,0.3401837944984436,0.6203283071517944
2023-02-28,BHARTIARTL,0.0881088599562645,0.8810856938362122,0.030805431306362152
2023-02-28,CIPLA,0.10310990363359451,0.03583778068423271,0.8610522747039795
2023-02-28,DRREDDY,0.01422850787639618,0.9018536806106567,0.08391781896352768
2023-02-28,JSWSTEEL,0.9495323300361633,0.020079094916582108,0.030388617888092995
2023-02-28,KOTAKBANK,0.038822442293167114,0.018278121948242188,0.9428994655609131
2023-02-28,MARUTI,0.400960098952055,0.11744572035968304,0.48159420397132635
2023-02-28,NTPC,0.9332042932510376,0.013074460439383984,0.05372116342186928
2023-02-28,SBIN,0.9230592250823975,0.011052261106669903,0.06588854640722275
2023-02-28,WIPRO,0.4007835388183594,0.007505606859922409,0.5917108654975891
2023-03-01,AXISBANK,0.2457628533244133,0.018912744894623756,0.7353243812918663
2023-03-01,BAJAJ-AUTO,0.012132999487221241,0.9734984636306763,0.014368542470037937
2023-03-01,CIPLA,0.0680055320262909,0.014890720136463642,0.9171037673950195
2023-03-01,MARUTI,0.9500112533569336,0.023023756220936775,0.026964977383613586
2023-03-01,NTPC,0.0851350910961628,0.011294319294393063,0.9035705924034119
2023-03-01,POWERGRID,0.013874546624720097,0.9642207622528076,0.02190462127327919
2023-03-01,RELIANCE,0.07189721614122391,0.01334463618695736,0.9147582054138184
2023-03-01,WIPRO,0.07768830098211765,0.3639836171641946,0.5583280622959137
2023-03-02,AXISBANK,0.11964120268821717,0.1320969307795167,0.7482618540525436
2023-03-02,BAJAJ-AUTO,0.05585332587361336,0.9264839291572571,0.017662758007645607
2023-03-02,BAJFINANCE,0.031607020646333694,0.9178804159164429,0.050512541085481644
2023-03-02,EICHERMOT,0.44967360608279705,0.5188306756317616,0.03149568475782871
2023-03-02,HEROMOTOCO,0.8829547762870789,0.09179173409938812,0.025253519415855408
2023-03-02,NTPC,0.03873313590884209,0.38551777601242065,0.5757490992546082
2023-03-02,RELIANCE,0.2658272981643677,0.008715052157640457,0.7254576683044434
2023-03-02,SBIN,0.02166499476879835,0.47224610298871994,0.5060889050364494
2023-03-02,WIPRO,0.02385454624891281,0.9019222855567932,0.07422315329313278
2023-03-03,ASIANPAINT,0.6698691844940186,0.28716593980789185,0.04296491667628288
2023-03-03,AXISBANK,0.07493102876469493,0.07232767785899341,0.8527412861585617
2023-03-03,BAJAJ-AUTO,0.678925096988678,0.009246006608009338,0.3118289113044739
2023-03-03,BAJAJFINSV,0.9451829195022583,0.01928543485701084,0.035531748086214066
2023-03-03,BAJFINANCE,0.39772719144821167,0.08196283876895905,0.5203099846839905
2023-03-03,CIPLA,0.2729581594467163,0.05851104110479355,0.6685307621955872
2023-03-03,COALINDIA,0.04972151666879654,0.01457269862294197,0.9357057809829712
2023-03-03,NTPC,0.8759766221046448,0.03706561401486397,0.08695771545171738
2023-03-03,RELIANCE,0.33674644120037556,0.021184463053941727,0.6420690715312958
2023-03-03,SBIN,0.16118104755878448,0.08583127707242966,0.7529876828193665
2023-03-03,TATASTEEL,0.49074673652648926,0.0154413478448987,0.4938119500875473
2023-03-03,TECHM,0.2870505452156067,0.09438652700434129,0.6185629367828369
2023-03-03,TITAN,0.7984628081321716,0.008271202445030212,0.19326592981815338
2023-03-03,ULTRACEMCO,0.9207635521888733,0.01096544973552227,0.0682709738612175
2023-03-04,BAJFINANCE,0.8366791605949402,0.10295712947845459,0.060363706201314926
2023-03-04,SBIN,0.6262356638908386,0.01837102882564068,0.35539335012435913
2023-03-04,TECHM,0.05867045745253563,0.014185958541929722,0.9271435737609863
2023-03-05,MARUTI,0.012411435134708881,0.9605716466903687,0.027016934007406235
2023-03-06,AXISBANK,0.04756428301334381,0.08347970247268677,0.8689560294151306
2023-03-06,BAJAJ-AUTO,0.16442259959876537,0.3677072203718126,0.46787022054195404
2023-03-06,BAJAJFINSV,0.9559033513069153,0.02071387693285942,0.023382874205708504
2023-03-06,BHARTIARTL,0.8844319581985474,0.007026964332908392,0.10854111611843109
2023-03-06,BRITANNIA,0.28659629821777344,0.11904220283031464,0.5943614840507507
2023-03-06,HINDALCO,0.10085839219391346,0.18293803976848722,0.7162035703659058
2023-03-06,ICICIBANK,0.3321254849433899,0.020223569124937057,0.647650957107544
2023-03-06,NTPC,0.026821454986929893,0.024090470746159554,0.9490880966186523
2023-03-06,POWERGRID,0.8568132519721985,0.012232116423547268,0.13095460832118988
2023-03-06,SBIN,0.053280726075172424,0.015352104790508747,0.9313671588897705
2023-03-06,TECHM,0.1008058488368988,0.014758136356249452,0.8844359815120697
2023-03-06,WIPRO,0.04259071871638298,0.022938322275877,0.9344708919525146
2023-03-08,AXISBANK,0.8920108079910278,0.009464838542044163,0.09852433949708939
2023-03-08,BAJAJ-AUTO,0.4054671563208103,0.10499779880046844,0.48953502997756004
2023-03-08,BAJFINANCE,0.029319532215595245,0.899785041809082,0.0708954706788063
2023-03-08,CIPLA,0.016985492780804634,0.9260771870613098,0.05693737417459488
2023-03-08,INDUSINDBK,0.4396563768386841,0.07510557770729065,0.48523810505867004
2023-03-08,MARUTI,0.06379510462284088,0.013215233571827412,0.9229896664619446
2023-03-08,SBIN,0.48394535295665264,0.022386671975255013,0.49366800859570503
2023-03-08,TECHM,0.8653134107589722,0.007426213938742876,0.12726029753684998
2023-03-09,ASIANPAINT,0.18343882262706757,0.24983219802379608,0.5667290091514587
2023-03-09,BAJAJ-AUTO,0.07737992703914642,0.011181985028088093,0.9114380478858948
2023-03-09,BHARTIARTL,0.5009900256991386,0.03737461334094405,0.4616353679448366
2023-03-09,GRASIM,0.049847908318042755,0.014534258283674717,0.9356178045272827
2023-03-09,HEROMOTOCO,0.8389678597450256,0.10210295766592026,0.05892924591898918
2023-03-09,KOTAKBANK,0.036892399191856384,0.1729937642812729,0.7901138067245483
2023-03-09,LT,0.1217317059636116,0.00936095416545868,0.8689073324203491
2023-03-09,M&M,0.034868509508669376,0.48174994345754385,0.48338156566023827
2023-03-09,NTPC,0.8097713589668274,0.0378715842962265,0.15235706977546215
2023-03-09,POWERGRID,0.7018786072731018,0.009030839428305626,0.2890905737876892
2023-03-09,RELIANCE,0.13831599056720734,0.010657364502549171,0.8510266542434692
2023-03-09,WIPRO,0.8044238686561584,0.006662842817604542,0.18891319632530212
2023-03-10,BAJAJ-AUTO,0.10099926590919495,0.07644329965114594,0.8225574493408203
2023-03-10,DRREDDY,0.04814009368419647,0.7144410610198975,0.23741888999938965
2023-03-10,HINDUNILVR,0.0644032210111618,0.024476903025060892,0.9111199080944061
2023-03-10,ICICIBANK,0.158995121717453,0.547870397567749,0.29313451051712036
2023-03-10,INDUSINDBK,0.10212986916303635,0.015965932980179787,0.8819042444229126
2023-03-10,ITC,0.06368415057659149,0.013824600726366043,0.9224912524223328
2023-03-10,NTPC,0.5911580324172974,0.00972587801516056,0.3991161286830902
2023-03-10,RELIANCE,0.945100724697113,0.012015841901302338,0.0428834930062294
2023-03-10,WIPRO,0.019368313252925873,0.591698169708252,0.38893353939056396
2023-03-11,MARUTI,0.9185068011283875,0.03476819023489952,0.04672497510910034
2023-03-11,TECHM,0.14474142963687578,0.01599142203728358,0.8392671744028727
2023-03-12,ITC,0.0071851215325295925,0.9674180746078491,0.025396862998604774
2023-03-13,CIPLA,0.0462760366499424,0.020476138219237328,0.9332478046417236
2023-03-13,COALINDIA,0.0769045501947403,0.02547653205692768,0.8976189494132996
2023-03-13,ICICIBANK,0.45434144511818886,0.0411859517917037,0.5044726431369781
2023-03-13,INDUSINDBK,0.04397678328678012,0.6069618612527847,0.3490613978356123
2023-03-13,NTPC,0.9292275309562683,0.023454464972019196,0.047318097203969955
2023-03-13,SBIN,0.48747503757476807,0.01484500989317894,0.4976799190044403
2023-03-13,TECHM,0.07431650534272194,0.786057859659195,0.13962559401988983
2023-03-14,BAJAJ-AUTO,0.31824884936213493,0.012747552245855331,0.6690035760402679
2023-03-14,BHARTIARTL,0.7988350987434387,0.15879596211016178,0.04236892983317375
2023-03-14,CIPLA,0.08880373928695917,0.4750962881371379,0.4360999825100104
2023-03-14,COALINDIA,0.7807096242904663,0.01378814596682787,0.20550216734409332
2023-03-14,EICHERMOT,0.9293344616889954,0.012825530022382736,0.0578400082886219
2023-03-14,INDUSINDBK,0.03495774418115616,0.2574198544025421,0.7076224088668823
2023-03-14,JSWSTEEL,0.5122577100992203,0.013867715373635292,0.4738745503127575
2023-03-14,M&M,0.04205358400940895,0.014777032658457756,0.9431694149971008
2023-03-14,SUNPHARMA,0.8001463413238525,0.045808855444192886,0.1540447324514389
2023-03-14,TATASTEEL,0.4994162321090698,0.013894103467464447,0.4866896700114012
2023-03-15,AXISBANK,0.0494135282933712,0.029707271605730057,0.9208791851997375
2023-03-15,BHARTIARTL,0.19602684676647186,0.009065835736691952,0.7949073314666748
2023-03-15,CIPLA,0.45893653854727745,0.1078895591199398,0.43317394331097603
2023-03-15,GRASIM,0.034459054470062256,0.3163098990917206,0.6492310762405396
2023-03-15,MARUTI,0.9306425452232361,0.032358568161726,0.03699887543916702
2023-03-15,RELIANCE,0.7106401920318604,0.18480046093463898,0.10455933213233948
2023-03-15,TECHM,0.07404615730047226,0.019754018634557724,0.9061997532844543
2023-03-16,ASIANPAINT,0.9302152991294861,0.027182461693882942,0.04260231927037239
2023-03-16,BAJFINANCE,0.6151186227798462,0.014465045183897018,0.3704162836074829
2023-03-16,CIPLA,0.01885959506034851,0.8422120213508606,0.13892829418182373
2023-03-16,HCLTECH,0.06378090381622314,0.014445248991250992,0.9217737913131714
2023-03-16,HEROMOTOCO,0.0669545829296112,0.012067451141774654,0.9209779500961304
2023-03-16,INDUSINDBK,0.1523231933824718,0.7165064960718155,0.1311702923849225
2023-03-16,MARUTI,0.9386520981788635,0.012481634505093098,0.04886618256568909
2023-03-16,NTPC,0.15279436111450195,0.012645126320421696,0.8345604538917542
2023-03-16,ONGC,0.18451273441314697,0.7858057022094727,0.0296816173940897
2023-03-16,RELIANCE,0.9445436000823975,0.020009875297546387,0.03544647991657257
2023-03-16,TATASTEEL,0.17839646339416504,0.7894411683082581,0.0321623720228672
2023-03-17,ASIANPAINT,0.16535861790180206,0.011294166557490826,0.8233472108840942
2023-03-17,BHARTIARTL,0.08518477529287338,0.0089279655367136,0.9058871865272522
2023-03-17,BPCL,0.04960307106375694,0.02247844822704792,0.9279184937477112
2023-03-17,DRREDDY,0.6950666904449463,0.250968337059021,0.053964920341968536
2023-03-17,HCLTECH,0.018017414957284927,0.9347637295722961,0.04721882566809654
2023-03-17,INDUSINDBK,0.014283744618296623,0.8286973237991333,0.1570190042257309
2023-03-17,NTPC,0.0348336435854435,0.03176991268992424,0.9333963990211487
2023-03-17,TATASTEEL,0.14074647799134254,0.4316437500528991,0.42760974541306496
2023-03-17,ULTRACEMCO,0.9485177993774414,0.015630824491381645,0.035851381719112396
2023-03-17,WIPRO,0.037933267652988434,0.10759090632200241,0.8544758558273315
2023-03-19,RELIANCE,0.2684500813484192,0.01884646527469158,0.7127034664154053
2023-03-19,TECHM,0.22900842130184174,0.05683772638440132,0.7141538262367249
2023-03-20,AXISBANK,0.0597405880689621,0.016252746805548668,0.9240066409111023
2023-03-20,BPCL,0.9322634339332581,0.03904801607131958,0.028688538819551468
2023-03-20,CIPLA,0.9383249282836914,0.010329319164156914,0.051345765590667725
2023-03-20,COALINDIA,0.36184847354888916,0.02625208906829357,0.6118994355201721
2023-03-20,NTPC,0.7034153938293457,0.006932203192263842,0.28965237736701965
2023-03-20,RELIANCE,0.07090287655591965,0.04626855626702309,0.8828285932540894
2023-03-20,TECHM,0.04255636781454086,0.8870363831520081,0.07040724158287048
2023-03-20,ULTRACEMCO,0.08834768831729889,0.010748008266091347,0.9009042978286743
2023-03-21,BHARTIARTL,0.9381252527236938,0.011249598115682602,0.05062507092952728
2023-03-21,EICHERMOT,0.567929744720459,0.012685016728937626,0.41938525438308716
2023-03-21,ICICIBANK,0.7539938688278198,0.011955644004046917,0.23405051231384277
2023-03-21,MARUTI,0.9412879943847656,0.030090145766735077,0.028621776029467583
2023-03-21,NTPC,0.24130994081497192,0.00793774425983429,0.7507522702217102
2023-03-21,RELIANCE,0.19960573315620422,0.7706770896911621,0.02971714362502098
2023-03-21,TECHM,0.15086475014686584,0.010007891803979874,0.8391273021697998
2023-03-21,WIPRO,0.024022262543439865,0.9590997695922852,0.016877934336662292
2023-03-22,HEROMOTOCO,0.9441044926643372,0.015630371868610382,0.04026508703827858
2023-03-22,WIPRO,0.018388470634818077,0.9300748109817505,0.05153663828969002
2023-03-23,ASIANPAINT,0.10591866448521614,0.4278435856103897,0.46623775362968445
2023-03-23,M&M,0.16945460438728333,0.008652077987790108,0.8218933343887329
2023-03-23,MARUTI,0.33425726741552353,0.12360451137647033,0.5421382039785385
2023-03-23,SBIN,0.059497613459825516,0.014863194897770882,0.9256392121315002
2023-03-24,COALINDIA,0.9511597752571106,0.022998295724391937,0.025841940194368362
2023-03-24,EICHERMOT,0.09900665283203125,0.01310889795422554,0.8878844380378723
2023-03-24,MARUTI,0.10790003836154938,0.012649285607039928,0.8794506788253784
2023-03-24,NTPC,0.023116260766983032,0.36452245712280273,0.6123612523078918
2023-03-24,RELIANCE,0.09824297577142715,0.04930930770933628,0.8524476885795593
2023-03-24,SBIN,0.5636619925498962,0.401417076587677,0.03492097556591034
2023-03-24,TATASTEEL,0.07896843552589417,0.8483989238739014,0.07263269275426865
2023-03-24,TECHM,0.05081036686897278,0.07306639105081558,0.8761231899261475
2023-03-25,BPCL,0.6776214241981506,0.00944986566901207,0.3129286766052246
2023-03-25,TITAN,0.09091371297836304,0.013761651702225208,0.8953246474266052
2023-03-27,COALINDIA,0.08353521674871445,0.011934801936149597,0.9045299291610718
2023-03-27,HEROMOTOCO,0.021606825292110443,0.9323780536651611,0.04601509869098663
2023-03-27,ICICIBANK,0.7031393051147461,0.00680595962330699,0.29005470871925354
2023-03-27,ONGC,0.031247906386852264,0.025441408157348633,0.9433106780052185
2023-03-27,RELIANCE,0.9155159592628479,0.01316227950155735,0.07132182270288467
2023-03-27,SBIN,0.061195287853479385,0.015427328646183014,0.9233773350715637
2023-03-27,ULTRACEMCO,0.17392578721046448,0.008250962942838669,0.8178232908248901
2023-03-28,BHARTIARTL,0.1478850096464157,0.08743646740913391,0.7646785378456116
2023-03-28,HEROMOTOCO,0.20611073076725006,0.7703180313110352,0.023571189492940903
2023-03-28,HINDUNILVR,0.13680633902549744,0.7158465385437012,0.1473470777273178
2023-03-28,KOTAKBANK,0.8462987542152405,0.015083200298249722,0.13861814141273499
2023-03-28,RELIANCE,0.07415091246366501,0.020796285942196846,0.9050528407096863
2023-03-29,ITC,0.04371649771928787,0.15117096900939941,0.8051124811172485
2023-03-29,JSWSTEEL,0.12705887854099274,0.012281001545488834,0.8606601357460022
2023-03-29,LT,0.02027870900928974,0.7948072552680969,0.1849139928817749
2023-03-29,MARUTI,0.30873945355415344,0.6493817567825317,0.0418788380920887
2023-03-29,NESTLEIND,0.06597128510475159,0.014720666222274303,0.919308066368103
2023-03-30,AXISBANK,0.5982550382614136,0.009762496687471867,0.39198246598243713
2023-03-30,CIPLA,0.9330145716667175,0.011436482891440392,0.05554890260100365
2023-03-30,HEROMOTOCO,0.038727324455976486,0.019331272691488266,0.9419413805007935
2023-03-30,SBIN,0.904634416103363,0.010514157824218273,0.08485144376754761
2023-03-30,SUNPHARMA,0.9506841897964478,0.023057756945490837,0.026258092373609543
2023-03-30,WIPRO,0.18022215366363525,0.008598302491009235,0.811179518699646
2023-03-31,COALINDIA,0.5306846871972084,0.011078336276113987,0.45823691226541996
2023-03-31,HEROMOTOCO,0.9327794909477234,0.03120383992791176,0.03601674735546112
2023-03-31,LT,0.14584270119667053,0.010440394282341003,0.8437169194221497
2023-03-31,NESTLEIND,0.4961005449295044,0.45257121324539185,0.05132820084691048
2023-03-31,NTPC,0.4487428367137909,0.00947724562138319,0.5417799353599548
2023-03-31,ONGC,0.5238604545593262,0.013818589970469475,0.4623209834098816
2023-03-31,RELIANCE,0.14397788047790527,0.09067551791667938,0.7653466463088989
2023-04-01,HEROMOTOCO,0.9480374455451965,0.025010572746396065,0.02695203199982643
2023-04-01,MARUTI,0.32849113643169403,0.3311990089714527,0.34030989184975624
2023-04-01,ULTRACEMCO,0.9473319053649902,0.0125243766233325,0.0401436910033226
2023-04-02,MARUTI,0.9500978589057922,0.02346479892730713,0.026437265798449516
2023-04-03,AXISBANK,0.04956790432333946,0.021801240742206573,0.9286307692527771
2023-04-03,BAJAJ-AUTO,0.10197785682976246,0.07042663171887398,0.8275955319404602
2023-04-03,COALINDIA,0.9217635989189148,0.030251720920205116,0.04798470810055733
2023-04-03,EICHERMOT,0.943995475769043,0.027025017887353897,0.028979526832699776
2023-04-03,HCLTECH,0.09536388516426086,0.03142935782670975,0.8732067346572876
2023-04-03,HEROMOTOCO,0.4501523971557617,0.1257060468196869,0.4241415560245514
2023-04-03,ITC,0.08686061948537827,0.010023283772170544,0.9031160473823547
2023-04-03,JSWSTEEL,0.25954288244247437,0.048932019621133804,0.6915251612663269
2023-04-03,MARUTI,0.4010784725348155,0.5534667891139785,0.04545470575491587
2023-04-03,NTPC,0.5589814931154251,0.05180151108652353,0.38921698555350304
2023-04-03,ONGC,0.4736471064388752,0.49586176592856646,0.030491103418171406
2023-04-03,RELIANCE,0.4811486601829529,0.4872008264064789,0.031650543212890625
2023-04-03,WIPRO,0.050734490156173706,0.06214822828769684,0.887117326259613
2023-04-04,AXISBANK,0.03472944721579552,0.7800449728965759,0.18522556126117706
2023-04-04,BAJAJ-AUTO,0.8846398591995239,0.009675404988229275,0.10568477213382721
2023-04-04,BAJFINANCE,0.9508041143417358,0.024350065737962723,0.024845797568559647
2023-04-04,INDUSINDBK,0.037661418318748474,0.02668621949851513,0.9356523752212524
2023-04-04,MARUTI,0.822128176689148,0.110353983938694,0.06751777231693268
2023-04-04,NTPC,0.5050680115818977,0.007844843668863177,0.4870871379971504
2023-04-04,ONGC,0.8686863780021667,0.01281923521310091,0.11849436908960342
2023-04-04,WIPRO,0.04936380311846733,0.9357532858848572,0.014882969669997692
2023-04-05,BAJAJ-AUTO,0.3656952199526131,0.49129604711197317,0.1430086949840188
2023-04-05,BAJAJFINSV,0.34861403703689575,0.5875158905982971,0.06387010216712952
2023-04-05,BAJFINANCE,0.39410986627141636,0.04034493242700895,0.5655452286203703
2023-04-05,EICHERMOT,0.03685253858566284,0.05551779270172119,0.9076297283172607
2023-04-05,HEROMOTOCO,0.039800893515348434,0.021039968356490135,0.9391591548919678
2023-04-05,HINDALCO,0.061717867851257324,0.5124614238739014,0.4258207380771637
2023-04-05,ONGC,0.9353115558624268,0.0187909547239542,0.04589751362800598
2023-04-05,RELIANCE,0.3550262600183487,0.011923816055059433,0.6330499152342478
2023-04-05,TATASTEEL,0.350037157535553,0.6286789178848267,0.021283961832523346
2023-04-05,TITAN,0.2618705928325653,0.6989485025405884,0.03918091207742691
2023-04-06,BAJFINANCE,0.23813973367214203,0.3972774147987366,0.3645828664302826
2023-04-06,COALINDIA,0.9298446178436279,0.01603807508945465,0.05411727353930473
2023-04-06,HEROMOTOCO,0.07029508054256439,0.01157484669238329,0.9181300401687622
2023-04-06,ICICIBANK,0.4978550747036934,0.031553030014038086,0.4705918952822685
2023-04-06,NTPC,0.44103822857141495,0.009210558608174324,0.5497512072324753
2023-04-06,TATASTEEL,0.6424875557422638,0.023408958377937477,0.33410350357492763
2023-04-06,TITAN,0.9557044506072998,0.017592499032616615,0.02670293115079403
2023-04-07,HINDUNILVR,0.08380543440580368,0.8915132284164429,0.024681339040398598
2023-04-07,ONGC,0.19709594547748566,0.738143801689148,0.06476020067930222
2023-04-07,WIPRO,0.013060771860182285,0.969407856464386,0.017531340941786766
2023-04-09,MARUTI,0.025067223235964775,0.46002435125410557,0.5149084143340588
2023-04-09,NTPC,0.9492585062980652,0.020384766161441803,0.030356736853718758
2023-04-09,WIPRO,0.01517987996339798,0.9497075080871582,0.035112615674734116
2023-04-10,BAJAJ-AUTO,0.11963406205177307,0.023447344079613686,0.8569185733795166
2023-04-10,BAJFINANCE,0.8836007118225098,0.03796541690826416,0.07843390852212906
2023-04-10,CIPLA,0.9145522713661194,0.010685632936656475,0.07476209849119186
2023-04-10,HINDALCO,0.1773713380098343,0.011800939217209816,0.8108277320861816
2023-04-10,ICICIBANK,0.29027166962623596,0.12828421592712402,0.5814440846443176
2023-04-10,JSWSTEEL,0.936130166053772,0.03411420062184334,0.029755733907222748
2023-04-10,ONGC,0.8467218279838562,0.007261237595230341,0.14601697027683258
2023-04-10,RELIANCE,0.037203676998615265,0.6452301144599915,0.3175662159919739
2023-04-10,TITAN,0.05359824188053608,0.023648151196539402,0.922753632068634
2023-04-10,WIPRO,0.021183760836720467,0.8569225072860718,0.12189367413520813
2023-04-11,ASIANPAINT,0.9479132890701294,0.02222837321460247,0.02985840104520321
2023-04-11,BAJAJ-AUTO,0.23195478320121765,0.018907049670815468,0.7491381764411926
2023-04-11,COALINDIA,0.1323995441198349,0.008857447654008865,0.8587430119514465
2023-04-11,HINDUNILVR,0.1006062924861908,0.061146579682826996,0.8382471203804016
2023-04-11,INDUSINDBK,0.5382706373929977,0.008911353768780828,0.45281805098056793
2023-04-11,ITC,0.03182355314493179,0.412853866815567,0.5553226470947266
2023-04-11,JSWSTEEL,0.31726424396038055,0.05972798727452755,0.6230077743530273
2023-04-11,KOTAKBANK,0.06945271044969559,0.9058306813240051,0.024716636165976524
2023-04-11,MARUTI,0.06219373643398285,0.016538819298148155,0.9212674498558044
2023-04-11,ONGC,0.7900117635726929,0.033490512520074844,0.17649775743484497
2023-04-11,RELIANCE,0.5219151638448238,0.03327629901468754,0.4448085268959403
2023-04-12,AXISBANK,0.9463162422180176,0.01828676648437977,0.03539694473147392
2023-04-12,BAJFINANCE,0.12234839051961899,0.0639951080083847,0.8136565089225769
2023-04-12,CIPLA,0.9463768005371094,0.027077173814177513,0.026546073146164417
2023-04-12,EICHERMOT,0.08631286397576332,0.3637344129383564,0.5499527305364609
2023-04-12,HCLTECH,0.02418304607272148,0.8382525444030762,0.13756437599658966
2023-04-12,ICICIBANK,0.9473115801811218,0.017767921090126038,0.03492045775055885
2023-04-12,INDUSINDBK,0.9444171786308289,0.017251024022698402,0.0383317694067955
2023-04-12,KOTAKBANK,0.47877912409603596,0.49133229069411755,0.029888558201491833
2023-04-12,MARUTI,0.8442465662956238,0.029427589615806937,0.12632585316896439
2023-04-12,ONGC,0.34598469734191895,0.4911651611328125,0.16285011172294617
2023-04-12,POWERGRID,0.8814235925674438,0.011569084599614143,0.10700731724500656
2023-04-12,SBIN,0.9486699104309082,0.018006281927227974,0.03332388773560524
2023-04-12,TATASTEEL,0.9439202547073364,0.018646391108632088,0.03743339329957962
2023-04-12,TCS,0.08692385908216238,0.054430471267551184,0.8586457073688507
2023-04-13,BAJFINANCE,0.6792953014373779,0.045055996626615524,0.27564868330955505
2023-04-13,BPCL,0.02191358618438244,0.953383207321167,0.024703161790966988
2023-04-13,CIPLA,0.10623545199632645,0.011037632822990417,0.8827269673347473
2023-04-13,COALINDIA,0.856031596660614,0.014888886362314224,0.1290795225650072
2023-04-13,ICICIBANK,0.9496899247169495,0.019717922434210777,0.030592264607548714
2023-04-13,INDUSINDBK,0.9477400183677673,0.01828332059085369,0.03397662192583084
2023-04-13,KOTAKBANK,0.9491564631462097,0.02140359953045845,0.02943996526300907
2023-04-13,MARUTI,0.13772577047348022,0.01159385871142149,0.8506803512573242
2023-04-13,NTPC,0.11595356091856956,0.10146374255418777,0.7825826704502106
2023-04-13,ONGC,0.01636335998773575,0.9601935744285583,0.023443184792995453
2023-04-13,SBIN,0.946174144744873,0.019645780324935913,0.03418008238077164
2023-04-13,TCS,0.07228715593616168,0.3241315682729085,0.603581270823876
2023-04-14,BPCL,0.3922409089282155,0.031247575767338276,0.576511524617672
2023-04-14,COALINDIA,0.9486398696899414,0.014605539850890636,0.03675465285778046
2023-04-14,NTPC,0.8897309899330139,0.008917476050555706,0.10135160386562347
2023-04-14,RELIANCE,0.05056024342775345,0.020180203020572662,0.9292595386505127
2023-04-14,TCS,0.03356801066547632,0.4913031179457903,0.47512887325137854
2023-04-16,ICICIBANK,0.11052408814430237,0.012736832723021507,0.8767390847206116
2023-04-16,TATASTEEL,0.08425167202949524,0.020331570878624916,0.8954167366027832
2023-04-16,TCS,0.9399693608283997,0.012393509969115257,0.04763709753751755
2023-04-17,AXISBANK,0.2349783033132553,0.007871602661907673,0.7571500539779663
2023-04-17,BAJFINANCE,0.8976048231124878,0.012138621881604195,0.09025658667087555
2023-04-17,CIPLA,0.9486618638038635,0.019572703167796135,0.03176539018750191
2023-04-17,EICHERMOT,0.2795428428798914,0.01328033022582531,0.7071768194437027
2023-04-17,HCLTECH,0.010795565322041512,0.9550742506980896,0.03413013741374016
2023-04-17,ITC,0.4455774798989296,0.11552240280434489,0.4389001503586769
2023-04-17,JSWSTEEL,0.8739159107208252,0.05849039554595947,0.06759366393089294
2023-04-17,MARUTI,0.1968379244208336,0.01615381520241499,0.7870083153247833
2023-04-17,TCS,0.1697156960144639,0.6443885494954884,0.18589571816846728
2023-04-17,TECHM,0.17696428298950195,0.0807676762342453,0.7422680258750916
2023-04-17,WIPRO,0.010673483833670616,0.9590666890144348,0.03025984764099121
2023-04-18,BHARTIARTL,0.07852612435817719,0.010236023925244808,0.911237895488739
2023-04-18,HCLTECH,0.16459767520427704,0.07689390331506729,0.7585084438323975
2023-04-18,KOTAKBANK,0.27219125628471375,0.19141848385334015,0.5363902449607849
2023-04-18,MARUTI,0.9365103840827942,0.020551778376102448,0.042937859892845154
2023-04-18,NTPC,0.8761993050575256,0.07732260227203369,0.046478044241666794
2023-04-18,POWERGRID,0.07093007117509842,0.013885543681681156,0.9151843190193176
2023-04-18,SBIN,0.6969593167304993,0.009131046012043953,0.29390963912010193
2023-04-18,SUNPHARMA,0.8931810259819031,0.040080949664115906,0.06673794239759445
2023-04-18,TATASTEEL,0.5860874652862549,0.007757480721920729,0.4061550796031952
2023-04-19,HCLTECH,0.01700695976614952,0.9738267660140991,0.009166319854557514
2023-04-19,TATASTEEL,0.055534180253744125,0.08187570422887802,0.8625901341438293
2023-04-19,TCS,0.010178128257393837,0.9576022028923035,0.03221958503127098
2023-04-19,WIPRO,0.007677493151277304,0.961493194103241,0.03082924894988537
2023-04-20,BAJAJ-AUTO,0.9479199647903442,0.02089906483888626,0.031180990859866142
2023-04-20,BHARTIARTL,0.012393888086080551,0.9758483171463013,0.011757675558328629
2023-04-20,BRITANNIA,0.9498858451843262,0.02092493325471878,0.029189227148890495
2023-04-20,COALINDIA,0.9488338828086853,0.016060134395956993,0.03510604798793793
2023-04-20,EICHERMOT,0.9484634399414062,0.021596334874629974,0.029940282925963402
2023-04-20,HEROMOTOCO,0.9491744041442871,0.01998925395309925,0.03083627298474312
2023-04-20,HINDUNILVR,0.9463730454444885,0.0202639177441597,0.03336312621831894
2023-04-20,ICICIBANK,0.9528799653053284,0.017423750832676888,0.029696306213736534
2023-04-20,ITC,0.5522261261940002,0.27056752517819405,0.17720633124311766
2023-04-20,M&M,0.9442139267921448,0.022686343640089035,0.03309963271021843
2023-04-20,NTPC,0.9041072130203247,0.011192451231181622,0.0847003385424614
2023-04-20,RELIANCE,0.9462118744850159,0.016126487404108047,0.03766163811087608
2023-04-20,TCS,0.4951733388006687,0.04786731209605932,0.4569593770429492
2023-04-20,TITAN,0.08542277663946152,0.013672479428350925,0.9009047746658325
2023-04-20,ULTRACEMCO,0.9068813323974609,0.063088558614254,0.030030110850930214
2023-04-21,BAJAJ-AUTO,0.04489167779684067,0.05892252177000046,0.8961857557296753
2023-04-21,HCLTECH,0.46173118967562915,0.18474976308643817,0.3535190626978874
2023-04-21,ICICIBANK,0.4843926653265953,0.01723565347492695,0.49837171845138073
2023-04-21,INDUSINDBK,0.9486099481582642,0.021544892340898514,0.02984515018761158
2023-04-21,ITC,0.5449880883097649,0.026632593013346195,0.42837930098176
2023-04-21,RELIANCE,0.5095693040639162,0.1849782687301437,0.3054524188240369
2023-04-21,SBIN,0.08365998230874538,0.032244096044451,0.8840959072113037
2023-04-21,TCS,0.7314000129699707,0.05122204590588808,0.21737791877239943
2023-04-22,ICICIBANK,0.3895563818514347,0.16989186654488245,0.4405517640213172
2023-04-22,KOTAKBANK,0.06647401303052902,0.015137016773223877,0.9183889627456665
2023-04-22,RELIANCE,0.02453448437154293,0.7326247692108154,0.2428407073020935
2023-04-22,SBIN,0.03062688559293747,0.07263471931219101,0.8967383503913879
2023-04-23,ICICIBANK,0.008340477012097836,0.9687227606773376,0.022936804220080376
2023-04-23,SUNPHARMA,0.029906390234827995,0.8546159863471985,0.11547758430242538
2023-04-23,WIPRO,0.038089267909526825,0.01763739436864853,0.9442733526229858
2023-04-24,BAJAJ-AUTO,0.022749800235033035,0.9634812474250793,0.013768922537565231
2023-04-24,HCLTECH,0.17996907234191895,0.009121835231781006,0.8109090924263
2023-04-24,HEROMOTOCO,0.9455581307411194,0.020329011604189873,0.03411280736327171
2023-04-24,ICICIBANK,0.24757394287735224,0.028346696868538857,0.7240793500095606
2023-04-24,INDUSINDBK,0.6410998230179151,0.026224698250492413,0.332675493011872
2023-04-24,NESTLEIND,0.7043885588645935,0.2334812730550766,0.062130171805620193
2023-04-24,RELIANCE,0.04386100172996521,0.035863589495420456,0.9202753305435181
2023-04-24,SUNPHARMA,0.016088126227259636,0.9695014953613281,0.014410455711185932
2023-04-24,TATASTEEL,0.20902565121650696,0.00977733638137579,0.7811970710754395
2023-04-24,WIPRO,0.927391767501831,0.024930225685238838,0.04767810180783272
2023-04-25,BAJAJ-AUTO,0.9402891397476196,0.03067825734615326,0.02903260476887226
2023-04-25,BAJFINANCE,0.9470047950744629,0.023868756368756294,0.029126504436135292
2023-04-25,COALINDIA,0.04161854833364487,0.1273438185453415,0.8310376405715942
2023-04-25,ICICIBANK,0.12753114104270935,0.011884274892508984,0.8605846166610718
2023-04-25,INDUSINDBK,0.13099765192185128,0.016592084962342466,0.8524102824074882
2023-04-25,MARUTI,0.9334763884544373,0.014014563523232937,0.052509017288684845
2023-04-25,NESTLEIND,0.9509673118591309,0.023464197292923927,0.025568531826138496
2023-04-25,NTPC,0.11001356691122055,0.010013891384005547,0.879972517490387
2023-04-25,ONGC,0.009852941147983074,0.9313612580299377,0.05878578871488571
2023-04-25,SBIN,0.11019657552242279,0.012980153784155846,0.8768233060836792
2023-04-25,SUNPHARMA,0.014073937200009823,0.9698787331581116,0.016047349199652672
2023-04-25,TCS,0.4701737309806049,0.49223991204053164,0.037586414720863104
2023-04-26,AXISBANK,0.9097132682800293,0.04663389176130295,0.04365292936563492
2023-04-26,BAJAJ-AUTO,0.4873151080682874,0.016472856514155865,0.4962120112031698
2023-04-26,BAJFINANCE,0.5357380732893944,0.01832706667482853,0.4459348935633898
2023-04-26,HINDUNILVR,0.942069947719574,0.01609359309077263,0.041836582124233246
2023-04-26,KOTAKBANK,0.043773021548986435,0.03789651393890381,0.9183304309844971
2023-04-26,MARUTI,0.6109574139118195,0.014882486313581467,0.3741600941866636
2023-04-26,NESTLEIND,0.29793538711965084,0.09725197702646256,0.6048126511275769
2023-04-26,NTPC,0.36729541917641956,0.046959112087885536,0.5857454836368561
2023-04-26,RELIANCE,0.8603119254112244,0.03582989051938057,0.10385823994874954
2023-04-26,TECHM,0.12062327812115352,0.3341896024843057,0.5451871178423365
2023-04-26,WIPRO,0.9425442218780518,0.03026953525841236,0.027186168357729912
2023-04-27,AXISBANK,0.026784489396959543,0.509949903935194,0.4632656639441848
2023-04-27,BAJAJ-AUTO,0.08259967714548111,0.013191563077270985,0.904208779335022
2023-04-27,BAJFINANCE,0.39475723803043367,0.03983847750350833,0.5654042832553386
2023-04-27,COALINDIA,0.15680932998657227,0.008990093134343624,0.8342006206512451
2023-04-27,HINDUNILVR,0.9185829162597656,0.034065963700413704,0.04735111445188522
2023-04-27,JSWSTEEL,0.16745293140411377,0.012246104888617992,0.8203009963035583
2023-04-27,MARUTI,0.4678821460240417,0.021828157413336966,0.5102897151890728
2023-04-27,NESTLEIND,0.05817355960607529,0.01673417165875435,0.9250922799110413
2023-04-27,NTPC,0.33010175079107285,0.009860666003078222,0.6600375771522522
2023-04-27,POWERGRID,0.04384344816207886,0.01928073540329933,0.9368758201599121
2023-04-27,TCS,0.007906232960522175,0.9762909412384033,0.015802878886461258
2023-04-27,TECHM,0.45325263403356075,0.3670956455171108,0.17965169809758663
2023-04-27,WIPRO,0.5298992628231645,0.2324189425756534,0.23768178901324669
2023-04-28,AXISBANK,0.17392811621539295,0.47335316077806056,0.3527187258005142
2023-04-28,BAJAJ-AUTO,0.3639109941820304,0.011398821137845516,0.6246902123093605
2023-04-28,BAJAJFINSV,0.9517592787742615,0.02028902154415846,0.02795168850570917
2023-04-28,BAJFINANCE,0.07393674924969673,0.012965235859155655,0.9130979975064596
2023-04-28,HINDALCO,0.9458751082420349,0.021023886278271675,0.033101022243499756
2023-04-28,HINDUNILVR,0.274325666250661,0.24819643143564463,0.4774779095314443
2023-04-28,ICICIBANK,0.0357491597533226,0.01905570924282074,0.9451951384544373
2023-04-28,INDUSINDBK,0.0980876162648201,0.010600370354950428,0.8913120031356812
2023-04-28,MARUTI,0.07355077564716339,0.012060738168656826,0.9143884778022766
2023-04-28,NESTLEIND,0.4772518202662468,0.009405920282006264,0.5133423395454884
2023-04-28,NTPC,0.2719755470752716,0.6516239643096924,0.07640048116445541
2023-04-28,RELIANCE,0.027874616906046867,0.02167382463812828,0.9504514932632446
2023-04-28,TCS,0.7912145256996155,0.18178610503673553,0.02699943445622921
2023-04-28,TECHM,0.9510770738124847,0.01994750928133726,0.028975367546081543
2023-04-28,ULTRACEMCO,0.07228522002696991,0.9162037968635559,0.011511036194860935
2023-04-28,WIPRO,0.5255465507507324,0.3093880214728415,0.1650654561817646
2023-04-29,AXISBANK,0.1173868402838707,0.011778050567954779,0.8708350956439972
2023-04-29,BAJFINANCE,0.07783117890357971,0.011070247739553452,0.9110985398292542
2023-04-29,HINDUNILVR,0.07944564521312714,0.01048119692131877,0.9100731909275055
2023-04-29,KOTAKBANK,0.5035310033708811,0.020339781418442726,0.47612925712019205
2023-04-29,TECHM,0.12388748675584793,0.008585523813962936,0.8675270080566406
2023-04-29,WIPRO,0.0795425996184349,0.012983487918972969,0.9074739217758179
2023-04-30,MARUTI,0.020902344956994057,0.9222912788391113,0.05680641531944275
2023-04-30,WIPRO,0.19253335893154144,0.009118923917412758,0.7983477115631104
2023-05-01,EICHERMOT,0.9461827874183655,0.026374854147434235,0.02744229882955551
2023-05-01,HEROMOTOCO,0.009858793579041958,0.975238561630249,0.0149026894941926
2023-05-01,MARUTI,0.3515191823244095,0.047996435314416885,0.6004843413829803
2023-05-01,NTPC,0.4584203748963773,0.4916493776254356,0.04993021488189697
2023-05-01,TCS,0.9502948522567749,0.01863042823970318,0.031074674800038338
2023-05-01,WIPRO,0.4886351227760315,0.017124636098742485,0.4942402243614197
2023-05-02,AXISBANK,0.12197329849004745,0.010068537667393684,0.867958128452301
2023-05-02,BAJAJ-AUTO,0.47816371731460094,0.5000090133398771,0.021827255375683308
2023-05-02,COALINDIA,0.4857705282047391,0.4721179590560496,0.04211154580116272
2023-05-02,HEROMOTOCO,0.950695812702179,0.025469891726970673,0.023834386840462685
2023-05-02,KOTAKBANK,0.1795197082683444,0.06256694882176816,0.7579133287072182
2023-05-02,MARUTI,0.2528613805770874,0.016350582242012024,0.7307880520820618
2023-05-02,NTPC,0.6406264156103134,0.1904573393985629,0.1689162217080593
2023-05-02,ONGC,0.8839128017425537,0.05982790142297745,0.05625941976904869
2023-05-02,SUNPHARMA,0.06399669374028842,0.6495373025536537,0.28646598011255264
2023-05-02,TATASTEEL,0.04066578205674887,0.5040750056505203,0.45525920391082764
2023-05-02,TCS,0.06057512387633324,0.4048520624637604,0.5345728397369385
2023-05-02,TECHM,0.09081283211708069,0.011390116065740585,0.8977970480918884
2023-05-02,TITAN,0.949125349521637,0.02477695606648922,0.026097679510712624
2023-05-02,ULTRACEMCO,0.588436479990681,0.17468301905319095,0.23688051026935378
2023-05-02,WIPRO,0.14027248322963715,0.008692611940205097,0.8510348796844482
2023-05-03,AXISBANK,0.3866604268550873,0.011880758218467236,0.6014587879180908
2023-05-03,BAJAJ-AUTO,0.195722296833992,0.32148365769535303,0.48279403895139694
2023-05-03,BAJAJFINSV,0.08476153016090393,0.009849132038652897,0.9053893685340881
2023-05-03,JSWSTEEL,0.875776469707489,0.007544783875346184,0.11667875945568085
2023-05-03,KOTAKBANK,0.1193595752120018,0.00978848710656166,0.8708518743515015
2023-05-03,NTPC,0.29713723063468933,0.010389700531959534,0.6924730539321899
2023-05-03,RELIANCE,0.09594167023897171,0.1306212842464447,0.7734370231628418
2023-05-03,TATASTEEL,0.19799097534269094,0.4082104897436996,0.3937985170632601
2023-05-03,TITAN,0.9466923475265503,0.018669717013835907,0.034637898206710815
2023-05-03,ULTRACEMCO,0.22022207081317902,0.009520730003714561,0.7702572345733643
2023-05-04,HEROMOTOCO,0.9501873254776001,0.022883249446749687,0.026929393410682678
2023-05-04,RELIANCE,0.037053078413009644,0.02041938528418541,0.9425275325775146
2023-05-04,TATASTEEL,0.07686802744865417,0.04503500461578369,0.8780969977378845
2023-05-04,TITAN,0.0641604233533144,0.05061204731464386,0.8852275311946869
2023-05-04,WIPRO,0.9517989754676819,0.01980147883296013,0.028399521484971046
2023-05-05,HDFCBANK,0.13504552468657494,0.4174854941666126,0.44746899604797363
2023-05-05,HEROMOTOCO,0.6403124785671631,0.33209380383292836,0.02759374926487605
2023-05-05,ICICIBANK,0.6234150528907776,0.009866474196314812,0.36671850085258484
2023-05-05,NTPC,0.2451600283384323,0.7233421802520752,0.03149779886007309
2023-05-05,TCS,0.015053654089570045,0.7763089537620544,0.20863744616508484
2023-05-05,TITAN,0.7563793063163757,0.013768864795565605,0.22985181212425232
2023-05-06,COALINDIA,0.894628643989563,0.012936815619468689,0.09243451803922653
2023-05-07,COALINDIA,0.008341541513800621,0.9736443161964417,0.01801408641040325
2023-05-07,ULTRACEMCO,0.23261819779872894,0.00872863456606865,0.7586531639099121
2023-05-08,BRITANNIA,0.49641547352075577,0.026791559532284737,0.4767929771915078
2023-05-08,COALINDIA,0.014085833914577961,0.9733209013938904,0.012593299150466919
2023-05-08,HCLTECH,0.8978511691093445,0.07254606485366821,0.02960275113582611
2023-05-08,HEROMOTOCO,0.5474535226821899,0.014524797908961773,0.4380216412246227
2023-05-08,INDUSINDBK,0.506565123796463,0.09534909576177597,0.39808578696101904
2023-05-08,NTPC,0.24697843194007874,0.7188370227813721,0.0341845378279686
2023-05-08,TATASTEEL,0.06660718470811844,0.17622113227844238,0.7571716904640198
2023-05-09,BAJFINANCE,0.03816777095198631,0.015896961092948914,0.9459353089332581
2023-05-09,COALINDIA,0.5110990703105927,0.23348504630848765,0.25541588151827455
2023-05-09,DRREDDY,0.9451532959938049,0.01936950720846653,0.03547713905572891
2023-05-09,HEROMOTOCO,0.09224863722920418,0.011451823636889458,0.8962995409965515
2023-05-09,LT,0.9521079659461975,0.021334970369935036,0.026557043194770813
2023-05-09,NTPC,0.9191011786460876,0.056222427636384964,0.024676434695720673
2023-05-09,RELIANCE,0.7913877964019775,0.010244839824736118,0.19836731255054474
2023-05-09,TCS,0.01248354371637106,0.7365362048149109,0.25098028779029846
2023-05-10,ASIANPAINT,0.5435134023427963,0.027506018988788128,0.42898064386099577
2023-05-10,BAJFINANCE,0.6609736680984497,0.19111138954758644,0.14791497215628624
2023-05-10,COALINDIA,0.7686841487884521,0.03644270449876785,0.1948731690645218
2023-05-10,DRREDDY,0.9346705277760824,0.030864423761765163,0.03446505901714166
2023-05-10,INDUSINDBK,0.5495956838130951,0.05749410204589367,0.39291020575910807
2023-05-10,JSWSTEEL,0.9350968599319458,0.02801845222711563,0.036884721368551254
2023-05-10,NTPC,0.7572343945503235,0.0314231077209115,0.21134250611066818
2023-05-10,TCS,0.017074884846806526,0.8896130323410034,0.09331201016902924
2023-05-11,ASIANPAINT,0.9520993232727051,0.025601660832762718,0.022299084812402725
2023-05-11,CIPLA,0.9508286714553833,0.02255440130829811,0.026616936549544334
2023-05-11,DRREDDY,0.08827911969274282,0.4975666366517544,0.41415431164205074
2023-05-11,EICHERMOT,0.9436582922935486,0.020923905074596405,0.03541777282953262
2023-05-11,HEROMOTOCO,0.9212364554405212,0.03358039632439613,0.045183099806308746
2023-05-11,HINDALCO,0.019581153988838196,0.9612942337989807,0.019124669954180717
2023-05-11,MARUTI,0.8562337160110474,0.007147509139031172,0.13661877810955048
2023-05-11,ONGC,0.046646978706121445,0.02903033047914505,0.9243226647377014
2023-05-11,POWERGRID,0.0655648484826088,0.01350861694663763,0.920926570892334
2023-05-11,TCS,0.043104927986860275,0.0218296367675066,0.935065507888794
2023-05-12,ASIANPAINT,0.6452384404838085,0.24679151239494482,0.10797007381916046
2023-05-12,BPCL,0.8150122165679932,0.010656817816197872,0.17433086037635803
2023-05-12,CIPLA,0.3368753492832184,0.35705102731784183,0.30607366065184277
2023-05-12,EICHERMOT,0.6535859430829684,0.016563754839201767,0.3298503588885069
2023-05-12,HEROMOTOCO,0.5818914175033569,0.011955002322793007,0.40615352988243103
2023-05-12,KOTAKBANK,0.035096097737550735,0.12540912628173828,0.8394947648048401
2023-05-12,LT,0.08783984184265137,0.009814290329813957,0.9023458659648895
2023-05-12,ULTRACEMCO,0.10538926720619202,0.012322168797254562,0.8822885155677795
2023-05-13,ASIANPAINT,0.10433122143149376,0.011387921869754791,0.8842808306217194
2023-05-13,DRREDDY,0.12179943919181824,0.08591021597385406,0.7922902703285217
2023-05-13,EICHERMOT,0.07596257328987122,0.0111800292506814,0.9128574132919312
2023-05-13,HINDALCO,0.06259419769048691,0.013960808515548706,0.9234450459480286
2023-05-13,LT,0.06388885527849197,0.011394403874874115,0.9247167706489563
2023-05-14,ASIANPAINT,0.10237284749746323,0.014526184648275375,0.8831009864807129
2023-05-14,DRREDDY,0.09063078463077545,0.012561549432575703,0.8968076705932617
2023-05-14,EICHERMOT,0.07944034039974213,0.013311639428138733,0.9072479605674744
2023-05-14,HEROMOTOCO,0.922886073589325,0.016455234959721565,0.06065869331359863
2023-05-15,ASIANPAINT,0.28502169251441956,0.1297631412744522,0.5852152109146118
2023-05-15,AXISBANK,0.868324875831604,0.044900503009557724,0.08677466213703156
2023-05-15,BHARTIARTL,0.9484660029411316,0.019313422963023186,0.0322205126285553
2023-05-15,CIPLA,0.5177415870130062,0.02161737981562813,0.4606410075599949
2023-05-15,HDFCBANK,0.03500015288591385,0.052957143634557724,0.9120427370071411
2023-05-15,NTPC,0.16131411492824554,0.009956360794603825,0.8287295699119568
2023-05-16,BHARTIARTL,0.9512433409690857,0.020800654776394367,0.02795596979558468
2023-05-16,EICHERMOT,0.43864870071411133,0.008054607547819614,0.5532966256141663
2023-05-16,HEROMOTOCO,0.18565671145915985,0.014230334199965,0.8001129031181335
2023-05-16,KOTAKBANK,0.43010133504867554,0.4231855869293213,0.14671312272548676
2023-05-16,MARUTI,0.46424921229481697,0.08880921080708504,0.4469415508210659
2023-05-16,NTPC,0.8487366437911987,0.009964455850422382,0.14129893481731415
2023-05-16,ONGC,0.3712821304798126,0.5674435496330261,0.06127434968948364
2023-05-16,RELIANCE,0.12993796169757843,0.013089433312416077,0.8569725751876831
2023-05-16,TCS,0.6858698129653931,0.14166878163814545,0.17246143519878387
2023-05-16,WIPRO,0.02358763851225376,0.08720628917217255,0.889206051826477
2023-05-17,ASIANPAINT,0.10865887254476547,0.011431001126766205,0.8799101114273071
2023-05-17,BHARTIARTL,0.5819244794547558,0.06684563169255853,0.351229858584702
2023-05-17,BPCL,0.876240611076355,0.009527215734124184,0.11423218995332718
2023-05-17,CIPLA,0.07958322763442993,0.01235867291688919,0.9080581068992615
2023-05-17,HDFCBANK,0.09960201382637024,0.010223541408777237,0.8901744484901428
2023-05-17,LT,0.711306095123291,0.1675194948911667,0.12117432802915573
2023-05-17,NTPC,0.07875756919384003,0.016346903517842293,0.904895544052124
2023-05-17,RELIANCE,0.06900828331708908,0.017723150551319122,0.913268506526947
2023-05-18,BHARTIARTL,0.017319291830062866,0.95864337682724,0.02403740957379341
2023-05-18,CIPLA,0.012053469195961952,0.9701953530311584,0.01775120198726654
2023-05-18,DRREDDY,0.062486037611961365,0.010251348838210106,0.9272626042366028
2023-05-18,HDFCBANK,0.050593819469213486,0.02535664103925228,0.9240495562553406
2023-05-18,ITC,0.41449441546574234,0.2421319078654051,0.3433736812323332
2023-05-18,ONGC,0.047137852758169174,0.016558809205889702,0.9363033771514893
2023-05-18,SBIN,0.08750645816326141,0.03981626406311989,0.872677206993103
2023-05-18,TCS,0.22343782056123018,0.7160841971635818,0.06047792173922062
2023-05-19,AXISBANK,0.8518827557563782,0.01634555123746395,0.13177168369293213
2023-05-19,BHARTIARTL,0.0792323425412178,0.012332335114479065,0.9084353446960449
2023-05-19,ITC,0.42720447182655336,0.024787573143839836,0.5480079669505358
2023-05-19,JSWSTEEL,0.714188959216699,0.2595048639923334,0.026306180749088526
2023-05-19,NTPC,0.3804375482723117,0.49194090464152396,0.1276215254329145
2023-05-19,POWERGRID,0.6346944514662027,0.331662821273009,0.03364275892575582
2023-05-19,SBIN,0.4550641526778539,0.017796191076437633,0.5271396785974503
2023-05-19,TCS,0.10770863356689613,0.3436565510928631,0.5486348296205202
2023-05-20,ITC,0.07044331481059392,0.013454983942210674,0.9161017338434855
2023-05-20,JSWSTEEL,0.8821110725402832,0.011678212322294712,0.10621074587106705
2023-05-20,TCS,0.01629239832982421,0.7194613367319107,0.26424627751111984
2023-05-21,EICHERMOT,0.3917137086391449,0.009057851508259773,0.5992283821105957
2023-05-21,SBIN,0.0644532386213541,0.3654083162546158,0.5701384618878365
2023-05-22,COALINDIA,0.9275873899459839,0.024016182869672775,0.048396382480859756
2023-05-22,JSWSTEEL,0.35599913261830807,0.029665206248561542,0.6143356629957756
2023-05-22,NTPC,0.8010745048522949,0.15015913546085358,0.04876637924462557
2023-05-22,ONGC,0.2927483022212982,0.019200889393687248,0.6880508065223694
2023-05-22,RELIANCE,0.13636016845703125,0.04071168228983879,0.8229281902313232
2023-05-22,TCS,0.8030162751674652,0.00801097834482789,0.18897270411252975
2023-05-23,BPCL,0.639928829545776,0.3158922229583065,0.04417898257573446
2023-05-23,CIPLA,0.0748758316040039,0.01769219897687435,0.907431960105896
2023-05-23,JSWSTEEL,0.113404281437397,0.014573255553841591,0.8720223903656006
2023-05-23,MARUTI,0.6733072400093079,0.009538845159113407,0.3171539306640625
2023-05-23,NTPC,0.8313510715961456,0.015347248408943415,0.15330162644386292
2023-05-23,TCS,0.6847200393676758,0.007895635440945625,0.30738434195518494
2023-05-23,WIPRO,0.9014626741409302,0.008310411125421524,0.0902269035577774
2023-05-24,CIPLA,0.05061155930161476,0.011750848963856697,0.9376375675201416
2023-05-24,HINDALCO,0.8702389895915985,0.015064532635733485,0.11469648033380508
2023-05-24,ITC,0.8171408772468567,0.023594195023179054,0.1592649221420288
2023-05-24,JSWSTEEL,0.5892820358276367,0.045540522783994675,0.3651774823665619
2023-05-24,MARUTI,0.9203518629074097,0.025877850130200386,0.053770292550325394
2023-05-24,NTPC,0.08539499342441559,0.010752661153674126,0.9038524031639099
2023-05-24,POWERGRID,0.13633255660533905,0.008372376672923565,0.8552950620651245
2023-05-24,TCS,0.021266834810376167,0.7737107276916504,0.20502246916294098
2023-05-24,WIPRO,0.011298400349915028,0.937402606010437,0.05129899084568024
2023-05-25,HINDALCO,0.039769235998392105,0.29650063440203667,0.6637301603332162
2023-05-25,ICICIBANK,0.07241440564393997,0.06616970896720886,0.8614159226417542
2023-05-25,ITC,0.20203526318073273,0.013607601635158062,0.7843571305274963
2023-05-25,NTPC,0.8876644968986511,0.008629612624645233,0.10370581597089767
2023-05-25,SUNPHARMA,0.9546650052070618,0.018871909007430077,0.026463104411959648
2023-05-25,WIPRO,0.08690948830917478,0.2469151127152145,0.6661753971129656
2023-05-26,BAJAJ-AUTO,0.7812042832374573,0.023452313616871834,0.19534341990947723
2023-05-26,GRASIM,0.9513814449310303,0.01934390887618065,0.029274643398821354
2023-05-26,HDFCBANK,0.07208198308944702,0.010741213336586952,0.9171767830848694
2023-05-26,M&M,0.7189437747001648,0.23703255442281565,0.04402365783850352
2023-05-26,MARUTI,0.468799889087677,0.010503135155886412,0.5206969380378723
2023-05-26,ONGC,0.028775580537815888,0.6496306887517372,0.3215936999768019
2023-05-26,RELIANCE,0.06026983633637428,0.020899906754493713,0.9188302755355835
2023-05-26,SBIN,0.15919506549835205,0.01906423456966877,0.8217407464981079
2023-05-26,SUNPHARMA,0.9112826983133951,0.018521747862299282,0.0701955904563268
2023-05-26,TCS,0.06660133600234985,0.01905430108308792,0.9143444299697876
2023-05-28,HINDALCO,0.0725012943148613,0.013174545019865036,0.914324164390564
2023-05-28,RELIANCE,0.04934119060635567,0.014497809112071991,0.9361609816551208
2023-05-28,TCS,0.8879932761192322,0.014480846002697945,0.09752586483955383
2023-05-29,AXISBANK,0.7384005784988403,0.00911882147192955,0.2524805963039398
2023-05-29,BPCL,0.9287316799163818,0.008683305233716965,0.06258510053157806
2023-05-29,GRASIM,0.046419937163591385,0.015784334391355515,0.9377956986427307
2023-05-29,HDFCBANK,0.9173605442047119,0.010476789437234402,0.0721626877784729
2023-05-29,HINDALCO,0.05176317319273949,0.39044058322906494,0.5577962398529053
2023-05-29,ICICIBANK,0.618139237165451,0.021078810561448336,0.3607819080352783
2023-05-29,ITC,0.10874347388744354,0.0095141576603055,0.8817424178123474
2023-05-29,M&M,0.18595371022820473,0.1513312142342329,0.6627150774002075
2023-05-29,ONGC,0.748154558862249,0.027099192142486572,0.2247463082894683
2023-05-29,SUNPHARMA,0.0626145452260971,0.011952092871069908,0.925433337688446
2023-05-30,AXISBANK,0.48735398054122925,0.007377176079899073,0.5052688717842102
2023-05-30,BAJFINANCE,0.8644312620162964,0.008863617666065693,0.126705139875412
2023-05-30,BRITANNIA,0.9547907114028931,0.016954440623521805,0.028254907578229904
2023-05-30,HINDUNILVR,0.4377289116382599,0.37385863065719604,0.18841242790222168
2023-05-30,ITC,0.2810705676674843,0.3195370379835367,0.39939240366220474
2023-05-30,M&M,0.06411873425046603,0.010800924773017565,0.9250803589820862
2023-05-30,NTPC,0.23880384862422943,0.009238272905349731,0.7519578337669373
2023-05-30,ONGC,0.029217276722192764,0.049939483404159546,0.9208431839942932
2023-05-30,RELIANCE,0.06306612491607666,0.01144788134843111,0.9254860281944275
2023-05-30,SUNPHARMA,0.6447598338127136,0.008317049592733383,0.3469231128692627
2023-05-30,TATASTEEL,0.06394638121128082,0.022322628647089005,0.9137309789657593
2023-05-30,TCS,0.8258912563323975,0.01500006578862667,0.1591087281703949
2023-05-30,WIPRO,0.008199401199817657,0.9502772688865662,0.04152321070432663
2023-05-31,COALINDIA,0.39853725023567677,0.5491345524787903,0.05232817679643631
2023-05-31,HDFCBANK,0.008810420520603657,0.9464893341064453,0.0447002574801445
2023-05-31,KOTAKBANK,0.9120211005210876,0.06202303245663643,0.02595582790672779
2023-05-31,ONGC,0.07417717576026917,0.015016526915133,0.9108062982559204
2023-05-31,SUNPHARMA,0.10091765969991684,0.009811507537961006,0.8892707824707031
2023-05-31,TCS,0.034262415021657944,0.022412318736314774,0.9433252811431885
2023-06-01,BAJAJ-AUTO,0.9474905729293823,0.02653826493769884,0.02597117517143488
2023-06-01,BHARTIARTL,0.5181844681501389,0.13605885207653046,0.3457566983997822
2023-06-01,CIPLA,0.016735419631004333,0.8574478030204773,0.12581683695316315
2023-06-01,COALINDIA,0.07472333265468478,0.13735949411056936,0.7879171594977379
2023-06-01,GRASIM,0.06754793971776962,0.010247647762298584,0.9222043752670288
2023-06-01,INDUSINDBK,0.31717485189437866,0.008864925242960453,0.6739602088928223
2023-06-01,ITC,0.031027862802147865,0.03608253598213196,0.9328896403312683
2023-06-01,KOTAKBANK,0.010770953260362148,0.9653165936470032,0.023912373930215836
2023-06-01,MARUTI,0.8744179606437683,0.022560633718967438,0.10302142985165119
2023-06-01,NTPC,0.7644961476325989,0.008642472326755524,0.22686134278774261
2023-06-01,RELIANCE,0.8910315632820129,0.024327246472239494,0.08464109897613525
2023-06-01,SUNPHARMA,0.08731409907341003,0.011540311388671398,0.9011455178260803
2023-06-01,TCS,0.1737240105867386,0.009949169121682644,0.8163268566131592
2023-06-02,BAJAJ-AUTO,0.8474602103233337,0.1142050139605999,0.038334792479872704
2023-06-02,BAJFINANCE,0.8319854140281677,0.029478756710886955,0.1385357677936554
2023-06-02,BHARTIARTL,0.6851252913475037,0.00811348482966423,0.306761234998703
2023-06-02,COALINDIA,0.4674749542027712,0.02003047545440495,0.5124945873394608
2023-06-02,EICHERMOT,0.9418237209320068,0.03629324585199356,0.021882986649870872
2023-06-02,GRASIM,0.8246787190437317,0.009173575788736343,0.16614775359630585
2023-06-02,ICICIBANK,0.7676328718662262,0.008852872997522354,0.22351424396038055
2023-06-02,KOTAKBANK,0.4399171592667699,0.4726131078787148,0.0874697919934988
2023-06-02,MARUTI,0.5677181482315063,0.05585831527908643,0.37642351103325683
2023-06-02,NTPC,0.333811491727829,0.007991768419742584,0.658196747303009
2023-06-02,ONGC,0.8426566123962402,0.01751701533794403,0.13982634246349335
2023-06-02,TCS,0.016280038515105844,0.7859371304512024,0.1977828098461032
2023-06-03,TCS,0.8310617804527283,0.010424484498798847,0.15851376950740814
2023-06-05,BAJFINANCE,0.9121256470680237,0.05553671345114708,0.03233769163489342
2023-06-05,COALINDIA,0.3577078878879547,0.011969337239861488,0.6303228139877319
2023-06-05,DRREDDY,0.938439130783081,0.02354169636964798,0.038019146770238876
2023-06-05,EICHERMOT,0.014469296671450138,0.965076744556427,0.020453913137316704
2023-06-05,HDFCBANK,0.3655077228322625,0.45345683535560966,0.18103548511862755
2023-06-05,JSWSTEEL,0.026698095723986626,0.04338962957262993,0.9299122095108032
2023-06-05,MARUTI,0.5151889671881994,0.015491290173182884,0.46931974962353706
2023-06-05,NTPC,0.9076243042945862,0.06374631822109222,0.028629280626773834
2023-06-05,ONGC,0.4609176218509674,0.4779086410999298,0.06117376312613487
2023-06-05,TCS,0.1764873256906867,0.07230729749426246,0.7512053847312927
2023-06-05,WIPRO,0.9318149089813232,0.03698405250906944,0.03120102360844612
2023-06-06,HDFCBANK,0.28567739482969046,0.20874202344566584,0.5055806133896112
2023-06-06,HEROMOTOCO,0.9426697492599487,0.026840947568416595,0.030489284545183182
2023-06-06,MARUTI,0.10437588393688202,0.019140440970659256,0.876483678817749
2023-06-06,NTPC,0.7339428067207336,0.23229928314685822,0.033757906407117844
2023-06-06,ONGC,0.17044711112976074,0.009488020092248917,0.820064902305603
2023-06-06,TCS,0.16822218894958496,0.07183704525232315,0.7599408030509949
2023-06-06,ULTRACEMCO,0.4934835247695446,0.22098898608237505,0.2855274938046932
2023-06-07,AXISBANK,0.8081712126731873,0.010223707184195518,0.18160511553287506
2023-06-07,COALINDIA,0.9372071027755737,0.0383257120847702,0.02446717768907547
2023-06-07,HDFCBANK,0.5225456357002258,0.01186709851026535,0.4655872881412506
2023-06-07,HINDUNILVR,0.057298094034194946,0.03344579413533211,0.9092561602592468
2023-06-07,NTPC,0.7355630397796631,0.010442212224006653,0.2539948523044586
2023-06-07,TCS,0.3731009606271982,0.19142618061353764,0.4354728665202856
2023-06-07,TECHM,0.4209223687648773,0.015148031525313854,0.563929557800293
2023-06-08,BAJFINANCE,0.0545073077082634,0.015440566465258598,0.9300521612167358
2023-06-08,BPCL,0.024650152772665024,0.958350419998169,0.01699942536652088
2023-06-08,CIPLA,0.012813926674425602,0.9431347250938416,0.0440514050424099
2023-06-08,COALINDIA,0.053307585418224335,0.013015974313020706,0.9336764812469482
2023-06-08,HDFCBANK,0.043580226600170135,0.3964029382914305,0.5600168034434319
2023-06-08,HEROMOTOCO,0.1674952581524849,0.017611555755138397,0.8148931562900543
2023-06-08,HINDUNILVR,0.060668736696243286,0.9012174010276794,0.03811381012201309
2023-06-08,KOTAKBANK,0.029391221702098846,0.047673001885414124,0.9229358434677124
2023-06-08,NTPC,0.05542414262890816,0.05522141605615616,0.889354407787323
2023-06-08,SUNPHARMA,0.9551690816879272,0.016286375001072884,0.028544576838612556
2023-06-08,TECHM,0.05667242035269737,0.027966810390353203,0.9153608083724976
2023-06-09,AXISBANK,0.08808702975511551,0.013143316842615604,0.8987696170806885
2023-06-09,BAJAJFINSV,0.16298319399356842,0.03338976949453354,0.803627073764801
2023-06-09,COALINDIA,0.028170673176646233,0.7880422472953796,0.18378706276416779
2023-06-09,EICHERMOT,0.15317180752754211,0.8105618357658386,0.03626634553074837
2023-06-09,HDFCBANK,0.33562740683555603,0.008564261719584465,0.6558083295822144
2023-06-09,JSWSTEEL,0.03660176694393158,0.018637273460626602,0.9447609186172485
2023-06-09,KOTAKBANK,0.19668026392658552,0.023598328853646915,0.7797214190165201
2023-06-09,MARUTI,0.18633414804935455,0.011382187716662884,0.8022836446762085
2023-06-09,SBIN,0.7604129314422607,0.008429406210780144,0.23115769028663635
2023-06-09,TITAN,0.048200204968452454,0.13470768928527832,0.8170920610427856
2023-06-11,TCS,0.028659731149673462,0.9589110016822815,0.01242925226688385
2023-06-12,JSWSTEEL,0.5444779396057129,0.00850860308855772,0.4470134377479553
2023-06-12,KOTAKBANK,0.13729257881641388,0.013963100500404835,0.8487443327903748
2023-06-12,NTPC,0.7737751007080078,0.17324095964431763,0.05298399552702904
2023-06-12,ONGC,0.43955495953559875,0.009095733053982258,0.5513493418693542
2023-06-12,TCS,0.09247635304927826,0.015021237544715405,0.8925024271011353
2023-06-12,TITAN,0.052810780704021454,0.02537604607641697,0.9218131899833679
2023-06-13,ASIANPAINT,0.08135608583688736,0.891729474067688,0.02691439352929592
2023-06-13,BAJFINANCE,0.08229159563779831,0.017674585804343224,0.9000338315963745
2023-06-13,HDFCBANK,0.7986800670623779,0.013167894445359707,0.1881519854068756
2023-06-13,HEROMOTOCO,0.07511504739522934,0.01257470715790987,0.9123102426528931
2023-06-13,HINDUNILVR,0.4843105971813202,0.012407010421156883,0.503282368183136
2023-06-13,JSWSTEEL,0.8998340368270874,0.061463650315999985,0.0387023389339447
2023-06-13,MARUTI,0.8735879063606262,0.010169083252549171,0.11624301224946976
2023-06-13,NTPC,0.12983179092407227,0.41745473351329565,0.45271350629627705
2023-06-13,RELIANCE,0.24824713170528412,0.00688489293679595,0.7448679804801941
2023-06-13,TCS,0.008343955501914024,0.9548300504684448,0.0368259958922863
2023-06-13,TECHM,0.6985722184181213,0.00940406322479248,0.29202374815940857
2023-06-14,AXISBANK,0.056092020124197006,0.016791025176644325,0.9271169304847717
2023-06-14,BAJFINANCE,0.7037397623062134,0.02246876247227192,0.27379143238067627
2023-06-14,BHARTIARTL,0.9071428179740906,0.018568184226751328,0.07428907603025436
2023-06-14,HDFCBANK,0.021280260756611824,0.3310059905052185,0.6477137207984924
2023-06-14,HEROMOTOCO,0.2135283350944519,0.01322848629206419,0.773243248462677
2023-06-14,INDUSINDBK,0.9350243210792542,0.01153524313122034,0.05344047024846077
2023-06-14,NESTLEIND,0.03196990489959717,0.7143638134002686,0.2536662817001343
2023-06-14,SBIN,0.5388171076774597,0.008572100661695004,0.4526107907295227
2023-06-14,TATASTEEL,0.7808701395988464,0.13968502031639218,0.07944484800100327
2023-06-14,TCS,0.3174527636729181,0.49410812463611364,0.18843911960721016
2023-06-14,TECHM,0.1572687178850174,0.020164748653769493,0.822566568851471
2023-06-15,AXISBANK,0.060408325865864754,0.30834110267460346,0.6312505304813385
2023-06-15,BRITANNIA,0.9374004006385803,0.011718974448740482,0.05088057368993759
2023-06-15,HCLTECH,0.9466358423233032,0.023012720048427582,0.030351484194397926
2023-06-15,HDFCBANK,0.06264474987983704,0.012324059382081032,0.9250311255455017
2023-06-15,HEROMOTOCO,0.0925931129604578,0.05981401540338993,0.8475929200649261
2023-06-15,KOTAKBANK,0.05723423883318901,0.010226731188595295,0.9325389862060547
2023-06-15,NTPC,0.13368305563926697,0.009168301708996296,0.857148677110672
2023-06-15,ONGC,0.5748206824064255,0.013001732993870974,0.41217759251594543
2023-06-15,SBIN,0.08768729865550995,0.009538721293210983,0.902773916721344
2023-06-15,TATASTEEL,0.45223405957221985,0.008109066635370255,0.5396568775177002
2023-06-15,TCS,0.00955742783844471,0.9594825506210327,0.030960027128458023
2023-06-15,TECHM,0.030356978997588158,0.04467913135886192,0.9249639511108398
2023-06-16,AXISBANK,0.03131409361958504,0.04261959716677666,0.9260663390159607
2023-06-16,COALINDIA,0.5541815757751465,0.015988793224096298,0.4298296570777893
2023-06-16,HDFCBANK,0.052650030702352524,0.016347136348485947,0.9310027956962585
2023-06-16,HEROMOTOCO,0.01910662092268467,0.9433777928352356,0.03751552850008011
2023-06-16,HINDUNILVR,0.2797963321208954,0.018188700079917908,0.7020149230957031
2023-06-16,KOTAKBANK,0.07216299325227737,0.023653896525502205,0.9041831493377686
2023-06-16,SBIN,0.8952416181564331,0.08813510090112686,0.016623282805085182
2023-06-16,TCS,0.5111508369445801,0.07085103681311011,0.41799815371632576
2023-06-16,WIPRO,0.04119954630732536,0.016770562157034874,0.9420299530029297
2023-06-18,TATASTEEL,0.03780767694115639,0.01587607152760029,0.9463162422180176
2023-06-19,BAJFINANCE,0.41033220291137695,0.05673304200172424,0.5329347252845764
2023-06-19,COALINDIA,0.027633322402834892,0.9122594594955444,0.06010723114013672
2023-06-19,DRREDDY,0.8847019672393799,0.015723902732133865,0.09957410395145416
2023-06-19,GRASIM,0.21022985875606537,0.008926321752369404,0.7808437943458557
2023-06-19,HCLTECH,0.24993208050727844,0.015316086821258068,0.7347518801689148
2023-06-19,LT,0.9335343241691589,0.0157468281686306,0.050718754529953
2023-06-19,MARUTI,0.2377048283815384,0.04144125431776047,0.7208539843559265
2023-06-19,NTPC,0.5773659944534302,0.3273649513721466,0.09526906162500381
2023-06-19,ONGC,0.8352365493774414,0.03551219403743744,0.12925122678279877
2023-06-20,HDFCBANK,0.45764243602752686,0.012842968106269836,0.5295146107673645
2023-06-20,SUNPHARMA,0.5024591684341431,0.3752232789993286,0.12231756746768951
2023-06-20,TCS,0.03385799005627632,0.48125056736171246,0.48489144444465637
2023-06-20,WIPRO,0.9008785486221313,0.03489135205745697,0.06423009932041168
2023-06-21,AXISBANK,0.0767422541975975,0.009660604409873486,0.9135971665382385
2023-06-21,BAJAJ-AUTO,0.6648216545581818,0.023560669273138046,0.3116176426410675
2023-06-21,HDFCBANK,0.6467454781134924,0.024632437775532406,0.3286220630009969
2023-06-21,M&M,0.0711163803935051,0.009507465176284313,0.9193761944770813
2023-06-21,NTPC,0.3359166830778122,0.01117552351206541,0.6529078185558319
2023-06-21,SBIN,0.060249608010053635,0.17914100550115108,0.7606094181537628
2023-06-21,TATASTEEL,0.07467088848352432,0.014710194431245327,0.9106189608573914
2023-06-21,TCS,0.8407936096191406,0.015020848251879215,0.14418551325798035
2023-06-21,TITAN,0.024520596489310265,0.27728500962257385,0.6981944441795349
2023-06-22,AXISBANK,0.040286943316459656,0.01616450399160385,0.9435485601425171
2023-06-22,JSWSTEEL,0.06355989724397659,0.10658786445856094,0.829852283000946
2023-06-22,RELIANCE,0.7687674164772034,0.010226801969110966,0.22100582718849182
2023-06-22,TCS,0.4341197187701861,0.12752980614701906,0.4383504291375478
2023-06-23,BPCL,0.39060211181640625,0.01086166687309742,0.5985362529754639
2023-06-23,HDFCBANK,0.689098060131073,0.010897938162088394,0.3000040054321289
2023-06-23,HINDUNILVR,0.03316197916865349,0.8540365099906921,0.11280155181884766
2023-06-23,INDUSINDBK,0.9428525567054749,0.018161136656999588,0.03898625075817108
2023-06-23,ONGC,0.031992585863918066,0.535300437361002,0.43270699214190245
2023-06-23,TATASTEEL,0.28930744528770447,0.016692066565155983,0.6940004825592041
2023-06-23,TCS,0.02384553849697113,0.7857354879379272,0.19041892886161804
2023-06-23,TECHM,0.08333771675825119,0.12790298461914062,0.7887592911720276
2023-06-23,TITAN,0.02636265940964222,0.21195197105407715,0.7616853713989258
2023-06-23,WIPRO,0.009463470429182053,0.9695576429367065,0.020978804677724838
2023-06-24,COALINDIA,0.7769858241081238,0.07103432714939117,0.15197981894016266
2023-06-24,TCS,0.03531811013817787,0.15272256731987,0.8119593858718872
2023-06-25,COALINDIA,0.011819971725344658,0.9167574048042297,0.07142264395952225
2023-06-26,ASIANPAINT,0.040370650589466095,0.0681631937623024,0.8914661407470703
2023-06-26,AXISBANK,0.8331143856048584,0.008136356249451637,0.15874920785427094
2023-06-26,DRREDDY,0.4926297999918461,0.053260304033756256,0.45410992577672005
2023-06-26,HCLTECH,0.14203205704689026,0.4159303605556488,0.44203752279281616
2023-06-26,HDFCBANK,0.12123411893844604,0.8463568091392517,0.03240901231765747
2023-06-26,HINDUNILVR,0.0683034360408783,0.057950954884290695,0.8737455904483795
2023-06-26,ICICIBANK,0.5833416879177094,0.06499750167131424,0.3516608029603958
2023-06-26,KOTAKBANK,0.1544957458972931,0.09219642728567123,0.7533077597618103
2023-06-26,ONGC,0.8254325985908508,0.010029904544353485,0.1645374447107315
2023-06-26,TCS,0.47620850894600153,0.03136019688099623,0.4924312848597765
2023-06-26,TECHM,0.17495596408843994,0.12475947290658951,0.7002845406532288
2023-06-27,BAJAJ-AUTO,0.7503341436386108,0.029169965535402298,0.22049595415592194
2023-06-27,BHARTIARTL,0.038288287818431854,0.8174485564231873,0.14426319301128387
2023-06-27,HDFCBANK,0.3321001948788762,0.261894166469574,0.4060056246817112
2023-06-27,HINDUNILVR,0.02107403799891472,0.06568579375743866,0.9132401943206787
2023-06-27,ICICIBANK,0.03219529613852501,0.12205632776021957,0.8457484245300293
2023-06-27,SUNPHARMA,0.863101065158844,0.0114667396992445,0.12543220818042755
2023-06-27,TECHM,0.026177722960710526,0.03463975340127945,0.939182460308075
2023-06-27,WIPRO,0.04505913332104683,0.01932990364730358,0.9356109499931335
2023-06-28,ASIANPAINT,0.10383731871843338,0.011360200121998787,0.8848024606704712
2023-06-28,BAJAJ-AUTO,0.08069059997797012,0.013637544587254524,0.9056718349456787
2023-06-28,BAJFINANCE,0.03688909113407135,0.017341947183012962,0.9457688927650452
2023-06-28,BPCL,0.23478259332478046,0.47160994121804833,0.29360741563141346
2023-06-28,CIPLA,0.9315971732139587,0.012616547755897045,0.055786244571208954
2023-06-28,HDFCBANK,0.2236475870013237,0.04345458373427391,0.7328978180885315
2023-06-28,ITC,0.3176841735839844,0.02229039929807186,0.6600254774093628
2023-06-28,KOTAKBANK,0.08406073600053787,0.00987290870398283,0.906066358089447
2023-06-28,SUNPHARMA,0.5522416234016418,0.031125279143452644,0.41663312911987305
2023-06-28,TECHM,0.04964578151702881,0.8450570702552795,0.1052970364689827
2023-06-29,BAJAJFINSV,0.6549130082130432,0.006965050008147955,0.33812201023101807
2023-06-29,HCLTECH,0.6984597444534302,0.018054984509944916,0.28348520398139954
2023-06-29,HDFCBANK,0.3225800693035126,0.00797678530216217,0.6694431304931641
2023-06-29,HINDUNILVR,0.21105483174324036,0.011530706658959389,0.7774144411087036
2023-06-29,ICICIBANK,0.024521714076399803,0.028268808498978615,0.9472094178199768
2023-06-29,TCS,0.30489783951391775,0.4772643024722735,0.21783786763747534
2023-06-30,BAJAJ-AUTO,0.8993103504180908,0.08161991834640503,0.019069744274020195
2023-06-30,BHARTIARTL,0.22137502394616604,0.01595774246379733,0.7626672089099884
2023-06-30,HDFCBANK,0.05557367503643036,0.20811000727117063,0.7363163292407989
2023-06-30,HEROMOTOCO,0.9472219347953796,0.017390325665473938,0.03538772463798523
2023-06-30,HINDUNILVR,0.08573354035615921,0.02431785687804222,0.8899485468864441
2023-06-30,ICICIBANK,0.050841934978961945,0.1692570741288364,0.779900997877121
2023-06-30,INDUSINDBK,0.9330188035964966,0.03336668759584427,0.033614471554756165
2023-06-30,NTPC,0.9281064867973328,0.013341465964913368,0.05855197459459305
2023-06-30,TCS,0.05592168169096112,0.4221784733235836,0.5218998491764069
2023-06-30,TECHM,0.05069248005747795,0.03535402566194534,0.9139534831047058
2023-06-30,TITAN,0.03621922433376312,0.024721413850784302,0.9390593767166138
2023-06-30,ULTRACEMCO,0.2389555722475052,0.010922846384346485,0.7501215934753418
2023-07-01,COALINDIA,0.8700166940689087,0.008939054794609547,0.12104424089193344
2023-07-01,HDFCBANK,0.105074147383372,0.013550306359926859,0.8813755710919698
2023-07-01,MARUTI,0.9473017752170563,0.022671345621347427,0.03002685960382223
2023-07-01,NTPC,0.93217933177948,0.02600735053420067,0.041813354939222336
2023-07-01,ONGC,0.1644274890422821,0.10315661132335663,0.7324158549308777
2023-07-01,ULTRACEMCO,0.9500906467437744,0.022058038040995598,0.027851298451423645
2023-07-03,AXISBANK,0.057836923748254776,0.034791555255651474,0.9073715209960938
2023-07-03,BAJAJ-AUTO,0.44263643538579345,0.48862587474286556,0.06873770244419575
2023-07-03,EICHERMOT,0.9487042427062988,0.02646023780107498,0.024835484102368355
2023-07-03,HDFCBANK,0.32959182808796567,0.03317355954398712,0.637234610815843
2023-07-03,HEROMOTOCO,0.10626368899829686,0.4333956961054355,0.46034060092642903
2023-07-03,INDUSINDBK,0.40453342348337173,0.025348276598379016,0.570118322968483
2023-07-03,MARUTI,0.2237328141927719,0.027201185002923012,0.7490659952163696
2023-07-03,SUNPHARMA,0.01612580381333828,0.8756129741668701,0.10826120525598526
2023-07-03,TECHM,0.24661584198474884,0.03494162857532501,0.7184424996376038
2023-07-03,ULTRACEMCO,0.9510682225227356,0.02097933553159237,0.027952466160058975
2023-07-04,BAJFINANCE,0.9206356406211853,0.02861115336418152,0.05075320973992348
2023-07-04,CIPLA,0.5475573539733887,0.024314384907484055,0.4281282424926758
2023-07-04,COALINDIA,0.011906251311302185,0.9477024078369141,0.04039136320352554
2023-07-04,HDFCBANK,0.4348726412281394,0.024193815421313047,0.5409335345029831
2023-07-04,HEROMOTOCO,0.3539735972881317,0.012541675940155983,0.6334847211837769
2023-07-04,INDUSINDBK,0.9449222683906555,0.017174718901515007,0.037903010845184326
2023-07-04,TCS,0.03441695496439934,0.018858134746551514,0.9467249512672424
2023-07-04,WIPRO,0.9417946338653564,0.019135113805532455,0.03907032683491707
2023-07-05,BAJAJ-AUTO,0.18413963913917542,0.010846506804227829,0.8050138354301453
2023-07-05,BAJFINANCE,0.0882813073694706,0.02637132629752159,0.8853473663330078
2023-07-05,BPCL,0.04237006604671478,0.016732050105929375,0.9408978819847107
2023-07-05,DRREDDY,0.10243247449398041,0.009914311580359936,0.8876532316207886
2023-07-05,EICHERMOT,0.4970070421695709,0.024753443896770477,0.4782394468784332
2023-07-05,HDFCBANK,0.9505577087402344,0.018699167296290398,0.03074309043586254
2023-07-05,HEROMOTOCO,0.5200788509100676,0.019494961947202682,0.4604261480271816
2023-07-05,INDUSINDBK,0.8904706835746765,0.050358206033706665,0.05917118862271309
2023-07-05,ITC,0.7347673773765564,0.09490656852722168,0.1703260838985443
2023-07-05,JSWSTEEL,0.3130035698413849,0.011342466808855534,0.6756539344787598
2023-07-05,MARUTI,0.6772151030600071,0.01714849006384611,0.3056364036165178
2023-07-05,NTPC,0.9351604580879211,0.015669241547584534,0.04917026311159134
2023-07-05,TATASTEEL,0.8347682356834412,0.012188808061182499,0.15304288268089294
2023-07-06,BPCL,0.565502941608429,0.03979320079088211,0.39470383524894714
2023-07-06,EICHERMOT,0.02814518054947257,0.48845138866454363,0.48340345174074173
2023-07-06,HDFCBANK,0.6277623176574707,0.0186789371073246,0.353558748960495
2023-07-06,HEROMOTOCO,0.6400911211967468,0.2753562331199646,0.08455263078212738
2023-07-06,HINDUNILVR,0.9597628712654114,0.020643047988414764,0.019594034180045128
2023-07-06,JSWSTEEL,0.6063032088180383,0.02536207064986229,0.36833469693859416
2023-07-06,MARUTI,0.041290100663900375,0.02727450057864189,0.9314354062080383
2023-07-06,NTPC,0.07219990342855453,0.025917936116456985,0.9018821716308594
2023-07-06,RELIANCE,0.02589014545083046,0.45864051952958107,0.5154693312942982
2023-07-06,TATASTEEL,0.9470667839050293,0.02552149072289467,0.02741166763007641
2023-07-06,TCS,0.4247708171606064,0.015436957124620676,0.5597922801971436
2023-07-06,TITAN,0.49128012638539076,0.23745076172053814,0.27126909978687763
2023-07-07,BAJAJ-AUTO,0.07563421130180359,0.010895800776779652,0.9134700298309326
2023-07-07,BPCL,0.8633038401603699,0.012745656073093414,0.12395044416189194
2023-07-07,CIPLA,0.10378612577915192,0.6984387636184692,0.19777505099773407
2023-07-07,EICHERMOT,0.19586726650595665,0.33134558610618114,0.4727871250361204
2023-07-07,ITC,0.04045587033033371,0.0286910068243742,0.9308531284332275
2023-07-07,M&M,0.050763458013534546,0.01420455053448677,0.9350320100784302
2023-07-07,NTPC,0.8748648166656494,0.02441389113664627,0.10072126984596252
2023-07-07,SBIN,0.061528194695711136,0.016946187242865562,0.9215255975723267
2023-07-07,TCS,0.09500960695246856,0.3324540474762519,0.572536388412118
2023-07-07,TITAN,0.31166064739227295,0.01683158613741398,0.6715077757835388
2023-07-08,RELIANCE,0.025861402973532677,0.02030017226934433,0.9538384079933167
2023-07-09,HEROMOTOCO,0.9005954265594482,0.008834934793412685,0.09056967496871948
2023-07-09,RELIANCE,0.8226773142814636,0.011023330502212048,0.16629929840564728
2023-07-09,TCS,0.9122756123542786,0.06401054561138153,0.023713909089565277
2023-07-10,HDFCBANK,0.05432475730776787,0.023741187527775764,0.9219340682029724
2023-07-10,RELIANCE,0.43173331022262573,0.1287849098443985,0.4394817650318146
2023-07-10,TCS,0.03578034943590561,0.6120040801664194,0.3522155111034711
2023-07-10,TECHM,0.2764609307050705,0.03737808329363664,0.6861609518527985
2023-07-11,COALINDIA,0.7674663662910461,0.00808904692530632,0.22444461286067963
2023-07-11,HCLTECH,0.008717775344848633,0.9712868332862854,0.019995443522930145
2023-07-11,INDUSINDBK,0.07713025063276291,0.009659698233008385,0.9132100939750671
2023-07-11,ITC,0.6408579597870508,0.029325122945010662,0.32981691136956215
2023-07-11,RELIANCE,0.11944492906332016,0.010363052599132061,0.8701920509338379
2023-07-11,SBIN,0.07627111673355103,0.013786920346319675,0.9099420309066772
2023-07-11,TCS,0.4946394972503185,0.01611700002104044,0.4892434999346733
2023-07-12,ASIANPAINT,0.9482109546661377,0.021772876381874084,0.030016083270311356
2023-07-12,AXISBANK,0.06061895191669464,0.8258265852928162,0.11355442553758621
2023-07-12,BRITANNIA,0.9491006135940552,0.020101211965084076,0.03079819679260254
2023-07-12,CIPLA,0.9508974552154541,0.020616164430975914,0.028486428782343864
2023-07-12,DRREDDY,0.9493682980537415,0.020125044509768486,0.030506566166877747
2023-07-12,EICHERMOT,0.9509198665618896,0.021070238202810287,0.028009817004203796
2023-07-12,HDFCBANK,0.20131626212969422,0.39381561102345586,0.40486812591552734
2023-07-12,HEROMOTOCO,0.9505705237388611,0.02156469225883484,0.02786487340927124
2023-07-12,HINDUNILVR,0.9472364783287048,0.021585416048765182,0.031178046017885208
2023-07-12,INDUSINDBK,0.01190716028213501,0.9619916081428528,0.026101266965270042
2023-07-12,ITC,0.9502187371253967,0.020183617249131203,0.029597613960504532
2023-07-12,M&M,0.946516752243042,0.02241278812289238,0.031070463359355927
2023-07-12,MARUTI,0.9450209736824036,0.02158886194229126,0.03339020162820816
2023-07-12,ONGC,0.6084592938423157,0.00880080834031105,0.3827398419380188
2023-07-12,TCS,0.31024025854739273,0.18314426197585734,0.5066154797307469
2023-07-12,ULTRACEMCO,0.01598455384373665,0.937548041343689,0.046467375010252
2023-07-12,WIPRO,0.44072357782473165,0.3291050054443379,0.23017139049867788
2023-07-13,DRREDDY,0.01943175308406353,0.9434351921081543,0.03713294118642807
2023-07-13,HCLTECH,0.1574536778498441,0.24974943860433996,0.592796869110316
2023-07-13,HDFCBANK,0.13858096301555634,0.0168047531042248,0.8446142673492432
2023-07-13,NTPC,0.02601851336658001,0.8692808747291565,0.10470065474510193
2023-07-13,TCS,0.3340944935168539,0.018157710720385824,0.6477477907070092
2023-07-13,TITAN,0.4289148263633251,0.01109241135418415,0.5599927604198456
2023-07-13,WIPRO,0.31175686201701563,0.4425648379450043,0.24567830438415209
2023-07-14,ASIANPAINT,0.14045052230358124,0.823245644569397,0.03630376607179642
2023-07-14,AXISBANK,0.48782177921384573,0.22486939933151007,0.28730884101241827
2023-07-14,BHARTIARTL,0.9481215476989746,0.018173841759562492,0.03370462730526924
2023-07-14,HDFCBANK,0.951192319393158,0.019907087087631226,0.028900571167469025
2023-07-14,ICICIBANK,0.95139479637146,0.020588809624314308,0.02801639772951603
2023-07-14,INDUSINDBK,0.9516556859016418,0.019671985879540443,0.02867223508656025
2023-07-14,ONGC,0.018435481935739517,0.3780551552772522,0.6035093665122986
2023-07-14,SBIN,0.9498088359832764,0.020048601552844048,0.03014260344207287
2023-07-14,TATASTEEL,0.7743282914161682,0.007407876197248697,0.2182639092206955
2023-07-14,TCS,0.07526867650449276,0.40200312063097954,0.5227281674742699
2023-07-14,ULTRACEMCO,0.951360285282135,0.019640544429421425,0.028999190777540207
2023-07-14,WIPRO,0.19639698192477226,0.210194968059659,0.5934080380946398
2023-07-15,JSWSTEEL,0.042952705174684525,0.01752820424735546,0.9395191073417664
2023-07-15,ONGC,0.5739431381225586,0.024809151887893677,0.40124770998954773
2023-07-17,AXISBANK,0.9442992806434631,0.017334694042801857,0.03836609795689583
2023-07-17,BAJFINANCE,0.07523217052221298,0.15020956099033356,0.7745583057403564
2023-07-17,DRREDDY,0.8779283761978149,0.025362849235534668,0.09670885652303696
2023-07-17,HDFCBANK,0.34792100979636115,0.3396899099979136,0.312389118803872
2023-07-17,HEROMOTOCO,0.05324598401784897,0.01609255000948906,0.9306614398956299
2023-07-17,ICICIBANK,0.9500699043273926,0.019734583795070648,0.030195527710020542
2023-07-17,INDUSINDBK,0.9505110681056976,0.018214650452136993,0.03127421624958515
2023-07-17,JSWSTEEL,0.13073362410068512,0.007276185788214207,0.861990213394165
2023-07-17,LT,0.9541159868240356,0.018177730962634087,0.027706261724233627
2023-07-17,M&M,0.9424986243247986,0.029355579987168312,0.028145847842097282
2023-07-17,MARUTI,0.6221360564231873,0.01942533813416958,0.3584386110305786
2023-07-17,NESTLEIND,0.8653020858764648,0.016949499025940895,0.11774837225675583
2023-07-17,NTPC,0.6544220447540283,0.007805758621543646,0.3377722203731537
2023-07-17,ONGC,0.9043052792549133,0.050145216286182404,0.04554954543709755
2023-07-17,RELIANCE,0.02073831483721733,0.02915557287633419,0.9501060843467712
2023-07-17,TATASTEEL,0.00830462109297514,0.9723940491676331,0.019301356747746468
2023-07-17,TCS,0.47035878896713257,0.04683715105056763,0.4828041195869446
2023-07-17,TECHM,0.07791174948215485,0.32728779315948486,0.5948004126548767
2023-07-18,COALINDIA,0.00959001760929823,0.9693845510482788,0.021025395020842552
2023-07-18,HDFCBANK,0.42121520191431044,0.048922442644834516,0.5298623725771904
2023-07-18,HEROMOTOCO,0.18728236854076385,0.012070996686816216,0.8006466031074524
2023-07-18,INDUSINDBK,0.9514794051647186,0.025538191199302673,0.02298238594084978
2023-07-18,MARUTI,0.9015103578567505,0.03827419877052307,0.06021541729569435
2023-07-18,RELIANCE,0.49030577577650547,0.015107531100511551,0.4945866968482733
2023-07-18,TCS,0.17215629247948527,0.5258286218158901,0.302015055436641
2023-07-19,ASIANPAINT,0.04836006462574005,0.017205065116286278,0.9344348907470703
2023-07-19,HCLTECH,0.9506925344467163,0.018510203808546066,0.03079724684357643
2023-07-19,HDFCBANK,0.49445878341794014,0.017619268503040075,0.48792192712426186
2023-07-19,HEROMOTOCO,0.12288841605186462,0.008545168675482273,0.8685664534568787
2023-07-19,HINDUNILVR,0.9517413377761841,0.017731286585330963,0.030527427792549133
2023-07-19,INDUSINDBK,0.17824346093194826,0.03553108431931053,0.7862254274742944
2023-07-19,M&M,0.9224173426628113,0.04331895709037781,0.0342637374997139
2023-07-19,NTPC,0.9135205745697021,0.050303272902965546,0.036176227033138275
2023-07-19,TATASTEEL,0.5874473452568054,0.00793236494064331,0.40462031960487366
2023-07-19,TCS,0.7386310771107674,0.04982422373723239,0.21154470229521394
2023-07-19,WIPRO,0.9507213830947876,0.018967457115650177,0.03031120728701353
2023-07-20,BAJAJFINSV,0.9326551556587219,0.011711287312209606,0.05563361942768097
2023-07-20,DRREDDY,0.7502505779266357,0.14489257335662842,0.10485685616731644
2023-07-20,HDFCBANK,0.027845051139593124,0.03475321829319,0.9374017119407654
2023-07-20,HINDUNILVR,0.0683341114781797,0.47266331128776073,0.45900262519717216
2023-07-20,INDUSINDBK,0.19007291831076145,0.01083669951185584,0.7990904152393341
2023-07-20,JSWSTEEL,0.9531866908073425,0.02054404281079769,0.026269203051924706
2023-07-20,MARUTI,0.08878515660762787,0.8992422223091125,0.011972601525485516
2023-07-20,RELIANCE,0.22467818018049002,0.018083886243402958,0.7572379261255264
2023-07-20,TATASTEEL,0.04248792678117752,0.020912017673254013,0.9366000890731812
2023-07-20,TCS,0.8165839910507202,0.008677395060658455,0.17473864555358887
2023-07-21,HINDUNILVR,0.4603010674140283,0.14753201204751218,0.3921669301177774
2023-07-21,ICICIBANK,0.9523630738258362,0.02496935985982418,0.022667592391371727
2023-07-21,INDUSINDBK,0.37768903374671936,0.5556148886680603,0.06669612228870392
2023-07-21,JSWSTEEL,0.9469138979911804,0.025451213121414185,0.027634937781840563
2023-07-21,KOTAKBANK,0.9420056939125061,0.036191824823617935,0.021802473813295364
2023-07-21,LT,0.05291764810681343,0.017950497567653656,0.9291319251060486
2023-07-21,RELIANCE,0.2448869558982551,0.7277511782944203,0.027361900731921195
2023-07-21,SBIN,0.4571632742881775,0.026066424325108528,0.5167703032493591
2023-07-21,ULTRACEMCO,0.9512352347373962,0.017240677960217,0.03152408730238676
2023-07-22,AXISBANK,0.03241252526640892,0.17887018620967865,0.7887173295021057
2023-07-22,HINDUNILVR,0.09002505987882614,0.0094763757660985,0.9004985690116882
2023-07-22,ICICIBANK,0.2956401885021478,0.2586269879247993,0.44573284266516566
2023-07-22,KOTAKBANK,0.48220226634293795,0.26279139379039407,0.2550063095986843
2023-07-22,TATASTEEL,0.010728122666478157,0.9736668467521667,0.015605044551193714
2023-07-22,ULTRACEMCO,0.2067619487643242,0.009462075773626566,0.7837759852409363
2023-07-23,HDFCBANK,0.9413383603096008,0.011585374362766743,0.04707632213830948
2023-07-23,ICICIBANK,0.8377251625061035,0.018143435940146446,0.1441313624382019
2023-07-23,ULTRACEMCO,0.11631675064563751,0.011343136429786682,0.8723400831222534
2023-07-24,ICICIBANK,0.4088825375462572,0.028476254704097908,0.5626411779473225
2023-07-24,ITC,0.6049138009548187,0.013338794000446796,0.381747388591369
2023-07-24,JSWSTEEL,0.05329520255327225,0.930878221988678,0.015826573595404625
2023-07-24,KOTAKBANK,0.36679503445823985,0.018437896855175495,0.6147670565793911
2023-07-24,MARUTI,0.014352360740303993,0.9616326093673706,0.024014944210648537
2023-07-24,RELIANCE,0.5235185846686363,0.4144580811262131,0.06202336959540844
2023-07-24,TATASTEEL,0.009362416341900826,0.9705902934074402,0.020047366619110107
2023-07-24,TCS,0.011840990744531155,0.9659526348114014,0.022206326946616173
2023-07-24,ULTRACEMCO,0.3046238925307989,0.012961930595338345,0.6824141517281532
2023-07-24,WIPRO,0.575036346912384,0.00986387487500906,0.41509974002838135
2023-07-25,ASIANPAINT,0.484389241784811,0.03627789206802845,0.4793328605592251
2023-07-25,AXISBANK,0.9519832730293274,0.024470992386341095,0.023545803502202034
2023-07-25,BAJAJ-AUTO,0.6484492756426334,0.02238389415045579,0.32916681468486786
2023-07-25,CIPLA,0.9436004757881165,0.03315884247422218,0.02324073016643524
2023-07-25,DRREDDY,0.9470679759979248,0.017084876075387,0.03584718704223633
2023-07-25,ICICIBANK,0.32575707137584686,0.011965984012931585,0.662276953458786
2023-07-25,ITC,0.03053881786763668,0.40687038004398346,0.562590791285038
2023-07-25,KOTAKBANK,0.0750914141535759,0.009359203279018402,0.9155493974685669
2023-07-25,LT,0.9483240246772766,0.017444567754864693,0.03423140197992325
2023-07-25,TATASTEEL,0.6521173026412725,0.02570544322952628,0.32217726251110435
2023-07-25,ULTRACEMCO,0.27257994562387466,0.009289180859923363,0.718130886554718
2023-07-26,ASIANPAINT,0.4680611237883568,0.18531148470938205,0.34662740118801594
2023-07-26,AXISBANK,0.5820018365979195,0.02830112650990486,0.38969706408679483
2023-07-26,BAJAJ-AUTO,0.6370558887720108,0.18855805043131113,0.17438605651259423
2023-07-26,BAJFINANCE,0.9486975371837616,0.02656473219394684,0.024737735278904438
2023-07-26,BPCL,0.9273684024810791,0.048738498240709305,0.02389318309724331
2023-07-26,CIPLA,0.932989239692688,0.041472725570201874,0.025537990033626556
2023-07-26,HDFCBANK,0.08410552889108658,0.009224753826856613,0.9066697359085083
2023-07-26,HINDUNILVR,0.06921207159757614,0.013705447316169739,0.9170824289321899
2023-07-26,ICICIBANK,0.16083909571170807,0.010588474571704865,0.8285723924636841
2023-07-26,INDUSINDBK,0.032032646238803864,0.06519100815057755,0.9027763605117798
2023-07-26,NESTLEIND,0.9519540667533875,0.018828317523002625,0.02921752817928791
2023-07-26,TATASTEEL,0.6041962668920556,0.3518105900535981,0.043993121633927025
2023-07-26,TCS,0.018250809982419014,0.9699820876121521,0.011767015792429447
2023-07-26,TECHM,0.16881560635132095,0.6495377256845435,0.18164667735497156
2023-07-27,ASIANPAINT,0.1621517390012741,0.013110422218839327,0.8247378468513489
2023-07-27,AXISBANK,0.02808267157524824,0.4936437588185072,0.47827357798814774
2023-07-27,BAJAJ-AUTO,0.11308935284614563,0.013012517554064592,0.8738981088002523
2023-07-27,BAJAJFINSV,0.9521259069442749,0.02227908745408058,0.025595039129257202
2023-07-27,BAJFINANCE,0.34397886724521715,0.2639288925565779,0.3920922453204791
2023-07-27,BPCL,0.6446032784879208,0.02090597463150819,0.33449076178173226
2023-07-27,BRITANNIA,0.4326584041118622,0.007707349956035614,0.559634268283844
2023-07-27,CIPLA,0.9431092858314514,0.02250182181596756,0.03438890874385834
2023-07-27,DRREDDY,0.9412302573521932,0.026373474548260372,0.032396312803030014
2023-07-27,HINDUNILVR,0.39580497331917286,0.48035971727222204,0.12383528240025043
2023-07-27,ITC,0.9399251341819763,0.018577583134174347,0.04149729385972023
2023-07-27,LT,0.09319470077753067,0.010651729069650173,0.8961536288261414
2023-07-27,NESTLEIND,0.724019929766655,0.021494886837899685,0.25448521971702576
2023-07-27,TECHM,0.6397923628489176,0.3291184436529875,0.031089128305514652
2023-07-27,ULTRACEMCO,0.21613679826259613,0.15897983312606812,0.6248833537101746
2023-07-28,ASIANPAINT,0.10533368960022926,0.012305077631026506,0.8823612332344055
2023-07-28,BAJAJ-AUTO,0.22030157782137394,0.013630432542413473,0.7660679891705513
2023-07-28,BAJAJFINSV,0.949735164642334,0.019035144709050655,0.03122970275580883
2023-07-28,BPCL,0.8304409384727478,0.005879812873899937,0.163679301738739
2023-07-28,CIPLA,0.3198511600494385,0.015405380167067051,0.6647434830665588
2023-07-28,DRREDDY,0.1567280888557434,0.05831443518400192,0.7849574685096741
2023-07-28,HEROMOTOCO,0.22311316430568695,0.0072127641178667545,0.7696741223335266
2023-07-28,ITC,0.032314226031303406,0.10842067748308182,0.8592650890350342
2023-07-28,LT,0.2823975123465061,0.01203713403083384,0.7055653724819422
2023-07-28,NESTLEIND,0.8349879011511803,0.019769262289628386,0.1452428256161511
2023-07-28,SBIN,0.03822240233421326,0.07117151468992233,0.8906061053276062
2023-07-28,TATASTEEL,0.07670018076896667,0.014033729210495949,0.9092661142349243
2023-07-28,TECHM,0.018478764221072197,0.9495005011558533,0.032020796090364456
2023-07-29,ASIANPAINT,0.6143034100532532,0.027844330295920372,0.35785219073295593
2023-07-29,AXISBANK,0.15671038875977197,0.011112061018745104,0.8321775396664938
2023-07-29,BAJAJ-AUTO,0.2064700573682785,0.011179527267813683,0.7823503613471985
2023-07-29,CIPLA,0.0659077912569046,0.012232233149309954,0.9218599597613016
2023-07-29,DRREDDY,0.1286616325378418,0.07564875483512878,0.7956896424293518
2023-07-29,HEROMOTOCO,0.07603554427623749,0.06196453422307968,0.8619999885559082
2023-07-29,INDUSINDBK,0.06876109540462494,0.010140282101929188,0.9210985898971558
2023-07-29,NTPC,0.9423003196716309,0.027444373816251755,0.03025529347360134
2023-07-29,TCS,0.09270481765270233,0.07397065917029977,0.8333244919776917
2023-07-29,TECHM,0.42417125776410103,0.014308853074908257,0.5615198835730553
2023-07-30,BPCL,0.2892906069755554,0.008165628649294376,0.7025437951087952
2023-07-30,CIPLA,0.053445152938365936,0.016860688105225563,0.9296941757202148
2023-07-30,SBIN,0.009670174680650234,0.966688334941864,0.023641470819711685
2023-07-30,TCS,0.4375310242176056,0.07265636324882507,0.4898126721382141
2023-07-30,TECHM,0.06869606673717499,0.01679391600191593,0.9145099520683289
2023-07-31,BAJAJ-AUTO,0.12028813362121582,0.009866248816251755,0.8698456883430481
2023-07-31,BHARTIARTL,0.016109813004732132,0.9188207983970642,0.06506938487291336
2023-07-31,BPCL,0.06759215146303177,0.01642351597547531,0.9159842729568481
2023-07-31,CIPLA,0.18813607096672058,0.1182936578989029,0.6935703158378601
2023-07-31,HDFCBANK,0.0754220187664032,0.013748743571341038,0.9108292460441589
2023-07-31,ITC,0.07120847702026367,0.018884599208831787,0.9099069833755493
2023-07-31,KOTAKBANK,0.053791800513863564,0.03752532787621021,0.9086828231811523
2023-07-31,MARUTI,0.953016459941864,0.024649986997246742,0.02233363874256611
2023-07-31,NESTLEIND,0.06823987017075221,0.015206315244237581,0.9165538549423218
2023-07-31,NTPC,0.634720383832852,0.3396899712582429,0.025589637458324432
2023-07-31,POWERGRID,0.48251817654818296,0.47778611443936825,0.03969573602080345
2023-07-31,TCS,0.028270835056900978,0.9089409708976746,0.06278826296329498
2023-07-31,TECHM,0.0724511444568634,0.011890075169503689,0.9156587719917297
2023-08-01,ASIANPAINT,0.05260312184691429,0.031109772622585297,0.9162870645523071
2023-08-01,BAJAJFINSV,0.10529619455337524,0.014543497934937477,0.8801602721214294
2023-08-01,BHARTIARTL,0.1411198079586029,0.6158355474472046,0.2430446594953537
2023-08-01,HEROMOTOCO,0.021793010799835127,0.8949832121531168,0.08322376571595669
2023-08-01,MARUTI,0.7313938923180103,0.024877554504200816,0.24372852826490998
2023-08-01,NTPC,0.05366306006908417,0.014903887175023556,0.9314330220222473
2023-08-01,POWERGRID,0.3210096941329539,0.6556297248850266,0.023360598211487133
2023-08-01,RELIANCE,0.8702811002731323,0.010204356163740158,0.1195145845413208
2023-08-02,BAJAJ-AUTO,0.9176815748214722,0.011068644933402538,0.07124980539083481
2023-08-02,BHARTIARTL,0.9235894083976746,0.015162936411798,0.06124769151210785
2023-08-02,BPCL,0.12529946491122246,0.011492028832435608,0.863208532333374
2023-08-02,COALINDIA,0.06332412362098694,0.01318864431232214,0.9234872460365295
2023-08-02,EICHERMOT,0.03838453069329262,0.9497125744819641,0.01190293300896883
2023-08-02,HEROMOTOCO,0.03491360112093389,0.6019434705376625,0.3631429262459278
2023-08-02,JSWSTEEL,0.13960540294647217,0.007974819280207157,0.8524197936058044
2023-08-02,POWERGRID,0.03107253834605217,0.9553588628768921,0.013568523339927197
2023-08-02,SUNPHARMA,0.034907110035419464,0.9493081569671631,0.015784794464707375
2023-08-03,BHARTIARTL,0.0923156663775444,0.45997509313747287,0.44770921021699905
2023-08-03,BPCL,0.902732253074646,0.0217592790722847,0.0755084753036499
2023-08-03,EICHERMOT,0.9497977495193481,0.024088235571980476,0.0261140838265419
2023-08-03,HEROMOTOCO,0.806219756603241,0.013429422862827778,0.1803508261218667
2023-08-03,INDUSINDBK,0.07059338688850403,0.025485672056674957,0.9039209485054016
2023-08-03,JSWSTEEL,0.31780673563480377,0.2233606781810522,0.45883261505514383
2023-08-03,MARUTI,0.0668988237157464,0.015882496954873204,0.9172186851501465
2023-08-03,RELIANCE,0.09366533160209656,0.01250060647726059,0.893834114074707
2023-08-03,SBIN,0.9500828981399536,0.027612676844000816,0.02230440080165863
2023-08-03,SUNPHARMA,0.4795965072698891,0.49687810614705086,0.023525433614850044
2023-08-03,TCS,0.688010036945343,0.039582591503858566,0.2724073529243469
2023-08-03,TITAN,0.06359175592660904,0.027867738157510757,0.9085404872894287
2023-08-04,BHARTIARTL,0.6821351250012716,0.019090048347910244,0.2987747856726249
2023-08-04,CIPLA,0.4421823788434267,0.03509793244302273,0.5227196961641312
2023-08-04,EICHERMOT,0.9493102729320526,0.01811828836798668,0.03257140051573515
2023-08-04,M&M,0.7324892282485962,0.01890215976163745,0.24860864784568548
2023-08-04,MARUTI,0.06682783365249634,0.028504880145192146,0.904667317867279
2023-08-04,NTPC,0.268224415058891,0.3052504553149144,0.4265250985821088
2023-08-04,SBIN,0.48808505944907665,0.036784254014492035,0.4751306986436248
2023-08-05,ICICIBANK,0.01328490860760212,0.9618436694145203,0.02487143687903881
2023-08-05,ITC,0.02225087769329548,0.023155253380537033,0.9545938372612
2023-08-05,M&M,0.9468909502029419,0.013670526444911957,0.039438534528017044
2023-08-05,MARUTI,0.8194124698638916,0.008748716674745083,0.17183881998062134
2023-08-06,EICHERMOT,0.07683446258306503,0.013093044050037861,0.9100725054740906
2023-08-06,HDFCBANK,0.651816189289093,0.018775030970573425,0.32940876483917236
2023-08-06,ICICIBANK,0.027929870411753654,0.7320194840431213,0.24005062878131866
2023-08-06,RELIANCE,0.13822251558303833,0.011766640469431877,0.8500108122825623
2023-08-07,BAJFINANCE,0.7642320394515991,0.03431127592921257,0.20145677030086517
2023-08-07,BHARTIARTL,0.08029172569513321,0.012252186425030231,0.9074560403823853
2023-08-07,BRITANNIA,0.8703885873158773,0.02583297962943713,0.10377840387324493
2023-08-07,CIPLA,0.01044163666665554,0.9632400274276733,0.02631823718547821
2023-08-07,EICHERMOT,0.28767842054367065,0.013134427182376385,0.699187171459198
2023-08-07,HDFCBANK,0.22366400063037872,0.00815463624894619,0.7681813836097717
2023-08-07,ICICIBANK,0.7885578274726868,0.030370445922017097,0.18107175827026367
2023-08-07,M&M,0.7679611208538214,0.022499221687515576,0.20953970154126486
2023-08-07,NTPC,0.17589925229549408,0.007175574079155922,0.8169252276420593
2023-08-07,RELIANCE,0.9531572461128235,0.013456767424941063,0.03338605538010597
2023-08-07,SBIN,0.9466584920883179,0.021900363266468048,0.031441159546375275
2023-08-07,SUNPHARMA,0.09886966894070308,0.0349228335544467,0.866207500298818
2023-08-07,TCS,0.23523253202438354,0.328329861164093,0.43643757700920105
2023-08-07,TECHM,0.03677257150411606,0.04127122089266777,0.9219562411308289
2023-08-08,BRITANNIA,0.1634296327829361,0.022529911249876022,0.81404048204422
2023-08-08,COALINDIA,0.6360856431225935,0.33732762932777405,0.026586750522255898
2023-08-08,HEROMOTOCO,0.6050524115562439,0.027256387285888195,0.3676912169903517
2023-08-08,HINDALCO,0.24162464495748281,0.7344540117774159,0.023921345826238394
2023-08-08,M&M,0.04723436385393143,0.015180493704974651,0.9375851154327393
2023-08-08,MARUTI,0.5504626631736755,0.010413181968033314,0.43912410736083984
2023-08-08,NESTLEIND,0.9434065818786621,0.014855810441076756,0.04173769801855087
2023-08-08,TCS,0.16243303567171097,0.050893048755824566,0.786673903465271
2023-08-09,AXISBANK,0.5282472223043442,0.009825684130191803,0.4619271010160446
2023-08-09,BAJFINANCE,0.2158859819173813,0.1840479075908661,0.600066065788269
2023-08-09,BHARTIARTL,0.13457149267196655,0.009985118793944517,0.8554433981577555
2023-08-09,EICHERMOT,0.6707818508148193,0.007725497242063284,0.32149264216423035
2023-08-09,HEROMOTOCO,0.01050351932644844,0.9502828121185303,0.03921368345618248
2023-08-09,HINDALCO,0.2583967571457227,0.19736082075784603,0.5442424267530441
2023-08-09,HINDUNILVR,0.7534010410308838,0.1684679538011551,0.07813101261854172
2023-08-09,LT,0.09204015135765076,0.015478531830012798,0.8924813270568848
2023-08-09,M&M,0.06957711800932884,0.010303174331784248,0.9201197028160095
2023-08-09,RELIANCE,0.5284860134124756,0.008271670900285244,0.4632422924041748
2023-08-09,SBIN,0.26243947508434456,0.0511902067810297,0.686370333035787
2023-08-09,SUNPHARMA,0.027409959584474564,0.8653557300567627,0.10723437368869781
2023-08-09,TCS,0.05621184129267931,0.8569490015506744,0.08683915063738823
2023-08-09,TECHM,0.014770522713661194,0.9600676894187927,0.025161737576127052
2023-08-10,AXISBANK,0.4769600578583777,0.49721495993435383,0.02582499571144581
2023-08-10,BHARTIARTL,0.26863983273506165,0.00939759612083435,0.721962571144104
2023-08-10,CIPLA,0.10595326870679855,0.010256936773657799,0.8837897777557373
2023-08-10,EICHERMOT,0.23085029423236847,0.009736689738929272,0.7594130039215088
2023-08-10,GRASIM,0.47897573304362595,0.4963403148576617,0.024683956056833267
2023-08-10,HDFCBANK,0.05035696551203728,0.8269276022911072,0.12271545827388763
2023-08-10,HEROMOTOCO,0.8423563539981842,0.13164451755583287,0.025999168306589125
2023-08-10,HINDALCO,0.26897677779197693,0.007520532701164484,0.7235026955604553
2023-08-10,ITC,0.163356751203537,0.008554834872484207,0.8280883431434631
2023-08-10,NESTLEIND,0.055621348321437836,0.013214582577347755,0.9311641454696655
2023-08-10,NTPC,0.04400918632745743,0.013019911013543606,0.9429709315299988
2023-08-11,COALINDIA,0.9099668860435486,0.05069568008184433,0.039337437599897385
2023-08-11,HDFCBANK,0.4052935838699341,0.15272835517923036,0.4419780758519967
2023-08-11,HEROMOTOCO,0.013624455779790878,0.9701977372169495,0.016177844256162643
2023-08-11,ICICIBANK,0.01603839546442032,0.8752872943878174,0.10867434740066528
2023-08-11,INDUSINDBK,0.03323640674352646,0.580306887626648,0.386456698179245
2023-08-11,ITC,0.6817247668902079,0.010664334210256735,0.3076108992099762
2023-08-11,JSWSTEEL,0.8153584003448486,0.009789163246750832,0.1748524308204651
2023-08-11,ONGC,0.9396237730979919,0.024850115180015564,0.03552613779902458
2023-08-11,RELIANCE,0.1610405594110489,0.054995346814394,0.7839640378952026
2023-08-11,SBIN,0.02949368581175804,0.1336919367313385,0.8368143439292908
2023-08-11,ULTRACEMCO,0.7811069488525391,0.009181235916912556,0.20971180498600006
2023-08-12,ASIANPAINT,0.12444517761468887,0.009717721492052078,0.8658370971679688
2023-08-12,BAJFINANCE,0.08414742350578308,0.009459564462304115,0.9063929915428162
2023-08-12,COALINDIA,0.10901123036940892,0.010311148129403591,0.8806776205698649
2023-08-12,HDFCBANK,0.04018473997712135,0.49882376566529274,0.46099149994552135
2023-08-12,ONGC,0.00783820473589003,0.974507749080658,0.01765404734760523
2023-08-13,TATASTEEL,0.47409775853157043,0.02146540954709053,0.5044368505477905
2023-08-14,BAJAJFINSV,0.4852297268807888,0.01677251746878028,0.49799779057502747
2023-08-14,HEROMOTOCO,0.4740209188312292,0.061486776918172836,0.464492273516953
2023-08-14,ITC,0.830439031124115,0.05775692127645016,0.1118040643632412
2023-08-14,NTPC,0.9177407026290894,0.009077041409909725,0.07318217307329178
2023-08-14,TCS,0.148173987865448,0.05773354694247246,0.7940924763679504
2023-08-15,M&M,0.4615263044834137,0.00959795992821455,0.5288757085800171
2023-08-15,WIPRO,0.05050227791070938,0.015731479972600937,0.9337663054466248
2023-08-16,BHARTIARTL,0.02685445360839367,0.5971103310585022,0.37603524327278137
2023-08-16,GRASIM,0.05465119332075119,0.01651887036859989,0.9288299679756165
2023-08-16,HEROMOTOCO,0.10936781764030457,0.01268492080271244,0.8779472708702087
2023-08-16,ITC,0.1729199247035597,0.30965190234461,0.5174281849925008
2023-08-16,NTPC,0.0689871609210968,0.013135995715856552,0.9178768992424011
2023-08-16,TCS,0.07424936443567276,0.031886063516139984,0.8938645720481873
2023-08-16,WIPRO,0.4640781283378601,0.010405894368886948,0.5255159735679626
2023-08-17,AXISBANK,0.09513343218713999,0.4201481305062771,0.48471844382584095
2023-08-17,CIPLA,0.008707994595170021,0.9612544178962708,0.030037619173526764
2023-08-17,HEROMOTOCO,0.20998916029930115,0.024296460673213005,0.7657144069671631
2023-08-17,ITC,0.8043345808982849,0.008104258216917515,0.18756122887134552
2023-08-17,JSWSTEEL,0.6014794111251831,0.009716021828353405,0.38880452513694763
2023-08-17,M&M,0.06435558199882507,0.013166251592338085,0.922478199005127
2023-08-17,NTPC,0.3235488111774127,0.024243938426176708,0.6522072553634644
2023-08-17,ONGC,0.3081330955028534,0.00816407985985279,0.6837027668952942
2023-08-18,AXISBANK,0.20680295738081136,0.6868127435445786,0.10638429534931977
2023-08-18,COALINDIA,0.008479219861328602,0.9617167711257935,0.029804009944200516
2023-08-18,NTPC,0.0980223473161459,0.014448781032115221,0.8875288963317871
2023-08-18,RELIANCE,0.019120781682431698,0.5015879012644291,0.47929131984710693
2023-08-19,BPCL,0.07867185026407242,0.011791268363595009,0.9095368981361389
2023-08-19,HCLTECH,0.05915718898177147,0.05731819197535515,0.8835246562957764
2023-08-20,HEROMOTOCO,0.9594210982322693,0.013170819729566574,0.02740808203816414
2023-08-20,ITC,0.08131168782711029,0.011223983950912952,0.9074643850326538
2023-08-20,TCS,0.014079819433391094,0.9656508564949036,0.020269403234124184
2023-08-21,AXISBANK,0.20013324916362762,0.05576276034116745,0.7441039681434631
2023-08-21,HDFCBANK,0.2393709123134613,0.008912302553653717,0.7517168521881104
2023-08-21,ICICIBANK,0.09347429871559143,0.011889923363924026,0.894635796546936
2023-08-21,ITC,0.11788846552371979,0.010492803528904915,0.8716187477111816
2023-08-21,M&M,0.012618313543498516,0.9587668776512146,0.028614869341254234
2023-08-21,MARUTI,0.02494240552186966,0.9367511868476868,0.038306400179862976
2023-08-21,NTPC,0.5266671106219292,0.06686123739928007,0.40647169202566147
2023-08-21,ONGC,0.1508418470621109,0.8050687909126282,0.04408937692642212
2023-08-21,RELIANCE,0.1792517364025116,0.16885715201497078,0.6518910888582468
2023-08-21,TITAN,0.32978979622324306,0.02281156989435355,0.6473986506462097
2023-08-22,AXISBANK,0.910721480846405,0.008656598627567291,0.08062196522951126
2023-08-22,HINDALCO,0.07184366881847382,0.009672410786151886,0.9184839129447937
2023-08-22,MARUTI,0.25020501017570496,0.009995335713028908,0.7397996187210083
2023-08-22,RELIANCE,0.041396861895918846,0.33742872811853886,0.6211744397878647
2023-08-22,TCS,0.8729875683784485,0.09000523388385773,0.037007227540016174
2023-08-22,TITAN,0.2288108766078949,0.04135926440358162,0.7298298478126526
2023-08-23,CIPLA,0.11980342119932175,0.010973887518048286,0.8692226409912109
2023-08-23,HINDALCO,0.13099147006869316,0.056403400376439095,0.8126051127910614
2023-08-23,KOTAKBANK,0.0814707949757576,0.18922387063503265,0.7293053269386292
2023-08-23,ONGC,0.07773871719837189,0.014652324840426445,0.9076089262962341
2023-08-24,BAJFINANCE,0.2377089262008667,0.007887179031968117,0.7544039487838745
2023-08-24,HINDUNILVR,0.2628379762172699,0.28460437059402466,0.45255762338638306
2023-08-24,M&M,0.06498371809720993,0.010016834363341331,0.9249994158744812
2023-08-24,NTPC,0.10581749677658081,0.038631994277238846,0.8555505275726318
2023-08-24,RELIANCE,0.43713971599936485,0.4685410396195948,0.09431927837431431
2023-08-24,TCS,0.01665378361940384,0.9440475106239319,0.03929874673485756
2023-08-25,BAJFINANCE,0.28639715909957886,0.05925874412059784,0.6543441414833069
2023-08-25,TITAN,0.024193095043301582,0.04471605271100998,0.9310908317565918
2023-08-26,TATASTEEL,0.9132645726203918,0.019972914829850197,0.06676258146762848
2023-08-27,ITC,0.3236071467399597,0.11024505645036697,0.5661477446556091
2023-08-27,RELIANCE,0.04880272224545479,0.014314348809421062,0.9368829131126404
2023-08-28,AXISBANK,0.5016086101531982,0.05749629810452461,0.44089511036872864
2023-08-28,BPCL,0.5624174475669861,0.009966586716473103,0.4276160001754761
2023-08-28,HDFCBANK,0.9123300313949585,0.02138303592801094,0.06628694385290146
2023-08-28,NTPC,0.09118932485580444,0.011182735674083233,0.8976279497146606
2023-08-28,RELIANCE,0.4990635209462859,0.015635416038673033,0.48530105704611
2023-08-29,AXISBANK,0.9475243091583252,0.014689222909510136,0.03778650611639023
2023-08-29,BHARTIARTL,0.07066507218405604,0.5435830131173134,0.38575192634016275
2023-08-29,HEROMOTOCO,0.41721177846193314,0.01263313414528966,0.5701550841331482
2023-08-29,LT,0.03165202960371971,0.027750806882977486,0.9405971765518188
2023-08-29,ONGC,0.38179048895835876,0.010283445939421654,0.607926070690155
2023-08-29,SBIN,0.1226172000169754,0.4449518620967865,0.4324309825897217
2023-08-30,HDFCBANK,0.16854961216449738,0.010145265609025955,0.8213051557540894
2023-08-30,HEROMOTOCO,0.031866393983364105,0.37782377004623413,0.5903097987174988
2023-08-30,JSWSTEEL,0.07895021140575409,0.012278234586119652,0.9087715148925781
2023-08-30,NTPC,0.23578301444649696,0.010817548260092735,0.7533994615077972
2023-08-30,RELIANCE,0.1293478161096573,0.008742347359657288,0.861909806728363
2023-08-30,SBIN,0.04507211223244667,0.014027044177055359,0.9409008622169495
2023-08-30,TCS,0.44582778215408325,0.321769654750824,0.23240259289741516
2023-08-31,AXISBANK,0.05489537864923477,0.011926635168492794,0.9331780672073364
2023-08-31,CIPLA,0.17277558147907257,0.008772877044975758,0.8184515833854675
2023-08-31,HDFCBANK,0.11216431856155396,0.007972398772835732,0.8798633217811584
2023-08-31,KOTAKBANK,0.8287659287452698,0.016542281955480576,0.15469178557395935
2023-08-31,MARUTI,0.5238144025206566,0.08413286320865154,0.39205275755375624
2023-08-31,NESTLEIND,0.10725714266300201,0.008190266788005829,0.8845526576042175
2023-08-31,NTPC,0.4204618036746979,0.015492308884859085,0.5640458464622498
2023-08-31,TCS,0.9347937107086182,0.02729310281574726,0.037913162261247635
2023-09-01,BAJAJ-AUTO,0.8314201235771179,0.043850441463291645,0.1247294433414936
2023-09-01,BHARTIARTL,0.8399162292480469,0.00960367638617754,0.15048007667064667
2023-09-01,CIPLA,0.11747576296329498,0.3466344624757767,0.5358897969126701
2023-09-01,COALINDIA,0.9511362314224243,0.018306374549865723,0.030557377263903618
2023-09-01,EICHERMOT,0.5687517374753952,0.033792995382100344,0.3974553318694234
2023-09-01,HEROMOTOCO,0.948228657245636,0.01988951861858368,0.03188178688287735
2023-09-01,ICICIBANK,0.44376328587532043,0.03302745893597603,0.523209273815155
2023-09-01,JSWSTEEL,0.9229766726493835,0.03446817770600319,0.04255518317222595
2023-09-01,KOTAKBANK,0.2625351846218109,0.04260098189115524,0.6948637962341309
2023-09-01,M&M,0.4510849346406758,0.5246086120605469,0.024306385777890682
2023-09-01,MARUTI,0.8992818892002106,0.01668181736022234,0.08403629623353481
2023-09-01,NTPC,0.8282042741775513,0.009980527684092522,0.16181524097919464
2023-09-01,ONGC,0.4552105814218521,0.12961871176958084,0.41517070308327675
2023-09-02,BAJAJ-AUTO,0.9334548711776733,0.04005204886198044,0.02649308554828167
2023-09-02,KOTAKBANK,0.025256705470383167,0.18913088459521532,0.7856124341487885
2023-09-03,AXISBANK,0.07755675166845322,0.013416824862360954,0.9090264439582825
2023-09-03,EICHERMOT,0.7646594643592834,0.01057224441319704,0.2247682511806488
2023-09-03,HDFCBANK,0.09939040779136121,0.8000919222831726,0.10051766876131296
2023-09-03,ITC,0.31422755122184753,0.008877676911652088,0.6768947839736938
2023-09-03,TATASTEEL,0.6007721722126007,0.024322896264493465,0.37490491569042206
2023-09-04,AXISBANK,0.7911891937255859,0.026131367310881615,0.18267937004566193
2023-09-04,BHARTIARTL,0.19349950551986694,0.007733889389783144,0.7987666130065918
2023-09-04,COALINDIA,0.5076460428535938,0.018377921544015408,0.4739759750664234
2023-09-04,EICHERMOT,0.3785834362109502,0.056266704884668194,0.5651498716324568
2023-09-04,HEROMOTOCO,0.9384228587150574,0.03696073591709137,0.02461632713675499
2023-09-04,ICICIBANK,0.93080073595047,0.010152267292141914,0.05904693529009819
2023-09-04,KOTAKBANK,0.04231157557417949,0.18189281737431884,0.7757956075171629
2023-09-04,MARUTI,0.7444903254508972,0.030162669718265533,0.22534702718257904
2023-09-04,NTPC,0.07467711716890335,0.019206084311008453,0.906116783618927
2023-09-04,TATASTEEL,0.9299675822257996,0.03427012637257576,0.03576228395104408
2023-09-04,TECHM,0.5077325701713562,0.007896124385297298,0.4843713641166687
2023-09-05,CIPLA,0.37208151693145436,0.08220750062415998,0.5457109734416008
2023-09-05,HEROMOTOCO,0.9170805215835571,0.0219880323857069,0.060931481420993805
2023-09-05,NTPC,0.46523839980363846,0.009724283358082175,0.5250373184680939
2023-09-05,TATASTEEL,0.10477672517299652,0.01818278804421425,0.8770405054092407
2023-09-05,TCS,0.46962255239486694,0.0071279932744801044,0.5232495069503784
2023-09-06,AXISBANK,0.8259167075157166,0.008788936771452427,0.16529430449008942
2023-09-06,CIPLA,0.025788839906454086,0.0331498384475708,0.94106125831604
2023-09-06,HEROMOTOCO,0.7239347100257874,0.0084220627322793,0.2676432132720947
2023-09-06,ITC,0.012394776567816734,0.9441727995872498,0.043432410806417465
2023-09-06,RELIANCE,0.1937890499830246,0.008385513443499804,0.797825425863266
2023-09-06,SBIN,0.20364828407764435,0.010367875918745995,0.7859839200973511
2023-09-06,TATASTEEL,0.7742704153060913,0.009685678407549858,0.2160438597202301
2023-09-06,TCS,0.8457807302474976,0.015049529261887074,0.13916972279548645
2023-09-07,BAJAJ-AUTO,0.0201092679053545,0.9660534262657166,0.013837302103638649
2023-09-07,BAJFINANCE,0.4493577815592289,0.010092622600495815,0.5405495911836624
2023-09-07,BHARTIARTL,0.3884156309068203,0.11630822252482176,0.49527618288993835
2023-09-07,BPCL,0.011630208231508732,0.9656165242195129,0.02275334671139717
2023-09-07,ICICIBANK,0.06422039121389389,0.163768470287323,0.7720111012458801
2023-09-07,ONGC,0.5803123116493225,0.014099175110459328,0.4055885076522827
2023-09-07,TCS,0.5376663357019424,0.07767575792968273,0.38465789146721363
2023-09-08,BAJAJFINSV,0.5460777133703232,0.07228829525411129,0.3816339857876301
2023-09-08,KOTAKBANK,0.13352851321299872,0.024827147213121254,0.8416443268458048
2023-09-08,LT,0.08132130652666092,0.010291431099176407,0.9083871841430664
2023-09-08,NTPC,0.215131938457489,0.7556425929069519,0.029225531965494156
2023-09-08,POWERGRID,0.169444277882576,0.008376488462090492,0.8221792578697205
2023-09-08,TATASTEEL,0.8760635256767273,0.022159038111567497,0.10177744179964066
2023-09-08,WIPRO,0.076487697660923,0.012374899350106716,0.9111374020576477
2023-09-09,RELIANCE,0.5444422960281372,0.01434021070599556,0.4412175118923187
2023-09-11,HINDUNILVR,0.9289963841438293,0.01821206696331501,0.0527915395796299
2023-09-11,ICICIBANK,0.06448569893836975,0.015955042093992233,0.9195592999458313
2023-09-11,JSWSTEEL,0.06110476702451706,0.015237738378345966,0.9236574769020081
2023-09-11,KOTAKBANK,0.030793974176049232,0.07276001572608948,0.8964459896087646
2023-09-11,ONGC,0.01869959942996502,0.8689005374908447,0.11239989101886749
2023-09-11,SBIN,0.27031850814819336,0.11782457679510117,0.6118569374084473
2023-09-11,TATASTEEL,0.8358951210975647,0.02001091279089451,0.14409394562244415
2023-09-11,TECHM,0.35598325729370117,0.017862506210803986,0.6261541843414307
2023-09-12,CIPLA,0.07447989284992218,0.01860053837299347,0.9069195985794067
2023-09-12,HINDALCO,0.7646180391311646,0.006027714349329472,0.22935421764850616
2023-09-12,ICICIBANK,0.4588559071222941,0.018549986494084198,0.5225941042105356
2023-09-12,KOTAKBANK,0.6897739171981812,0.0126136289909482,0.2976125180721283
2023-09-12,NTPC,0.034414537250995636,0.023245196789503098,0.9423401951789856
2023-09-12,POWERGRID,0.9415580630302429,0.024491162970662117,0.03395076468586922
2023-09-12,RELIANCE,0.4345226287841797,0.10972397774457932,0.4557533860206604
2023-09-12,SBIN,0.9519385099411011,0.021081341430544853,0.026980029419064522
2023-09-12,SUNPHARMA,0.5009590983390808,0.021609192714095116,0.47743168473243713
2023-09-12,TCS,0.6008103489875793,0.010808621533215046,0.3883810043334961
2023-09-13,CIPLA,0.12457514554262161,0.8166719675064087,0.0587528757750988
2023-09-13,COALINDIA,0.5388088896870613,0.07062832731753588,0.3905627466738224
2023-09-13,INDUSINDBK,0.04018349573016167,0.4526292383670807,0.5071872472763062
2023-09-13,ITC,0.7070624828338623,0.012522414326667786,0.2804150879383087
2023-09-13,LT,0.07301871478557587,0.010500619187951088,0.9164806604385376
2023-09-13,NTPC,0.8591099381446838,0.08962810039520264,0.05126193165779114
2023-09-13,WIPRO,0.1564113348722458,0.009471384808421135,0.8341172337532043
2023-09-14,AXISBANK,0.11381275206804276,0.012400747276842594,0.8737865090370178
2023-09-14,BHARTIARTL,0.044318344444036484,0.022788027301430702,0.9328935742378235
2023-09-14,CIPLA,0.05819966644048691,0.0394844189286232,0.9023159146308899
2023-09-14,HDFCBANK,0.49497420713305473,0.018532793503254652,0.48649296909570694
2023-09-14,HINDUNILVR,0.5814008116722107,0.039800725877285004,0.3787984251976013
2023-09-14,LT,0.030702218413352966,0.015420686453580856,0.9538770914077759
2023-09-14,MARUTI,0.8996374011039734,0.04337036982178688,0.05699223279953003
2023-09-15,ASIANPAINT,0.012869064696133137,0.970310389995575,0.016820527613162994
2023-09-15,BAJAJ-AUTO,0.21549756079912186,0.15500161424279213,0.6295008063316345
2023-09-15,HDFCBANK,0.577015628417333,0.019698575759927433,0.40328578526775044
2023-09-15,MARUTI,0.6694482862949371,0.1406697214115411,0.1898820474743843
2023-09-15,NTPC,0.932891309261322,0.033791787922382355,0.03331686928868294
2023-09-15,TATASTEEL,0.2668062821030617,0.18493207295735678,0.5482616225878397
2023-09-15,WIPRO,0.1331808865070343,0.016975104808807373,0.8498440384864807
2023-09-16,M&M,0.25934332609176636,0.007926328107714653,0.7327303886413574
2023-09-17,SBIN,0.0499526709318161,0.020881706848740578,0.9291656613349915
2023-09-17,TCS,0.7240692973136902,0.013474971987307072,0.2624557316303253
2023-09-18,BAJAJ-AUTO,0.552066887418429,0.05108879661808411,0.396844282746315
2023-09-18,CIPLA,0.13834433257579803,0.010397201403975487,0.8512584567070007
2023-09-18,M&M,0.8915809392929077,0.059314481914043427,0.04910454526543617
2023-09-18,MARUTI,0.8054772615432739,0.008273331448435783,0.18624944984912872
2023-09-18,NESTLEIND,0.8866112232208252,0.015734460204839706,0.09765443950891495
2023-09-18,ONGC,0.7811084389686584,0.18629679083824158,0.032594796270132065
2023-09-18,TATASTEEL,0.35599759966135025,0.0394551963545382,0.6045472109690309
2023-09-19,CIPLA,0.9116197228431702,0.010815504007041454,0.07756481319665909
2023-09-20,AXISBANK,0.9143429398536682,0.011263213120400906,0.0743938684463501
2023-09-20,BAJAJ-AUTO,0.053901635110378265,0.4246538281440735,0.5214444994926453
2023-09-20,COALINDIA,0.014818867668509483,0.9384141564369202,0.04676690697669983
2023-09-20,HDFCBANK,0.03170233080163598,0.4918013010174036,0.4764963611960411
2023-09-20,HEROMOTOCO,0.22058306261897087,0.01786478003486991,0.7615521550178528
2023-09-20,M&M,0.06998559087514877,0.011437183246016502,0.918577253818512
2023-09-20,NTPC,0.9399097561836243,0.024706685915589333,0.03538358584046364
2023-09-20,RELIANCE,0.016729166731238365,0.9689973592758179,0.014273552224040031
2023-09-21,CIPLA,0.11015046015381813,0.40355389192700386,0.4862956553697586
2023-09-21,COALINDIA,0.0569155178964138,0.01850609853863716,0.9245783686637878
2023-09-21,ICICIBANK,0.44558364152908325,0.008568249642848969,0.5458481311798096
2023-09-21,JSWSTEEL,0.04931238107383251,0.023556146770715714,0.9271314442157745
2023-09-21,ULTRACEMCO,0.10506867617368698,0.010879509150981903,0.8840517401695251
2023-09-21,WIPRO,0.4738929867744446,0.14505335642024875,0.38105363957583904
2023-09-22,CIPLA,0.7702623605728149,0.010295984335243702,0.21944165229797363
2023-09-22,EICHERMOT,0.2279983013868332,0.020283425226807594,0.751718282699585
2023-09-22,HDFCBANK,0.0755737442523241,0.01672227308154106,0.9077039659023285
2023-09-22,HINDALCO,0.07387345284223557,0.013618058525025845,0.9125084280967712
2023-09-22,ICICIBANK,0.7502005696296692,0.08256269991397858,0.16723674535751343
2023-09-22,ITC,0.09623792767524719,0.02251160889863968,0.8812504410743713
2023-09-22,MARUTI,0.13642209768295288,0.1220177561044693,0.741560161113739
2023-09-22,RELIANCE,0.39883536100387573,0.011388666927814484,0.5897759795188904
2023-09-22,SBIN,0.7580073475837708,0.01297296117991209,0.22901973128318787
2023-09-22,TCS,0.8534864783287048,0.010755152441561222,0.1357584297657013
2023-09-22,WIPRO,0.035439705941826105,0.6945646945387125,0.2699955985881388
2023-09-23,TITAN,0.1673012226819992,0.015248355455696583,0.8174504637718201
2023-09-24,BAJFINANCE,0.08065882325172424,0.009680534712970257,0.9096606969833374
2023-09-24,ITC,0.01118654478341341,0.9654372334480286,0.023376217111945152
2023-09-24,MARUTI,0.441343754529953,0.03155181184411049,0.5271044373512268
2023-09-24,ONGC,0.3716696500778198,0.013036654330790043,0.6152936816215515
2023-09-25,BAJFINANCE,0.8162476420402527,0.031747154891490936,0.15200522541999817
2023-09-25,COALINDIA,0.14738836884498596,0.008293495513498783,0.844318151473999
2023-09-25,HDFCBANK,0.28061720728874207,0.3444426953792572,0.3749401271343231
2023-09-25,HEROMOTOCO,0.9281448125839233,0.01574106514453888,0.056114114820957184
2023-09-25,JSWSTEEL,0.930474579334259,0.03007286600768566,0.03945252299308777
2023-09-25,NTPC,0.046842070296406746,0.5001461282372475,0.4530118405818939
2023-09-25,RELIANCE,0.7105067372322083,0.008191321976482868,0.28130194544792175
2023-09-25,SBIN,0.8910839557647705,0.02497066743671894,0.08394540101289749
2023-09-25,TATASTEEL,0.9176470637321472,0.013736745342612267,0.06861613690853119
2023-09-25,TCS,0.9230573773384094,0.009791265241801739,0.0671512559056282
2023-09-26,BAJFINANCE,0.07985785603523254,0.011097371112555265,0.9090447723865509
2023-09-26,COALINDIA,0.8523957133293152,0.027374276891350746,0.12022999674081802
2023-09-26,EICHERMOT,0.5338801071047783,0.07057146541774273,0.3955484125763178
2023-09-26,MARUTI,0.39081382751464844,0.0582513976842165,0.5509347766637802
2023-09-26,TATASTEEL,0.7135728299617767,0.013595024589449167,0.2728321701288223
2023-09-26,TECHM,0.08655989915132523,0.010650880634784698,0.9027891755104065
2023-09-27,ICICIBANK,0.6255168616771698,0.007356156129390001,0.3671269714832306
2023-09-27,M&M,0.027471784502267838,0.1690177619457245,0.8035104274749756
2023-09-27,NESTLEIND,0.15316680073738098,0.7473216652870178,0.09951157122850418
2023-09-27,NTPC,0.10063809156417847,0.010649431496858597,0.8887125253677368
2023-09-27,ONGC,0.299104243516922,0.007079422939568758,0.6938163042068481
2023-09-27,TCS,0.18984675407409668,0.008287440054118633,0.801865816116333
2023-09-28,ASIANPAINT,0.04450191743671894,0.10540000535547733,0.8500980734825134
2023-09-28,AXISBANK,0.3983556628227234,0.07403624802827835,0.5276080965995789
2023-09-28,BAJFINANCE,0.2625558078289032,0.008628425188362598,0.7288157343864441
2023-09-28,BHARTIARTL,0.9493164420127869,0.020166432484984398,0.03051717020571232
2023-09-28,ITC,0.04565763473510742,0.02486676163971424,0.9294755458831787
2023-09-28,JSWSTEEL,0.7648429870605469,0.039642270654439926,0.19551469385623932
2023-09-28,TECHM,0.06358315050601959,0.8930907845497131,0.043326035141944885
2023-09-29,HEROMOTOCO,0.8975342512130737,0.02085581235587597,0.08160996437072754
2023-09-29,NTPC,0.9258122444152832,0.040867485105991364,0.033320359885692596
2023-09-29,TCS,0.09019413279990356,0.3434433738390605,0.5663624579707781
2023-09-29,WIPRO,0.2735649347305298,0.009415981359779835,0.7170190811157227
2023-09-30,BHARTIARTL,0.5019781589508057,0.008025367744266987,0.48999646306037903
2023-09-30,MARUTI,0.02953183650970459,0.03979362174868584,0.9306745529174805
2023-10-01,MARUTI,0.9397938251495361,0.0249194148927927,0.03528676927089691
2023-10-02,BHARTIARTL,0.690687358379364,0.24158307909965515,0.06772952526807785
2023-10-02,BPCL,0.7957345843315125,0.007652249652892351,0.19661308825016022
2023-10-02,M&M,0.9019153118133545,0.06654174625873566,0.031542930752038956
2023-10-02,MARUTI,0.1490832269191742,0.6721739172935486,0.17874285578727722
2023-10-02,NTPC,0.034275006502866745,0.020994704216718674,0.944730281829834
2023-10-02,ONGC,0.9436538219451904,0.03326008468866348,0.02308615669608116
2023-10-02,TECHM,0.00926464144140482,0.9685400724411011,0.022195277735590935
2023-10-03,BAJAJ-AUTO,0.4377860580570996,0.5262346044182777,0.035979341715574265
2023-10-03,CIPLA,0.012781171128153801,0.9691847562789917,0.018034107983112335
2023-10-03,EICHERMOT,0.00857763271778822,0.9737885594367981,0.017633890733122826
2023-10-03,HEROMOTOCO,0.034006137400865555,0.9531916379928589,0.012802104465663433
2023-10-03,INDUSINDBK,0.9397530555725098,0.012254643253982067,0.0479922778904438
2023-10-03,MARUTI,0.524118822067976,0.02252571377903223,0.4533554706722498
2023-10-03,NTPC,0.9374061822891235,0.010006138123571873,0.052587684243917465
2023-10-03,SUNPHARMA,0.13807277381420135,0.01693885214626789,0.8449883460998535
2023-10-03,ULTRACEMCO,0.06746450066566467,0.8907023668289185,0.04183312878012657
2023-10-04,BAJAJ-AUTO,0.9315744638442993,0.023778706789016724,0.04464684799313545
2023-10-04,BAJAJFINSV,0.021265406161546707,0.9489291906356812,0.029805438593029976
2023-10-04,BAJFINANCE,0.9363483190536499,0.025657080113887787,0.03799457103013992
2023-10-04,HDFCBANK,0.23655778653919696,0.3709508989006281,0.3924912836402655
2023-10-04,ICICIBANK,0.32204087637364864,0.3658005315810442,0.31215862929821014
2023-10-04,INDUSINDBK,0.29919102787971497,0.007465684786438942,0.6933432817459106
2023-10-04,KOTAKBANK,0.10538318753242493,0.014473999850451946,0.880142867565155
2023-10-04,NESTLEIND,0.9085860848426819,0.03498102352023125,0.05643290653824806
2023-10-04,TATASTEEL,0.34591108560562134,0.2833769619464874,0.37071195244789124
2023-10-04,TCS,0.9478302001953125,0.020574677735567093,0.031595103442668915
2023-10-05,BAJFINANCE,0.12006499245762825,0.009520871564745903,0.8704141676425934
2023-10-05,BPCL,0.9045932292938232,0.058315709233284,0.03709102421998978
2023-10-05,HDFCBANK,0.6427012450993062,0.03559397179633379,0.321704763174057
2023-10-05,HEROMOTOCO,0.9249305725097656,0.035942621529102325,0.03912677615880966
2023-10-05,ITC,0.9010477662086487,0.05958683788776398,0.03936537355184555
2023-10-05,KOTAKBANK,0.09764906018972397,0.018006348982453346,0.8843445777893066
2023-10-05,NTPC,0.06384700536727905,0.028276855126023293,0.9078760743141174
2023-10-05,TCS,0.3740265915791194,0.10561507722983758,0.5203583538532257
2023-10-06,BAJAJFINSV,0.10852944105863571,0.027689894661307335,0.863780677318573
2023-10-06,BAJFINANCE,0.9406223893165588,0.027124464511871338,0.03225316107273102
2023-10-06,DRREDDY,0.010680490173399448,0.9465838670730591,0.04273565858602524
2023-10-06,MARUTI,0.0991736575961113,0.014304340817034245,0.8865219950675964
2023-10-06,TCS,0.042490020394325256,0.03136029466986656,0.9261496663093567
2023-10-08,BAJFINANCE,0.03210662305355072,0.022516123950481415,0.9453772306442261
2023-10-08,HDFCBANK,0.9192947745323181,0.02992451749742031,0.05078069865703583
2023-10-09,BAJAJFINSV,0.2703206539154053,0.048924364149570465,0.6807549595832825
2023-10-09,BAJFINANCE,0.06422512978315353,0.021924329921603203,0.9138505458831787
2023-10-09,COALINDIA,0.9417637586593628,0.01863190159201622,0.03960432857275009
2023-10-09,EICHERMOT,0.04333276301622391,0.022787539288401604,0.9338796734809875
2023-10-09,HEROMOTOCO,0.014981060288846493,0.9523306488990784,0.032688332721590996
2023-10-09,KOTAKBANK,0.039143139496445656,0.49242020584642887,0.4684367161244154
2023-10-09,MARUTI,0.29340489068999887,0.016260316711850464,0.6903347633779049
2023-10-09,ONGC,0.15507635474205017,0.804140031337738,0.0407836027443409
2023-10-09,TATASTEEL,0.3172709572439392,0.6565566305071115,0.026172471543153126
2023-10-09,TCS,0.13294269144535065,0.07559843687340617,0.7914589047431946
2023-10-10,BHARTIARTL,0.6351598501205444,0.04767918586730957,0.31716102361679077
2023-10-10,COALINDIA,0.47824231442064047,0.4082523314282298,0.11350540444254875
2023-10-10,DRREDDY,0.011851569637656212,0.9666311740875244,0.02151728793978691
2023-10-10,JSWSTEEL,0.9441949129104614,0.026982443407177925,0.028822632506489754
2023-10-10,TATASTEEL,0.612270787358284,0.040237271692603827,0.34749194234609604
2023-10-10,TCS,0.04547136090695858,0.18605806231498717,0.7684705704450607
2023-10-11,INDUSINDBK,0.11316387355327606,0.008517809212207794,0.8783183693885803
2023-10-11,MARUTI,0.4827745854854584,0.015956439698735874,0.5012689332167307
2023-10-11,TCS,0.4958977095915803,0.1568765030907733,0.347225798027856
2023-10-11,WIPRO,0.5542236566543579,0.020060086622834206,0.42571621388196945
2023-10-12,ASIANPAINT,0.2509235143661499,0.020436717197299004,0.7286397814750671
2023-10-12,CIPLA,0.011098289862275124,0.9612888097763062,0.027612941339612007
2023-10-12,HDFCBANK,0.9482642412185669,0.020272286608815193,0.03146355599164963
2023-10-12,HEROMOTOCO,0.04839988797903061,0.8306408524513245,0.12095928937196732
2023-10-12,ICICIBANK,0.9490721821784973,0.020743297412991524,0.030184485018253326
2023-10-12,INDUSINDBK,0.9040642380714417,0.02045736275613308,0.07547838240861893
2023-10-12,JSWSTEEL,0.22794033586978912,0.010289241559803486,0.7617704272270203
2023-10-12,KOTAKBANK,0.9493693113327026,0.021098069846630096,0.029532629996538162
2023-10-12,MARUTI,0.31358829513192177,0.08973082061856985,0.5966809000819921
2023-10-12,NTPC,0.21025345101952553,0.011347228195518255,0.7783993184566498
2023-10-12,TCS,0.2103905314579606,0.16399614477995783,0.6256133341230452
2023-10-12,WIPRO,0.051930591464042664,0.013802642934024334,0.9342666864395142
2023-10-13,ASIANPAINT,0.11317656189203262,0.020278241485357285,0.8665452003479004
2023-10-13,AXISBANK,0.06952600134536624,0.5723102614283562,0.3581637442111969
2023-10-13,BAJAJFINSV,0.12122254818677902,0.010226580314338207,0.8685508966445923
2023-10-13,BAJFINANCE,0.050714241340756416,0.47065712232142687,0.47862862795591354
2023-10-13,HCLTECH,0.30050654262304305,0.048323835525661704,0.6511696264147758
2023-10-13,HDFCBANK,0.4539325498044491,0.5204303786158562,0.02563714887946844
2023-10-13,MARUTI,0.46381300687789917,0.038510327227413654,0.49767668172717094
2023-10-13,NESTLEIND,0.00900577288120985,0.9645732641220093,0.02642088197171688
2023-10-13,RELIANCE,0.8218420147895813,0.15235093235969543,0.025807123631238937
2023-10-13,TCS,0.05630326643586159,0.05623448034748435,0.8874622583389282
2023-10-15,NTPC,0.2666015923023224,0.008410241454839706,0.7249881625175476
2023-10-15,RELIANCE,0.8528784513473511,0.02647009678184986,0.12065146863460541
2023-10-15,TCS,0.008207407779991627,0.9669353365898132,0.024857215583324432
2023-10-16,BPCL,0.013013805262744427,0.9671962261199951,0.01978996954858303
2023-10-16,GRASIM,0.9159693717956543,0.01665703020989895,0.06737358868122101
2023-10-16,HDFCBANK,0.4008643428484599,0.2533848484357198,0.34575080188612145
2023-10-16,ICICIBANK,0.3910202980041504,0.484188437461853,0.12479124218225479
2023-10-16,INDUSINDBK,0.8589513301849365,0.06314379721879959,0.0779048353433609
2023-10-16,RELIANCE,0.4737376297513644,0.022378358989953995,0.5038840373357137
2023-10-16,SBIN,0.30122169852256775,0.014482364989817142,0.6842960119247437
2023-10-16,TCS,0.02105602715164423,0.5225664600729942,0.4563775062561035
2023-10-17,ASIANPAINT,0.9486355781555176,0.02123592607676983,0.030128518119454384
2023-10-17,BAJAJ-AUTO,0.9350123405456543,0.043529678136110306,0.021458039060235023
2023-10-17,BAJFINANCE,0.9311219255129496,0.02657736527423064,0.042300689965486526
2023-10-17,COALINDIA,0.9230353236198425,0.011524800211191177,0.065439872443676
2023-10-17,HDFCBANK,0.2322348222757379,0.29363822140213514,0.47412692569196224
2023-10-17,HEROMOTOCO,0.26647357270121574,0.011996070388704538,0.7215303182601929
2023-10-17,HINDUNILVR,0.9478740692138672,0.020810849964618683,0.03131508827209473
2023-10-17,ICICIBANK,0.012712099589407444,0.8463478684425354,0.1409401297569275
2023-10-17,INDUSINDBK,0.9460208415985107,0.028347641229629517,0.02563146874308586
2023-10-17,LT,0.01150231808423996,0.9691264033317566,0.01937130093574524
2023-10-17,MARUTI,0.0932442769408226,0.009582788683474064,0.8971729278564453
2023-10-17,TCS,0.012825580313801765,0.941838264465332,0.04533610865473747
2023-10-17,WIPRO,0.009692631661891937,0.9741562008857727,0.016151128336787224
2023-10-18,BAJAJ-AUTO,0.943428099155426,0.027279328554868698,0.02929249219596386
2023-10-18,BAJFINANCE,0.26670454690853757,0.03728591185063124,0.696009506781896
2023-10-18,EICHERMOT,0.28811249136924744,0.012684312649071217,0.6992031931877136
2023-10-18,HDFCBANK,0.2668150458484888,0.1030184223006169,0.6301665306091309
2023-10-18,HEROMOTOCO,0.7070589065551758,0.007151376456022263,0.28578969836235046
2023-10-18,HINDUNILVR,0.012117703445255756,0.9694828987121582,0.018399454653263092
2023-10-18,INDUSINDBK,0.12754490971565247,0.007373163942247629,0.8650819659233093
2023-10-18,ITC,0.9536517858505249,0.019067218527197838,0.027281049638986588
2023-10-18,MARUTI,0.20359395444393158,0.010326505638659,0.7860795855522156
2023-10-18,TCS,0.02593253366649151,0.048054955899715424,0.9260124564170837
2023-10-18,TITAN,0.06490842252969742,0.02075253613293171,0.914339005947113
2023-10-18,ULTRACEMCO,0.9505752325057983,0.018742237240076065,0.030682457610964775
2023-10-18,WIPRO,0.05770955397747457,0.4940090349409729,0.44828139850869775
2023-10-19,AXISBANK,0.027717335149645805,0.03260040655732155,0.9396822452545166
2023-10-19,BAJAJ-AUTO,0.5205733943730593,0.025351656135171652,0.45407493179664016
2023-10-19,BAJAJFINSV,0.07478360831737518,0.016856184229254723,0.9083602428436279
2023-10-19,DRREDDY,0.10072746127843857,0.010712368413805962,0.8885601758956909
2023-10-19,HCLTECH,0.9517013430595398,0.01907026395201683,0.029228290542960167
2023-10-19,HDFCBANK,0.049695782363414764,0.012186778709292412,0.938117504119873
2023-10-19,HINDUNILVR,0.4701003935188055,0.275661758845672,0.25423783529549837
2023-10-19,INDUSINDBK,0.24118097312748432,0.12007757943744461,0.6387414534886678
2023-10-19,ITC,0.5868557021021843,0.022554953582584858,0.39058931544423103
2023-10-19,MARUTI,0.3905988037586212,0.02717282436788082,0.5822283625602722
2023-10-19,NESTLEIND,0.0789615089694659,0.06511718531449635,0.8559213081995646
2023-10-19,POWERGRID,0.036915168166160583,0.045168373733758926,0.9179164171218872
2023-10-19,TATASTEEL,0.09282831102609634,0.012533795554190874,0.8946379125118256
2023-10-19,TCS,0.48025387478992343,0.49691111221909523,0.022834996692836285
2023-10-19,TECHM,0.025223499163985252,0.0664113387465477,0.9083651900291443
2023-10-19,ULTRACEMCO,0.9522076845169067,0.025449039414525032,0.022343261167407036
2023-10-19,WIPRO,0.06671154359355569,0.5293402794748545,0.4039481669664383
2023-10-20,BAJAJ-AUTO,0.09436240047216415,0.012425888329744339,0.8932117819786072
2023-10-20,HDFCBANK,0.17346971947699785,0.37611338682472706,0.4504168704152107
2023-10-20,HEROMOTOCO,0.44350756891071796,0.01146312477067113,0.5450292676687241
2023-10-20,HINDALCO,0.9511292576789856,0.018123606219887733,0.030747130513191223
2023-10-20,HINDUNILVR,0.6412034751847386,0.26165870297700167,0.09713784349150956
2023-10-20,ICICIBANK,0.9394168257713318,0.01423044502735138,0.04635274037718773
2023-10-20,ITC,0.3611344477782647,0.24041830437878767,0.39844725218911964
2023-10-20,JSWSTEEL,0.9085915684700012,0.03807475604116917,0.05333371553570032
2023-10-20,KOTAKBANK,0.4206323027610779,0.012137521989643574,0.567230150103569
2023-10-20,MARUTI,0.16808359324932098,0.008942672051489353,0.8229737877845764
2023-10-20,NESTLEIND,0.8766327500343323,0.021546194950739544,0.10182104632258415
2023-10-20,TCS,0.09270699322223663,0.05254456773400307,0.8547484278678894
2023-10-20,ULTRACEMCO,0.9217960238456726,0.050380381755530834,0.02782358042895794
2023-10-20,WIPRO,0.6821889877319336,0.011282206512987614,0.306528776884079
2023-10-21,BAJAJ-AUTO,0.9522954821586609,0.020926987752318382,0.02677752450108528
2023-10-21,BAJFINANCE,0.9484608769416809,0.01994307152926922,0.03159606456756592
2023-10-21,COALINDIA,0.6547248363494873,0.012791215442121029,0.3324839472770691
2023-10-21,HCLTECH,0.9522163271903992,0.020220782607793808,0.027562865987420082
2023-10-21,HINDUNILVR,0.5038732904940844,0.0188191095367074,0.4773075431585312
2023-10-21,ITC,0.9513733386993408,0.022086920216679573,0.026539744809269905
2023-10-21,JSWSTEEL,0.9502080380916595,0.02076480444520712,0.02902721893042326
2023-10-21,KOTAKBANK,0.038565436378121376,0.027526549994945526,0.9339080154895782
2023-10-21,NESTLEIND,0.6847183704376221,0.014032146893441677,0.30124956369400024
2023-10-21,TCS,0.9493302702903748,0.021270548924803734,0.029399162158370018
2023-10-21,ULTRACEMCO,0.4391520768404007,0.01215060738225778,0.5486973437170187
2023-10-21,WIPRO,0.008192900568246841,0.9748457074165344,0.01696139946579933
2023-10-22,RELIANCE,0.09659530967473984,0.8695359230041504,0.033868663012981415
2023-10-23,BAJAJFINSV,0.030907554551959038,0.031795911490917206,0.9372965097427368
2023-10-23,ICICIBANK,0.20553165394812822,0.037831235909834504,0.7566370964050293
2023-10-23,ITC,0.22634315490722656,0.06761375814676285,0.7060430645942688
2023-10-23,JSWSTEEL,0.3924531564116478,0.020748106017708778,0.5867987558245659
2023-10-23,KOTAKBANK,0.1893230409671863,0.17766607630377015,0.6330108940601349
2023-10-23,ONGC,0.7634028792381287,0.012477418407797813,0.22411973774433136
2023-10-23,TATASTEEL,0.8959312438964844,0.056243568658828735,0.04782512038946152
2023-10-23,TECHM,0.0371810607612133,0.0213974267244339,0.9414215087890625
2023-10-24,ICICIBANK,0.3150804340839386,0.01275590993463993,0.6721636652946472
2023-10-24,KOTAKBANK,0.052796393632888794,0.011053550988435745,0.9361500144004822
2023-10-24,TECHM,0.007719910703599453,0.9703373312950134,0.021942738443613052
2023-10-25,ASIANPAINT,0.9119294285774231,0.06771353632211685,0.0203570369631052
2023-10-25,AXISBANK,0.6541024918357531,0.02850218427677949,0.3173953288545211
2023-10-25,CIPLA,0.29903697967529297,0.2200751006603241,0.48088791966438293
2023-10-25,HINDUNILVR,0.013623489066958427,0.9381682276725769,0.04820822924375534
2023-10-25,ICICIBANK,0.19999626651406288,0.01520250691100955,0.7848012149333954
2023-10-25,INDUSINDBK,0.10144254565238953,0.011042374186217785,0.8875150680541992
2023-10-25,JSWSTEEL,0.042359501123428345,0.014156293123960495,0.9434842467308044
2023-10-25,KOTAKBANK,0.043668122962117195,0.01577809825539589,0.9405537843704224
2023-10-25,M&M,0.05588466674089432,0.01684538833796978,0.9272699356079102
2023-10-25,TCS,0.07403847575187683,0.012923149392008781,0.913038432598114
2023-10-25,TECHM,0.19754977859556674,0.3108678113669157,0.49158241115510465
2023-10-25,WIPRO,0.06582409888505936,0.01015193946659565,0.9240239262580872
2023-10-26,ASIANPAINT,0.28263044636696577,0.6911213248968124,0.026248219422996044
2023-10-26,AXISBANK,0.0781258326023817,0.12271853815764189,0.7991556376218796
2023-10-26,BAJAJ-AUTO,0.013061528094112873,0.9661481976509094,0.020790254697203636
2023-10-26,BHARTIARTL,0.15781031548976898,0.22401155531406403,0.618178129196167
2023-10-26,CIPLA,0.49283748865127563,0.45231085550040007,0.054851701483130455
2023-10-26,DRREDDY,0.9504435658454895,0.01869206503033638,0.030864454805850983
2023-10-26,EICHERMOT,0.06128771975636482,0.013989435508847237,0.9247229099273682
2023-10-26,HDFCBANK,0.038093458861112595,0.8085620999336243,0.15334443747997284
2023-10-26,MARUTI,0.9437260627746582,0.017295597586780787,0.03897838108241558
2023-10-26,NESTLEIND,0.48955265432596207,0.009497315855696797,0.500950038433075
2023-10-26,TECHM,0.09704662696458399,0.8784894943237305,0.024463848676532507
2023-10-27,ASIANPAINT,0.2580406848341227,0.3698345169425011,0.3721247687935829
2023-10-27,AXISBANK,0.104364063590765,0.011019619926810265,0.8846163392066956
2023-10-27,BAJAJFINSV,0.9521018862724304,0.024134913459420204,0.023763183504343033
2023-10-27,CIPLA,0.48178072180598974,0.48204898927360773,0.03617029916495085
2023-10-27,KOTAKBANK,0.04738711193203926,0.02687704749405384,0.9257358312606812
2023-10-27,MARUTI,0.6025356072932482,0.038792788283899426,0.35867160465568304
2023-10-27,NESTLEIND,0.07851092517375946,0.013335674535483122,0.9081533849239349
2023-10-27,RELIANCE,0.588756375014782,0.02455193114777406,0.38669168887039024
2023-10-27,TECHM,0.1990045945470532,0.1716432759227852,0.6293521206825972
2023-10-28,NTPC,0.946063756942749,0.030962912365794182,0.022973310202360153
2023-10-28,RELIANCE,0.024785898625850677,0.6003594994544983,0.3748546838760376
2023-10-29,ASIANPAINT,0.44515759497880936,0.018410258693620563,0.536432147026062
2023-10-29,AXISBANK,0.8197938799858093,0.008074959740042686,0.17213115096092224
2023-10-29,RELIANCE,0.01491900160908699,0.9599454402923584,0.025135481730103493
2023-10-30,BAJFINANCE,0.09076420217752457,0.009319971315562725,0.899915874004364
2023-10-30,BHARTIARTL,0.48155086347833276,0.4969027619808912,0.021546367555856705
2023-10-30,CIPLA,0.3307022526860237,0.2603610797474782,0.4089366632203261
2023-10-30,DRREDDY,0.014000475406646729,0.9693957567214966,0.01660381443798542
2023-10-30,HCLTECH,0.11311661452054977,0.008431412279605865,0.878451943397522
2023-10-30,HINDUNILVR,0.07031443777183692,0.1835904043788711,0.7460951705773672
2023-10-30,ICICIBANK,0.2150268405675888,0.02382020279765129,0.7611530423164368
2023-10-30,MARUTI,0.4281275875866413,0.017814064957201482,0.5540583606809377
2023-10-30,NTPC,0.3559460723772645,0.11290883552283049,0.5311451107263565
2023-10-30,RELIANCE,0.7154523829619089,0.0800693208972613,0.20447833898166815
2023-10-30,ULTRACEMCO,0.7521875500679016,0.031060246750712395,0.21675214171409607
2023-10-30,WIPRO,0.11694521456956863,0.1203409805893898,0.7627137899398804
2023-10-31,BAJAJ-AUTO,0.09618394821882248,0.015406365506350994,0.8884097337722778
2023-10-31,BAJAJFINSV,0.9514890313148499,0.019070133566856384,0.02944079041481018
2023-10-31,BHARTIARTL,0.010254629887640476,0.969330906867981,0.020414412021636963
2023-10-31,BPCL,0.00792472530156374,0.9751331210136414,0.016942063346505165
2023-10-31,CIPLA,0.5496310368180275,0.013258010614663363,0.43711093937357265
2023-10-31,DRREDDY,0.007266291417181492,0.9739962816238403,0.01873745769262314
2023-10-31,EICHERMOT,0.21063581109046936,0.042907118797302246,0.746457040309906
2023-10-31,HEROMOTOCO,0.9532387852668762,0.02135438285768032,0.025406863540410995
2023-10-31,NTPC,0.007645710371434689,0.9745181202888489,0.01783621311187744
2023-10-31,RELIANCE,0.7892343401908875,0.015757635235786438,0.1950080320239067
2023-10-31,SUNPHARMA,0.03075745701789856,0.9579277634620667,0.01131476927548647
2023-10-31,TCS,0.0287258829921484,0.9414048194885254,0.029869308695197105
2023-11-01,ASIANPAINT,0.1745729148387909,0.07315956801176071,0.752267599105835
2023-11-01,BAJAJ-AUTO,0.8481348156929016,0.013970482163131237,0.13789470493793488
2023-11-01,BHARTIARTL,0.6383063575873772,0.3347204277912776,0.026973204066356022
2023-11-01,CIPLA,0.05660026893019676,0.014549646526575089,0.9288501143455505
2023-11-01,HDFCBANK,0.09847643971443176,0.03831734508275986,0.8632062077522278
2023-11-01,HEROMOTOCO,0.9474354982376099,0.027514327317476273,0.02505016326904297
2023-11-01,HINDUNILVR,0.4909403324127197,0.01586074009537697,0.4931989014148712
2023-11-01,KOTAKBANK,0.057999877259135246,0.015580242965370417,0.9264198839664459
2023-11-01,LT,0.755003035068512,0.21522259712219238,0.029774343594908714
2023-11-01,MARUTI,0.8955965638160706,0.01759446474413077,0.086809025456508
2023-11-01,NESTLEIND,0.07270261645317078,0.012634570710361004,0.9146628379821777
2023-11-01,NTPC,0.9501607418060303,0.02077651582658291,0.029062733054161072
2023-11-01,RELIANCE,0.045500755310058594,0.04054754972457886,0.9139516949653625
2023-11-01,SBIN,0.06612025387585163,0.4479654594324529,0.48591430485248566
2023-11-01,TATASTEEL,0.01240376103669405,0.9749960899353027,0.012600069865584373
2023-11-01,ULTRACEMCO,0.05761491879820824,0.010660611093044281,0.931724488735199
2023-11-02,BAJAJFINSV,0.9520912170410156,0.021061571314930916,0.026847193017601967
2023-11-02,BAJFINANCE,0.864934504032135,0.04384641349315643,0.09121917188167572
2023-11-02,BPCL,0.04437425872310996,0.49527769116684794,0.4603480752557516
2023-11-02,BRITANNIA,0.9507836997509003,0.022096648812294006,0.027119584381580353
2023-11-02,CIPLA,0.9504899382591248,0.02066653035581112,0.028843462467193604
2023-11-02,DRREDDY,0.951367974281311,0.022007079795002937,0.026624886319041252
2023-11-02,EICHERMOT,0.9149989485740662,0.05018594115972519,0.034815140068531036
2023-11-02,GRASIM,0.10090199112892151,0.008876032195985317,0.8902219533920288
2023-11-02,HDFCBANK,0.12639392912387848,0.01103096641600132,0.8625750541687012
2023-11-02,HEROMOTOCO,0.9392922520637512,0.028291487445433933,0.03241631450752417
2023-11-02,KOTAKBANK,0.049868393689394,0.011887299828231335,0.9382443428039551
2023-11-02,MARUTI,0.5473101586103439,0.01607424719259143,0.43661561980843544
2023-11-02,NTPC,0.9519459009170532,0.01850559376180172,0.029548609629273415
2023-11-02,SUNPHARMA,0.4792796091642231,0.4962668428197503,0.0244534770026803
2023-11-02,TATASTEEL,0.3301291619427502,0.6256268996124467,0.044243929286797844
2023-11-02,WIPRO,0.11735121160745621,0.013728783465921879,0.8689200282096863
2023-11-03,BAJAJFINSV,0.1315506398677826,0.1030406802892685,0.7654086351394653
2023-11-03,BPCL,0.2032540738582611,0.008869314566254616,0.7878766059875488
2023-11-03,BRITANNIA,0.7444480657577515,0.009585401974618435,0.24596662819385529
2023-11-03,HEROMOTOCO,0.9547358751296997,0.01666370779275894,0.028600353747606277
2023-11-03,MARUTI,0.9363973736763,0.03660385683178902,0.02699884958565235
2023-11-03,TATASTEEL,0.49136772006750107,0.035396046470850706,0.47323624417185783
2023-11-04,RELIANCE,0.6959628462791443,0.025800378993153572,0.2782367765903473
2023-11-04,SBIN,0.16754411160945892,0.026644419878721237,0.8058114051818848
2023-11-05,RELIANCE,0.8287450671195984,0.02251007966697216,0.14874491095542908
2023-11-05,TATASTEEL,0.7871189117431641,0.011957480572164059,0.2009236067533493
2023-11-06,BAJFINANCE,0.038818564265966415,0.016427332535386086,0.9447541236877441
2023-11-06,BHARTIARTL,0.09010105580091476,0.011089461855590343,0.8988094925880432
2023-11-06,EICHERMOT,0.717449963092804,0.0777198076248169,0.20483022928237915
2023-11-06,HEROMOTOCO,0.08201317489147186,0.013787074945867062,0.9041997194290161
2023-11-06,ICICIBANK,0.5864561796188354,0.02949925884604454,0.3840445578098297
2023-11-06,LT,0.06623589992523193,0.011276674456894398,0.9224874377250671
2023-11-06,NTPC,0.577234481771787,0.021884318441152573,0.40088121096293133
2023-11-06,RELIANCE,0.9359614849090576,0.01650538668036461,0.04753315448760986
2023-11-06,SBIN,0.17272168695926665,0.1406396020203829,0.6866387069225312
2023-11-06,SUNPHARMA,0.06421194225549698,0.011542245745658875,0.9242457747459412
2023-11-06,TATASTEEL,0.07141774147748947,0.013077598996460438,0.9155046343803406
2023-11-06,TCS,0.4701668322086334,0.027280861511826515,0.5025522708892822
2023-11-06,TITAN,0.23514284193515778,0.008757596835494041,0.7560995817184448
2023-11-06,WIPRO,0.009295396506786346,0.9377442598342896,0.05296040698885918
2023-11-07,BAJFINANCE,0.27042141556739807,0.024083171039819717,0.7054954171180725
2023-11-07,BPCL,0.09798017144203186,0.02888590283691883,0.8731338977813721
2023-11-07,HDFCBANK,0.28658294677734375,0.23929862678050995,0.4741184413433075
2023-11-07,HEROMOTOCO,0.6502154469490051,0.00848744623363018,0.34129711985588074
2023-11-07,HINDUNILVR,0.0518568716943264,0.04624204337596893,0.9019010663032532
2023-11-07,MARUTI,0.09064951539039612,0.019667649641633034,0.8896828889846802
2023-11-07,NTPC,0.03501420468091965,0.03521456569433212,0.9297712445259094
2023-11-07,SBIN,0.10458636283874512,0.012993650510907173,0.8824199438095093
2023-11-07,TATASTEEL,0.02453102543950081,0.04475615173578262,0.930712878704071
2023-11-08,BAJFINANCE,0.03976715728640556,0.017866728827357292,0.9423661231994629
2023-11-08,CIPLA,0.3384206295013428,0.011906889267265797,0.6496725082397461
2023-11-08,HDFCBANK,0.47360162110999227,0.48989640502259135,0.03650197573006153
2023-11-08,HINDALCO,0.11768554151058197,0.8533119559288025,0.029002424329519272
2023-11-08,ICICIBANK,0.7890461683273315,0.14459680020809174,0.06635696440935135
2023-11-08,ONGC,0.01194765605032444,0.9747586250305176,0.013293644413352013
2023-11-08,POWERGRID,0.007416255306452513,0.9743893146514893,0.018194489181041718
2023-11-08,ULTRACEMCO,0.9481574892997742,0.023363618180155754,0.028478996828198433
2023-11-08,WIPRO,0.012971610762178898,0.9663144946098328,0.02071385271847248
2023-11-09,AXISBANK,0.19525493681430817,0.01044213492423296,0.7943029403686523
2023-11-09,EICHERMOT,0.953215479850769,0.017542283982038498,0.029242228716611862
2023-11-09,HDFCBANK,0.02705889195203781,0.5730084776878357,0.3999326229095459
2023-11-09,ICICIBANK,0.1780245453119278,0.010387399233877659,0.8115880489349365
2023-11-09,M&M,0.9412250518798828,0.0285573098808527,0.030217668041586876
2023-11-09,ONGC,0.8895505666732788,0.009375615045428276,0.10107368975877762
2023-11-09,WIPRO,0.7861069440841675,0.134188711643219,0.07970430701971054
2023-11-10,BAJAJFINSV,0.11463778465986252,0.014385540969669819,0.8709766864776611
2023-11-10,COALINDIA,0.9463288187980652,0.027330374345183372,0.02634076401591301
2023-11-10,EICHERMOT,0.8847667574882507,0.07231307029724121,0.042920224368572235
2023-11-10,HEROMOTOCO,0.034860141575336456,0.36230361461639404,0.6028362512588501
2023-11-10,HINDALCO,0.3295449558645487,0.6265300593028466,0.04392499662935734
2023-11-10,ICICIBANK,0.5823864936828613,0.013779841363430023,0.40383364632725716
2023-11-10,M&M,0.945541501045227,0.03242656588554382,0.022031936794519424
2023-11-10,ONGC,0.9383240938186646,0.02792390063405037,0.033752087503671646
2023-11-10,TECHM,0.06730523705482483,0.01891651190817356,0.9137783050537109
2023-11-11,MARUTI,0.09130023419857025,0.02578096091747284,0.8829187750816345
2023-11-12,HDFCBANK,0.05261741951107979,0.9343317747116089,0.013050835579633713
2023-11-12,MARUTI,0.15100379288196564,0.020280495285987854,0.8287156820297241
2023-11-12,TCS,0.01852256990969181,0.9298282265663147,0.05164916068315506
2023-11-13,COALINDIA,0.9312143325805664,0.02786148712038994,0.04092412069439888
2023-11-13,EICHERMOT,0.9009824593861898,0.01516498283793529,0.08385249475638072
2023-11-13,HINDALCO,0.8478916883468628,0.019270991906523705,0.13283731043338776
2023-11-13,M&M,0.4953002743422985,0.02221018821001053,0.4824895514175296
2023-11-13,NTPC,0.05169752612709999,0.016808893531560898,0.9314935207366943
2023-11-13,POWERGRID,0.15904471278190613,0.008454530499875546,0.8325007557868958
2023-11-13,TCS,0.7605376243591309,0.010297288186848164,0.22916515171527863
2023-11-14,HEROMOTOCO,0.8645698428153992,0.011626903899013996,0.12380319833755493
2023-11-14,ICICIBANK,0.8168841004371643,0.11825300008058548,0.06486289203166962
2023-11-14,JSWSTEEL,0.2538629472255707,0.010910223238170147,0.7352268099784851
2023-11-14,ONGC,0.8786396980285645,0.09024953842163086,0.031110787764191628
2023-11-14,TCS,0.013952619396150112,0.9178436398506165,0.06820368021726608
2023-11-14,TECHM,0.044361453503370285,0.02468973770737648,0.9309487342834473
2023-11-15,BAJFINANCE,0.016829051077365875,0.5550955533981323,0.42807537317276
2023-11-15,CIPLA,0.7956721782684326,0.007650407496839762,0.19667738676071167
2023-11-15,COALINDIA,0.01042774599045515,0.9675124883651733,0.022059738636016846
2023-11-15,GRASIM,0.4783072473946959,0.4966221237555146,0.025070637464523315
2023-11-15,ITC,0.09418848901987076,0.08900963515043259,0.8168018460273743
2023-11-15,MARUTI,0.9159302115440369,0.012422369793057442,0.07164740562438965
2023-11-15,ONGC,0.1349710188806057,0.43458946282044053,0.4304395094513893
2023-11-15,TATASTEEL,0.07238713651895523,0.88289874792099,0.04471411928534508
2023-11-15,TCS,0.029517032206058502,0.2762979567050934,0.6941850185394287
2023-11-15,WIPRO,0.9127613306045532,0.04572430998086929,0.041514359414577484
2023-11-16,AXISBANK,0.014586162753403187,0.8908904790878296,0.0945233702659607
2023-11-16,BAJFINANCE,0.0439557588348786,0.31179164070636034,0.6442525995274385
2023-11-16,COALINDIA,0.899928092956543,0.053600914776325226,0.04647096246480942
2023-11-16,EICHERMOT,0.03812520205974579,0.01947474479675293,0.9424000382423401
2023-11-16,HINDALCO,0.06815990060567856,0.013886966742575169,0.9179531335830688
2023-11-16,JSWSTEEL,0.047798339277505875,0.022133566439151764,0.9300681352615356
2023-11-16,M&M,0.04644107632339001,0.013706497848033905,0.9398524463176727
2023-11-16,ONGC,0.07552311569452286,0.012974143028259277,0.9115027189254761
2023-11-16,RELIANCE,0.9407342076301575,0.013660769909620285,0.04560498148202896
2023-11-16,TCS,0.07279908657073975,0.013759376481175423,0.91344153881073
2023-11-17,ASIANPAINT,0.160684734582901,0.8135082721710205,0.025806915014982224
2023-11-17,AXISBANK,0.02396729588508606,0.8735340237617493,0.10249868035316467
2023-11-17,BAJFINANCE,0.032138840605815254,0.32808132593830425,0.639779823521773
2023-11-17,HDFCBANK,0.28807908296585083,0.6666749119758606,0.04524599388241768
2023-11-17,HEROMOTOCO,0.8476182818412781,0.03510747849941254,0.11727414280176163
2023-11-17,HINDUNILVR,0.5281113386154175,0.020943865180015564,0.45094484090805054
2023-11-17,KOTAKBANK,0.053131986409425735,0.020112449303269386,0.9267556071281433
2023-11-17,MARUTI,0.8937572240829468,0.021806402131915092,0.08443640172481537
2023-11-17,NTPC,0.08193560689687729,0.8904811143875122,0.027583245187997818
2023-11-17,SBIN,0.2849167585372925,0.008279220201075077,0.706804096698761
2023-11-17,TCS,0.013040866702795029,0.9042463302612305,0.08271277695894241
2023-11-18,BAJAJFINSV,0.2593082785606384,0.014365265145897865,0.7263264060020447
2023-11-18,BHARTIARTL,0.13215577602386475,0.011405367404222488,0.8564388751983643
2023-11-18,EICHERMOT,0.06636737287044525,0.013328860513865948,0.9203037023544312
2023-11-18,HDFCBANK,0.39217936992645264,0.16968786716461182,0.43813279271125793
2023-11-20,BAJFINANCE,0.28472534054890275,0.3301478340290487,0.3851268361322582
2023-11-20,BHARTIARTL,0.014808141626417637,0.9670544266700745,0.01813739724457264
2023-11-20,BPCL,0.10040513426065445,0.8822678327560425,0.017326993867754936
2023-11-20,CIPLA,0.038226273376494646,0.9368343353271484,0.02493938710540533
2023-11-20,COALINDIA,0.00739249074831605,0.9742267727851868,0.018380770459771156
2023-11-20,HDFCBANK,0.04471591114997864,0.013950444757938385,0.9413336515426636
2023-11-20,HINDUNILVR,0.08882816880941391,0.011908790096640587,0.8992630243301392
2023-11-20,KOTAKBANK,0.008915617130696774,0.9680700898170471,0.02301432192325592
2023-11-20,LT,0.010297146625816822,0.9629737734794617,0.026729131117463112
2023-11-20,TCS,0.4423730866983533,0.03970325528644025,0.5179236438125372
2023-11-21,BAJFINANCE,0.07385490089654922,0.6946889162063599,0.2314562201499939
2023-11-21,BHARTIARTL,0.4658462069928646,0.02438287204131484,0.509770892560482
2023-11-21,COALINDIA,0.26856645196676254,0.3008570075035095,0.43057654798030853
2023-11-21,HDFCBANK,0.1233949363231659,0.16536204516887665,0.7112430334091187
2023-11-21,HINDALCO,0.9432960152626038,0.015446162782609463,0.04125780239701271
2023-11-21,ITC,0.04051177203655243,0.02281932346522808,0.936668872833252
2023-11-21,KOTAKBANK,0.017205962911248207,0.9580525159835815,0.024741508066654205
2023-11-21,MARUTI,0.690667450428009,0.012409376911818981,0.29692313075065613
2023-11-21,ONGC,0.5776024460792542,0.056726813316345215,0.36567071080207825
2023-11-21,TATASTEEL,0.9366384744644165,0.02182164043188095,0.041539981961250305
2023-11-21,TCS,0.01839391700923443,0.9486519694328308,0.03295409306883812
2023-11-21,TECHM,0.4997559189796448,0.24324575066566467,0.25699830055236816
2023-11-21,TITAN,0.8347225785255432,0.034630680456757545,0.13064675778150558
2023-11-21,WIPRO,0.06686196476221085,0.014501100406050682,0.9186368584632874
2023-11-22,BAJAJ-AUTO,0.8414865732192993,0.009943138808012009,0.14857029914855957
2023-11-22,BAJFINANCE,0.18629305064678192,0.2613826096057892,0.5523243546485901
2023-11-22,COALINDIA,0.561716265976429,0.41367435827851295,0.02460937760770321
2023-11-22,DRREDDY,0.009283985942602158,0.9641655683517456,0.02655046433210373
2023-11-22,ICICIBANK,0.04765390604734421,0.013810207135975361,0.9385358691215515
2023-11-22,KOTAKBANK,0.265891969203949,0.05020806938409805,0.6838999390602112
2023-11-22,MARUTI,0.043476395308971405,0.014923959039151669,0.9415996670722961
2023-11-22,ONGC,0.00752510828897357,0.9743425250053406,0.018132437020540237
2023-11-22,TCS,0.029673853889107704,0.9446196556091309,0.02570643275976181
2023-11-22,TITAN,0.1500289887189865,0.13299652934074402,0.7169744372367859
2023-11-22,WIPRO,0.948316752910614,0.011327982880175114,0.04035528376698494
2023-11-23,BAJAJ-AUTO,0.5740917325019836,0.01905115507543087,0.40685707330703735
2023-11-23,BHARTIARTL,0.36502885818481445,0.0509050227701664,0.5840660929679871
2023-11-23,BPCL,0.10907214879989624,0.04975781589746475,0.8411699533462524
2023-11-23,CIPLA,0.5422280728816986,0.08191030099987984,0.3758616428822279
2023-11-23,COALINDIA,0.4980089031159878,0.025970873422920704,0.47602022904902697
2023-11-23,EICHERMOT,0.1735864132642746,0.01839451491832733,0.8080191016197205
2023-11-23,HINDALCO,0.007840712554752827,0.9731174111366272,0.01904178224503994
2023-11-23,NTPC,0.02987923100590706,0.054220132529735565,0.915900707244873
2023-11-23,ONGC,0.1298637092113495,0.00757298618555069,0.8625632524490356
2023-11-23,SBIN,0.0680730789899826,0.020977633073925972,0.9109493494033813
2023-11-23,TITAN,0.5214467234909534,0.055445704609155655,0.42310754768550396
2023-11-23,ULTRACEMCO,0.04012088105082512,0.019163241609930992,0.9407158493995667
2023-11-24,AXISBANK,0.323237444460392,0.039168236404657365,0.6375942952930927
2023-11-24,CIPLA,0.9458053708076477,0.029965713620185852,0.024228954687714577
2023-11-24,COALINDIA,0.07867845892906189,0.01268331240862608,0.9086382389068604
2023-11-24,EICHERMOT,0.5293700397014618,0.014484051614999771,0.4561459217220545
2023-11-24,HEROMOTOCO,0.46163561195135117,0.011279169004410505,0.5270852111279964
2023-11-24,HINDUNILVR,0.03638805076479912,0.02480992302298546,0.9388020038604736
2023-11-24,INDUSINDBK,0.07829567044973373,0.02872086875140667,0.8929834365844727
2023-11-24,INFY,0.05043182894587517,0.17868180572986603,0.7708863615989685
2023-11-24,JSWSTEEL,0.7268765568733215,0.026541447266936302,0.24658202100545168
2023-11-24,M&M,0.9497906565666199,0.021810190752148628,0.028399132192134857
2023-11-24,MARUTI,0.29084643721580505,0.014896323904395103,0.6942572593688965
2023-11-24,TCS,0.3367826258763671,0.10003963764756918,0.563177727162838
2023-11-26,ONGC,0.23409724235534668,0.01336305309087038,0.7525396943092346
2023-11-26,RELIANCE,0.6193006038665771,0.015852414071559906,0.36484697461128235
2023-11-27,CIPLA,0.07089858129620552,0.3451477773487568,0.5839536488056183
2023-11-27,HDFCBANK,0.03817378357052803,0.057676080614328384,0.904150128364563
2023-11-27,MARUTI,0.04046414792537689,0.9283998608589172,0.031136034056544304
2023-11-27,TCS,0.0357455238699913,0.5091330409049988,0.4551214575767517
2023-11-27,WIPRO,0.2547709047794342,0.008114323019981384,0.7371147871017456
2023-11-28,AXISBANK,0.09602312743663788,0.010242368094623089,0.8937345147132874
2023-11-28,BAJAJ-AUTO,0.8955042362213135,0.02573581412434578,0.07876006513834
2023-11-28,CIPLA,0.11681792140007019,0.016184914857149124,0.8669971823692322
2023-11-28,EICHERMOT,0.6179575342684984,0.10861908504739404,0.2734233499504626
2023-11-28,HINDUNILVR,0.2946398854255676,0.01314215362071991,0.6922179460525513
2023-11-28,JSWSTEEL,0.021436156705021858,0.8909792304039001,0.08758459240198135
2023-11-28,MARUTI,0.02583886869251728,0.9563241004943848,0.017837082967162132
2023-11-28,TCS,0.05688299145549536,0.02696774248033762,0.9161492884159088
2023-11-28,WIPRO,0.9202190041542053,0.01517345942556858,0.06460760533809662
2023-11-29,BHARTIARTL,0.9381619691848755,0.020243296399712563,0.04159470647573471
2023-11-29,BPCL,0.4962048437446356,0.15268972795456648,0.3511054180562496
2023-11-29,EICHERMOT,0.8929635882377625,0.02263645827770233,0.08439990878105164
2023-11-29,ICICIBANK,0.6624901294708252,0.02107182703912258,0.31643804907798767
2023-11-29,INFY,0.155512273311615,0.010274035856127739,0.8342136740684509
2023-11-29,ITC,0.05779898539185524,0.012281366623938084,0.9299196600914001
2023-11-29,MARUTI,0.5636236667633057,0.07601447403430939,0.36036184430122375
2023-11-29,NTPC,0.43543773889541626,0.008492827415466309,0.5560694336891174
2023-11-29,TCS,0.6537591218948364,0.1381971836090088,0.20804369449615479
2023-11-29,WIPRO,0.4396410472691059,0.05822208244353533,0.5021368563175201
2023-11-30,EICHERMOT,0.20612090826034546,0.024722499772906303,0.7691565752029419
2023-11-30,HDFCBANK,0.047453810926526785,0.4630776420235634,0.4894685745239258
2023-11-30,ICICIBANK,0.2049228399991989,0.012321075424551964,0.7827560305595398
2023-11-30,INFY,0.21111812442541122,0.03225709684193134,0.7566247582435608
2023-11-30,KOTAKBANK,0.08777377754449844,0.20633381605148315,0.7058923840522766
2023-11-30,NTPC,0.11408040672540665,0.010637016035616398,0.8752825260162354
2023-11-30,TCS,0.04593535140156746,0.017406783998012543,0.9366579055786133
2023-11-30,ULTRACEMCO,0.5061589889228344,0.011876957956701517,0.48196407593786716
2023-12-01,BAJAJ-AUTO,0.4925921466201544,0.4540007980540395,0.053407078608870506
2023-12-01,BHARTIARTL,0.054908834397792816,0.013154519721865654,0.9319366812705994
2023-12-01,COALINDIA,0.7332663238048553,0.022458835504949093,0.24427484162151814
2023-12-01,HCLTECH,0.34097156673669815,0.016922092530876398,0.6421063542366028
2023-12-01,HINDUNILVR,0.5711228772997856,0.00961068489899238,0.4192664424578349
2023-12-01,INFY,0.022558152675628662,0.9406785368919373,0.03676333278417587
2023-12-01,KOTAKBANK,0.9065179228782654,0.033872611820697784,0.05960943549871445
2023-12-01,MARUTI,0.24727317690849304,0.7267966270446777,0.025930223986506462
2023-12-01,POWERGRID,0.48437872901558876,0.03318419540300965,0.4824371226131916
2023-12-01,TCS,0.07820765487849712,0.02489791065454483,0.8968944549560547
2023-12-01,WIPRO,0.05032836273312569,0.47832170128822327,0.47134995460510254
2023-12-02,BHARTIARTL,0.9104368686676025,0.010322200134396553,0.07924086600542068
2023-12-02,HINDUNILVR,0.03929926082491875,0.027714870870113373,0.9329858422279358
2023-12-02,INFY,0.01199342031031847,0.9072253108024597,0.08078137040138245
2023-12-03,SBIN,0.718131422996521,0.02607949823141098,0.2557891011238098
2023-12-04,BAJAJ-AUTO,0.791488528251648,0.02277787309139967,0.18573360703885555
2023-12-04,COALINDIA,0.9138939380645752,0.018235351890325546,0.06787066906690598
2023-12-04,HDFCBANK,0.39309121295809746,0.40973634738475084,0.19717248529195786
2023-12-04,HEROMOTOCO,0.9375264644622803,0.03180617466568947,0.030667321756482124
2023-12-04,HINDUNILVR,0.759614884853363,0.19513550400733948,0.04524960741400719
2023-12-04,ICICIBANK,0.33217284083366394,0.03710688650608063,0.6307201981544495
2023-12-04,INFY,0.3727508783340454,0.010282671079039574,0.6169664859771729
2023-12-04,MARUTI,0.04895414039492607,0.4927083784714341,0.4583374969661236
2023-12-04,ULTRACEMCO,0.5303642600774765,0.008643141482025385,0.46099262312054634
2023-12-05,BPCL,0.2855384349822998,0.022826794534921646,0.6916347742080688
2023-12-05,COALINDIA,0.0802743136882782,0.009881237521767616,0.9098445177078247
2023-12-05,HCLTECH,0.013864676468074322,0.9291173219680786,0.057018011808395386
2023-12-05,HDFCBANK,0.1453189104795456,0.008518073707818985,0.8461630344390869
2023-12-05,ICICIBANK,0.0815529003739357,0.05950377136468887,0.8589433431625366
2023-12-05,INFY,0.4686474073678255,0.037721890956163406,0.49363065883517265
2023-12-06,BHARTIARTL,0.04279680922627449,0.01470861118286848,0.9424945712089539
2023-12-06,BRITANNIA,0.6128266453742981,0.010003114119172096,0.377170205116272
2023-12-06,EICHERMOT,0.8809622526168823,0.016700612381100655,0.10233711451292038
2023-12-06,HDFCBANK,0.1010353546589613,0.015588113106787205,0.8833765685558319
2023-12-06,HEROMOTOCO,0.7243483066558838,0.009146596305072308,0.26650506258010864
2023-12-06,INFY,0.28931185603141785,0.018016397953033447,0.6926717162132263
2023-12-06,POWERGRID,0.4792589955031872,0.0147623959928751,0.5059786103665829
2023-12-06,TATASTEEL,0.03215274587273598,0.9460952281951904,0.021752042695879936
2023-12-07,BHARTIARTL,0.007654714863747358,0.9694737195968628,0.02287157252430916
2023-12-07,DRREDDY,0.9431261420249939,0.025924542918801308,0.030949391424655914
2023-12-07,HINDALCO,0.0726967304944992,0.013627375476062298,0.913675844669342
2023-12-07,HINDUNILVR,0.015627017244696617,0.9654471278190613,0.01892576925456524
2023-12-07,KOTAKBANK,0.11179624497890472,0.009914853610098362,0.8782889246940613
2023-12-07,MARUTI,0.09416685998439789,0.010219607502222061,0.8956134915351868
2023-12-07,NTPC,0.026283705607056618,0.9185701012611389,0.05514618381857872
2023-12-07,ONGC,0.2751201670616865,0.5000351201742887,0.2248447434976697
2023-12-07,SBIN,0.1514417827129364,0.15784209966659546,0.6907161474227905
2023-12-08,BPCL,0.7922581434249878,0.006560096051543951,0.20118173956871033
2023-12-08,DRREDDY,0.14642684161663055,0.009541496634483337,0.8440316915512085
2023-12-08,EICHERMOT,0.13661812245845795,0.6659899353981018,0.19739194214344025
2023-12-08,HDFCBANK,0.5969989771644274,0.34085013593236607,0.06215087572733561
2023-12-08,ICICIBANK,0.01740805245935917,0.8458268642425537,0.13676506280899048
2023-12-08,MARUTI,0.023450450971722603,0.9589930176734924,0.017556574195623398
2023-12-08,WIPRO,0.019240980967879295,0.5927679538726807,0.3879910409450531
2023-12-09,INFY,0.10688140243291855,0.08755458146333694,0.8055640459060669
2023-12-09,NTPC,0.03334547206759453,0.9147692918777466,0.051885318011045456
2023-12-10,CIPLA,0.00813355389982462,0.9681678414344788,0.023698655888438225
2023-12-10,HDFCBANK,0.9220649003982544,0.01690359227359295,0.061031486839056015
2023-12-10,KOTAKBANK,0.5398627519607544,0.010943303816020489,0.4491938650608063
2023-12-11,BAJAJFINSV,0.040268491953611374,0.056478600949048996,0.903252899646759
2023-12-11,CIPLA,0.010340356267988682,0.9550201892852783,0.03463941439986229
2023-12-11,HDFCBANK,0.09135779738426208,0.008915111422538757,0.8997270464897156
2023-12-11,INFY,0.037785107269883156,0.2719305759916703,0.6902843366066614
2023-12-11,KOTAKBANK,0.5516941547393799,0.06657756865024567,0.38172826170921326
2023-12-11,M&M,0.042913537472486496,0.12970910966396332,0.8273773789405823
2023-12-11,SUNPHARMA,0.17573843896389008,0.008885824121534824,0.8153756856918335
2023-12-11,TATASTEEL,0.0125900162383914,0.9597190618515015,0.027690976858139038
2023-12-11,TCS,0.5510129407048225,0.2695695087313652,0.17941757291555405
2023-12-11,WIPRO,0.4060030421242118,0.4872728418558836,0.10672411415725946
2023-12-12,ASIANPAINT,0.029261527583003044,0.034174054861068726,0.9365644454956055
2023-12-12,AXISBANK,0.5077014565467834,0.03186655882745981,0.4604319743812084
2023-12-12,BAJAJ-AUTO,0.3366483151912689,0.04446425288915634,0.6188874244689941
2023-12-12,ICICIBANK,0.7736026048660278,0.010394895449280739,0.2160024493932724
2023-12-12,INFY,0.039937114653488,0.326985194037358,0.6330776711304983
2023-12-12,M&M,0.9465824365615845,0.026569988578557968,0.026847558096051216
2023-12-12,RELIANCE,0.06816671043634415,0.011646014638245106,0.9201872944831848
2023-12-12,SBIN,0.04566977173089981,0.2698580324649811,0.6844722032546997
2023-12-12,WIPRO,0.9452555775642395,0.011611804366111755,0.043132632970809937
2023-12-13,COALINDIA,0.03053046576678753,0.02090507745742798,0.9485644698143005
2023-12-13,EICHERMOT,0.14867255091667175,0.0835520550608635,0.7677754163742065
2023-12-13,ITC,0.24569648876786232,0.038682269398123026,0.715621235469977
2023-12-13,M&M,0.3976534903049469,0.009457533247768879,0.5928889513015747
2023-12-13,RELIANCE,0.7354332804679871,0.007367157842963934,0.25719958543777466
2023-12-13,TECHM,0.17131395637989044,0.013781539164483547,0.814904510974884
2023-12-13,ULTRACEMCO,0.2142299683764577,0.4591318960301578,0.3266380876302719
2023-12-13,WIPRO,0.9431671500205994,0.027225352823734283,0.029607482254505157
2023-12-14,HEROMOTOCO,0.6597324013710022,0.015672608744353056,0.32459501549601555
2023-12-14,INFY,0.14841726142913103,0.2734576091170311,0.5781251490116119
2023-12-14,ITC,0.2557655870914459,0.014825957827270031,0.7294083833694458
2023-12-14,NTPC,0.3696255926042795,0.022608129307627678,0.6077662855386734
2023-12-14,RELIANCE,0.767951488494873,0.015694597736001015,0.2163539081811905
2023-12-14,TATASTEEL,0.7790142893791199,0.007910170592367649,0.21307553350925446
2023-12-15,BAJFINANCE,0.8304435610771179,0.020765703171491623,0.14879067242145538
2023-12-15,CIPLA,0.0986170619726181,0.012635366059839725,0.8887476325035095
2023-12-15,HDFCBANK,0.48870600387454033,0.06399843189865351,0.447295555844903
2023-12-15,HEROMOTOCO,0.13174175471067429,0.013667951337993145,0.8545903265476227
2023-12-15,INFY,0.06466667850812276,0.07331489895780881,0.8620184063911438
2023-12-15,TCS,0.11435654014348984,0.014668773859739304,0.8709746599197388
2023-12-16,INFY,0.800818920135498,0.009144457057118416,0.1900365650653839
2023-12-16,ITC,0.7215574979782104,0.19495531916618347,0.08348719775676727
2023-12-17,TATASTEEL,0.1902226209640503,0.009417644701898098,0.8003597259521484
2023-12-18,BAJAJFINSV,0.08863034844398499,0.00815513264387846,0.9032145738601685
2023-12-18,BAJFINANCE,0.2429569810628891,0.01278152596205473,0.7442614436149597
2023-12-18,BPCL,0.025485770776867867,0.05599772185087204,0.9185164570808411
2023-12-18,GRASIM,0.8645470142364502,0.011624733917415142,0.12382818758487701
2023-12-18,HEROMOTOCO,0.08039756119251251,0.012543528340756893,0.9070589542388916
2023-12-18,ICICIBANK,0.04956183582544327,0.8183736205101013,0.13206449151039124
2023-12-18,INFY,0.016163568943738937,0.9171247482299805,0.06671174615621567
2023-12-18,ITC,0.3867106984059016,0.20765466056764126,0.4056346168120702
2023-12-18,JSWSTEEL,0.013486317358911037,0.9445207715034485,0.04199286177754402
2023-12-18,NESTLEIND,0.8005064725875854,0.02381233684718609,0.1756812483072281
2023-12-18,NTPC,0.010090809315443039,0.9547447562217712,0.03516445308923721
2023-12-18,TCS,0.2085057497024536,0.032696909038349986,0.7587973475456238
2023-12-19,BPCL,0.6795915961265564,0.0131561029702425,0.30725225806236267
2023-12-19,COALINDIA,0.14674024283885956,0.01659085415303707,0.8366689085960388
2023-12-19,INDUSINDBK,0.037181224673986435,0.02430979534983635,0.9385089874267578
2023-12-19,ITC,0.00958315934985876,0.9447150826454163,0.045701682567596436
2023-12-19,NTPC,0.08845888823270798,0.015804411843419075,0.8957366943359375
2023-12-19,ONGC,0.858234703540802,0.09166206419467926,0.050103262066841125
2023-12-19,SBIN,0.6171078681945801,0.01993608847260475,0.3629560172557831
2023-12-19,ULTRACEMCO,0.11886610835790634,0.2634797990322113,0.6176541447639465
2023-12-20,HCLTECH,0.03922535106539726,0.9361633658409119,0.024611199274659157
2023-12-20,HDFCBANK,0.05301819369196892,0.4700979362241924,0.47688389383256435
2023-12-20,ICICIBANK,0.08490148931741714,0.027101347222924232,0.8879971504211426
2023-12-20,INDUSINDBK,0.18446271121501923,0.7480866312980652,0.0674506202340126
2023-12-20,NESTLEIND,0.05403316020965576,0.014939318411052227,0.9310274720191956
2023-12-21,INFY,0.8463334441184998,0.008885744959115982,0.14478081464767456
2023-12-21,TATASTEEL,0.9033534526824951,0.04224930703639984,0.05439727008342743
2023-12-21,TECHM,0.1206655278801918,0.012813170440495014,0.8665212988853455
2023-12-22,TATASTEEL,0.23156239092350006,0.04317227378487587,0.725265383720398
2023-12-23,INFY,0.011818272061645985,0.9690848588943481,0.019096802920103073
2023-12-23,TECHM,0.11482293903827667,0.013958046212792397,0.8712189793586731
2023-12-24,KOTAKBANK,0.1477515697479248,0.016514208167791367,0.8357342481613159
2023-12-25,RELIANCE,0.12440158426761627,0.019073916599154472,0.8565244674682617
2023-12-26,AXISBANK,0.020316680893301964,0.8241210579872131,0.15556217730045319
2023-12-26,BAJFINANCE,0.010441472753882408,0.9611552357673645,0.028403323143720627
2023-12-26,BHARTIARTL,0.06240745633840561,0.9193779230117798,0.018214542418718338
2023-12-26,BPCL,0.27556726336479187,0.42626824975013733,0.29816457629203796
2023-12-26,HDFCBANK,0.022070886567234993,0.5647475123405457,0.4131816029548645
2023-12-26,INFY,0.05840634787455201,0.4957909435033798,0.4458027174696326
2023-12-26,SBIN,0.7721949815750122,0.009183795191347599,0.21862122416496277
2023-12-26,TATASTEEL,0.4519534260034561,0.0602421211078763,0.48780445754528046
2023-12-26,WIPRO,0.05936398496851325,0.4124698645900935,0.5281661599874496
2023-12-27,HDFCBANK,0.03966451808810234,0.4402695205062628,0.5200659409165382
2023-12-27,INDUSINDBK,0.08677998930215836,0.009544230997562408,0.9036757946014404
2023-12-27,INFY,0.039728939067572355,0.8705662488937378,0.08970478177070618
2023-12-27,KOTAKBANK,0.08994236588478088,0.016195151954889297,0.8938624858856201
2023-12-27,NTPC,0.3046569414436817,0.01103009982034564,0.6843129694461823
2023-12-27,SBIN,0.8238598108291626,0.020829832181334496,0.15531037747859955
2023-12-27,ULTRACEMCO,0.8735143542289734,0.09624363481998444,0.03024204820394516
2023-12-27,WIPRO,0.01202968880534172,0.9234441518783569,0.06452620029449463
2023-12-28,BPCL,0.8746166229248047,0.07773599028587341,0.04764743149280548
2023-12-28,COALINDIA,0.07019564509391785,0.013545889407396317,0.9162584543228149
2023-12-28,HDFCBANK,0.04846273735165596,0.11834853142499924,0.8331887722015381
2023-12-28,INFY,0.09258704632520676,0.12076420616358519,0.7866487801074982
2023-12-28,NTPC,0.4957878850400448,0.17146961856633425,0.3327424917370081
2023-12-28,RELIANCE,0.07482946664094925,0.010679463855922222,0.9144910573959351
2023-12-28,TCS,0.017223365604877472,0.7612989544868469,0.2214776575565338
2023-12-29,ASIANPAINT,0.19599366188049316,0.7555875778198242,0.04841873422265053
2023-12-29,HDFCBANK,0.07372335344552994,0.018451089039444923,0.9078255891799927
2023-12-29,INFY,0.01121404580771923,0.9260406792163849,0.06274528056383133
2023-12-29,KOTAKBANK,0.0074197277426719666,0.9666298627853394,0.025950444862246513
2023-12-29,M&M,0.5135785937309265,0.012503123842179775,0.47391828894615173
2023-12-29,WIPRO,0.03761075809597969,0.378984272480011,0.5834050178527832
2023-12-30,BAJAJ-AUTO,0.9459906220436096,0.02221473678946495,0.03179461136460304
2024-01-01,BAJAJ-AUTO,0.011860384605824947,0.9680154323577881,0.020124217495322227
2024-01-01,BAJAJFINSV,0.09906689077615738,0.8115934729576111,0.08933964371681213
2024-01-01,EICHERMOT,0.32229623291641474,0.6459659785032272,0.03173779137432575
2024-01-01,HDFCBANK,0.04314654693007469,0.014346898533403873,0.9425065517425537
2024-01-01,KOTAKBANK,0.036877989768981934,0.01840212754905224,0.9447198510169983
2024-01-01,M&M,0.08291024062782526,0.5574645772576332,0.3596251839771867
2024-01-01,MARUTI,0.952593207359314,0.024393266066908836,0.023013561964035034
2024-01-01,TATASTEEL,0.08436919748783112,0.7855360507965088,0.13009478151798248
2024-01-01,TECHM,0.06798012554645538,0.027865443378686905,0.9041544198989868
2024-01-01,ULTRACEMCO,0.30118677020072937,0.011564775370061398,0.6872484087944031
2024-01-01,WIPRO,0.9473901987075806,0.029039666056632996,0.02357008494436741
2024-01-02,ASIANPAINT,0.7275212407112122,0.021596338599920273,0.25088241696357727
2024-01-02,COALINDIA,0.5671759285032749,0.20181718654930592,0.231006879825145
2024-01-02,EICHERMOT,0.2147306650876999,0.7711603045463562,0.014108986593782902
2024-01-02,HEROMOTOCO,0.9441616535186768,0.015843722969293594,0.039994657039642334
2024-01-02,HINDUNILVR,0.060036852955818176,0.4168102741241455,0.5231528282165527
2024-01-02,KOTAKBANK,0.04893414303660393,0.014794918708503246,0.9362710118293762
2024-01-02,MARUTI,0.008136493153870106,0.9728922843933105,0.01897113397717476
2024-01-02,POWERGRID,0.9107848405838013,0.01859370246529579,0.07062141597270966
2024-01-02,SBIN,0.01137912180274725,0.8001487255096436,0.18847210705280304
2024-01-02,TATASTEEL,0.7579418420791626,0.20555731654167175,0.036500852555036545
2024-01-02,TCS,0.008930073119699955,0.9643104672431946,0.026759512722492218
2024-01-03,BAJAJ-AUTO,0.3106277799233794,0.05036522867158055,0.6390070039778948
2024-01-03,BAJFINANCE,0.1470644399523735,0.02018038835376501,0.8327551484107971
2024-01-03,COALINDIA,0.06747469119727612,0.46744404593482614,0.4650812866166234
2024-01-03,HEROMOTOCO,0.021809959784150124,0.9694384336471558,0.008751612156629562
2024-01-03,INDUSINDBK,0.9013265371322632,0.010626536794006824,0.08804687112569809
2024-01-03,INFY,0.04320567287504673,0.30421069636940956,0.6525836437940598
2024-01-03,ONGC,0.10055983439087868,0.013733334839344025,0.8857067823410034
2024-01-03,TATASTEEL,0.014018126763403416,0.9698963165283203,0.016085663810372353
2024-01-04,ASIANPAINT,0.017544617876410484,0.9607558250427246,0.021699510514736176
2024-01-04,BAJAJ-AUTO,0.07192925736308098,0.06696134712547064,0.8611094057559967
2024-01-04,BAJFINANCE,0.9350512027740479,0.03258635848760605,0.032362524420022964
2024-01-04,BHARTIARTL,0.9301828742027283,0.029086627066135406,0.040730495005846024
2024-01-04,BPCL,0.08383936434984207,0.024815861135721207,0.8913447856903076
2024-01-04,GRASIM,0.05618136748671532,0.011487072333693504,0.9323316216468811
2024-01-04,HINDUNILVR,0.03955058008432388,0.023078497499227524,0.9373708963394165
2024-01-04,INDUSINDBK,0.9472631216049194,0.023823581635951996,0.028913239017128944
2024-01-04,INFY,0.03530365228652954,0.17071093618869781,0.7939853668212891
2024-01-04,NESTLEIND,0.042743079364299774,0.41011375188827515,0.5471431612968445
2024-01-04,NTPC,0.565284455815951,0.05718750040978193,0.3775280440847079
2024-01-04,WIPRO,0.04329086095094681,0.02768171951174736,0.9290273785591125
2024-01-05,BAJAJ-AUTO,0.0702923983335495,0.01245813723653555,0.9172495007514954
2024-01-05,HDFCBANK,0.9194626212120056,0.01930806040763855,0.06122929323464632
2024-01-05,ICICIBANK,0.03095404803752899,0.8720064759254456,0.09703946113586426
2024-01-05,INFY,0.20084985283513865,0.12991902573655048,0.6692311000078917
2024-01-05,ITC,0.8702388405799866,0.010834287852048874,0.11892694979906082
2024-01-05,JSWSTEEL,0.6205592751502991,0.009611533023416996,0.3698291778564453
2024-01-05,NTPC,0.8929684162139893,0.011206796392798424,0.09582482278347015
2024-01-05,TATASTEEL,0.9463346004486084,0.025217946618795395,0.028447411954402924
2024-01-05,TITAN,0.8850167393684387,0.012537000700831413,0.10244626551866531
2024-01-06,CIPLA,0.10733897984027863,0.008352897129952908,0.8843081593513489
2024-01-06,INFY,0.028683332726359367,0.038910333067178726,0.9324063062667847
2024-01-06,NTPC,0.026475468650460243,0.032295677810907364,0.9412288665771484
2024-01-07,MARUTI,0.03761638328433037,0.6494160890579224,0.3129675090312958
2024-01-07,ONGC,0.6168803572654724,0.011184446513652802,0.37193524837493896
2024-01-07,RELIANCE,0.6940896511077881,0.009100642055273056,0.29680970311164856
2024-01-08,BAJAJ-AUTO,0.5149399191141129,0.019760905764997005,0.46529917791485786
2024-01-08,COALINDIA,0.15127259492874146,0.007906206883490086,0.8408211469650269
2024-01-08,EICHERMOT,0.45984838902950287,0.03253596741706133,0.5076156258583069
2024-01-08,INFY,0.04309091344475746,0.02852381393313408,0.9283852577209473
2024-01-08,ITC,0.012622117064893246,0.9170568585395813,0.07032105326652527
2024-01-08,JSWSTEEL,0.9263964891433716,0.020776163786649704,0.05282740667462349
2024-01-08,NTPC,0.2838781774044037,0.6555352807044983,0.06058650091290474
2024-01-08,ONGC,0.6244264245033264,0.056657835841178894,0.3189157247543335
2024-01-08,SBIN,0.13755053281784058,0.748755693435669,0.11369381844997406
2024-01-08,TITAN,0.9294827580451965,0.03382457047700882,0.036692675203084946
2024-01-09,BAJAJ-AUTO,0.5547699928283691,0.11513750068843365,0.3300925313184659
2024-01-09,CIPLA,0.20216116309165955,0.008298869244754314,0.7895399928092957
2024-01-09,EICHERMOT,0.93946373462677,0.026988254860043526,0.03354800119996071
2024-01-09,INFY,0.02213183417916298,0.9647856950759888,0.013082417659461498
2024-01-09,JSWSTEEL,0.9428132176399231,0.019708950072526932,0.03747779503464699
2024-01-09,LT,0.5357199460268021,0.0803002999164164,0.38397980108857155
2024-01-09,ONGC,0.052858591079711914,0.01617923192679882,0.9309622049331665
2024-01-09,SBIN,0.06663062423467636,0.64776611328125,0.28560328483581543
2024-01-09,TCS,0.04892320682605108,0.041077701995770134,0.9099990526835123
2024-01-10,BHARTIARTL,0.9403221011161804,0.022043801844120026,0.037633977830410004
2024-01-10,BPCL,0.03614044934511185,0.5910723209381104,0.372787207365036
2024-01-10,BRITANNIA,0.019658870995044708,0.9613575339317322,0.01898363046348095
2024-01-10,ICICIBANK,0.11368299275636673,0.42034050822257996,0.4659765064716339
2024-01-10,INFY,0.030268855392932892,0.11044348403811455,0.8592876195907593
2024-01-10,M&M,0.030928973108530045,0.023213868960738182,0.9458572268486023
2024-01-10,RELIANCE,0.7444618940353394,0.09249174920842052,0.16304636746644974
2024-01-10,TCS,0.015641864389181137,0.35933950543403625,0.6250185966491699
2024-01-10,WIPRO,0.008301976136863232,0.9744986295700073,0.017199428752064705
2024-01-11,BAJAJ-AUTO,0.9480992555618286,0.020970024168491364,0.030930686742067337
2024-01-11,COALINDIA,0.5319764763116837,0.009768808260560036,0.45825469121336937
2024-01-11,HEROMOTOCO,0.9314131736755371,0.04065107926726341,0.027935700491070747
2024-01-11,INFY,0.20560180004686118,0.5555758347734809,0.2388223759829998
2024-01-11,M&M,0.17954720556735992,0.011064366437494755,0.8093883991241455
2024-01-11,MARUTI,0.5417977571487427,0.010140902362763882,0.44806134700775146
2024-01-11,TCS,0.4538081109390727,0.377950874290296,0.16824102401733398
2024-01-12,AXISBANK,0.5038568321615458,0.28314943611621857,0.21299373265355825
2024-01-12,BAJFINANCE,0.05499716103076935,0.014703202992677689,0.930299699306488
2024-01-12,BPCL,0.9476156234741211,0.017763273790478706,0.03462113067507744
2024-01-12,COALINDIA,0.202204130589962,0.008927846560254693,0.7888679802417755
2024-01-12,EICHERMOT,0.866965115070343,0.010812947526574135,0.1222219318151474
2024-01-12,HDFCBANK,0.8750612437725067,0.09759894944727421,0.027339794673025608
2024-01-12,HEROMOTOCO,0.061763301491737366,0.013286085799336433,0.9249505996704102
2024-01-12,ICICIBANK,0.9488223791122437,0.021249976009130478,0.029927536845207214
2024-01-12,INDUSINDBK,0.9493504762649536,0.019262325018644333,0.03138716518878937
2024-01-12,INFY,0.4430156366101333,0.03697688039392233,0.520007479137608
2024-01-12,KOTAKBANK,0.9490345120429993,0.020988259464502335,0.029977280646562576
2024-01-12,M&M,0.01226818561553955,0.9743554592132568,0.013376346789300442
2024-01-12,TCS,0.6067380068654363,0.17008875983513214,0.2231732395223596
2024-01-12,ULTRACEMCO,0.07336447387933731,0.46923521161079407,0.45740033127367496
2024-01-12,WIPRO,0.15616093123597757,0.45762379094958305,0.38621528287019047
2024-01-13,INFY,0.07586602866649628,0.4443143606185913,0.47981956601142883
2024-01-13,TCS,0.010064145550131798,0.9725379943847656,0.017397817224264145
2024-01-13,WIPRO,0.9271289706230164,0.02483564428985119,0.04803547263145447
2024-01-14,HCLTECH,0.0781213566660881,0.010649207048118114,0.9112294316291809
2024-01-14,INFY,0.1049196794629097,0.01039078924804926,0.8846895396709442
2024-01-14,ONGC,0.08153627067804337,0.012150350958108902,0.9063133597373962
2024-01-14,RELIANCE,0.7479482293128967,0.02895762398838997,0.22309414483606815
2024-01-14,WIPRO,0.050587985664606094,0.016351131722331047,0.9330608248710632
2024-01-15,AXISBANK,0.953292191028595,0.01837155967950821,0.02833624929189682
2024-01-15,BAJAJ-AUTO,0.48468348383903503,0.012552212923765182,0.5027642846107483
2024-01-15,DRREDDY,0.8119494915008545,0.009510012343525887,0.17854054272174835
2024-01-15,HCLTECH,0.4196115533510844,0.014952543812493483,0.565435911839207
2024-01-15,HDFCBANK,0.9538496732711792,0.018187155947089195,0.02796325832605362
2024-01-15,ICICIBANK,0.9527866244316101,0.019409621134400368,0.02780371904373169
2024-01-15,INDUSINDBK,0.953090488910675,0.017798079177737236,0.02911142259836197
2024-01-15,INFY,0.29480115696787834,0.20647572726011276,0.4987231194972992
2024-01-15,ONGC,0.1076994389295578,0.013488520868122578,0.8788120150566101
2024-01-15,WIPRO,0.16506959684193134,0.3504584839101881,0.48447191528975964
2024-01-16,ASIANPAINT,0.9524701237678528,0.024275628849864006,0.023254208266735077
2024-01-16,AXISBANK,0.5768086214860281,0.04588440743585428,0.37730694313844043
2024-01-16,BAJAJFINSV,0.07031621783971786,0.020654456689953804,0.9090293049812317
2024-01-16,BAJFINANCE,0.4349188804626465,0.008480474352836609,0.5566006302833557
2024-01-16,EICHERMOT,0.07538911188021302,0.5489847436547279,0.3756261868402362
2024-01-16,HDFCBANK,0.42193604313901495,0.19810813891568355,0.3799558180783476
2024-01-16,MARUTI,0.770905613899231,0.010799837298691273,0.21829460561275482
2024-01-16,ONGC,0.06727849692106247,0.014667273499071598,0.9180541634559631
2024-01-16,POWERGRID,0.9350014925003052,0.013154340907931328,0.05184413492679596
2024-01-16,RELIANCE,0.8906911313533783,0.014145886059850454,0.09516296163201332
2024-01-16,TCS,0.11486802250146866,0.7038176655769348,0.18131433427333832
2024-01-17,ASIANPAINT,0.9543130993843079,0.018871746957302094,0.026815119199454784
2024-01-17,BAJAJ-AUTO,0.01083636935800314,0.9665528535842896,0.022610772401094437
2024-01-17,BHARTIARTL,0.39339100817839306,0.031010799730817478,0.57559817781051
2024-01-17,BPCL,0.029650740325450897,0.6865124106407166,0.28383690118789673
2024-01-17,CIPLA,0.052215978503227234,0.014777061529457569,0.933007001876831
2024-01-17,EICHERMOT,0.016077639535069466,0.9629704356193542,0.02095193788409233
2024-01-17,HCLTECH,0.9524115025997162,0.01936132088303566,0.02822722587734461
2024-01-17,HDFCBANK,0.1592730592506436,0.48182164189907223,0.35890530049800873
2024-01-17,HINDALCO,0.017603298649191856,0.9562035202980042,0.026193130761384964
2024-01-17,HINDUNILVR,0.03467944264411926,0.9514305591583252,0.013889966532588005
2024-01-17,INDUSINDBK,0.9540270566940308,0.02127869427204132,0.02469433844089508
2024-01-17,INFY,0.0441751554608345,0.013750683516263962,0.942074179649353
2024-01-17,MARUTI,0.5257850885391235,0.046163592487573624,0.42805129289627075
2024-01-17,RELIANCE,0.0386679582297802,0.19082511961460114,0.7705069184303284
2024-01-17,TATASTEEL,0.34656548500061035,0.21550248563289642,0.43793198466300964
2024-01-17,TCS,0.5426646135747433,0.22787442384287715,0.22946100449189544
2024-01-17,WIPRO,0.007852644892409444,0.97469362616539,0.01745377853512764
2024-01-18,ASIANPAINT,0.42082673811819404,0.13352864724583924,0.4456446086987853
2024-01-18,BHARTIARTL,0.9281228184700012,0.024190295487642288,0.04768689349293709
2024-01-18,COALINDIA,0.8499072790145874,0.011195652186870575,0.138897106051445
2024-01-18,HDFCBANK,0.25620842622593043,0.24242262095212935,0.50136894043535
2024-01-18,ICICIBANK,0.9520416259765625,0.01659976691007614,0.03135862573981285
2024-01-18,INDUSINDBK,0.9519879221916199,0.027025965973734856,0.02098619006574154
2024-01-18,INFY,0.9509801268577576,0.021300077438354492,0.027719857171177864
2024-01-18,ITC,0.804756224155426,0.007381340954452753,0.18786241114139557
2024-01-18,KOTAKBANK,0.7869921326637268,0.19173328578472137,0.02127457782626152
2024-01-18,SBIN,0.577716588973999,0.01840919442474842,0.4038741886615753
2024-01-18,SUNPHARMA,0.036997634917497635,0.015924811363220215,0.9470775723457336
2024-01-18,TATASTEEL,0.008076934143900871,0.9598780870437622,0.03204502910375595
2024-01-18,TCS,0.07976064085960388,0.18204845488071442,0.7381908893585205
2024-01-19,ASIANPAINT,0.17776958644390106,0.010930175893008709,0.8113002777099609
2024-01-19,HCLTECH,0.14733827114105225,0.0076405685395002365,0.8450211882591248
2024-01-19,HDFCBANK,0.16477501818111964,0.10571447680039066,0.7295105010271072
2024-01-19,HINDUNILVR,0.045647657942026854,0.5154176820069551,0.43893469125032425
2024-01-19,INDUSINDBK,0.061504876241087914,0.2316820602864027,0.7068130439147353
2024-01-19,INFY,0.07231371104717255,0.0110677070915699,0.9166185855865479
2024-01-19,RELIANCE,0.11086087177197139,0.03706628022094568,0.8520728548367819
2024-01-19,SUNPHARMA,0.07017023116350174,0.010799246840178967,0.919030487537384
2024-01-19,TATASTEEL,0.008960469625890255,0.953711211681366,0.03732836991548538
2024-01-19,WIPRO,0.09022018453106284,0.20667650015093386,0.7031033486127853
2024-01-20,AXISBANK,0.01701878383755684,0.0833156406879425,0.8996655941009521
2024-01-20,BAJFINANCE,0.18756188452243805,0.08621229231357574,0.7262257933616638
2024-01-20,BHARTIARTL,0.14032451808452606,0.010597603395581245,0.8490779399871826
2024-01-20,HDFCBANK,0.576335035264492,0.026325220707803965,0.3973397724330425
2024-01-20,HINDUNILVR,0.03725759161170572,0.4922508504241705,0.47049158113077283
2024-01-20,ICICIBANK,0.723209798336029,0.02561026904731989,0.25117991119623184
2024-01-20,INFY,0.06941276043653488,0.014540025033056736,0.916047215461731
2024-01-20,KOTAKBANK,0.5807763586441675,0.05724779609590769,0.36197581700980663
2024-01-20,RELIANCE,0.5175462421029806,0.02800464630126953,0.4544490771368146
2024-01-20,TATASTEEL,0.12638477981090546,0.8544365763664246,0.01917864754796028
2024-01-20,ULTRACEMCO,0.4457228481769562,0.0893382434733212,0.46493890043348074
2024-01-21,HDFCBANK,0.07274766266345978,0.8954656720161438,0.03178664296865463
2024-01-21,ICICIBANK,0.0758674219250679,0.011409871280193329,0.9127227067947388
2024-01-21,KOTAKBANK,0.06790958344936371,0.012312212027609348,0.9197781682014465
2024-01-21,RELIANCE,0.0499425046145916,0.029949354007840157,0.9201081991195679
2024-01-22,AXISBANK,0.09297730773687363,0.8877678513526917,0.019254842773079872
2024-01-22,CIPLA,0.9447391033172607,0.029795199632644653,0.025465626269578934
2024-01-22,HEROMOTOCO,0.2677035927772522,0.007286531385034323,0.7250098586082458
2024-01-22,HINDUNILVR,0.8691840171813965,0.039956845343112946,0.09085913747549057
2024-01-22,ICICIBANK,0.06260017678141594,0.018963086418807507,0.918436735868454
2024-01-22,KOTAKBANK,0.4669075682759285,0.011462636291980743,0.5216297805309296
2024-01-22,TCS,0.05073896050453186,0.032485753297805786,0.9167753458023071
2024-01-22,ULTRACEMCO,0.19572538137435913,0.009514647535979748,0.79475998878479
2024-01-23,AXISBANK,0.4032920027772586,0.11033741757273674,0.48637056599060696
2024-01-23,BAJAJ-AUTO,0.9500760436058044,0.01914404332637787,0.030779827386140823
2024-01-23,BHARTIARTL,0.7652531862258911,0.013225377537310123,0.22152142226696014
2024-01-23,CIPLA,0.6446877755224705,0.023120562856396038,0.3321916212638219
2024-01-23,COALINDIA,0.10803038626909256,0.025062045082449913,0.86690753698349
2024-01-23,HDFCBANK,0.012425899039953947,0.9258617460727692,0.061712395399808884
2024-01-23,HEROMOTOCO,0.49868447706103325,0.024807120440527797,0.47650839015841484
2024-01-23,ICICIBANK,0.5314627066254616,0.021911263931542635,0.4466260802000761
2024-01-23,KOTAKBANK,0.12023162841796875,0.3321256268148621,0.5476427618414164
2024-01-23,TCS,0.010869554243981838,0.9629433751106262,0.026187093928456306
2024-01-23,TECHM,0.9195559024810791,0.06224403157830238,0.018200106918811798
2024-01-24,AXISBANK,0.04871976003050804,0.02844865433871746,0.9228315651416779
2024-01-24,BAJAJ-AUTO,0.9479597806930542,0.02387104742228985,0.028169098310172558
2024-01-24,BPCL,0.36300233006477356,0.5649710297584534,0.07202664017677307
2024-01-24,CIPLA,0.9512516856193542,0.020940205082297325,0.02780817076563835
2024-01-24,COALINDIA,0.7630299925804138,0.017970459535717964,0.21899957954883575
2024-01-24,HDFCBANK,0.2874192539602518,0.08159936929587275,0.6309813931584358
2024-01-24,HEROMOTOCO,0.40842045471072197,0.01833637384697795,0.5732431709766388
2024-01-24,HINDUNILVR,0.03879878669977188,0.4935270454734564,0.46767418272793293
2024-01-24,KOTAKBANK,0.08338707685470581,0.013140112161636353,0.9034728407859802
2024-01-24,RELIANCE,0.9512093663215637,0.021286407485604286,0.02750431001186371
2024-01-24,TATASTEEL,0.6084414720535278,0.33541589975357056,0.0561426542699337
2024-01-24,TECHM,0.25363324070349336,0.4265778560657054,0.31978890486061573
2024-01-24,ULTRACEMCO,0.522092841565609,0.014797974843531847,0.46310909930616617
2024-01-25,BAJAJ-AUTO,0.6483130951722463,0.023654078443845112,0.328032831971844
2024-01-25,DRREDDY,0.15143227577209473,0.009121191687881947,0.8394465446472168
2024-01-25,HDFCBANK,0.05746102053672075,0.31757818907499313,0.6249607875943184
2024-01-25,HEROMOTOCO,0.3930633068084717,0.02563481405377388,0.5813018679618835
2024-01-25,ITC,0.7723827362060547,0.01376164797693491,0.21385557949543
2024-01-25,JSWSTEEL,0.83249431848526,0.07214117795228958,0.09536454640328884
2024-01-25,LT,0.2490394115447998,0.06458671391010284,0.6863738894462585
2024-01-25,MARUTI,0.7456320524215698,0.006999446079134941,0.24736855924129486
2024-01-25,POWERGRID,0.9156718254089355,0.010847344994544983,0.07348082214593887
2024-01-25,SBIN,0.03416934609413147,0.0893939957022667,0.8764365911483765
2024-01-25,TATASTEEL,0.32172167689229053,0.5265086942041913,0.1517696619654695
2024-01-25,TECHM,0.055669447290711105,0.5224705566652119,0.42186001082882285
2024-01-25,WIPRO,0.14035920798778534,0.014744964428246021,0.8448957800865173
2024-01-26,AXISBANK,0.05153432488441467,0.1232936680316925,0.8251720070838928
2024-01-26,NTPC,0.8750994801521301,0.008268410339951515,0.11663217097520828
2024-01-27,BAJFINANCE,0.9498704671859741,0.021190045401453972,0.028939472511410713
2024-01-27,CIPLA,0.010041726753115654,0.8596971035003662,0.13026127219200134
2024-01-27,INFY,0.9400407671928406,0.01568690873682499,0.04427226260304451
2024-01-28,HDFCBANK,0.9202523231506348,0.012683195993304253,0.06706444919109344
2024-01-29,AXISBANK,0.10209459066390991,0.010346495546400547,0.8875589370727539
2024-01-29,BAJAJ-AUTO,0.10772118965784709,0.01379869474718968,0.8784801363945007
2024-01-29,BAJFINANCE,0.9265296459197998,0.02649005316197872,0.04698024597018957
2024-01-29,BPCL,0.007393259089440107,0.973077118396759,0.01952959969639778
2024-01-29,CIPLA,0.03284503240138292,0.4825036507099867,0.4846513047814369
2024-01-29,DRREDDY,0.6228135824203491,0.34291505813598633,0.03427132964134216
2024-01-29,HDFCBANK,0.886823982000351,0.031773678958415985,0.08140233997255564
2024-01-29,INFY,0.02063001971691847,0.79214808344841,0.18722186610102654
2024-01-29,JSWSTEEL,0.4980169031769037,0.018314197349051636,0.4836689376582702
2024-01-29,LT,0.954829216003418,0.022351093590259552,0.022819772362709045
2024-01-29,NTPC,0.5560794919729233,0.01810763916000724,0.42581284418702126
2024-01-29,RELIANCE,0.12372138723731041,0.07872558292001486,0.7975530326366425
2024-01-29,TATASTEEL,0.49871666232744855,0.017217273823916912,0.48406604304909706
2024-01-29,TCS,0.49948522821068764,0.03800735995173454,0.46250737458467484
2024-01-29,TECHM,0.3715588301420212,0.01936228107661009,0.6090788543224335
2024-01-30,BAJAJFINSV,0.5288080684840679,0.019811763428151608,0.4513802044093609
2024-01-30,BAJFINANCE,0.7110671047121286,0.227797273080796,0.0611356464214623
2024-01-30,BPCL,0.05536041781306267,0.6484941020607948,0.2961454801261425
2024-01-30,HDFCBANK,0.12771658599376678,0.017505047842860222,0.8547782897949219
2024-01-30,ITC,0.5951203003525734,0.22561191208660603,0.1792678063735366
2024-01-30,JSWSTEEL,0.14120409389336905,0.24888597801327705,0.6099099218845367
2024-01-30,MARUTI,0.9522863030433655,0.018789611756801605,0.028924070298671722
2024-01-30,NTPC,0.01035312113041679,0.9733220338821411,0.016324785848458607
2024-01-30,RELIANCE,0.1924374047666788,0.23073403956368566,0.5768285691738129
2024-01-30,SUNPHARMA,0.9537973999977112,0.022580720484256744,0.02362196147441864
2024-01-30,TCS,0.39740114752203226,0.48295470001176,0.11964416690170765
2024-01-31,CIPLA,0.06740722246468067,0.012284960132092237,0.9203078150749207
2024-01-31,DRREDDY,0.14233998954296112,0.13951388001441956,0.7181461453437805
2024-01-31,INFY,0.028431907296180725,0.01919574849307537,0.9523723721504211
2024-01-31,ITC,0.034365102648735046,0.07615744322538376,0.8894773721694946
2024-01-31,JSWSTEEL,0.5960330963134766,0.07286053895950317,0.33110636472702026
2024-01-31,MARUTI,0.5165807008743286,0.02198951691389084,0.4614297430962324
2024-01-31,TATASTEEL,0.22590935230255127,0.013519655913114548,0.7605709433555603
2024-01-31,TECHM,0.07486747205257416,0.013763117603957653,0.9113694429397583
2024-01-31,ULTRACEMCO,0.05085879936814308,0.014971978962421417,0.9341692328453064
2024-01-31,WIPRO,0.06088275834918022,0.6449392437934875,0.29417797923088074
2024-02-01,BAJAJ-AUTO,0.07321542501449585,0.019892366603016853,0.9068922400474548
2024-02-01,BAJAJFINSV,0.9510030746459961,0.02092917263507843,0.02806771732866764
2024-02-01,BAJFINANCE,0.06877795606851578,0.01256629265844822,0.9186558127403259
2024-02-01,BHARTIARTL,0.9154271483421326,0.049286793917417526,0.035286106169223785
2024-02-01,COALINDIA,0.918994665145874,0.02569747157394886,0.055307913571596146
2024-02-01,DRREDDY,0.9514354765415192,0.0201882217079401,0.028376289643347263
2024-02-01,HCLTECH,0.10298164933919907,0.011925825849175453,0.885092556476593
2024-02-01,ITC,0.061465807259082794,0.014047816395759583,0.9244863390922546
2024-02-01,MARUTI,0.9408668518066406,0.02043343298137188,0.03869970701634884
2024-02-01,NTPC,0.22710694496830305,0.17232984770089388,0.6005632231632868
2024-02-01,SUNPHARMA,0.9503209590911865,0.018253414891660213,0.03142569866031408
2024-02-01,TCS,0.18388311844319105,0.020944300573319197,0.7951726019382477
2024-02-02,EICHERMOT,0.06377091941734155,0.6083811434606711,0.3278479278087616
2024-02-02,HDFCBANK,0.7093659043312073,0.009727761149406433,0.2809062898159027
2024-02-02,HEROMOTOCO,0.5216129198670387,0.017137644812464714,0.4612493943423033
2024-02-02,ITC,0.3131929636001587,0.5793532133102417,0.10745378583669662
2024-02-02,RELIANCE,0.1598181575536728,0.13689614832401276,0.7032856941223145
2024-02-02,SBIN,0.947892963886261,0.03037380613386631,0.021733295172452927
2024-02-03,BPCL,0.1768602840602398,0.012424362823367119,0.8107153475284576
2024-02-03,HDFCBANK,0.04879036173224449,0.011352689005434513,0.939857006072998
2024-02-03,LT,0.08999498188495636,0.010048511903733015,0.8999564945697784
2024-02-03,NTPC,0.08007640391588211,0.011591226793825626,0.9083324074745178
2024-02-03,ONGC,0.4518378973007202,0.01953602395951748,0.5286260843276978
2024-02-03,RELIANCE,0.9433214664459229,0.018071569502353668,0.03860697150230408
2024-02-04,ONGC,0.12484054267406464,0.008477067574858665,0.8666823506355286
2024-02-04,RELIANCE,0.640555664896965,0.020536914467811584,0.3389073424041271
2024-02-04,TATASTEEL,0.40901342034339905,0.023220352828502655,0.5677661895751953
2024-02-05,BHARTIARTL,0.9451753199100494,0.02515069954097271,0.029674021527171135
2024-02-05,INDUSINDBK,0.06797139346599579,0.010054010897874832,0.9219745993614197
2024-02-05,INFY,0.05506632849574089,0.6617819666862488,0.2831517159938812
2024-02-05,ITC,0.08354316651821136,0.011733176186680794,0.9047237038612366
2024-02-05,SBIN,0.2355424053966999,0.44297932367771864,0.3214782625436783
2024-02-05,TCS,0.7915329933166504,0.007131470832973719,0.20133550465106964
2024-02-05,WIPRO,0.5712296366691589,0.3127180337905884,0.11605223268270493
2024-02-06,AXISBANK,0.05637343227863312,0.01640246668830514,0.9272240698337555
2024-02-06,BAJFINANCE,0.0766826793551445,0.011565567925572395,0.9117516875267029
2024-02-06,BHARTIARTL,0.9295019805431366,0.04594144877046347,0.02455654740333557
2024-02-06,CIPLA,0.05977877974510193,0.015163397416472435,0.9250578880310059
2024-02-06,DRREDDY,0.04811444878578186,0.016652075573801994,0.9352334141731262
2024-02-06,HDFCBANK,0.28278773836791515,0.016393545859803755,0.7008187075455984
2024-02-06,LT,0.1823331117630005,0.0108711589127779,0.8067957758903503
2024-02-06,MARUTI,0.14452064409852028,0.20170820620842278,0.6537711508572102
2024-02-06,NESTLEIND,0.9505805373191833,0.01387853641062975,0.03554094582796097
2024-02-06,SBIN,0.26067474484443665,0.007299145217984915,0.7320261001586914
2024-02-06,SUNPHARMA,0.06011515110731125,0.011266444809734821,0.9286184310913086
2024-02-06,TCS,0.5423024445772171,0.07409876491874456,0.38359878025949
2024-02-07,BAJAJFINSV,0.08660503476858139,0.010213703848421574,0.9031813144683838
2024-02-07,BPCL,0.059041060507297516,0.7711308598518372,0.16982810199260712
2024-02-07,BRITANNIA,0.9503316879272461,0.022161249071359634,0.02750707045197487
2024-02-07,COALINDIA,0.47967663407325745,0.04335588216781616,0.476967453956604
2024-02-07,HDFCBANK,0.8189124464988708,0.009877323172986507,0.17121033370494843
2024-02-07,INFY,0.1582115739583969,0.008980435319244862,0.8328079581260681
2024-02-07,KOTAKBANK,0.926113486289978,0.029572227969765663,0.04431429132819176
2024-02-07,MARUTI,0.06475279480218887,0.0167832113802433,0.9184640049934387
2024-02-07,NESTLEIND,0.5316859558224678,0.03305657580494881,0.43525747023522854
2024-02-07,ONGC,0.9124863147735596,0.010209542699158192,0.0773041620850563
2024-02-07,POWERGRID,0.49672152660787106,0.02248256467282772,0.4807959459722042
2024-02-07,TATASTEEL,0.5089383190497756,0.23217625310644507,0.2588854031637311
2024-02-08,BHARTIARTL,0.9513478875160217,0.020447460934519768,0.028204629197716713
2024-02-08,BPCL,0.01779864728450775,0.8186522722244263,0.16354911029338837
2024-02-08,HDFCBANK,0.4904193552210927,0.016165828332304955,0.4934147670865059
2024-02-08,HEROMOTOCO,0.9557157754898071,0.01841083914041519,0.025873377919197083
2024-02-08,ICICIBANK,0.1339346170425415,0.7466082572937012,0.11945716291666031
2024-02-08,ITC,0.0482142586261034,0.34230213332921267,0.6094835965583721
2024-02-08,NESTLEIND,0.9500710964202881,0.02113412693142891,0.02879471331834793
2024-02-08,POWERGRID,0.9490851759910583,0.02141110599040985,0.02950371615588665
2024-02-08,SBIN,0.11520956829190254,0.10088124871253967,0.7839092314243317
2024-02-08,TCS,0.8474697470664978,0.006995863746851683,0.1455344408750534
2024-02-09,BHARTIARTL,0.1283562332391739,0.14801448583602905,0.7236292958259583
2024-02-09,COALINDIA,0.01074877567589283,0.9713795185089111,0.017871668562293053
2024-02-09,GRASIM,0.9512864947319031,0.01870239246636629,0.03001109417527914
2024-02-09,HDFCBANK,0.234141007065773,0.038832686841487885,0.7270263433456421
2024-02-09,HEROMOTOCO,0.9528983235359192,0.02509612776339054,0.022005505859851837
2024-02-09,HINDUNILVR,0.5187315344810486,0.009476670064032078,0.4717917740345001
2024-02-09,INFY,0.3143523037433624,0.29832029342651367,0.3873274326324463
2024-02-09,ITC,0.019682342186570168,0.6716655790805817,0.3086520656943321
2024-02-09,ONGC,0.009715528227388859,0.975181519985199,0.015102904289960861
2024-02-09,POWERGRID,0.0075290147215127945,0.9746308922767639,0.01784004457294941
2024-02-09,RELIANCE,0.028963586315512657,0.8481277227401733,0.12290876358747482
2024-02-09,SBIN,0.10624494403600693,0.00944976694881916,0.8843052387237549
2024-02-11,BAJFINANCE,0.037621546536684036,0.8665759563446045,0.09580250084400177
2024-02-11,INFY,0.06106860935688019,0.019214726984500885,0.9197166562080383
2024-02-11,ONGC,0.007004373241215944,0.9735159873962402,0.019479678943753242
2024-02-12,AXISBANK,0.6742876768112183,0.008381919004023075,0.31733039021492004
2024-02-12,CIPLA,0.011521627195179462,0.9687867164611816,0.01969173550605774
2024-02-12,COALINDIA,0.9361159205436707,0.03735354170203209,0.026530466973781586
2024-02-12,DRREDDY,0.7934318780899048,0.013412505388259888,0.19315552711486816
2024-02-12,EICHERMOT,0.9519684314727783,0.014640199020504951,0.033391401171684265
2024-02-12,HCLTECH,0.04000652953982353,0.7181889414787292,0.24180452525615692
2024-02-12,HDFCBANK,0.09363576769828796,0.018940702080726624,0.8874235153198242
2024-02-12,HEROMOTOCO,0.48480654787272215,0.4933719802647829,0.02182143833488226
2024-02-12,ONGC,0.008382119936868548,0.9713149666786194,0.020302899181842804
2024-02-13,AXISBANK,0.18461963534355164,0.007391527760773897,0.8079888224601746
2024-02-13,BPCL,0.5147780776023865,0.009557646699249744,0.47566428780555725
2024-02-13,COALINDIA,0.47622625052463263,0.47491675056517124,0.04885700764134526
2024-02-13,EICHERMOT,0.9456850290298462,0.02879077009856701,0.025524253025650978
2024-02-13,HCLTECH,0.1322413645684719,0.037097685039043427,0.8306609392166138
2024-02-13,HEROMOTOCO,0.4676535129547119,0.09458200866356492,0.43776449002325535
2024-02-13,HINDALCO,0.36154478477935,0.37593908545871574,0.26251616918792325
2024-02-13,ITC,0.41719253547489643,0.12485779076814651,0.4579496905207634
2024-02-13,JSWSTEEL,0.1551240086555481,0.008361902087926865,0.8365140557289124
2024-02-13,NTPC,0.027872109785676003,0.9432754516601562,0.028852447867393494
2024-02-13,TATASTEEL,0.27993035316467285,0.008460932411253452,0.7116087079048157
2024-02-13,WIPRO,0.07192723453044891,0.010788741521537304,0.9172840118408203
2024-02-14,AXISBANK,0.8787277340888977,0.009858529083430767,0.11141375452280045
2024-02-14,BPCL,0.4104876443743706,0.07290677959099412,0.5166055113077164
2024-02-14,EICHERMOT,0.5017212927341461,0.46769782854244113,0.03058090340346098
2024-02-14,HDFCBANK,0.8955822587013245,0.03798503056168556,0.06643270701169968
2024-02-14,HEROMOTOCO,0.0739082619547844,0.016243726015090942,0.9098480343818665
2024-02-14,HINDALCO,0.34778719395399094,0.0722614424303174,0.579951369514068
2024-02-14,INFY,0.016261266078799963,0.8630192875862122,0.12071946728974581
2024-02-14,M&M,0.9447922110557556,0.027314726263284683,0.0278929490596056
2024-02-14,MARUTI,0.9469947218894958,0.02212616428732872,0.030879076570272446
2024-02-14,WIPRO,0.01517065241932869,0.9404377937316895,0.04439159482717514
2024-02-15,AXISBANK,0.4824539516121149,0.24696266977116466,0.2705834247171879
2024-02-15,BAJFINANCE,0.304821640253067,0.223876953125,0.47130146622657776
2024-02-15,COALINDIA,0.44814959168434143,0.02086348831653595,0.5309869050979614
2024-02-15,EICHERMOT,0.5023946054279804,0.01421018922701478,0.48339523561298847
2024-02-15,HDFCBANK,0.9427805542945862,0.01519780233502388,0.042021624743938446
2024-02-15,HINDUNILVR,0.7960658371448517,0.00860276399180293,0.1953314244747162
2024-02-15,M&M,0.7140782376130422,0.035182143251101174,0.25073960858086747
2024-02-15,NTPC,0.08537840098142624,0.00940055400133133,0.9052209854125977
2024-02-15,SBIN,0.027238251641392708,0.033061735332012177,0.9397000074386597
2024-02-16,AXISBANK,0.2096240520477295,0.008632070384919643,0.7817439436912537
2024-02-16,HDFCBANK,0.9483957886695862,0.01452865544706583,0.03707556053996086
2024-02-16,HEROMOTOCO,0.9521093368530273,0.018145866692066193,0.029744790866971016
2024-02-16,INFY,0.045005232095718384,0.6060466766357422,0.34894806146621704
2024-02-16,ITC,0.016766371205449104,0.9553770422935486,0.027856595814228058
2024-02-16,NTPC,0.4541884735226631,0.011295871809124947,0.5345156416296959
2024-02-16,RELIANCE,0.2508712708950043,0.012059205211699009,0.7370695471763611
2024-02-18,HDFCBANK,0.4771876698359847,0.4809120106510818,0.04190038703382015
2024-02-18,HEROMOTOCO,0.9136912226676941,0.010392585769295692,0.07591629028320312
2024-02-19,AXISBANK,0.08265478163957596,0.00881788320839405,0.9085273146629333
2024-02-19,COALINDIA,0.7058715224266052,0.012707225978374481,0.2814212739467621
2024-02-19,HDFCBANK,0.37359674740582705,0.46947522833943367,0.15692798979580402
2024-02-19,HEROMOTOCO,0.8127377033233643,0.006846646778285503,0.18041563034057617
2024-02-19,KOTAKBANK,0.02283414639532566,0.04016781225800514,0.9369980096817017
2024-02-19,M&M,0.045453477650880814,0.015170899219810963,0.9393755793571472
2024-02-19,ONGC,0.01865883357822895,0.060134824365377426,0.9212063550949097
2024-02-20,BRITANNIA,0.9515247344970703,0.02268346957862377,0.025791743770241737
2024-02-20,CIPLA,0.031991541385650635,0.04622884839773178,0.9217795729637146
2024-02-20,COALINDIA,0.04677617363631725,0.49226386146619916,0.4609599821269512
2024-02-20,HDFCBANK,0.5282060950994492,0.07106837164610624,0.4007255434989929
2024-02-20,HEROMOTOCO,0.9529649019241333,0.019475648179650307,0.027559427544474602
2024-02-20,HINDALCO,0.9167453050613403,0.05770735442638397,0.025547349825501442
2024-02-20,INFY,0.1543983370065689,0.4183861315250397,0.4272155463695526
2024-02-20,JSWSTEEL,0.17624268680810928,0.010934912133961916,0.8128224015235901
2024-02-20,KOTAKBANK,0.4538903757929802,0.47921014949679375,0.06689953058958054
2024-02-20,M&M,0.06462949514389038,0.5150867104530334,0.42028382420539856
2024-02-20,SBIN,0.04041812941431999,0.018981056287884712,0.9406008124351501
2024-02-20,TATASTEEL,0.168203666806221,0.010125897824764252,0.8216704726219177
2024-02-20,TCS,0.03236367553472519,0.36294466257095337,0.6046916842460632
2024-02-20,TECHM,0.08242405764758587,0.24751684116199613,0.6700591444969177
2024-02-20,WIPRO,0.9369960427284241,0.012245398946106434,0.05075857788324356
2024-02-21,EICHERMOT,0.9525918960571289,0.02028525620698929,0.02712285704910755
2024-02-21,HDFCBANK,0.04334912449121475,0.016954664140939713,0.939696192741394
2024-02-21,HEROMOTOCO,0.12837399542331696,0.13739389181137085,0.7342321276664734
2024-02-21,HINDALCO,0.5695430979132652,0.04379746783524752,0.3866594359278679
2024-02-21,INFY,0.9449450373649597,0.0192609541118145,0.03579406812787056
2024-02-21,JSWSTEEL,0.17362283170223236,0.06941232830286026,0.7569648027420044
2024-02-21,ONGC,0.008061520755290985,0.974709153175354,0.017229322344064713
2024-02-21,TATASTEEL,0.9021716713905334,0.0541175901889801,0.04371070861816406
2024-02-21,WIPRO,0.7360847592353821,0.00723035354167223,0.2566848695278168
2024-02-22,ASIANPAINT,0.3924368782900274,0.5568725094199181,0.05069061368703842
2024-02-22,BAJAJ-AUTO,0.8840859532356262,0.007690420839935541,0.10822368413209915
2024-02-22,BHARTIARTL,0.08998285233974457,0.010714282281696796,0.8993028402328491
2024-02-22,GRASIM,0.539125791285187,0.24845406995154917,0.21242018789052963
2024-02-22,ITC,0.9356088638305664,0.014602961018681526,0.04978823661804199
2024-02-22,NESTLEIND,0.1967843621969223,0.01454942673444748,0.7886661887168884
2024-02-22,ONGC,0.07782603800296783,0.029412027448415756,0.8927619457244873
2024-02-22,POWERGRID,0.7903744578361511,0.010760794393718243,0.19886478781700134
2024-02-22,SBIN,0.058537304401397705,0.016393451020121574,0.9250692129135132
2024-02-22,TCS,0.585317850112915,0.04569615423679352,0.36898601055145264
2024-02-23,BHARTIARTL,0.07860437035560608,0.00972096435725689,0.9116747379302979
2024-02-23,HDFCBANK,0.9321890473365784,0.042006950825452805,0.02580406330525875
2024-02-23,HINDUNILVR,0.9565504789352417,0.017475178465247154,0.025974323973059654
2024-02-23,ICICIBANK,0.013392471708357334,0.9596467614173889,0.02696084789931774
2024-02-23,INFY,0.024205666035413742,0.09709194302558899,0.8787024021148682
2024-02-23,ITC,0.05227295309305191,0.01935688778758049,0.9283701777458191
2024-02-23,KOTAKBANK,0.07495129853487015,0.010164664126932621,0.9148839712142944
2024-02-23,TATASTEEL,0.9209863543510437,0.016510382294654846,0.06250334531068802
2024-02-23,TECHM,0.0436902716755867,0.01581895910203457,0.9404907822608948
2024-02-25,ICICIBANK,0.9396546483039856,0.025035366415977478,0.035310011357069016
2024-02-26,ASIANPAINT,0.0772307999432087,0.5517285093665123,0.3710407093167305
2024-02-26,BAJAJ-AUTO,0.044294923543930054,0.9030258655548096,0.05267925560474396
2024-02-26,BHARTIARTL,0.7308762073516846,0.006743881851434708,0.262379914522171
2024-02-26,COALINDIA,0.7662112712860107,0.015007088892161846,0.2187816621735692
2024-02-26,HDFCBANK,0.1551179587841034,0.00937647745013237,0.8355056047439575
2024-02-26,HINDALCO,0.00796161126345396,0.9740319848060608,0.01800638996064663
2024-02-26,INFY,0.02245752327144146,0.9191408753395081,0.05840165168046951
2024-02-26,KOTAKBANK,0.49708691239356995,0.04330001771450043,0.45961302518844604
2024-02-26,LT,0.06776929646730423,0.014344120398163795,0.9178866147994995
2024-02-26,M&M,0.9501981735229492,0.021860627457499504,0.02794111706316471
2024-02-26,NTPC,0.8670580387115479,0.010804101824760437,0.12213794887065887
2024-02-26,RELIANCE,0.21143221855163574,0.008437828160822392,0.7801299095153809
2024-02-26,SBIN,0.013145175762474537,0.9226109981536865,0.06424389779567719
2024-02-26,TCS,0.14236222207546234,0.5597314834594727,0.2979063093662262
2024-02-26,WIPRO,0.7906858921051025,0.008702601306140423,0.20061148703098297
2024-02-27,BHARTIARTL,0.9495116472244263,0.025512922555208206,0.02497541904449463
2024-02-27,ICICIBANK,0.08201722800731659,0.2432412952184677,0.6747415065765381
2024-02-27,MARUTI,0.43573978543281555,0.00814216723665595,0.5561180710792542
2024-02-27,TCS,0.450133353471756,0.17325349152088165,0.37661322206258774
2024-02-27,TITAN,0.047039516270160675,0.012888999655842781,0.9400715231895447
2024-02-27,WIPRO,0.22194695472717285,0.02259179949760437,0.7554612755775452
2024-02-28,ASIANPAINT,0.008741441182792187,0.9748439192771912,0.016414621844887733
2024-02-28,BHARTIARTL,0.8210084040959676,0.022237754116455715,0.15675379956761995
2024-02-28,COALINDIA,0.09398642927408218,0.008928777649998665,0.8970848321914673
2024-02-28,INFY,0.7297400832176208,0.07350518554449081,0.19675475358963013
2024-02-28,KOTAKBANK,0.090189129114151,0.05570271983742714,0.8541081547737122
2024-02-28,NTPC,0.06041356176137924,0.036634355783462524,0.9029520750045776
2024-02-28,WIPRO,0.012609301134943962,0.9706128835678101,0.01677781157195568
2024-02-29,BAJAJ-AUTO,0.07456264272332191,0.5234252437949181,0.4020121097564697
2024-02-29,COALINDIA,0.9382871389389038,0.019878355786204338,0.04183448106050491
2024-02-29,HDFCBANK,0.08437315374612808,0.8803635239601135,0.03526332229375839
2024-02-29,HEROMOTOCO,0.06845875084400177,0.013870897702872753,0.9176703095436096
2024-02-29,INFY,0.38870692253112793,0.024344313889741898,0.5869487524032593
2024-02-29,ITC,0.7588474750518799,0.010263597592711449,0.23088888823986053
2024-02-29,KOTAKBANK,0.019195327535271645,0.8821472525596619,0.09865748882293701
2024-02-29,MARUTI,0.9511842727661133,0.020920434966683388,0.027895314618945122
2024-02-29,NTPC,0.047235848382115364,0.2866482576355338,0.6661159098148346
2024-02-29,RELIANCE,0.9251720309257507,0.010476316325366497,0.06435154378414154
2024-02-29,TECHM,0.4370172768831253,0.012741985265165567,0.550240732729435
2024-03-01,HDFCBANK,0.5644079111516476,0.08204184317340453,0.353550265232722
2024-03-01,HINDALCO,0.6740700304508209,0.015401911456137896,0.31052805855870247
2024-03-01,ICICIBANK,0.370774082839489,0.05218887856851021,0.577037051320076
2024-03-01,INFY,0.05028269812464714,0.022523850202560425,0.9271934032440186
2024-03-01,JSWSTEEL,0.9416552782058716,0.01585833728313446,0.042486339807510376
2024-03-01,M&M,0.6630372405052185,0.07230917364358902,0.26465359330177307
2024-03-01,MARUTI,0.9485015869140625,0.022600259631872177,0.02889810036867857
2024-03-01,NTPC,0.7396209836006165,0.01495925523340702,0.24541980028152466
2024-03-01,SBIN,0.16479769349098206,0.01011637318879366,0.8250859975814819
2024-03-01,TCS,0.15563365817070007,0.018475797027349472,0.8258905410766602
2024-03-02,CIPLA,0.409455269575119,0.5279763340950012,0.06256837397813797
2024-03-02,HEROMOTOCO,0.9396583437919617,0.027353394776582718,0.03298823907971382
2024-03-02,INDUSINDBK,0.1090330183506012,0.008766550570726395,0.8822004795074463
2024-03-02,ONGC,0.030425533652305603,0.6543744206428528,0.3152000904083252
2024-03-03,NTPC,0.09737919270992279,0.009781247936189175,0.8928395509719849
2024-03-03,TCS,0.9134935736656189,0.032535724341869354,0.05397075414657593
2024-03-04,BHARTIARTL,0.039837028831243515,0.0172971710562706,0.942865788936615
2024-03-04,COALINDIA,0.9458968043327332,0.023200849071145058,0.030902361497282982
2024-03-04,HDFCBANK,0.493675597012043,0.01668314402922988,0.4896412491798401
2024-03-04,HEROMOTOCO,0.06165388971567154,0.020923232659697533,0.9174228310585022
2024-03-04,HINDALCO,0.33029618859291077,0.10092143714427948,0.568782389163971
2024-03-04,HINDUNILVR,0.8786717653274536,0.01690347120165825,0.10442481189966202
2024-03-04,KOTAKBANK,0.06009950488805771,0.051299355924129486,0.8886011242866516
2024-03-04,NTPC,0.3412124812602997,0.014625935349613428,0.644161581993103
2024-03-05,BAJAJ-AUTO,0.2105167955160141,0.010550332721322775,0.7789328992366791
2024-03-05,COALINDIA,0.7427434325218201,0.015989389270544052,0.241267129778862
2024-03-05,TCS,0.009538009762763977,0.9643348455429077,0.026127168908715248
2024-03-05,WIPRO,0.34869782626628876,0.0111870551481843,0.6401150971651077
2024-03-06,BHARTIARTL,0.06324607133865356,0.012213010340929031,0.9245409965515137
2024-03-06,COALINDIA,0.5233559459447861,0.015476086642593145,0.46116800233721733
2024-03-06,HINDALCO,0.07309090346097946,0.013548105023801327,0.9133610129356384
2024-03-06,INFY,0.8115828633308411,0.007092904299497604,0.18132422864437103
2024-03-06,ITC,0.016512716189026833,0.8819607496261597,0.10152649134397507
2024-03-06,JSWSTEEL,0.044192615896463394,0.03927287459373474,0.9165345430374146
2024-03-07,ASIANPAINT,0.9317737221717834,0.02364562265574932,0.04458056017756462
2024-03-07,AXISBANK,0.10582901909947395,0.016061853151768446,0.8781091868877411
2024-03-07,BAJAJ-AUTO,0.534048780798912,0.03789880219846964,0.4280524291098118
2024-03-07,BHARTIARTL,0.41630311869084835,0.02258829027414322,0.5611085742712021
2024-03-07,HDFCBANK,0.12163282185792923,0.018134356010705233,0.860232800245285
2024-03-07,M&M,0.10759237408638,0.07044781930744648,0.8219598233699799
2024-03-07,ONGC,0.8474693298339844,0.011638270691037178,0.14089249074459076
2024-03-07,TATASTEEL,0.9198424220085144,0.0273465346544981,0.05281105265021324
2024-03-07,TCS,0.3025311827659607,0.6169216632843018,0.08054710924625397
2024-03-07,TECHM,0.14102815091609955,0.14264267683029175,0.7163291573524475
2024-03-08,BHARTIARTL,0.9494947791099548,0.01743798516690731,0.03306727111339569
2024-03-08,INFY,0.3520604372024536,0.016673754900693893,0.6312658190727234
2024-03-08,TATASTEEL,0.07009106129407883,0.017379526048898697,0.9125294089317322
2024-03-09,BRITANNIA,0.02174914814531803,0.03521981090307236,0.9430310130119324
2024-03-09,COALINDIA,0.10329604893922806,0.3341102600097656,0.5625936985015869
2024-03-09,ONGC,0.17605899274349213,0.043986041098833084,0.7799549102783203
2024-03-10,RELIANCE,0.9367194175720215,0.022147851064801216,0.04113272204995155
2024-03-11,AXISBANK,0.8302339911460876,0.02849312499165535,0.14127285778522491
2024-03-11,BAJAJ-AUTO,0.16069617867469788,0.007984591647982597,0.8313192129135132
2024-03-11,CIPLA,0.5303653925657272,0.07020849920809269,0.3994260970503092
2024-03-11,COALINDIA,0.9113847017288208,0.020184790715575218,0.06843049079179764
2024-03-11,HDFCBANK,0.04259059950709343,0.8830390572547913,0.07437030225992203
2024-03-11,ICICIBANK,0.5406907796859741,0.011976053938269615,0.4473331570625305
2024-03-11,INDUSINDBK,0.23025304079055786,0.011204485781490803,0.7585424780845642
2024-03-11,ITC,0.029217518866062164,0.031530577689409256,0.9392518997192383
2024-03-11,KOTAKBANK,0.2281640786677599,0.025108092464506626,0.746727854013443
2024-03-11,NTPC,0.07666721194982529,0.012114513665437698,0.9112182855606079
2024-03-11,SBIN,0.4101322442293167,0.13852287456393242,0.45134490728378296
2024-03-11,TECHM,0.0802261009812355,0.011029020883142948,0.9087449312210083
2024-03-12,ASIANPAINT,0.2787357270717621,0.38083207607269287,0.34043219685554504
2024-03-12,BHARTIARTL,0.08306904137134552,0.01749834045767784,0.8994326591491699
2024-03-12,HDFCBANK,0.17865262925624847,0.013010700233280659,0.8083367347717285
2024-03-12,ITC,0.0177290306892246,0.49811387434601784,0.4841570779681206
2024-03-12,JSWSTEEL,0.06086764484643936,0.013255355879664421,0.925877034664154
2024-03-12,KOTAKBANK,0.008948344737291336,0.9646441340446472,0.026407619938254356
2024-03-12,NTPC,0.06177389249205589,0.024858588352799416,0.9133674502372742
2024-03-12,SBIN,0.052936114370822906,0.32758960127830505,0.6194743514060974
2024-03-12,SUNPHARMA,0.10750620067119598,0.008958417922258377,0.8835353255271912
2024-03-13,AXISBANK,0.14405390992760658,0.1542696375399828,0.7016764879226685
2024-03-13,HDFCBANK,0.08620094507932663,0.012078009080141783,0.9017210602760315
2024-03-13,INFY,0.039356645196676254,0.016718445345759392,0.9439249038696289
2024-03-13,ITC,0.6159900416220937,0.04224149776356561,0.3417684542281287
2024-03-13,SBIN,0.09246587753295898,0.13888764381408691,0.7686464786529541
2024-03-14,COALINDIA,0.9164102077484131,0.009536003693938255,0.07405389100313187
2024-03-14,HDFCBANK,0.42302119731903076,0.021877462044358253,0.5551013350486755
2024-03-14,ICICIBANK,0.11713079921901226,0.025346511509269476,0.8575226664543152
2024-03-14,ITC,0.363480843603611,0.1408961988054216,0.4956229478120804
2024-03-14,KOTAKBANK,0.05078154429793358,0.016945573035627604,0.9322728514671326
2024-03-14,MARUTI,0.16418622434139252,0.019861314445734024,0.8159524202346802
2024-03-14,NESTLEIND,0.8898903131484985,0.037049707025289536,0.07305996865034103
2024-03-14,NTPC,0.22952827997505665,0.03858304675668478,0.7318887114524841
2024-03-14,RELIANCE,0.07210982590913773,0.010878249071538448,0.9170119762420654
2024-03-14,SBIN,0.037743180990219116,0.08838845044374466,0.8738684058189392
2024-03-14,TCS,0.8569566607475281,0.00782404188066721,0.13521930575370789
2024-03-15,AXISBANK,0.49245815351605415,0.019616167526692152,0.48792572785168886
2024-03-15,COALINDIA,0.033884353935718536,0.037053316831588745,0.9290623664855957
2024-03-15,HDFCBANK,0.31111634708940983,0.04478965746238828,0.6440939754247665
2024-03-15,HEROMOTOCO,0.12145121395587921,0.010250931605696678,0.868297815322876
2024-03-15,INFY,0.5413373708724976,0.03831731900572777,0.42034533619880676
2024-03-15,ITC,0.851426899433136,0.029257046058773994,0.11931603401899338
2024-03-15,KOTAKBANK,0.033956315368413925,0.02737191505730152,0.9386717081069946
2024-03-15,SBIN,0.11962389945983887,0.010128414258360863,0.8702476620674133
2024-03-18,CIPLA,0.0852540135383606,0.01000567339360714,0.9047402739524841
2024-03-18,ICICIBANK,0.131332129240036,0.009419037029147148,0.8592488169670105
2024-03-18,INFY,0.08956718072295189,0.013405644800513983,0.8970271348953247
2024-03-18,ITC,0.11183036025613546,0.017856541788205504,0.8703130930662155
2024-03-18,M&M,0.9156017899513245,0.007932120934128761,0.0764661356806755
2024-03-18,SBIN,0.08285727351903915,0.04600643739104271,0.8711363077163696
2024-03-18,TATASTEEL,0.39014841336756945,0.561924759298563,0.04792684192458788
2024-03-19,AXISBANK,0.014496591873466969,0.6869178414344788,0.29858556389808655
2024-03-19,BHARTIARTL,0.6698324680328369,0.010448220185935497,0.3197193145751953
2024-03-19,GRASIM,0.6111104488372803,0.01280500553548336,0.3760845959186554
2024-03-19,HDFCBANK,0.025412393733859062,0.03379269689321518,0.9407948851585388
2024-03-19,INFY,0.06422436982393265,0.013246647082269192,0.9225290417671204
2024-03-19,KOTAKBANK,0.3942357897758484,0.013452458195388317,0.5923117399215698
2024-03-19,NTPC,0.6273768544197083,0.016012387350201607,0.35661080479621887
2024-03-19,SUNPHARMA,0.822656512260437,0.010584128089249134,0.16675937175750732
2024-03-19,TATASTEEL,0.8275682926177979,0.009012403897941113,0.16341924667358398
2024-03-19,TCS,0.2863472329918295,0.5790886305039749,0.1345641054213047
2024-03-20,BPCL,0.5958570241928101,0.015769951045513153,0.3883730173110962
2024-03-20,EICHERMOT,0.9469172954559326,0.022762417793273926,0.030320249497890472
2024-03-20,HDFCBANK,0.02666396275162697,0.026400653645396233,0.9469354152679443
2024-03-20,HINDUNILVR,0.10014289990067482,0.01590839959681034,0.8839486837387085
2024-03-20,MARUTI,0.5458213910460472,0.0628489563241601,0.3913296479731798
2024-03-20,TCS,0.053559549152851105,0.7505483031272888,0.19589214026927948
2024-03-20,ULTRACEMCO,0.8882737159729004,0.041035816073417664,0.07069048285484314
2024-03-20,WIPRO,0.028624577447772026,0.06150035560131073,0.9098750948905945
2024-03-21,AXISBANK,0.03616880998015404,0.030753541737794876,0.9330776929855347
2024-03-21,BHARTIARTL,0.9357855319976807,0.03239525109529495,0.031819190829992294
2024-03-21,HDFCBANK,0.24761436879634857,0.01512076472863555,0.7372648417949677
2024-03-21,ICICIBANK,0.7319088578224182,0.010871365666389465,0.2572197914123535
2024-03-21,MARUTI,0.07697971910238266,0.8999982476234436,0.02302207425236702
2024-03-21,NTPC,0.9078148603439331,0.04880451038479805,0.043380606919527054
2024-03-21,RELIANCE,0.06104184687137604,0.13046884536743164,0.8084893226623535
2024-03-21,SBIN,0.03747727256268263,0.02367307897657156,0.9388495981693268
2024-03-21,TCS,0.9116861820220947,0.010507007129490376,0.07780684530735016
2024-03-21,TITAN,0.18368827551603317,0.008715518051758409,0.8075962066650391
2024-03-21,WIPRO,0.422672338783741,0.16896040365099907,0.4083672724664211
2024-03-22,BAJAJ-AUTO,0.2718729078769684,0.015483364462852478,0.7126437425613403
2024-03-22,BPCL,0.6999845504760742,0.16132603585720062,0.13868936896324158
2024-03-22,EICHERMOT,0.03932525962591171,0.015328454785048962,0.9453462958335876
2024-03-22,INFY,0.015086371451616287,0.9648498296737671,0.02006375789642334
2024-03-22,MARUTI,0.03867992386221886,0.07039376348257065,0.8909262418746948
2024-03-22,NTPC,0.9284564852714539,0.011464949697256088,0.06007853522896767
2024-03-22,RELIANCE,0.39764285553246737,0.48020408512093127,0.12215307634323835
2024-03-22,SBIN,0.7610477805137634,0.012409173883497715,0.22654305398464203
2024-03-22,TCS,0.22870135307312012,0.01533309742808342,0.755965530872345
2024-03-22,ULTRACEMCO,0.04221831262111664,0.9094720482826233,0.04830964282155037
2024-03-22,WIPRO,0.06729169329628348,0.5976847931742668,0.33502357080578804
2024-03-23,ASIANPAINT,0.16221173107624054,0.03259197995066643,0.8051962852478027
2024-03-23,MARUTI,0.07247018814086914,0.010161451995372772,0.9173683524131775
2024-03-24,BHARTIARTL,0.05118740722537041,0.012014429084956646,0.9367981553077698
2024-03-24,TCS,0.2688951790332794,0.11817282438278198,0.6129319667816162
2024-03-25,BAJFINANCE,0.9097909331321716,0.03096080757677555,0.05924825742840767
2024-03-25,HEROMOTOCO,0.027829604223370552,0.033267684280872345,0.9389026761054993
2024-03-26,AXISBANK,0.09102567285299301,0.011655788868665695,0.8973184823989868
2024-03-26,BHARTIARTL,0.06229597330093384,0.01564640738070011,0.922057569026947
2024-03-26,EICHERMOT,0.04106338880956173,0.02274447213858366,0.936192125082016
2024-03-26,ICICIBANK,0.011604908853769302,0.9594030976295471,0.02899204008281231
2024-03-26,MARUTI,0.06234008073806763,0.8845672011375427,0.053092729300260544
2024-03-26,SBIN,0.10585498064756393,0.011920366436243057,0.8822246193885803
2024-03-26,TATASTEEL,0.5051934719085693,0.4305906295776367,0.06421589851379395
2024-03-26,ULTRACEMCO,0.022243600338697433,0.9636087417602539,0.014147592708468437
2024-03-27,AXISBANK,0.01530825812369585,0.9217985272407532,0.06289329379796982
2024-03-27,BAJFINANCE,0.03739765286445618,0.031067954376339912,0.9315344095230103
2024-03-27,CIPLA,0.9457457661628723,0.02410777099430561,0.030146421864628792
2024-03-27,COALINDIA,0.03829706087708473,0.9233417510986328,0.038361191749572754
2024-03-27,HDFCBANK,0.1616756170988083,0.007914281450212002,0.8304100632667542
2024-03-27,HINDUNILVR,0.2554360032081604,0.18165503442287445,0.562908947467804
2024-03-27,ICICIBANK,0.018088845536112785,0.9532670378684998,0.028644118458032608
2024-03-27,MARUTI,0.05336693488061428,0.05274087842553854,0.893892228603363
2024-03-27,RELIANCE,0.13767032325267792,0.12956365942955017,0.7327660322189331
2024-03-28,BAJFINANCE,0.5039526373147964,0.08961987681686878,0.406427476555109
2024-03-28,DRREDDY,0.9455381035804749,0.020446347072720528,0.034015484154224396
2024-03-28,HDFCBANK,0.41149086877703667,0.060432374477386475,0.5280767492949963
2024-03-28,ICICIBANK,0.03551339916884899,0.03086215816438198,0.9336244165897369
2024-03-28,KOTAKBANK,0.059806205332279205,0.012013995088636875,0.9281798005104065
2024-03-28,LT,0.07871667295694351,0.07511120289564133,0.8461720943450928
2024-03-28,MARUTI,0.48141993675380945,0.4582500415854156,0.06033000536262989
2024-03-28,RELIANCE,0.1763603538274765,0.009646743535995483,0.8139929175376892
2024-03-28,TITAN,0.8935593962669373,0.022083744406700134,0.08435685187578201
2024-03-29,HDFCBANK,0.11945542693138123,0.034314095973968506,0.8462304472923279
2024-03-29,SBIN,0.16759657859802246,0.013281124643981457,0.819122314453125
2024-03-29,TCS,0.37500131130218506,0.026985188325246174,0.5980135202407837
2024-03-30,BAJFINANCE,0.02499445155262947,0.029028838500380516,0.9459766745567322
2024-03-30,JSWSTEEL,0.13803355395793915,0.014246692880988121,0.8477197289466858
2024-03-31,COALINDIA,0.16721275448799133,0.011942794546484947,0.8208444118499756
2024-03-31,HDFCBANK,0.02192768268287182,0.47884728480130434,0.49922502040863037
2024-03-31,INFY,0.919758141040802,0.014995254576206207,0.06524663418531418
2024-04-01,AXISBANK,0.06987001746892929,0.017515527084469795,0.9126144647598267
2024-04-01,BRITANNIA,0.949295163154602,0.028158124536275864,0.022546682506799698
2024-04-01,HDFCBANK,0.21295579615980387,0.04430124629288912,0.7427429556846619
2024-04-01,HEROMOTOCO,0.9523373246192932,0.022057384252548218,0.02560533955693245
2024-04-01,HINDUNILVR,0.17804813385009766,0.012350098229944706,0.8096017837524414
2024-04-01,INDUSINDBK,0.14022836089134216,0.009456941857933998,0.850314736366272
2024-04-01,INFY,0.5896733701229095,0.16784164542332292,0.24248497933149338
2024-04-01,MARUTI,0.9416712522506714,0.026312775909900665,0.032015916891396046
2024-04-01,NTPC,0.9363351762294769,0.014213731046766043,0.0494510680437088
2024-04-01,ONGC,0.011747129261493683,0.8200149536132812,0.16823787987232208
2024-04-01,SBIN,0.7312209606170654,0.22057615220546722,0.04820283502340317
2024-04-02,BAJAJ-AUTO,0.9442598223686218,0.019634082913398743,0.03610606491565704
2024-04-02,BHARTIARTL,0.04068579850718379,0.488844639621675,0.4704696135595441
2024-04-02,DRREDDY,0.10937712341547012,0.009194332174956799,0.8814284801483154
2024-04-02,EICHERMOT,0.9435640573501587,0.02117164433002472,0.03526435047388077
2024-04-02,ONGC,0.9396494030952454,0.012579797767102718,0.04777076467871666
2024-04-02,SBIN,0.04017595574259758,0.021983765065670013,0.9378402829170227
2024-04-02,ULTRACEMCO,0.3964361846446991,0.008914844132959843,0.5946489572525024
2024-04-03,AXISBANK,0.07656561583280563,0.015490759164094925,0.907943606376648
2024-04-03,BHARTIARTL,0.3101138547062874,0.011585000902414322,0.6783011257648468
2024-04-03,NESTLEIND,0.292516827583313,0.014970709569752216,0.6925124526023865
2024-04-03,SUNPHARMA,0.9478453993797302,0.01612130180001259,0.03603328391909599
2024-04-03,TCS,0.16856656968593597,0.008822898380458355,0.8226105570793152
2024-04-03,TECHM,0.7418346405029297,0.007343717850744724,0.25082170963287354
2024-04-03,ULTRACEMCO,0.9219673275947571,0.02395693026483059,0.05407584086060524
2024-04-03,WIPRO,0.9398773908615112,0.027552513405680656,0.032570045441389084
2024-04-04,AXISBANK,0.04314248263835907,0.019478773698210716,0.9373787641525269
2024-04-04,HDFCBANK,0.6844656666119894,0.27853764841953915,0.03699667503436407
2024-04-04,HEROMOTOCO,0.2790098488330841,0.6463728547096252,0.07461729645729065
2024-04-04,INFY,0.9440351724624634,0.013317180797457695,0.04264764115214348
2024-04-05,BAJFINANCE,0.09040176589041948,0.5411249957978725,0.3684732373803854
2024-04-05,CIPLA,0.010347326286137104,0.9726561903953552,0.0169964749366045
2024-04-05,HDFCBANK,0.3230313304811716,0.08470707293599844,0.5922615863382816
2024-04-05,HEROMOTOCO,0.16840219497680664,0.17453712224960327,0.6570606827735901
2024-04-05,MARUTI,0.9512140154838562,0.01900956965982914,0.029776450246572495
2024-04-05,NESTLEIND,0.22105149552226067,0.273377254139632,0.5055712834000587
2024-04-05,TCS,0.9297277331352234,0.01705690287053585,0.053215425461530685
2024-04-05,TITAN,0.9477312564849854,0.025631103664636612,0.026637647300958633
2024-04-05,ULTRACEMCO,0.031078597530722618,0.9411767721176147,0.027744639664888382
2024-04-06,BAJFINANCE,0.15599945932626724,0.013780448120087385,0.8302200734615326
2024-04-06,CIPLA,0.020639274269342422,0.03876529261469841,0.9405953884124756
2024-04-06,NTPC,0.01562507264316082,0.8892207741737366,0.09515416622161865
2024-04-06,TATASTEEL,0.9465157985687256,0.022190725430846214,0.03129344433546066
2024-04-06,WIPRO,0.02762518636882305,0.11611186526715755,0.8562629222869873
2024-04-07,MARUTI,0.23270319402217865,0.05922754853963852,0.7080692052841187
2024-04-07,WIPRO,0.42392721492797136,0.23179918434470892,0.3442735821008682
2024-04-08,AXISBANK,0.1270541101694107,0.4166491627693176,0.4562967121601105
2024-04-08,BAJAJFINSV,0.05542884021997452,0.020117666572332382,0.9244534373283386
2024-04-08,BAJFINANCE,0.7840133309364319,0.12905193865299225,0.08693470060825348
2024-04-08,HCLTECH,0.08513642102479935,0.016981756314635277,0.897881805896759
2024-04-08,HEROMOTOCO,0.015289022587239742,0.9096373319625854,0.07507365942001343
2024-04-08,HINDUNILVR,0.9240873456001282,0.013855150900781155,0.0620575025677681
2024-04-08,ICICIBANK,0.12604618072509766,0.009061299264431,0.8648924827575684
2024-04-08,JSWSTEEL,0.705996036529541,0.03233664855360985,0.2616673409938812
2024-04-08,NTPC,0.025927098467946053,0.04030248895287514,0.9337704181671143
2024-04-08,TATASTEEL,0.9476029872894287,0.022525504231452942,0.02987147681415081
2024-04-08,TCS,0.04904652759432793,0.044147998094558716,0.9068054556846619
2024-04-08,TITAN,0.9479178786277771,0.02143784984946251,0.030644292011857033
2024-04-08,WIPRO,0.15289707928895951,0.2047264790162444,0.6423764556646347
2024-04-09,AXISBANK,0.024537546560168266,0.037868332117795944,0.9375941753387451
2024-04-09,EICHERMOT,0.06745099276304245,0.014241262339055538,0.9183077216148376
2024-04-09,HDFCBANK,0.054638128727674484,0.10364151746034622,0.8417204022407532
2024-04-09,INFY,0.5330810770392418,0.0800845567137003,0.38683432154357433
2024-04-09,MARUTI,0.7414599061012268,0.09670253843069077,0.16183755919337273
2024-04-09,RELIANCE,0.9387978911399841,0.02287619560956955,0.03832583501935005
2024-04-09,TATASTEEL,0.9313639402389526,0.03488752990961075,0.03374849259853363
2024-04-09,TCS,0.011382264085114002,0.9631417393684387,0.025476036593317986
2024-04-10,DRREDDY,0.38770076632499695,0.012225844897329807,0.6000733375549316
2024-04-10,HDFCBANK,0.11943560838699341,0.019230982288718224,0.861333429813385
2024-04-10,INFY,0.5356185883283615,0.01265556225553155,0.45172586292028427
2024-04-10,MARUTI,0.4366828203201294,0.02464803121984005,0.5386691391468048
2024-04-10,TCS,0.0307584460824728,0.10674803704023361,0.8624935746192932
2024-04-10,WIPRO,0.04342256486415863,0.05034201592206955,0.90623539686203
2024-04-11,SBIN,0.03166933357715607,0.270223468542099,0.6981071829795837
2024-04-12,BHARTIARTL,0.07976056635379791,0.8229013085365295,0.09733813256025314
2024-04-12,BPCL,0.025118477642536163,0.8701007962226868,0.10478074103593826
2024-04-12,DRREDDY,0.09599891304969788,0.8792885541915894,0.02471252717077732
2024-04-12,HDFCBANK,0.06834816187620163,0.01786320097744465,0.9137886166572571
2024-04-12,HINDUNILVR,0.14551332592964172,0.023052191361784935,0.831434428691864
2024-04-12,INFY,0.12036783993244171,0.03961292654275894,0.8400192856788635
2024-04-12,LT,0.49889278411865234,0.08107241056859493,0.42003481462597847
2024-04-12,TCS,0.6581144908872935,0.11191784447202316,0.22996768083136815
2024-04-15,ASIANPAINT,0.8773375749588013,0.009473461657762527,0.11318898946046829
2024-04-15,BAJAJ-AUTO,0.4245309829711914,0.010138481855392456,0.5653305649757385
2024-04-15,CIPLA,0.06170913018286228,0.016609956044703722,0.9216808676719666
2024-04-15,JSWSTEEL,0.04654177278280258,0.8565622568130493,0.09689589589834213
2024-04-15,KOTAKBANK,0.03508030250668526,0.8669029474258423,0.09801677614450455
2024-04-15,ONGC,0.5650847405195236,0.05415976559743285,0.3807554394006729
2024-04-15,RELIANCE,0.04289398714900017,0.042454998940229416,0.9146509766578674
2024-04-15,TATASTEEL,0.19432988576591015,0.4428450809791684,0.36282504722476006
2024-04-15,TCS,0.4987256346891324,0.14723173257273933,0.3540426262964805
2024-04-16,ASIANPAINT,0.06702692061662674,0.04768802598118782,0.8852850794792175
2024-04-16,CIPLA,0.9014512896537781,0.03162676468491554,0.06692195683717728
2024-04-16,HDFCBANK,0.5401441603899002,0.06333015859127045,0.39652568474411964
2024-04-16,INFY,0.020952243357896805,0.5254217758774757,0.4536260054446757
2024-04-16,KOTAKBANK,0.9528955221176147,0.013661460019648075,0.033442966639995575
2024-04-16,TCS,0.5171717405319214,0.014281132724136114,0.46854713559150696
2024-04-16,TITAN,0.23958036303520203,0.008286930620670319,0.7521326541900635
2024-04-16,WIPRO,0.034843504428863525,0.017463436350226402,0.9476929903030396
2024-04-17,BAJFINANCE,0.07039813697338104,0.011063949204981327,0.9185379147529602
2024-04-17,CIPLA,0.026950526982545853,0.9127246737480164,0.06032474339008331
2024-04-17,HINDALCO,0.5857251286506653,0.015048290602862835,0.39922651648521423
2024-04-17,ITC,0.6959244012832642,0.026865608990192413,0.27720996737480164
2024-04-17,ULTRACEMCO,0.9462485909461975,0.016843022778630257,0.03690844774246216
2024-04-17,WIPRO,0.02857276238501072,0.07654079049825668,0.8948864340782166
2024-04-18,AXISBANK,0.031192868947982788,0.027152681723237038,0.9416544437408447
2024-04-18,BAJAJ-AUTO,0.6279495496835027,0.03434282022395304,0.33770763634571005
2024-04-18,BHARTIARTL,0.48253349866718054,0.10061100404709578,0.4168554861098528
2024-04-18,EICHERMOT,0.21622306108474731,0.008521645329892635,0.7752552628517151
2024-04-18,INFY,0.3451802192721516,0.25401849253103137,0.4008012929310401
2024-04-18,NESTLEIND,0.06818156534185012,0.5509982978304228,0.38082014707227546
2024-04-18,ONGC,0.9385040402412415,0.022774718701839447,0.03872121125459671
2024-04-18,POWERGRID,0.9420949220657349,0.02301882393658161,0.03488631173968315
2024-04-18,WIPRO,0.029853815212845802,0.9516865611076355,0.018459629267454147
2024-04-19,AXISBANK,0.41662571486085653,0.033276889473199844,0.5500973984599113
2024-04-19,BAJAJ-AUTO,0.34746145866811273,0.12267677271738649,0.5298617512919008
2024-04-19,BHARTIARTL,0.22254158928990364,0.010639811865985394,0.7668185830116272
2024-04-19,CIPLA,0.011696036905050278,0.9618104696273804,0.026493461802601814
2024-04-19,HDFCBANK,0.9053738117218018,0.045367270708084106,0.04925890639424324
2024-04-19,INFY,0.36354263147546184,0.1368987863469455,0.4995585922151804
2024-04-19,ITC,0.8580108880996704,0.036908283829689026,0.10508087277412415
2024-04-19,RELIANCE,0.9534332752227783,0.023586055263876915,0.02298061177134514
2024-04-19,TCS,0.9501623213291168,0.022116901353001595,0.02772076614201069
2024-04-19,WIPRO,0.27698978467378765,0.3570391039053599,0.36597111021789414
2024-04-20,HDFCBANK,0.3682492875627109,0.16896738098668201,0.4627833478152752
2024-04-20,ULTRACEMCO,0.11244973540306091,0.00990775041282177,0.8776425123214722
2024-04-21,HEROMOTOCO,0.10155361145734787,0.017369277775287628,0.8810770511627197
2024-04-21,NTPC,0.19544701278209686,0.008167937397956848,0.7963850498199463
2024-04-22,AXISBANK,0.7851418852806091,0.12750323116779327,0.08735490590333939
2024-04-22,BAJAJ-AUTO,0.2782038226723671,0.012520103948190808,0.7092760428786278
2024-04-22,COALINDIA,0.09023940563201904,0.010085024870932102,0.8996755480766296
2024-04-22,HDFCBANK,0.40500536773886,0.01361847815236875,0.5813761449285916
2024-04-22,HEROMOTOCO,0.01793668419122696,0.1089475080370903,0.8731157779693604
2024-04-22,ICICIBANK,0.9384164810180664,0.01322875078767538,0.048354774713516235
2024-04-22,INDUSINDBK,0.8293107151985168,0.013715858571231365,0.1569734662771225
2024-04-22,INFY,0.17296390732129416,0.009577776305377483,0.8174583315849304
2024-04-22,KOTAKBANK,0.2645730972290039,0.007065945770591497,0.7283610105514526
2024-04-22,NTPC,0.2553865686058998,0.3266712576150894,0.4179421588778496
2024-04-22,RELIANCE,0.8004961560169855,0.02399142396946748,0.17551239859312773
2024-04-22,TCS,0.04174837532142798,0.068147129068772,0.8901044925053915
2024-04-22,ULTRACEMCO,0.9380199313163757,0.01823328621685505,0.04374681040644646
2024-04-22,WIPRO,0.02857051572451989,0.4933029254898429,0.4781265410905083
2024-04-23,BAJAJ-AUTO,0.0501762218773365,0.01578439585864544,0.9340394139289856
2024-04-23,BAJFINANCE,0.09291853941977024,0.08089464157819748,0.8261868357658386
2024-04-23,HDFCBANK,0.07299939543008804,0.017242833971977234,0.9097577929496765
2024-04-23,HINDUNILVR,0.1418752819299698,0.7983435988426208,0.059781137853860855
2024-04-23,INFY,0.05343364551663399,0.012531333602964878,0.934035062789917
2024-04-23,RELIANCE,0.7268577460199594,0.13636680413037539,0.13677546801045537
2024-04-23,TECHM,0.0754019245505333,0.01676056906580925,0.907837450504303
2024-04-23,WIPRO,0.28932300209999084,0.03659454733133316,0.6740824580192566
2024-04-24,AXISBANK,0.2656400167383254,0.21149542629718782,0.5228645294904709
2024-04-24,BAJFINANCE,0.7739932537078857,0.013493655249476433,0.21251310408115387
2024-04-24,BHARTIARTL,0.21025906633585692,0.19537854362279178,0.5943624071776867
2024-04-24,COALINDIA,0.008514929562807083,0.9708385467529297,0.020646503195166588
2024-04-24,HDFCBANK,0.07709475606679916,0.011579958721995354,0.9113252758979797
2024-04-24,HINDUNILVR,0.350002765810738,0.33876122705017525,0.3112359767158826
2024-04-24,ICICIBANK,0.016899840906262398,0.6871885061264038,0.29591163992881775
2024-04-24,INDUSINDBK,0.9530560970306396,0.018758317455649376,0.028185609728097916
2024-04-24,INFY,0.036405958235263824,0.01436682790517807,0.9492272734642029
2024-04-24,KOTAKBANK,0.22712438628077508,0.5287476196885109,0.2441279798746109
2024-04-24,M&M,0.7342608571052551,0.02511695586144924,0.24062217772006989
2024-04-24,NESTLEIND,0.5959872603416443,0.09952439367771149,0.3044883906841278
2024-04-24,NTPC,0.870132565498352,0.02306847833096981,0.10679896920919418
2024-04-24,TCS,0.8870254755020142,0.007633514236658812,0.10534103959798813
2024-04-24,TECHM,0.0095780398696661,0.9739408493041992,0.016481168568134308
2024-04-24,WIPRO,0.059759024530649185,0.013894284144043922,0.9263466596603394
2024-04-25,AXISBANK,0.19959557925661406,0.032018518489268094,0.7683859008053938
2024-04-25,BAJAJFINSV,0.9551119804382324,0.017310725525021553,0.02757721021771431
2024-04-25,BAJFINANCE,0.49697422826041776,0.20294651699562868,0.3000792246311903
2024-04-25,HCLTECH,0.025785237550735474,0.9644267559051514,0.009787925519049168
2024-04-25,HEROMOTOCO,0.14071312546730042,0.009671855717897415,0.8496149778366089
2024-04-25,HINDUNILVR,0.1726360092870891,0.27195484517142177,0.5554091411177069
2024-04-25,ICICIBANK,0.02825317718088627,0.35853078961372375,0.6132160425186157
2024-04-25,INDUSINDBK,0.6694865922133127,0.26753755534688634,0.06297585057715575
2024-04-25,ITC,0.2862705588340759,0.009896638803184032,0.7038328051567078
2024-04-25,KOTAKBANK,0.18195336337455295,0.32869984074072406,0.48934680477462034
2024-04-25,MARUTI,0.94717937707901,0.024937409907579422,0.027883190661668777
2024-04-25,NESTLEIND,0.5764887556433678,0.12374930138078828,0.2997619193047285
2024-04-25,SBIN,0.944531261920929,0.02731037139892578,0.028158357366919518
2024-04-25,TATASTEEL,0.43778571486473083,0.009477948769927025,0.5527363419532776
2024-04-25,TCS,0.02685224451124668,0.38432125467807055,0.5888265147805214
2024-04-25,TECHM,0.22594208735972643,0.589538325369358,0.18451957646757364
2024-04-26,BAJAJFINSV,0.9490084052085876,0.026181213557720184,0.02481033466756344
2024-04-26,BAJFINANCE,0.42597898133099077,0.22293967567384243,0.35108133368194105
2024-04-26,BHARTIARTL,0.07357735186815262,0.012246503494679928,0.9141761064529419
2024-04-26,BPCL,0.011105484329164028,0.9707335829734802,0.01816088892519474
2024-04-26,ICICIBANK,0.03166196867823601,0.9581062197685242,0.010231892578303814
2024-04-26,INDUSINDBK,0.187737458695968,0.041852548252791166,0.7704099963108698
2024-04-26,ITC,0.007535502780228853,0.9716914296150208,0.020773056894540787
2024-04-26,KOTAKBANK,0.02398837497457862,0.6988697946071625,0.2771417647600174
2024-04-26,MARUTI,0.5862458850257098,0.1944383037276566,0.21931582503020763
2024-04-26,NESTLEIND,0.2971879771600167,0.24798029459392032,0.4548317038764556
2024-04-26,RELIANCE,0.32654157280921936,0.009793628007173538,0.6636648178100586
2024-04-26,SBIN,0.1399683952331543,0.00823816005140543,0.8517934083938599
2024-04-26,TECHM,0.16154882524694716,0.4257480081702982,0.4127031761620726
2024-04-27,ICICIBANK,0.2980291754007339,0.198950912989676,0.5030199300497771
2024-04-27,TCS,0.008002442307770252,0.9743398427963257,0.017657741904258728
2024-04-28,HDFCBANK,0.32758247293531895,0.15349398367106915,0.5189235061407089
2024-04-29,AXISBANK,0.3318559527397156,0.011985362507402897,0.6561586856842041
2024-04-29,BAJAJ-AUTO,0.9534140825271606,0.023012245073914528,0.023573707789182663
2024-04-29,BAJAJFINSV,0.9510830938816071,0.01976207084953785,0.029154786840081215
2024-04-29,BAJFINANCE,0.14899879693984985,0.008328867144882679,0.8426723480224609
2024-04-29,HCLTECH,0.3909771541754405,0.013084476425622901,0.5959383985027671
2024-04-29,ICICIBANK,0.38688239082694054,0.03243324009235948,0.5806843684986234
2024-04-29,INDUSINDBK,0.061822669580578804,0.012007134966552258,0.9261702299118042
2024-04-29,ITC,0.9222307205200195,0.00972662027925253,0.06804267317056656
2024-04-29,JSWSTEEL,0.19998697936534882,0.0185528751462698,0.7814601063728333
2024-04-29,M&M,0.2931799590587616,0.017829474061727524,0.6889905333518982
2024-04-29,MARUTI,0.05504213025172552,0.32521765648076933,0.619740191847086
2024-04-29,NESTLEIND,0.3298608474433422,0.013163299765437841,0.6569758355617523
2024-04-29,SBIN,0.8058344721794128,0.1205809935927391,0.07358456403017044
2024-04-29,TCS,0.027168646454811096,0.9618343114852905,0.01099709514528513
2024-04-29,ULTRACEMCO,0.5317255491390824,0.09683247248176485,0.37144195777364075
2024-04-30,BAJFINANCE,0.07772386819124222,0.010835950262844563,0.9114401340484619
2024-04-30,HCLTECH,0.11142846196889877,0.008624868467450142,0.8799466490745544
2024-04-30,HEROMOTOCO,0.20704883337020874,0.012873045168817043,0.780078113079071
2024-04-30,ICICIBANK,0.401120625436306,0.018532924974958103,0.5803464526931444
2024-04-30,KOTAKBANK,0.01740928739309311,0.39647188782691956,0.5861188173294067
2024-04-30,M&M,0.7957841753959656,0.010426676832139492,0.1937890648841858
2024-04-30,NESTLEIND,0.09334071725606918,0.010943136177957058,0.89571613073349
2024-04-30,TCS,0.04572255164384842,0.042830176651477814,0.911447286605835
2024-04-30,TECHM,0.634247899055481,0.0077570718713104725,0.35799503326416016
2024-04-30,ULTRACEMCO,0.07733002752065658,0.014911101758480072,0.9077588438987731
2024-04-30,WIPRO,0.6261467896401882,0.0157180642709136,0.35813514329493046
2024-05-01,COALINDIA,0.9479738473892212,0.019714241847395897,0.03231198713183403
2024-05-01,KOTAKBANK,0.38637685775756836,0.013018105179071426,0.6006050109863281
2024-05-01,MARUTI,0.653904398282369,0.024356376379728317,0.3217392632116874
2024-05-02,BAJAJ-AUTO,0.9125489592552185,0.06069979816675186,0.02675127610564232
2024-05-02,BAJFINANCE,0.026691997423768044,0.7046080231666565,0.2686999440193176
2024-05-02,COALINDIA,0.7628857240080833,0.025860904529690743,0.2112533811479807
2024-05-02,EICHERMOT,0.016198018565773964,0.971538782119751,0.012263212352991104
2024-05-02,ICICIBANK,0.02543591521680355,0.7060517966747284,0.2685122862458229
2024-05-02,INDUSINDBK,0.05706200748682022,0.0124659463763237,0.9304720163345337
2024-05-02,INFY,0.8896169066429138,0.08304375410079956,0.027339287102222443
2024-05-02,KOTAKBANK,0.06519385861853759,0.6682316015164057,0.26657451254626113
2024-05-02,MARUTI,0.04368366580456495,0.4940170366317034,0.46229931712150574
2024-05-02,POWERGRID,0.07627877593040466,0.01089676283299923,0.9128243923187256
2024-05-02,TITAN,0.8905326128005981,0.008207414299249649,0.10125994682312012
2024-05-02,ULTRACEMCO,0.11972510069608688,0.009159635752439499,0.8711152076721191
2024-05-02,WIPRO,0.3979490753263235,0.013527685310691595,0.5885232537984848
2024-05-03,BAJAJ-AUTO,0.48713964223861694,0.014568116888403893,0.49829225465655325
2024-05-03,BAJFINANCE,0.11028725653886795,0.8705341219902039,0.01917863078415394
2024-05-03,BHARTIARTL,0.15590262413024902,0.10878154635429382,0.7353158593177795
2024-05-03,COALINDIA,0.23686618087813258,0.5818381594493985,0.18129565864801406
2024-05-03,HCLTECH,0.5544706583023071,0.006959231570363045,0.43857014179229736
2024-05-03,HDFCBANK,0.06384944170713425,0.02037091739475727,0.9157795906066895
2024-05-03,HEROMOTOCO,0.9156816601753235,0.012433165684342384,0.07188519835472107
2024-05-03,HINDALCO,0.06150147318840027,0.03523511812090874,0.9032633900642395
2024-05-03,HINDUNILVR,0.9367088675498962,0.011514761485159397,0.05177641659975052
2024-05-03,KOTAKBANK,0.9537455439567566,0.02489236183464527,0.02136213146150112
2024-05-03,RELIANCE,0.06869528442621231,0.009810110554099083,0.9214946627616882
2024-05-03,TECHM,0.9510414600372314,0.020746858790516853,0.028211718425154686
2024-05-03,TITAN,0.6329178512096405,0.033492312766611576,0.3335898411460221
2024-05-03,WIPRO,0.12735164165496826,0.007884107530117035,0.8647642731666565
2024-05-04,COALINDIA,0.07621738314628601,0.019403187558054924,0.9043794870376587
2024-05-04,KOTAKBANK,0.19618404633365571,0.3122907690703869,0.4915251713246107
2024-05-05,KOTAKBANK,0.9390953183174133,0.025731698609888554,0.03517301194369793
2024-05-06,BAJAJFINSV,0.06899268180131912,0.010815328918397427,0.9201919436454773
2024-05-06,BRITANNIA,0.8583216667175293,0.11164416124423344,0.030034154032667477
2024-05-06,CIPLA,0.8913536667823792,0.00998926255851984,0.0986570343375206
2024-05-06,COALINDIA,0.08445915579795837,0.012063221074640751,0.9034776091575623
2024-05-06,DRREDDY,0.9409990906715393,0.03252139687538147,0.026479605585336685
2024-05-06,HDFCBANK,0.04477367177605629,0.6864595413208008,0.2687668204307556
2024-05-06,ICICIBANK,0.08455443382263184,0.010102405678480864,0.9053431451320648
2024-05-06,INDUSINDBK,0.937882661819458,0.026097401976585388,0.03601996973156929
2024-05-06,JSWSTEEL,0.10707664489746094,0.0195942260324955,0.8733291625976562
2024-05-06,KOTAKBANK,0.34503067036469776,0.04593272672759162,0.609036604149474
2024-05-06,TITAN,0.04842521948739886,0.4891667766496539,0.46240805462002754
2024-05-06,ULTRACEMCO,0.07526677288115025,0.011112850159406662,0.9136204123497009
2024-05-06,WIPRO,0.7895181775093079,0.007111751940101385,0.20337003469467163
2024-05-07,AXISBANK,0.6365771889686584,0.013874737545847893,0.3495480418205261
2024-05-07,BPCL,0.08110761642456055,0.013470339588820934,0.9054220914840698
2024-05-07,HEROMOTOCO,0.9501566290855408,0.020187756046652794,0.029655547812581062
2024-05-07,HINDALCO,0.8972346385320028,0.021700962757070858,0.08106439560651779
2024-05-07,HINDUNILVR,0.9007593393325806,0.03260573744773865,0.06663496792316437
2024-05-07,ICICIBANK,0.03841889649629593,0.22808241844177246,0.7334986925125122
2024-05-07,KOTAKBANK,0.0641794353723526,0.012779876589775085,0.9230406284332275
2024-05-07,TATASTEEL,0.9359552264213562,0.015292889438569546,0.04875193163752556
2024-05-08,ASIANPAINT,0.018993183970451355,0.9475830793380737,0.0334237664937973
2024-05-08,DRREDDY,0.01800881139934063,0.9688134789466858,0.013177739456295967
2024-05-08,HEROMOTOCO,0.6794097870588303,0.04643493331968784,0.27415530135234195
2024-05-08,HINDUNILVR,0.05527845770120621,0.014836515299975872,0.9298850297927856
2024-05-08,ICICIBANK,0.1415320783853531,0.011388538405299187,0.847079336643219
2024-05-08,KOTAKBANK,0.7812427282333374,0.007704238407313824,0.21105310320854187
2024-05-08,LT,0.5383598549912373,0.17054278124123812,0.2910973886027932
2024-05-08,NESTLEIND,0.925629198551178,0.013650192879140377,0.060720641165971756
2024-05-08,SBIN,0.01763596013188362,0.6746969223022461,0.3076671361923218
2024-05-09,ASIANPAINT,0.4651587223634124,0.49779313895851374,0.03704815777018666
2024-05-09,BPCL,0.03620790783315897,0.7263805521652102,0.23741153813898563
2024-05-09,CIPLA,0.9482962489128113,0.027800975367426872,0.02390272356569767
2024-05-09,HEROMOTOCO,0.6860298402607441,0.06692677340470254,0.24704339122399688
2024-05-09,ICICIBANK,0.5475717186927795,0.01752396672964096,0.4349043369293213
2024-05-09,KOTAKBANK,0.24550844728946686,0.723085880279541,0.03140564635396004
2024-05-09,MARUTI,0.05399985983967781,0.01466289535164833,0.931337296962738
2024-05-09,SBIN,0.12199921160936356,0.02730957791209221,0.8506911993026733
2024-05-09,TCS,0.312536855849127,0.3309808469687899,0.3564822729676962
2024-05-10,ASIANPAINT,0.22208169102668762,0.75444695353508,0.023471372202038765
2024-05-10,BPCL,0.8522387146949768,0.08306910563260317,0.06469218246638775
2024-05-10,CIPLA,0.3074194074142724,0.2789308554492891,0.41364972572773695
2024-05-10,EICHERMOT,0.9503586888313293,0.014334694482386112,0.0353066548705101
2024-05-10,HDFCBANK,0.5734104514122009,0.011109783314168453,0.41547977924346924
2024-05-10,ICICIBANK,0.01736394874751568,0.6725611090660095,0.31007495522499084
2024-05-10,INFY,0.12689568102359772,0.00925539806485176,0.8638489246368408
2024-05-10,LT,0.5039967447519302,0.014234509784728289,0.48176878690719604
2024-05-10,MARUTI,0.04506656154990196,0.01577218808233738,0.9391612410545349
2024-05-10,TATASTEEL,0.8137848973274231,0.02505350299179554,0.16116157174110413
2024-05-10,TCS,0.208834957331419,0.48832512833178043,0.3028399422764778
2024-05-10,WIPRO,0.017110839020460844,0.726189523935318,0.25669967010617256
2024-05-11,EICHERMOT,0.8542309701442719,0.01771753327921033,0.12805158831179142
2024-05-11,RELIANCE,0.6802725791931152,0.010742135345935822,0.30898529291152954
2024-05-11,TCS,0.04664630442857742,0.6185981631278992,0.3347555100917816
2024-05-12,MARUTI,0.9489959478378296,0.020784495398402214,0.030219458043575287
2024-05-13,ASIANPAINT,0.23388364911079407,0.024860350415110588,0.741256058216095
2024-05-13,AXISBANK,0.1285761296749115,0.023447707295417786,0.8479762077331543
2024-05-13,BHARTIARTL,0.08564280718564987,0.8878451585769653,0.026512062177062035
2024-05-13,CIPLA,0.4651671452447772,0.5026590116322041,0.03217382729053497
2024-05-13,EICHERMOT,0.024317694827914238,0.49340943433344364,0.4822728503495455
2024-05-13,HEROMOTOCO,0.09822019189596176,0.011328155640512705,0.8904516696929932
2024-05-13,ICICIBANK,0.933138370513916,0.017370406538248062,0.04949120432138443
2024-05-13,INDUSINDBK,0.037549614906311035,0.02224898524582386,0.940201461315155
2024-05-13,INFY,0.013061217963695526,0.9543160796165466,0.03262278065085411
2024-05-13,MARUTI,0.16575929382815957,0.4876287840306759,0.34661186020821333
2024-05-13,SBIN,0.08418889343738556,0.011295829899609089,0.9045153260231018
2024-05-13,TCS,0.6537846326828003,0.007352923043072224,0.33886244893074036
2024-05-13,WIPRO,0.05129813775420189,0.022330312058329582,0.9263716340065002
2024-05-14,BHARTIARTL,0.011078662239015102,0.9726805090904236,0.016240788623690605
2024-05-14,CIPLA,0.04310315661132336,0.014478971250355244,0.9424178600311279
2024-05-14,HDFCBANK,0.4114896357059479,0.008463162928819656,0.5800471901893616
2024-05-14,HEROMOTOCO,0.515225313603878,0.048452530056238174,0.4363221228122711
2024-05-14,HINDALCO,0.4413793981075287,0.30553963780403137,0.2530810236930847
2024-05-14,TCS,0.7000502347946167,0.00941438414156437,0.29053544998168945
2024-05-15,ASIANPAINT,0.0906241200864315,0.012162449769675732,0.8972133994102478
2024-05-15,BHARTIARTL,0.7178877219557762,0.014223028672859073,0.2678892407566309
2024-05-15,CIPLA,0.3312605395913124,0.08770040577898423,0.5810391083359718
2024-05-15,EICHERMOT,0.07958700507879257,0.00938099343329668,0.9110320210456848
2024-05-15,HEROMOTOCO,0.13484793156385422,0.4265512083657086,0.43860090989619493
2024-05-15,ICICIBANK,0.039760854095220566,0.06318880617618561,0.8970503211021423
2024-05-15,INFY,0.09046107530593872,0.03911851719021797,0.8704203963279724
2024-05-15,LT,0.06593862175941467,0.011349559761583805,0.9227118492126465
2024-05-15,M&M,0.060003044083714485,0.4793596602976322,0.4606372993439436
2024-05-15,SBIN,0.12344015886386235,0.012094915844500065,0.8644649386405945
2024-05-15,TCS,0.06121653380493323,0.3306326422219475,0.6081507975856463
2024-05-16,ASIANPAINT,0.02606654353439808,0.38834190368652344,0.5855915546417236
2024-05-16,BHARTIARTL,0.35538313537836075,0.12000782024115324,0.5246090523898601
2024-05-16,BPCL,0.07795467227697372,0.015107162296772003,0.9069381952285767
2024-05-16,CIPLA,0.06460795551538467,0.01253473712131381,0.9228572845458984
2024-05-16,INFY,0.18083315591017404,0.0695620346814394,0.7496047988533974
2024-05-16,M&M,0.5458424091339111,0.020241780020296574,0.43391581401228907
2024-05-16,MARUTI,0.03709939122200012,0.021521756425499916,0.9413788318634033
2024-05-16,RELIANCE,0.18295389413833618,0.00876667257398367,0.8082794547080994
2024-05-16,TECHM,0.0404554158449173,0.3416336476802826,0.6179109215736389
2024-05-17,ASIANPAINT,0.0077851321548223495,0.9754618406295776,0.016753021627664566
2024-05-17,BHARTIARTL,0.9470234513282776,0.01611698605120182,0.03685949742794037
2024-05-17,BPCL,0.007701514754444361,0.9746900796890259,0.01760830171406269
2024-05-17,CIPLA,0.9507035613059998,0.020205160602927208,0.029091257601976395
2024-05-17,DRREDDY,0.9507070183753967,0.017988502979278564,0.03130453824996948
2024-05-17,EICHERMOT,0.9465469121932983,0.015934567898511887,0.03751862794160843
2024-05-17,HDFCBANK,0.8740111589431763,0.010205067694187164,0.11578377336263657
2024-05-17,HEROMOTOCO,0.9525512456893921,0.01766495406627655,0.02978382259607315
2024-05-17,JSWSTEEL,0.10219408217817545,0.21611858997493982,0.6816872853785754
2024-05-17,M&M,0.4564334799846013,0.21878513631721339,0.324781342719992
2024-05-17,ONGC,0.641621470451355,0.008424445986747742,0.3499540686607361
2024-05-17,WIPRO,0.3624205181840807,0.23410332528874278,0.40347616001963615
2024-05-18,AXISBANK,0.0399252213537693,0.01639529876410961,0.9436795115470886
2024-05-18,INFY,0.015368671156466007,0.8704820275306702,0.11414925754070282
2024-05-18,JSWSTEEL,0.027225203812122345,0.9620904326438904,0.010684347711503506
2024-05-18,M&M,0.10237390547990799,0.008689260110259056,0.8889368176460266
2024-05-18,NESTLEIND,0.16777512431144714,0.0618431381881237,0.7703817486763
2024-05-18,ONGC,0.09099136292934418,0.43482668325304985,0.4741818876937032
2024-05-19,DRREDDY,0.03577912598848343,0.0312538780272007,0.9329670667648315
2024-05-19,JSWSTEEL,0.008102278225123882,0.9749889373779297,0.01690877228975296
2024-05-19,M&M,0.9491872191429138,0.023256095126271248,0.027556661516427994
2024-05-20,BAJFINANCE,0.7252658605575562,0.00664004310965538,0.26809409260749817
2024-05-20,BPCL,0.35420677065849304,0.013034862466156483,0.632758378982544
2024-05-20,EICHERMOT,0.10682938992977142,0.011144830845296383,0.8820257186889648
2024-05-20,HDFCBANK,0.09630630165338516,0.01123525109142065,0.892458438873291
2024-05-20,HEROMOTOCO,0.782984733581543,0.0077983015216887,0.20921695232391357
2024-05-20,INFY,0.11082985065877438,0.3579488075338304,0.5312213227152824
2024-05-20,JSWSTEEL,0.050285315373912454,0.585682739969343,0.36403194116428494
2024-05-20,ONGC,0.9275417923927307,0.03647744655609131,0.03598073497414589
2024-05-21,HEROMOTOCO,0.510856568813324,0.012482120655477047,0.4766613245010376
2024-05-21,JSWSTEEL,0.01332786399871111,0.9641942977905273,0.022477896884083748
2024-05-21,M&M,0.29779502749443054,0.007919421419501305,0.6942855715751648
2024-05-21,ONGC,0.5743403211236,0.35241969923178357,0.07324001503487428
2024-05-21,SUNPHARMA,0.9522261023521423,0.018584247678518295,0.02918972261250019
2024-05-21,TCS,0.5635192394256592,0.008609472773969173,0.4278712272644043
2024-05-21,WIPRO,0.057217180728912354,0.745453953742981,0.1973288655281067
2024-05-22,CIPLA,0.8033018112182617,0.009476100094616413,0.18722198903560638
2024-05-22,GRASIM,0.012181234546005726,0.9723348617553711,0.015483850613236427
2024-05-22,HDFCBANK,0.023999862372875214,0.04208596795797348,0.9339142441749573
2024-05-22,HEROMOTOCO,0.9418447613716125,0.009793643839657307,0.04836159944534302
2024-05-22,ICICIBANK,0.015955567359924316,0.943642258644104,0.040402159094810486
2024-05-22,INFY,0.03866196051239967,0.016753971576690674,0.9445840120315552
2024-05-22,ONGC,0.15165729820728302,0.796962320804596,0.051380377262830734
2024-05-22,POWERGRID,0.009540591388940811,0.9743484258651733,0.01611095853149891
2024-05-22,SUNPHARMA,0.007671812083572149,0.9742891192436218,0.018039021641016006
2024-05-22,TCS,0.7476180791854858,0.008072923868894577,0.24430905282497406
2024-05-23,CIPLA,0.009097764268517494,0.9706100225448608,0.02029227465391159
2024-05-23,GRASIM,0.48843468190170825,0.25767918722704053,0.2538861082866788
2024-05-23,INFY,0.27181845903396606,0.018657388165593147,0.7095242142677307
2024-05-23,ITC,0.05947694927453995,0.014544414356350899,0.9259786009788513
2024-05-23,M&M,0.2523144781589508,0.009290637448430061,0.7383948564529419
2024-05-23,NTPC,0.9274517297744751,0.010289349593222141,0.06225890666246414
2024-05-23,POWERGRID,0.025196885457262397,0.495696809142828,0.47910625766962767
2024-05-23,RELIANCE,0.1428777277469635,0.012438884004950523,0.8446833491325378
2024-05-23,TECHM,0.663824200630188,0.008622623980045319,0.3275531530380249
2024-05-23,WIPRO,0.42064096219837666,0.21748220617882907,0.36187687143683434
2024-05-24,AXISBANK,0.9464845061302185,0.016387388110160828,0.03712814673781395
2024-05-24,BHARTIARTL,0.9350466132164001,0.02725089341402054,0.03770248964428902
2024-05-24,BPCL,0.01810549758374691,0.7991086840629578,0.18278583884239197
2024-05-24,HCLTECH,0.048761285841464996,0.015926947817206383,0.9353117346763611
2024-05-24,HINDALCO,0.49683168437331915,0.01866287086158991,0.48450545221567154
2024-05-24,ITC,0.4737005199616154,0.49440918179849785,0.03189029482503732
2024-05-24,NTPC,0.6666503399610519,0.03661957693596681,0.2967300557841857
2024-05-24,POWERGRID,0.007326493039727211,0.9731812477111816,0.019492238759994507
2024-05-24,SBIN,0.03960517235100269,0.02289318572729826,0.9375016689300537
2024-05-25,AXISBANK,0.03396591916680336,0.02042333036661148,0.9456108212471008
2024-05-25,KOTAKBANK,0.052164800465106964,0.01904662512242794,0.9287886023521423
2024-05-26,NTPC,0.03680126368999481,0.017956828698515892,0.9452419281005859
2024-05-27,AXISBANK,0.040605492889881134,0.01681157946586609,0.942582905292511
2024-05-27,HDFCBANK,0.05837453901767731,0.13371531665325165,0.807910144329071
2024-05-27,HINDALCO,0.9036148190498352,0.01502845281114181,0.0813567191362381
2024-05-27,ICICIBANK,0.01294438261538744,0.8732469081878662,0.11380871385335922
2024-05-27,INFY,0.46561794728040695,0.012884756084531546,0.5214973241090775
2024-05-27,ITC,0.8869382739067078,0.048923857510089874,0.06413789838552475
2024-05-27,NTPC,0.5958663374185562,0.05645742453634739,0.34767623618245125
2024-05-28,COALINDIA,0.21098381280899048,0.007524001877754927,0.7814921736717224
2024-05-28,GRASIM,0.727492094039917,0.027044149115681648,0.2454637587070465
2024-05-28,HDFCBANK,0.08201242983341217,0.013358951546251774,0.904628574848175
2024-05-28,HINDALCO,0.9516173601150513,0.021339908242225647,0.02704261615872383
2024-05-28,ICICIBANK,0.03359599411487579,0.018999213352799416,0.9474048018455505
2024-05-28,INFY,0.9253677129745483,0.00818178802728653,0.06645055115222931
2024-05-28,ITC,0.4945039916783571,0.15180676337331533,0.3536892393603921
2024-05-28,NTPC,0.9496182799339294,0.022286448627710342,0.02809520997107029
2024-05-28,RELIANCE,0.5308867283165455,0.035444168373942375,0.4336691064139207
2024-05-28,SBIN,0.015663612633943558,0.8198404908180237,0.16449588537216187
2024-05-28,SUNPHARMA,0.05974453315138817,0.016374434810131788,0.9238810837268829
2024-05-28,TCS,0.7253096103668213,0.0065269554033875465,0.2681634724140167
2024-05-28,ULTRACEMCO,0.0675385594367981,0.010755249299108982,0.9217061400413513
2024-05-28,WIPRO,0.6510940194129944,0.007774624973535538,0.34113138914108276
2024-05-29,BHARTIARTL,0.0815204456448555,0.00987753551453352,0.9086019992828369
2024-05-29,HINDALCO,0.3137097830573718,0.34188102930784225,0.34440914417306584
2024-05-29,INFY,0.2547120749950409,0.00892187375575304,0.7363660931587219
2024-05-29,ITC,0.06439485400915146,0.013013884425163269,0.9225913286209106
2024-05-29,ONGC,0.04971255734562874,0.015544463880360126,0.9347429871559143
2024-05-29,SBIN,0.023004732094705105,0.07962644286453724,0.8973688185214996
2024-05-29,SUNPHARMA,0.07022963464260101,0.010355239734053612,0.9194151759147644
2024-05-29,TATASTEEL,0.15012582554481924,0.4701906112022698,0.3796835565008223
2024-05-30,BHARTIARTL,0.9058764576911926,0.023381097242236137,0.07074245065450668
2024-05-30,HDFCBANK,0.028091447427868843,0.024330275133252144,0.9475782513618469
2024-05-30,HEROMOTOCO,0.06704047322273254,0.014497353695333004,0.9184621572494507
2024-05-30,ICICIBANK,0.03116290271282196,0.01973329298198223,0.9491037726402283
2024-05-30,ITC,0.045672088861465454,0.013279697857797146,0.9410482048988342
2024-05-30,JSWSTEEL,0.513175755739212,0.013676460832357407,0.47314781323075294
2024-05-30,NTPC,0.13999226689338684,0.012545892037451267,0.8474618792533875
2024-05-30,RELIANCE,0.09259044006466866,0.013947114814072847,0.8934624791145325
2024-05-30,TATASTEEL,0.2598940398544073,0.39674959406256677,0.34335634522140024
2024-05-31,HDFCBANK,0.3753479594985644,0.18478467067082724,0.4398673747976621
2024-05-31,INFY,0.008466779254376888,0.9733519554138184,0.018181318417191505
2024-05-31,MARUTI,0.6277450323104858,0.008550205267965794,0.36370474100112915
2024-05-31,SUNPHARMA,0.026554614305496216,0.022230802103877068,0.9512145519256592
2024-05-31,TATASTEEL,0.2378145158290863,0.22768180444836617,0.5345036387443542
2024-05-31,TCS,0.19240790233016014,0.48460160195827484,0.3229905068874359
2024-05-31,WIPRO,0.72938671708107,0.13632632046937943,0.13428697735071182
2024-06-01,COALINDIA,0.9114540219306946,0.048502132296562195,0.04004378616809845
2024-06-01,MARUTI,0.46625368227250874,0.5084960944950581,0.025250288657844067
2024-06-01,SBIN,0.009018419310450554,0.9468522071838379,0.04412940517067909
2024-06-02,HEROMOTOCO,0.7050235867500305,0.26479455828666687,0.030181843787431717
2024-06-02,M&M,0.033710040152072906,0.021769341081380844,0.9445206522941589
2024-06-02,TCS,0.08662744611501694,0.8833656311035156,0.030006928369402885
2024-06-03,BAJAJ-AUTO,0.9466568231582642,0.025892838835716248,0.027450358495116234
2024-06-03,BAJFINANCE,0.03498278930783272,0.018900081515312195,0.946117103099823
2024-06-03,EICHERMOT,0.008140177465975285,0.9734154343605042,0.0184443648904562
2024-06-03,HEROMOTOCO,0.8638554811477661,0.11287371069192886,0.023270830512046814
2024-06-03,ICICIBANK,0.21939070522785187,0.00831779558211565,0.7722915410995483
2024-06-03,INFY,0.1862840475514531,0.48740528523921967,0.326310652308166
2024-06-03,SBIN,0.2818879187107086,0.5618494153022766,0.15626263618469238
2024-06-03,SUNPHARMA,0.03493878245353699,0.015256190672516823,0.9498050808906555
2024-06-03,TECHM,0.026807017624378204,0.03992437571287155,0.9332685470581055
2024-06-04,HINDUNILVR,0.659079372882843,0.30139613151550293,0.03952443599700928
2024-06-04,JSWSTEEL,0.07792588323354721,0.016062455251812935,0.9060116410255432
2024-06-04,ONGC,0.018022501841187477,0.9691569805145264,0.012820474803447723
2024-06-04,RELIANCE,0.4070647358894348,0.03658356890082359,0.5563517212867737
2024-06-04,TATASTEEL,0.5098626650869846,0.016097448766231537,0.4740398656576872
2024-06-04,WIPRO,0.028425272554159164,0.02684916742146015,0.944725513458252
2024-06-05,BRITANNIA,0.85486900806427,0.04113754257559776,0.10399343073368073
2024-06-05,COALINDIA,0.12072063982486725,0.030137578025460243,0.8491417765617371
2024-06-05,GRASIM,0.057960037142038345,0.016680443659424782,0.9253595471382141
2024-06-05,HEROMOTOCO,0.16974307596683502,0.07499706000089645,0.7552598714828491
2024-06-05,HINDALCO,0.009531207382678986,0.9582241177558899,0.032244712114334106
2024-06-05,KOTAKBANK,0.35243502259254456,0.011520106345415115,0.6360448002815247
2024-06-05,MARUTI,0.47875821590423584,0.0656549409031868,0.45558691024780273
2024-06-05,NTPC,0.10641300678253174,0.01648072712123394,0.8771063089370728
2024-06-05,ONGC,0.07117192447185516,0.015605710446834564,0.9132223725318909
2024-06-05,SBIN,0.028828788548707962,0.019802045077085495,0.9513691663742065
2024-06-05,TATASTEEL,0.8768394589424133,0.012439542450010777,0.11072107404470444
2024-06-06,HDFCBANK,0.8761589825153351,0.06258082948625088,0.06126019451767206
2024-06-06,HEROMOTOCO,0.10052277892827988,0.010160459205508232,0.8893167674541473
2024-06-06,ICICIBANK,0.013074089772999287,0.9467602372169495,0.040165647864341736
2024-06-06,ITC,0.9435961246490479,0.0244830921292305,0.03192082419991493
2024-06-06,KOTAKBANK,0.1148650199174881,0.009943615645170212,0.8751913905143738
2024-06-06,SUNPHARMA,0.009664449840784073,0.9712504744529724,0.01908506266772747
2024-06-06,TATASTEEL,0.055757466703653336,0.041495103389024734,0.9027474522590637
2024-06-06,WIPRO,0.9391642212867737,0.01140512153506279,0.049430716782808304
2024-06-07,ASIANPAINT,0.009080941788852215,0.9642113447189331,0.026707669720053673
2024-06-07,BAJFINANCE,0.924909770488739,0.028855066746473312,0.04623519629240036
2024-06-07,KOTAKBANK,0.12946826219558716,0.16070964932441711,0.7098221182823181
2024-06-07,ONGC,0.8796441555023193,0.013194297440350056,0.10716148465871811
2024-06-07,TCS,0.2971973891059558,0.012360651977360249,0.69044196108977
2024-06-07,WIPRO,0.5178113579750061,0.4458467364311218,0.03634197264909744
2024-06-08,BAJAJ-AUTO,0.8940204977989197,0.009574910625815392,0.0964045524597168
2024-06-08,HEROMOTOCO,0.027535680681467056,0.025555448606610298,0.9469088912010193
2024-06-09,MARUTI,0.808002233505249,0.013706234283745289,0.17829149961471558
2024-06-09,WIPRO,0.037110183387994766,0.01745692268013954,0.9454329013824463
2024-06-10,ASIANPAINT,0.10874918848276138,0.8615700602531433,0.029680708423256874
2024-06-10,BAJAJ-AUTO,0.0765378475189209,0.010307109914720058,0.9131550192832947
2024-06-10,BHARTIARTL,0.9419538974761963,0.021186796948313713,0.03685932606458664
2024-06-10,DRREDDY,0.21943606436252594,0.10771195590496063,0.6728519797325134
2024-06-10,EICHERMOT,0.010072190314531326,0.959178626537323,0.03074917383491993
2024-06-10,INFY,0.8119844198226929,0.0063987248577177525,0.1816168874502182
2024-06-10,KOTAKBANK,0.8347046375274658,0.014226948842406273,0.15106837451457977
2024-06-10,NTPC,0.89622962474823,0.024588409811258316,0.0791819840669632
2024-06-10,TATASTEEL,0.5416674613952637,0.012720108032226562,0.44561243057250977
2024-06-10,TCS,0.167455792427063,0.007567952387034893,0.8249762654304504
2024-06-10,TECHM,0.9443230628967285,0.023825807496905327,0.031851109117269516
2024-06-10,TITAN,0.17876115441322327,0.013914442621171474,0.8073243498802185
2024-06-11,ICICIBANK,0.03535519912838936,0.533423900604248,0.4312208592891693
2024-06-11,ITC,0.06690090149641037,0.014894194900989532,0.9182049036026001
2024-06-11,ONGC,0.5703741610050201,0.0738428495824337,0.3557830583304167
2024-06-11,SBIN,0.756078690290451,0.010312268510460854,0.23360902816057205
2024-06-11,TATASTEEL,0.2684803009033203,0.5942069888114929,0.13731269538402557
2024-06-11,WIPRO,0.7434642314910889,0.007788762915879488,0.24874693155288696
2024-06-12,BAJAJ-AUTO,0.1609497368335724,0.017052961513400078,0.821997344493866
2024-06-12,INDUSINDBK,0.950397789478302,0.017489586025476456,0.032112643122673035
2024-06-12,INFY,0.7843162715435028,0.01017268793657422,0.20551106333732605
2024-06-12,NESTLEIND,0.0522763729095459,0.012163564562797546,0.9355601072311401
2024-06-12,POWERGRID,0.13749779760837555,0.008443341590464115,0.8540588617324829
2024-06-12,TITAN,0.012958493083715439,0.9701378345489502,0.016903650015592575
2024-06-13,AXISBANK,0.016255326569080353,0.6953450441360474,0.2883996069431305
2024-06-13,BAJAJ-AUTO,0.19797436892986298,0.03649205341935158,0.7655335664749146
2024-06-13,DRREDDY,0.8061898946762085,0.039547938853502274,0.1542622148990631
2024-06-13,HINDUNILVR,0.910301148891449,0.01778341457247734,0.07191544771194458
2024-06-13,ICICIBANK,0.9329686760902405,0.023292195051908493,0.04373912140727043
2024-06-13,TATASTEEL,0.007946665398776531,0.9748165011405945,0.01723678596317768
2024-06-13,WIPRO,0.43908992409706116,0.007596176350489259,0.5533139258623123
2024-06-14,AXISBANK,0.013734293170273304,0.9255974292755127,0.06066820025444031
2024-06-14,BAJFINANCE,0.037048663944005966,0.019772902131080627,0.9431784152984619
2024-06-14,BHARTIARTL,0.16905838251113892,0.06886877119541168,0.7620728015899658
2024-06-14,INFY,0.03674866631627083,0.016961168497800827,0.9462901949882507
2024-06-14,ITC,0.0807802677154541,0.01243531983345747,0.9067844152450562
2024-06-14,M&M,0.9265402555465698,0.02594255656003952,0.04751724377274513
2024-06-14,SBIN,0.8876397013664246,0.06255118548870087,0.049809131771326065
2024-06-14,TATASTEEL,0.10463640093803406,0.013718189671635628,0.8816454410552979
2024-06-14,TCS,0.6345424056053162,0.00868113525211811,0.35677647590637207
2024-06-14,WIPRO,0.8267130255699158,0.007094832137227058,0.16619211435317993
2024-06-15,INFY,0.14709129929542542,0.00792723335325718,0.8449814319610596
2024-06-17,KOTAKBANK,0.6301330924034119,0.012508396059274673,0.35735854506492615
2024-06-18,AXISBANK,0.03598013147711754,0.7372941374778748,0.226725772023201
2024-06-18,BRITANNIA,0.7670183181762695,0.013394844718277454,0.2195868343114853
2024-06-18,INFY,0.1814946507414182,0.03741227959593137,0.7810930411020914
2024-06-18,M&M,0.05689358338713646,0.011849051341414452,0.9312573671340942
2024-06-18,SBIN,0.8446017503738403,0.00898818764835596,0.14641009271144867
2024-06-18,TCS,0.7221854329109192,0.04187709465622902,0.2359374463558197
2024-06-18,WIPRO,0.49138904362916946,0.020929976366460323,0.48768094275146723
2024-06-19,AXISBANK,0.12162739876657724,0.08263363502919674,0.7957389950752258
2024-06-19,BAJFINANCE,0.9026803970336914,0.05157643184065819,0.045743104070425034
2024-06-19,BHARTIARTL,0.07892324775457382,0.01227729395031929,0.9087994694709778
2024-06-19,COALINDIA,0.49267399311065674,0.013706193305552006,0.493619829416275
2024-06-19,INFY,0.8036091923713684,0.0064114658161997795,0.18997932970523834
2024-06-19,NTPC,0.7822843194007874,0.012473628390580416,0.20524205267429352
2024-06-19,TITAN,0.8165961802005768,0.06643500225618482,0.11696881800889969
2024-06-20,AXISBANK,0.038824208080768585,0.01749812252819538,0.9436777234077454
2024-06-20,HDFCBANK,0.6709311604499817,0.017384374514222145,0.31168442964553833
2024-06-20,NTPC,0.6261891722679138,0.18844375014305115,0.18536710739135742
2024-06-21,AXISBANK,0.030441146343946457,0.05101720616221428,0.9185416102409363
2024-06-21,BAJAJ-AUTO,0.044941239058971405,0.015379175543785095,0.9396795630455017
2024-06-21,HDFCBANK,0.9464607834815979,0.019708946347236633,0.03383024409413338
2024-06-21,HINDUNILVR,0.030597306787967682,0.027348149567842484,0.9420545697212219
2024-06-21,MARUTI,0.009768093004822731,0.928516685962677,0.06171524524688721
2024-06-21,NTPC,0.9141378402709961,0.04559428244829178,0.04026791453361511
2024-06-21,SUNPHARMA,0.9122957587242126,0.010877976194024086,0.07682619243860245
2024-06-21,TATASTEEL,0.016983969137072563,0.8859740495681763,0.09704197198152542
2024-06-21,TCS,0.30979576396445435,0.6425169507662455,0.04768726353844007
2024-06-22,BAJAJ-AUTO,0.9509865045547485,0.02272542007267475,0.026288121938705444
2024-06-24,BAJFINANCE,0.041100721806287766,0.441769540309906,0.5171297192573547
2024-06-24,BHARTIARTL,0.05290977656841278,0.0194780845195055,0.9276121258735657
2024-06-24,CIPLA,0.00739222252741456,0.9689225554466248,0.02368524670600891
2024-06-24,HDFCBANK,0.20099015533924103,0.2601128816604614,0.5388969779014587
2024-06-24,HEROMOTOCO,0.8926631212234497,0.03292941674590111,0.07440748065710068
2024-06-24,HINDALCO,0.37443098425865173,0.010106764733791351,0.6154622435569763
2024-06-24,ICICIBANK,0.8787888288497925,0.018880177289247513,0.10233093053102493
2024-06-24,KOTAKBANK,0.4576963782310486,0.011692491360008717,0.5306110978126526
2024-06-24,NTPC,0.9391402006149292,0.031173087656497955,0.029686689376831055
2024-06-24,TECHM,0.10201867669820786,0.0104024363681674,0.8875789642333984
2024-06-25,BAJFINANCE,0.044512879103422165,0.015606763772666454,0.93988037109375
2024-06-25,BHARTIARTL,0.10171598941087723,0.007952987216413021,0.8903310298919678
2024-06-25,ICICIBANK,0.684988001982371,0.014562481082975864,0.30044950048128766
2024-06-25,INFY,0.08420054614543915,0.5462164282798767,0.36958298087120056
2024-06-25,JSWSTEEL,0.6842688918113708,0.008194335736334324,0.3075368404388428
2024-06-25,NTPC,0.10023194551467896,0.010179407894611359,0.8895885944366455
2024-06-25,RELIANCE,0.8160410523414612,0.009402821771800518,0.17455610632896423
2024-06-25,TCS,0.9468685984611511,0.013191279955208302,0.03994009643793106
2024-06-25,TECHM,0.8155653476715088,0.07706378400325775,0.10737091302871704
2024-06-25,WIPRO,0.5044016651809216,0.011464654002338648,0.4841337017714977
2024-06-26,AXISBANK,0.5797421336174011,0.012223881669342518,0.40803399682044983
2024-06-26,BAJAJ-AUTO,0.07650591433048248,0.016989823430776596,0.906504213809967
2024-06-26,BHARTIARTL,0.15746986865997314,0.011972878593951464,0.8305571973323822
2024-06-26,ITC,0.9508693218231201,0.021051554009318352,0.028079114854335785
2024-06-26,NTPC,0.02834566868841648,0.02177763171494007,0.9498766660690308
2024-06-26,RELIANCE,0.03560057282447815,0.018173698335886,0.9462257027626038
2024-06-26,SBIN,0.6638919711112976,0.012146029621362686,0.3239620476961136
2024-06-26,TATASTEEL,0.03715470805764198,0.06771063059568405,0.895134687423706
2024-06-26,ULTRACEMCO,0.1042771115899086,0.008677882142364979,0.8870449662208557
2024-06-27,AXISBANK,0.00802910327911377,0.9440222382545471,0.047948647290468216
2024-06-27,BHARTIARTL,0.26243045553565025,0.009154254104942083,0.728415310382843
2024-06-27,BPCL,0.48533618450164795,0.2788236141204834,0.23584018647670746
2024-06-27,CIPLA,0.05355382338166237,0.01435015443712473,0.9320960640907288
2024-06-27,DRREDDY,0.9184829592704773,0.016483541578054428,0.065033458173275
2024-06-27,HDFCBANK,0.02775999903678894,0.14313249289989471,0.8291075229644775
2024-06-27,INFY,0.022680448833853006,0.48971426114439964,0.4876053165644407
2024-06-27,RELIANCE,0.06160610169172287,0.08054014295339584,0.8578537702560425
2024-06-27,ULTRACEMCO,0.07836991176009178,0.016660713590681553,0.9049693942070007
2024-06-27,WIPRO,0.05480560287833214,0.042020589113235474,0.9031738042831421
2024-06-28,BAJFINANCE,0.33817073702812195,0.008730162866413593,0.6530990600585938
2024-06-28,BHARTIARTL,0.6450157016515732,0.23772247601300478,0.11726187728345394
2024-06-28,DRREDDY,0.4451690912246704,0.007298324257135391,0.5475326180458069
2024-06-28,HCLTECH,0.06630295515060425,0.01973517332226038,0.9139618575572968
2024-06-28,HINDUNILVR,0.0750545859336853,0.014058572705835104,0.910886824131012
2024-06-28,ITC,0.8405698984861374,0.017722668359056115,0.1417074166238308
2024-06-28,SUNPHARMA,0.9505953788757324,0.02086794376373291,0.028536593541502953
2024-06-28,TATASTEEL,0.022876206785440445,0.920062780380249,0.05706099048256874
2024-06-28,TECHM,0.19694028794765472,0.010987094137817621,0.7920726239681244
2024-06-28,ULTRACEMCO,0.663990318775177,0.00813586451113224,0.32787373661994934
2024-06-29,NTPC,0.7333943247795105,0.01049257256090641,0.25611311197280884
2024-06-30,CIPLA,0.0326104611158371,0.020350469276309013,0.9470390677452087
2024-06-30,ITC,0.6786751747131348,0.028963887132704258,0.2923609698191285
2024-06-30,NESTLEIND,0.31351158022880554,0.05440457537770271,0.6320838332176208
2024-07-01,BAJAJ-AUTO,0.5378724113106728,0.43235738575458527,0.029770268127322197
2024-07-01,BHARTIARTL,0.08930636197328568,0.011783440597355366,0.8989101648330688
2024-07-01,BPCL,0.1379910558462143,0.008525052107870579,0.8534838557243347
2024-07-01,HDFCBANK,0.258685315027833,0.2962703937664628,0.44504426419734955
2024-07-01,MARUTI,0.9519852101802826,0.024954700842499733,0.023060094565153122
2024-07-01,NTPC,0.9425004124641418,0.018996618688106537,0.038503002375364304
2024-07-01,ULTRACEMCO,0.9413155913352966,0.029879815876483917,0.02880462445318699
2024-07-01,WIPRO,0.925126314163208,0.019154872745275497,0.05571882054209709
2024-07-02,BHARTIARTL,0.16778378933668137,0.012484113220125437,0.8197320699691772
2024-07-02,HDFCBANK,0.8986911773681641,0.062085751444101334,0.03922310844063759
2024-07-02,HEROMOTOCO,0.18190690875053406,0.052401989698410034,0.7656910419464111
2024-07-02,KOTAKBANK,0.03141341358423233,0.0617660970116655,0.9068204760551453
2024-07-02,RELIANCE,0.9384477734565735,0.013236853294074535,0.048315394669771194
2024-07-03,BRITANNIA,0.04080544412136078,0.03246629238128662,0.9267282485961914
2024-07-03,HDFCBANK,0.42943493034690616,0.03553729737177491,0.5350277878344059
2024-07-03,POWERGRID,0.03242703527212143,0.021152658388018608,0.9464203119277954
2024-07-03,TCS,0.04724736884236336,0.39577487111091614,0.5569777488708496
2024-07-04,BAJAJ-AUTO,0.4088839590549469,0.008709605783224106,0.5824064612388611
2024-07-04,BAJFINANCE,0.49272347427904606,0.022268942557275295,0.48500760924071074
2024-07-04,HDFCBANK,0.4873563116416335,0.48591191275045276,0.026731777470558882
2024-07-04,SBIN,0.934780478477478,0.014557219110429287,0.05066220462322235
2024-07-05,BAJAJ-AUTO,0.5720998048782349,0.04979448951780796,0.3781057372689247
2024-07-05,BAJFINANCE,0.0829029381275177,0.00971916876733303,0.9073778986930847
2024-07-05,BHARTIARTL,0.06082483381032944,0.05155795440077782,0.8876171708106995
2024-07-05,BPCL,0.09875215590000153,0.010336106643080711,0.8909117579460144
2024-07-05,HDFCBANK,0.04379625921137631,0.27034145733341575,0.6858623158186674
2024-07-05,ICICIBANK,0.03683362528681755,0.018906285986304283,0.9442600607872009
2024-07-05,ITC,0.09430253505706787,0.014717532321810722,0.8909799456596375
2024-07-05,TCS,0.058296140283346176,0.041417837142944336,0.900286078453064
2024-07-06,TATASTEEL,0.029040763154625893,0.9360774159431458,0.0348818339407444
2024-07-07,DRREDDY,0.02270493656396866,0.9298074841499329,0.04748758301138878
2024-07-07,MARUTI,0.17848855257034302,0.7793425917625427,0.04216887429356575
2024-07-07,TATASTEEL,0.05172573775053024,0.18075241148471832,0.7675217986106873
2024-07-07,TCS,0.49463465064764023,0.026481637731194496,0.4788836855441332
2024-07-07,WIPRO,0.8793641328811646,0.06737986207008362,0.05325591191649437
2024-07-08,ASIANPAINT,0.13128112256526947,0.009306062944233418,0.8594127893447876
2024-07-08,BAJAJ-AUTO,0.023116040974855423,0.9595063328742981,0.017377661541104317
2024-07-08,CIPLA,0.93684983253479,0.03314589336514473,0.030004248023033142
2024-07-08,MARUTI,0.24188116192817688,0.00840267725288868,0.7497161030769348
2024-07-08,NESTLEIND,0.0784335657954216,0.011727050878107548,0.909839391708374
2024-07-08,TITAN,0.28633702111740905,0.36874281366666156,0.3449201639741659
2024-07-09,BAJAJFINSV,0.5052741765975952,0.210702583193779,0.2840232253074646
2024-07-09,HINDUNILVR,0.6543517112731934,0.008928594179451466,0.33671972155570984
2024-07-09,INFY,0.7672260999679565,0.006515078246593475,0.226258784532547
2024-07-09,LT,0.9237421751022339,0.019221527501940727,0.05703626573085785
2024-07-09,NESTLEIND,0.033992279320955276,0.021612118929624557,0.9443956017494202
2024-07-09,SBIN,0.21059617400169373,0.009494773112237453,0.7799090147018433
2024-07-09,TCS,0.043370239436626434,0.031171463429927826,0.9254583716392517
2024-07-09,ULTRACEMCO,0.9472261071205139,0.017065221443772316,0.035708677023649216
2024-07-09,WIPRO,0.07967524230480194,0.10263087600469589,0.8176938891410828
2024-07-10,ASIANPAINT,0.3849312663078308,0.37559792399406433,0.23947077989578247
2024-07-10,AXISBANK,0.9471814036369324,0.018454935401678085,0.03436365723609924
2024-07-10,BAJAJ-AUTO,0.019968988373875618,0.8622232675552368,0.11780776083469391
2024-07-10,HDFCBANK,0.4897437822073698,0.43899252265691757,0.07126370444893837
2024-07-10,ICICIBANK,0.9490548968315125,0.017383169382810593,0.033561982214450836
2024-07-10,INDUSINDBK,0.9460367560386658,0.017476852983236313,0.03648637607693672
2024-07-10,KOTAKBANK,0.012127884663641453,0.954779863357544,0.03309229761362076
2024-07-10,M&M,0.07002701113621394,0.33567008438209694,0.5943029336631298
2024-07-10,MARUTI,0.8671333193778992,0.07724189013242722,0.05562485754489899
2024-07-10,ONGC,0.7534103989601135,0.00824016984552145,0.23834936320781708
2024-07-10,SBIN,0.014060834422707558,0.9502642750740051,0.03567494824528694
2024-07-11,ASIANPAINT,0.9445202946662903,0.02365913800895214,0.03182057663798332
2024-07-11,HDFCBANK,0.13375422358512878,0.011154256761074066,0.8550915718078613
2024-07-11,HINDALCO,0.07774240523576736,0.012872997671365738,0.909384548664093
2024-07-11,ITC,0.034545645117759705,0.01855015568435192,0.946904182434082
2024-07-11,ONGC,0.8980671167373657,0.04523381590843201,0.056699104607105255
2024-07-11,TCS,0.31935925622071537,0.4116074690329177,0.26903329270758797
2024-07-11,WIPRO,0.29435059428215027,0.007538565434515476,0.698110818862915
2024-07-12,BHARTIARTL,0.9402511119842529,0.015072761103510857,0.04467611759901047
2024-07-12,HCLTECH,0.9441651701927185,0.02760385535657406,0.028230931609869003
2024-07-12,HDFCBANK,0.050029913894832134,0.018278729170560837,0.9316914081573486
2024-07-12,M&M,0.6610187888145447,0.2348179966211319,0.10416322201490402
2024-07-12,RELIANCE,0.8442807197570801,0.007274442818015814,0.14844483137130737
2024-07-12,TATASTEEL,0.01140623539686203,0.9457869529724121,0.04280683398246765
2024-07-12,TCS,0.5126072447746992,0.16663208906538785,0.3207606356590986
2024-07-14,INFY,0.2624373435974121,0.01762503758072853,0.7199376225471497
2024-07-14,ITC,0.03238478675484657,0.02266797237098217,0.9449471831321716
2024-07-14,TCS,0.7436639070510864,0.10296265035867691,0.15337342023849487
2024-07-15,ASIANPAINT,0.03148551657795906,0.8614292740821838,0.10708518326282501
2024-07-15,BAJAJ-AUTO,0.9426218867301941,0.012631356716156006,0.04474681243300438
2024-07-15,COALINDIA,0.0989152118563652,0.21881026029586792,0.6822745203971863
2024-07-15,HCLTECH,0.1717650294303894,0.008123735897243023,0.8201112747192383
2024-07-15,HINDALCO,0.049609895795583725,0.013788450509309769,0.9366016387939453
2024-07-15,HINDUNILVR,0.9511376619338989,0.019025782123208046,0.029836511239409447
2024-07-15,INDUSINDBK,0.8526865243911743,0.023420484736561775,0.12389300018548965
2024-07-15,RELIANCE,0.010212576948106289,0.9610399007797241,0.02874751016497612
2024-07-15,SBIN,0.8458371758460999,0.01494437176734209,0.13921844959259033
2024-07-15,TATASTEEL,0.21479204297065735,0.025248365476727486,0.7599595785140991
2024-07-15,TCS,0.5059879962354898,0.05485383840277791,0.439158177934587
2024-07-15,ULTRACEMCO,0.943909227848053,0.02378220669925213,0.03230860084295273
2024-07-16,AXISBANK,0.0624726340174675,0.9069694876670837,0.030557820573449135
2024-07-16,BAJAJ-AUTO,0.6175724814335505,0.25089224117497605,0.1315352606276671
2024-07-16,BAJFINANCE,0.014428527094423771,0.9350113868713379,0.05056002363562584
2024-07-16,HEROMOTOCO,0.045201625674963,0.5223053097724915,0.43249309062957764
2024-07-16,HINDUNILVR,0.03772071376442909,0.023077858611941338,0.9392014145851135
2024-07-16,INFY,0.026868772227317095,0.5079123992472887,0.4652187651954591
2024-07-16,JSWSTEEL,0.02925158105790615,0.9030004739761353,0.06774794310331345
2024-07-16,SBIN,0.08883080072700977,0.014856254681944847,0.896312952041626
2024-07-16,TATASTEEL,0.9433667063713074,0.019198108464479446,0.03743530809879303
2024-07-16,TCS,0.06963510811328888,0.013233351986855268,0.9171315133571625
2024-07-16,TITAN,0.4300810992717743,0.01581430435180664,0.5541045665740967
2024-07-17,ASIANPAINT,0.292059070430696,0.6649185866117477,0.043022353667765856
2024-07-17,BAJAJ-AUTO,0.3949791093667348,0.023945221366981666,0.5810756695767244
2024-07-17,BAJFINANCE,0.0333581306040287,0.022572631016373634,0.9440692067146301
2024-07-17,COALINDIA,0.04139673337340355,0.01587555930018425,0.9427276849746704
2024-07-17,EICHERMOT,0.126972958445549,0.010913142003118992,0.862113893032074
2024-07-17,MARUTI,0.7663493752479553,0.021578440442681313,0.21207214891910553
2024-07-17,TCS,0.0642169639468193,0.014733731746673584,0.9210493564605713
2024-07-17,ULTRACEMCO,0.062185925897210836,0.4898317279294133,0.44798231311142445
2024-07-17,WIPRO,0.10311427526175976,0.24312547594308853,0.6537602692842484
2024-07-18,ASIANPAINT,0.036634006537497044,0.34365567037214834,0.6197103125353655
2024-07-18,BAJAJ-AUTO,0.047385139390826225,0.4902195418253541,0.462395329028368
2024-07-18,BPCL,0.007685195188969374,0.9737514853477478,0.018563315272331238
2024-07-18,EICHERMOT,0.013334093615412712,0.9333518147468567,0.053314097225666046
2024-07-18,HDFCBANK,0.32015159726142883,0.010452044196426868,0.6693964004516602
2024-07-18,INFY,0.5949690522626042,0.22757252706214787,0.1774584073573351
2024-07-18,SBIN,0.43976905941963196,0.009923180332407355,0.5503077059984207
2024-07-18,WIPRO,0.03593765199184418,0.02940034493803978,0.9346619844436646
2024-07-19,ASIANPAINT,0.030445299732188385,0.6540135387331247,0.31554118171334267
2024-07-19,BAJAJ-AUTO,0.553259240463376,0.015835938276723027,0.4309048717841506
2024-07-19,BAJAJFINSV,0.031322378665208817,0.02191874198615551,0.9467588067054749
2024-07-19,BPCL,0.010476856492459774,0.9593339959780375,0.0301891944060723
2024-07-19,EICHERMOT,0.05769943445920944,0.019458575174212456,0.9228420257568359
2024-07-19,HCLTECH,0.6771887689828873,0.015606589615345001,0.30720467182497185
2024-07-19,HDFCBANK,0.6858519365390142,0.056179204334815346,0.2579688647141059
2024-07-19,INFY,0.5807970464229584,0.025739018140094622,0.3934639247932604
2024-07-19,JSWSTEEL,0.17861211532726884,0.5161689724773169,0.305218911729753
2024-07-19,KOTAKBANK,0.5225604176521301,0.41551584005355835,0.06192376837134361
2024-07-19,MARUTI,0.011028134264051914,0.9145702123641968,0.07440169155597687
2024-07-19,RELIANCE,0.6509111089011034,0.031131212910016377,0.3179576800515254
2024-07-19,TCS,0.6398153609285752,0.14761853342254957,0.2125660932312409
2024-07-19,ULTRACEMCO,0.5004852372221649,0.2531957784667611,0.2463189847767353
2024-07-19,WIPRO,0.5936909807579858,0.20809804275631905,0.19821096251585654
2024-07-20,HDFCBANK,0.49581802543252707,0.2581435739994049,0.24603838240727782
2024-07-20,KOTAKBANK,0.0686472412198782,0.18488476146012545,0.7464679777622223
2024-07-20,ONGC,0.13351497054100037,0.009407265111804008,0.8570777177810669
2024-07-20,TCS,0.9455068707466125,0.020073115825653076,0.03441999480128288
2024-07-21,BAJAJFINSV,0.041946105659008026,0.02155231311917305,0.9365015625953674
2024-07-21,HDFCBANK,0.02937268652021885,0.023403435945510864,0.9472239017486572
2024-07-21,HEROMOTOCO,0.4789191782474518,0.007472669240087271,0.5136081576347351
2024-07-21,HINDUNILVR,0.03171495348215103,0.023309767246246338,0.9449753165245056
2024-07-22,BAJFINANCE,0.9521703124046326,0.021647393703460693,0.026182321831583977
2024-07-22,BPCL,0.9515203237533569,0.023243768140673637,0.025235935114324093
2024-07-22,COALINDIA,0.6447152495384216,0.009738911874592304,0.3455458879470825
2024-07-22,HDFCBANK,0.2805771179497242,0.270044157654047,0.44937872104346754
2024-07-22,HINDUNILVR,0.011046462692320347,0.9573296904563904,0.03162377327680588
2024-07-22,JSWSTEEL,0.691683699687322,0.2811622166385253,0.027154053871830303
2024-07-22,KOTAKBANK,0.058331989450380206,0.2906733916606754,0.6509946403093636
2024-07-22,RELIANCE,0.9502236545085907,0.02033656369894743,0.029439812526106834
2024-07-22,TCS,0.07905875891447067,0.021223029121756554,0.899718165397644
2024-07-22,TITAN,0.036070533096790314,0.02345956489443779,0.9404699206352234
2024-07-22,ULTRACEMCO,0.9495256741841634,0.01892561838030815,0.031548687567313514
2024-07-22,WIPRO,0.2191553785232827,0.7385505447164178,0.04229406965896487
2024-07-23,ASIANPAINT,0.3577958221236865,0.01944865348438422,0.6227555399139723
2024-07-23,AXISBANK,0.6991326063871384,0.01883636857382953,0.28203105088323355
2024-07-23,BAJAJ-AUTO,0.07657191902399063,0.014720520004630089,0.9087074995040894
2024-07-23,BAJFINANCE,0.9259778559207916,0.021198462694883347,0.052823697216808796
2024-07-23,HDFCBANK,0.08554024249315262,0.011319455380241076,0.9031403263409933
2024-07-23,HINDUNILVR,0.5556877102702856,0.021156492456793786,0.42315577492117884
2024-07-23,INFY,0.07618968933820724,0.009794444777071476,0.9140158295631409
2024-07-23,ITC,0.5889435112476349,0.295876182615757,0.11518029496073723
2024-07-23,JSWSTEEL,0.19134433815876642,0.03583153864989678,0.7728241086006165
2024-07-23,KOTAKBANK,0.05513127148151398,0.013154211919754744,0.9317145347595215
2024-07-23,ULTRACEMCO,0.28023694455623627,0.01359523180872202,0.7061678171157837
2024-07-23,WIPRO,0.08661115790406863,0.016318574858208496,0.8970702489217123
2024-07-24,AXISBANK,0.930036187171936,0.03649517521262169,0.033468651585280895
2024-07-24,BAJAJFINSV,0.48018929082900286,0.49851648043841124,0.021294239908456802
2024-07-24,BAJFINANCE,0.07667161710560322,0.014963308349251747,0.9083651006221771
2024-07-24,BPCL,0.12260111421346664,0.009958242066204548,0.8674406409263611
2024-07-24,CIPLA,0.11210303753614426,0.8732848167419434,0.014612157829105854
2024-07-24,HDFCBANK,0.14381574094295502,0.009057769551873207,0.8471264839172363
2024-07-24,HINDUNILVR,0.5011190126339594,0.01595251044879357,0.48292850734045106
2024-07-24,INFY,0.04765553027391434,0.01357115339487791,0.9387733340263367
2024-07-24,ITC,0.9369600415229797,0.010700101964175701,0.05233990401029587
2024-07-24,KOTAKBANK,0.05323274806141853,0.034615046344697475,0.9121521711349487
2024-07-24,NESTLEIND,0.5517345666885376,0.05201876163482666,0.39624667167663574
2024-07-24,TECHM,0.800301194190979,0.176425963640213,0.023272862657904625
2024-07-24,ULTRACEMCO,0.1808566078543663,0.010188648011535406,0.8089547455310822
2024-07-25,AXISBANK,0.10271695610135793,0.41554473917931317,0.4817383196204901
2024-07-25,BAJAJFINSV,0.7420311172803243,0.014984814915806055,0.24298404032985368
2024-07-25,BAJFINANCE,0.5059854490682483,0.014820549637079239,0.47919402876868844
2024-07-25,BHARTIARTL,0.009767010807991028,0.973772406578064,0.01646069623529911
2024-07-25,DRREDDY,0.013678858056664467,0.9647993445396423,0.021521834656596184
2024-07-25,INDUSINDBK,0.40052908658981323,0.5538959503173828,0.045574937015771866
2024-07-25,JSWSTEEL,0.1330348700284958,0.03419553115963936,0.8327695727348328
2024-07-25,NTPC,0.030870290473103523,0.026393558830022812,0.9427362084388733
2024-07-25,TECHM,0.6666914969682693,0.09108462370932102,0.24222387094050646
2024-07-26,AXISBANK,0.21036824584007263,0.010655298829078674,0.7789764404296875
2024-07-26,BAJAJ-AUTO,0.9318730235099792,0.012443131767213345,0.05568380281329155
2024-07-26,BAJFINANCE,0.07856221497058868,0.01105781551450491,0.9103800058364868
2024-07-26,CIPLA,0.903108537197113,0.03488459624350071,0.06200686749070883
2024-07-26,HEROMOTOCO,0.009146958589553833,0.9508547782897949,0.03999834507703781
2024-07-26,HINDUNILVR,0.0715591311454773,0.01277074683457613,0.9156701564788818
2024-07-26,INDUSINDBK,0.521424051374197,0.052947907242923975,0.42562804371118546
2024-07-26,ITC,0.06149018555879593,0.012849485501646996,0.9256603121757507
2024-07-26,KOTAKBANK,0.057410743087530136,0.013407041318714619,0.929182231426239
2024-07-26,MARUTI,0.6925011277198792,0.01475121732801199,0.2927476465702057
2024-07-26,NESTLEIND,0.22009839303791523,0.39730932991951706,0.3825922530144453
2024-07-26,NTPC,0.9551989436149597,0.014889463782310486,0.029911616817116737
2024-07-26,RELIANCE,0.03279738873243332,0.019225304946303368,0.9479773640632629
2024-07-26,SUNPHARMA,0.8701499104499817,0.009289492852985859,0.12056059390306473
2024-07-26,TCS,0.8791183829307556,0.014253217726945877,0.10662846267223358
2024-07-26,TECHM,0.050163869901249804,0.6453810768822829,0.30445506734152633
2024-07-27,CIPLA,0.9099966287612915,0.02037099376320839,0.0696323961019516
2024-07-27,COALINDIA,0.048199478536844254,0.017254939302802086,0.9345455765724182
2024-07-27,DRREDDY,0.941207617521286,0.016838955227285624,0.0419534333050251
2024-07-27,ICICIBANK,0.4034439915170272,0.3497790787369013,0.24677698376278082
2024-07-27,ITC,0.15574483573436737,0.01391778669009606,0.830337405204773
2024-07-27,NTPC,0.9459394216537476,0.03078353777527809,0.023277021944522858
2024-07-28,EICHERMOT,0.032726336270570755,0.02152867801487446,0.945745050907135
2024-07-28,ICICIBANK,0.028868166729807854,0.02132689580321312,0.949804961681366
2024-07-28,ULTRACEMCO,0.33271593134850264,0.20037612691521645,0.4669079836457968
2024-07-29,AXISBANK,0.10233205556869507,0.010791580192744732,0.8868764042854309
2024-07-29,BHARTIARTL,0.8212406635284424,0.007590766064822674,0.17116856575012207
2024-07-29,CIPLA,0.9474267562230428,0.02239039105673631,0.030182858929038048
2024-07-29,DRREDDY,0.9501930475234985,0.019513587467372417,0.03029333706945181
2024-07-29,ICICIBANK,0.9498537480831146,0.022463507018983364,0.02768279891461134
2024-07-29,INDUSINDBK,0.9455711245536804,0.02090541087090969,0.03352340683341026
2024-07-29,LT,0.21904931217432022,0.009616812691092491,0.7713338434696198
2024-07-29,NTPC,0.9492531716823578,0.020928609184920788,0.029818259179592133
2024-07-29,POWERGRID,0.007387049030512571,0.9741725325584412,0.018440437503159046
2024-07-29,TATASTEEL,0.08314469456672668,0.011859169229865074,0.9049960970878601
2024-07-29,TECHM,0.007659562863409519,0.9745692610740662,0.01777111552655697
2024-07-29,ULTRACEMCO,0.9396748542785645,0.02888556383550167,0.03143961727619171
2024-07-30,BAJFINANCE,0.7240767478942871,0.006491776555776596,0.269431471824646
2024-07-30,CIPLA,0.04989823326468468,0.014973281882703304,0.9351285696029663
2024-07-30,HEROMOTOCO,0.015412647277116776,0.9314058423042297,0.053181517869234085
2024-07-30,ICICIBANK,0.07839898765087128,0.013836769387125969,0.9077642560005188
2024-07-30,INDUSINDBK,0.05884615704417229,0.014114510267972946,0.9270392656326294
2024-07-30,INFY,0.8983281254768372,0.007733894046396017,0.09393804520368576
2024-07-30,ITC,0.948224663734436,0.019481511786580086,0.032293763011693954
2024-07-30,MARUTI,0.07542222738265991,0.016356367617845535,0.908221423625946
2024-07-30,NTPC,0.6920866171518961,0.01513259174923102,0.2927807855109374
2024-07-30,POWERGRID,0.880815327167511,0.050200507044792175,0.06898407638072968
2024-07-30,SBIN,0.6497540473937988,0.0794825330376625,0.27076342701911926
2024-07-30,TECHM,0.06067415326833725,0.016972370445728302,0.9223534464836121
2024-07-31,AXISBANK,0.10237825661897659,0.011421802453696728,0.8861998915672302
2024-07-31,BPCL,0.010860535316169262,0.9750058650970459,0.014133664779365063
2024-07-31,CIPLA,0.03931363672018051,0.016550086438655853,0.9441362619400024
2024-07-31,COALINDIA,0.5949220806360245,0.022165672853589058,0.38291220118602115
2024-07-31,DRREDDY,0.10762780904769897,0.09732636064291,0.7950458526611328
2024-07-31,ICICIBANK,0.0973188765347004,0.011156291235238314,0.8915248513221741
2024-07-31,INDUSINDBK,0.052396707236766815,0.01296558789908886,0.934637725353241
2024-07-31,INFY,0.17376571893692017,0.6838557422161102,0.142378531396389
2024-07-31,M&M,0.6960581815801561,0.2552636223845184,0.04867816320620477
2024-07-31,MARUTI,0.9265793412923813,0.024397857021540403,0.0490227909758687
2024-07-31,SUNPHARMA,0.9443931579589844,0.033115506172180176,0.022491328418254852
2024-07-31,TATASTEEL,0.32825275138020515,0.19619382917881012,0.4755534417927265
2024-07-31,TITAN,0.7864169478416443,0.13117916882038116,0.08240390568971634
2024-07-31,ULTRACEMCO,0.04667026922106743,0.013925360515713692,0.9394044280052185
2024-08-01,AXISBANK,0.10531042516231537,0.009193843230605125,0.8854957818984985
2024-08-01,BAJAJ-AUTO,0.9490100145339966,0.019568057730793953,0.031422022730112076
2024-08-01,COALINDIA,0.950114369392395,0.017812883481383324,0.03207273408770561
2024-08-01,HDFCBANK,0.03300932049751282,0.1137264221906662,0.8532642126083374
2024-08-01,HEROMOTOCO,0.05981903150677681,0.012806280516088009,0.9273747205734253
2024-08-01,INDUSINDBK,0.31555619835853577,0.06404111534357071,0.6204027533531189
2024-08-01,INFY,0.11212367191910744,0.4167671374976635,0.4711091984063387
2024-08-01,ITC,0.948638379573822,0.028090650215744972,0.02327098324894905
2024-08-01,KOTAKBANK,0.04449104145169258,0.015358824282884598,0.9401501417160034
2024-08-01,M&M,0.647721603512764,0.01305595381806294,0.3392224789907535
2024-08-01,MARUTI,0.4867591850925237,0.25939413672313094,0.2538466895930469
2024-08-01,SUNPHARMA,0.9482907056808472,0.014097373932600021,0.03761187568306923
2024-08-01,TATASTEEL,0.39960942551907563,0.4923139602566759,0.10807660222053528
2024-08-01,TCS,0.028063591569662094,0.7966935932636261,0.17524277791380882
2024-08-02,BAJAJFINSV,0.06663373112678528,0.010687359608709812,0.9226788878440857
2024-08-02,COALINDIA,0.9518070816993713,0.01991664431989193,0.02827625907957554
2024-08-02,HEROMOTOCO,0.9255173802375793,0.023969899863004684,0.05051277577877045
2024-08-02,ICICIBANK,0.16329945623874664,0.011605040170252323,0.8250954747200012
2024-08-02,INFY,0.13383804261684418,0.018737977370619774,0.8474240303039551
2024-08-02,ITC,0.3263939078897238,0.012164086569100618,0.6614420562982559
2024-08-02,M&M,0.5031561944633722,0.017699516378343105,0.4791442835703492
2024-08-02,MARUTI,0.05185627564787865,0.9352667927742004,0.012876885011792183
2024-08-02,SBIN,0.04104147106409073,0.5253553278744221,0.43360317312180996
2024-08-02,SUNPHARMA,0.6527035683393478,0.016930008307099342,0.3303663997600476
2024-08-02,TATASTEEL,0.19153156504034996,0.22745961183682084,0.5810088291764259
2024-08-02,TITAN,0.012380358763039112,0.9699933528900146,0.01762630231678486
2024-08-03,INFY,0.023566145449876785,0.5244379639625549,0.4519958794116974
2024-08-03,SBIN,0.9427797198295593,0.03142324462532997,0.025797031819820404
2024-08-04,BHARTIARTL,0.9572928547859192,0.01873704232275486,0.023970112204551697
2024-08-04,COALINDIA,0.2574325818568468,0.013881593476980925,0.7286857962608337
2024-08-04,JSWSTEEL,0.038972996175289154,0.03605996072292328,0.9249671101570129
2024-08-04,MARUTI,0.2797999791800976,0.02333214646205306,0.6968678534030914
2024-08-04,TATASTEEL,0.08607529103755951,0.012652553617954254,0.901272177696228
2024-08-04,TITAN,0.03081444837152958,0.031038949266076088,0.9381466507911682
2024-08-05,BHARTIARTL,0.8642497062683105,0.014094802550971508,0.12165555357933044
2024-08-05,BRITANNIA,0.9492188692092896,0.020503634586930275,0.030277550220489502
2024-08-05,INFY,0.9352783560752869,0.02036592736840248,0.044355712831020355
2024-08-05,ITC,0.5087979286909103,0.017658877186477184,0.47354318015277386
2024-08-05,ONGC,0.35833707097917794,0.5346562024205923,0.10700673684477806
2024-08-05,POWERGRID,0.0090684425085783,0.9626628160476685,0.02826875075697899
2024-08-05,SBIN,0.5178733952343464,0.022774042561650276,0.45935256220400333
2024-08-05,TITAN,0.46944190841168165,0.5009328350424767,0.02962527982890606
2024-08-06,BHARTIARTL,0.5143023021519184,0.16265997430309653,0.32303772928814095
2024-08-06,BRITANNIA,0.9508941173553467,0.02203771285712719,0.027068138122558594
2024-08-06,CIPLA,0.06479120999574661,0.011206748895347118,0.9240020513534546
2024-08-06,DRREDDY,0.10963993519544601,0.05303013324737549,0.8373299241065979
2024-08-06,HDFCBANK,0.03188569098711014,0.020625658333301544,0.9474886655807495
2024-08-06,HINDALCO,0.040715113282203674,0.811246931552887,0.14803791046142578
2024-08-06,INDUSINDBK,0.06886376440525055,0.012584314681589603,0.9185518622398376
2024-08-06,INFY,0.08842050470411777,0.3753225952386856,0.5362569093704224
2024-08-06,ONGC,0.948301374912262,0.02046214323490858,0.031236549839377403
2024-08-06,RELIANCE,0.02555803209543228,0.028649842366576195,0.9457921385765076
2024-08-06,SBIN,0.15840618312358856,0.031611375510692596,0.809982419013977
2024-08-06,ULTRACEMCO,0.04583605378866196,0.012206831015646458,0.9419570565223694
2024-08-06,WIPRO,0.038760215044021606,0.018200794234871864,0.9430390000343323
2024-08-07,BAJAJ-AUTO,0.3851359784603119,0.011587727814912796,0.6032763123512268
2024-08-07,BHARTIARTL,0.20030197873711586,0.3293499876745045,0.4703480154275894
2024-08-07,DRREDDY,0.013871035538613796,0.9585305452346802,0.02759842574596405
2024-08-07,EICHERMOT,0.021764373406767845,0.9685751795768738,0.009660460986196995
2024-08-07,M&M,0.05688038095831871,0.013752701692283154,0.929366946220398
2024-08-07,MARUTI,0.04367109714075923,0.48847123235464096,0.46785762533545494
2024-08-07,ONGC,0.5195883413155874,0.18049025535583496,0.2999214641749859
2024-08-07,RELIANCE,0.5807040102779866,0.3566465752199292,0.0626494087278843
2024-08-07,SBIN,0.18212316930294037,0.012077268213033676,0.8057995438575745
2024-08-07,TECHM,0.07067190855741501,0.010838697664439678,0.918489396572113
2024-08-08,AXISBANK,0.03392356261610985,0.019014518707990646,0.9470619559288025
2024-08-08,CIPLA,0.6433220505714417,0.029044007882475853,0.32763397693634033
2024-08-08,HDFCBANK,0.2319834679365158,0.12514857947826385,0.6428679823875427
2024-08-08,ITC,0.03230889514088631,0.019045604392886162,0.9486454725265503
2024-08-08,ONGC,0.1337582916021347,0.011160626076161861,0.8550810813903809
2024-08-08,WIPRO,0.3835567235946655,0.007260684389621019,0.609182596206665
2024-08-09,EICHERMOT,0.8477051854133606,0.10698824375867844,0.04530664160847664
2024-08-09,INFY,0.8398205637931824,0.12060107290744781,0.03957846388220787
2024-08-09,ONGC,0.8624067306518555,0.011318335309624672,0.12627491354942322
2024-08-09,TCS,0.93129563331604,0.03723043575882912,0.03147389367222786
2024-08-09,ULTRACEMCO,0.07898710668087006,0.009052945300936699,0.9119599461555481
2024-08-10,HDFCBANK,0.6514254237214724,0.0639571954185764,0.2846173880000909
2024-08-10,ICICIBANK,0.025160495191812515,0.5275793075561523,0.44726020097732544
2024-08-11,DRREDDY,0.034120313823223114,0.018913673236966133,0.9469659328460693
2024-08-12,AXISBANK,0.013478397391736507,0.9654709100723267,0.02105063945055008
2024-08-12,GRASIM,0.9494052529335022,0.017721248790621758,0.03287339583039284
2024-08-12,HDFCBANK,0.1704072318971157,0.7988680303096771,0.030724793672561646
2024-08-12,HEROMOTOCO,0.9507392048835754,0.016493042930960655,0.032767727971076965
2024-08-12,JSWSTEEL,0.7699081897735596,0.006511854473501444,0.22357986867427826
2024-08-12,ONGC,0.12239053845405579,0.007888888008892536,0.8697205781936646
2024-08-12,WIPRO,0.09439472481608391,0.35694719245657325,0.5486581027507782
2024-08-13,BHARTIARTL,0.247007355093956,0.012666484341025352,0.7403262257575989
2024-08-13,EICHERMOT,0.07190443575382233,0.011828853748738766,0.9162667393684387
2024-08-13,HDFCBANK,0.4198811398819089,0.4880678942427039,0.09205095656216145
2024-08-13,HEROMOTOCO,0.951613038778305,0.021630083210766315,0.02675692643970251
2024-08-13,HINDALCO,0.6219515626629194,0.020463787019252777,0.3575846590101719
2024-08-13,INFY,0.7169924378395081,0.09190814197063446,0.1910994052886963
2024-08-13,KOTAKBANK,0.036102261394262314,0.019591564312577248,0.9443061947822571
2024-08-13,MARUTI,0.11674413830041885,0.017780771479010582,0.8654751181602478
2024-08-13,ONGC,0.4241684377193451,0.5235902070999146,0.052241310477256775
2024-08-13,POWERGRID,0.04402933269739151,0.01739666797220707,0.938573956489563
2024-08-13,SUNPHARMA,0.034625183790922165,0.020301617681980133,0.9450732469558716
2024-08-14,HEROMOTOCO,0.027032450307160616,0.9558143317699432,0.017153204884380102
2024-08-14,HINDALCO,0.6410569337507089,0.020814904011785984,0.3381281377126773
2024-08-14,INFY,0.9273402094841003,0.015230764634907246,0.05742904543876648
2024-08-14,M&M,0.13388381898403168,0.009868321008980274,0.8562478423118591
2024-08-14,NESTLEIND,0.6465311050415039,0.009054874069988728,0.3444140553474426
2024-08-14,ONGC,0.6139890551567078,0.009514709934592247,0.37649625539779663
2024-08-14,TATASTEEL,0.03640370676293969,0.5036260671913624,0.4599702386185527
2024-08-14,TITAN,0.07655505836009979,0.031706903129816055,0.8917379975318909
2024-08-15,HDFCBANK,0.9345723390579224,0.01885179802775383,0.04657594487071037
2024-08-15,ITC,0.9083684086799622,0.009646347723901272,0.0819852352142334
2024-08-15,M&M,0.08580385893583298,0.015281597152352333,0.8989145755767822
2024-08-16,AXISBANK,0.04505572468042374,0.03587960824370384,0.9190646409988403
2024-08-16,BAJFINANCE,0.08995741605758667,0.013627879321575165,0.8964147567749023
2024-08-16,BHARTIARTL,0.4565806966274977,0.45437082881107926,0.08904842659831047
2024-08-16,COALINDIA,0.02693421207368374,0.03304002806544304,0.9400256872177124
2024-08-16,HEROMOTOCO,0.02099890448153019,0.9640241861343384,0.014976870268583298
2024-08-16,HINDALCO,0.07957299053668976,0.012933075428009033,0.9074939489364624
2024-08-16,INFY,0.030594654381275177,0.022560182958841324,0.9468451738357544
2024-08-16,M&M,0.018249375745654106,0.8842542767524719,0.09749636054039001
2024-08-16,SBIN,0.028290933929383755,0.7824335098266602,0.1892756074666977
2024-08-16,SUNPHARMA,0.05789424851536751,0.011971119791269302,0.930134654045105
2024-08-16,TATASTEEL,0.0852524433284998,0.17347291763871908,0.7412746548652649
2024-08-16,TCS,0.8468822836875916,0.11960251349955797,0.03351519349962473
2024-08-17,EICHERMOT,0.9468222856521606,0.015449192374944687,0.037728529423475266
2024-08-18,BAJFINANCE,0.7939216494560242,0.026106102392077446,0.17997221648693085
2024-08-18,BPCL,0.7821437120437622,0.006596056278795004,0.21126021444797516
2024-08-19,BPCL,0.1746056228876114,0.09458940476179123,0.730804979801178
2024-08-19,EICHERMOT,0.9524389505386353,0.01981852576136589,0.02774243988096714
2024-08-19,HDFCBANK,0.8679704666137695,0.07167229801416397,0.0603572353720665
2024-08-19,HEROMOTOCO,0.38687338183323544,0.015210433552662531,0.5979162231087685
2024-08-19,INDUSINDBK,0.6485262513160706,0.009049290791153908,0.34242454171180725
2024-08-19,MARUTI,0.04555883631110191,0.9135820269584656,0.040859121829271317
2024-08-19,NTPC,0.13943864405155182,0.008365659974515438,0.852195680141449
2024-08-19,SBIN,0.04143267497420311,0.025601016357541084,0.9329662919044495
2024-08-20,HEROMOTOCO,0.3695823773741722,0.0322838764016827,0.5981337353587151
2024-08-20,INDUSINDBK,0.48017185367643833,0.01916939252987504,0.5006587710231543
2024-08-20,INFY,0.010550886392593384,0.96368807554245,0.02576110139489174
2024-08-20,TATASTEEL,0.9405103921890259,0.021070711314678192,0.038418930023908615
2024-08-20,TCS,0.9325258135795593,0.02209908701479435,0.04537510871887207
2024-08-20,TECHM,0.06792605668306351,0.010395437479019165,0.9216784834861755
2024-08-21,AXISBANK,0.01973099447786808,0.03148667514324188,0.9487823843955994
2024-08-21,BAJFINANCE,0.7766873836517334,0.006704882252961397,0.2166077345609665
2024-08-21,BHARTIARTL,0.05549385026097298,0.8538174629211426,0.09068871289491653
2024-08-21,COALINDIA,0.19339428655803204,0.017209450248628855,0.7893962860107422
2024-08-21,HDFCBANK,0.06935185194015503,0.012814020738005638,0.9178341031074524
2024-08-21,HEROMOTOCO,0.11232640966773033,0.01116710202768445,0.8765064775943756
2024-08-21,HINDALCO,0.9407455921173096,0.018978577107191086,0.04027571529150009
2024-08-21,ONGC,0.9322506785392761,0.011713512241840363,0.056035738438367844
2024-08-21,RELIANCE,0.033976227045059204,0.017551597207784653,0.9484721422195435
2024-08-21,TCS,0.4818913955241442,0.0742032565176487,0.4439053498208523
2024-08-21,TECHM,0.0984259843826294,0.48840942326933146,0.41316460631787777
2024-08-22,BAJAJ-AUTO,0.0753389298915863,0.6180561780929565,0.3066048324108124
2024-08-22,BHARTIARTL,0.4838772416114807,0.4767220914363861,0.03940071165561676
2024-08-22,GRASIM,0.9530244469642639,0.02033630572259426,0.026639187708497047
2024-08-22,HDFCBANK,0.03166143223643303,0.02235369384288788,0.9459848999977112
2024-08-22,HEROMOTOCO,0.06729277968406677,0.011286993511021137,0.9214202165603638
2024-08-22,HINDALCO,0.2621927559375763,0.007768664043396711,0.7300386428833008
2024-08-22,ICICIBANK,0.03233468905091286,0.02181193046271801,0.9458533525466919
2024-08-22,INFY,0.7231544852256775,0.0248760674148798,0.25196945667266846
2024-08-22,WIPRO,0.28132200241088867,0.008897732943296432,0.7097802758216858
2024-08-23,BAJAJ-AUTO,0.6107199192047119,0.3208298981189728,0.06845021992921829
2024-08-23,COALINDIA,0.02216208353638649,0.7612771987915039,0.2165607213973999
2024-08-23,HDFCBANK,0.06818703562021255,0.02633874397724867,0.9054742157459259
2024-08-23,HEROMOTOCO,0.14486950635910034,0.007837116718292236,0.8472933769226074
2024-08-23,HINDALCO,0.946624219417572,0.0182427316904068,0.0351330041885376
2024-08-23,INFY,0.07436733599752188,0.5764702260494232,0.3491624481976032
2024-08-23,NTPC,0.04792368784546852,0.023567799478769302,0.928508460521698
2024-08-23,RELIANCE,0.9160189032554626,0.0542280450463295,0.02975301817059517
2024-08-23,SUNPHARMA,0.7315400838851929,0.0180397666990757,0.25042015314102173
2024-08-23,WIPRO,0.3077332079410553,0.5457738041877747,0.14649292826652527
2024-08-24,MARUTI,0.8970881700515747,0.007062389049679041,0.09584937244653702
2024-08-25,BHARTIARTL,0.8597965836524963,0.02105104923248291,0.11915235966444016
2024-08-25,BPCL,0.011768450029194355,0.9613248109817505,0.026906616985797882
2024-08-25,INDUSINDBK,0.8001059889793396,0.06234535947442055,0.13754862546920776
2024-08-25,INFY,0.5003328248858452,0.3671892243437469,0.13247787207365036
2024-08-25,ONGC,0.8174362778663635,0.018416257575154305,0.16414746642112732
2024-08-25,TCS,0.9013603925704956,0.013407386839389801,0.0852322056889534
2024-08-26,BAJAJ-AUTO,0.7441266775131226,0.011145778931677341,0.24472753703594208
2024-08-26,DRREDDY,0.02907673269510269,0.02104063890874386,0.9498826265335083
2024-08-26,HEROMOTOCO,0.9519009590148926,0.01840331219136715,0.029695700854063034
2024-08-26,HINDUNILVR,0.02905779890716076,0.023533539846539497,0.9474086165428162
2024-08-26,INFY,0.6032855634888014,0.2930256047596534,0.10368883237242699
2024-08-26,ITC,0.07950861006975174,0.010850341990590096,0.9096410870552063
2024-08-26,ONGC,0.8928467631340027,0.05218159034848213,0.05497170239686966
2024-08-26,RELIANCE,0.04297667369246483,0.8294615149497986,0.12756183743476868
2024-08-27,BAJAJ-AUTO,0.14456064999103546,0.010813243687152863,0.8446261286735535
2024-08-27,BHARTIARTL,0.03980443626642227,0.06022902950644493,0.8999665379524231
2024-08-27,HCLTECH,0.4870494417846203,0.0199233153834939,0.4930272437632084
2024-08-27,MARUTI,0.6815091371536255,0.049710982013493776,0.2687798961997032
2024-08-27,ONGC,0.9169993102550507,0.01918257586658001,0.06381809711456299
2024-08-28,BHARTIARTL,0.3766961209475994,0.5036018528044224,0.1197020411491394
2024-08-28,INDUSINDBK,0.4856172129511833,0.11802243068814278,0.3963603712618351
2024-08-28,INFY,0.05741804465651512,0.07425447553396225,0.8683274984359741
2024-08-28,RELIANCE,0.08795619755983353,0.012580100446939468,0.8994637131690979
2024-08-28,TCS,0.5491864085197449,0.07505019009113312,0.375763475894928
2024-08-28,WIPRO,0.032088493928313255,0.01938246749341488,0.9485290348529816
2024-08-29,BAJFINANCE,0.9277898073196411,0.041653044521808624,0.03055715002119541
2024-08-29,BHARTIARTL,0.875357985496521,0.03702173009514809,0.0876203179359436
2024-08-29,EICHERMOT,0.07127159833908081,0.01808835379779339,0.9106401205062866
2024-08-29,HCLTECH,0.494477991014719,0.010547448880970478,0.4949745424091816
2024-08-29,HDFCBANK,0.012303480878472328,0.7650213241577148,0.22267520427703857
2024-08-29,INFY,0.9418131113052368,0.01276604738086462,0.04542073234915733
2024-08-29,MARUTI,0.061553604900836945,0.017067519947886467,0.9213788509368896
2024-08-29,RELIANCE,0.4774544440209866,0.028978786307076614,0.4935667756944895
2024-08-29,SBIN,0.030104929581284523,0.02185785211622715,0.9480372667312622
2024-08-29,WIPRO,0.030780063942074776,0.022415371611714363,0.9468045830726624
2024-08-30,AXISBANK,0.02433236502110958,0.6907957792282104,0.28487181663513184
2024-08-30,BHARTIARTL,0.8921633958816528,0.033727675676345825,0.07410898804664612
2024-08-30,BPCL,0.5433636754751205,0.009245086926966906,0.44739125669002533
2024-08-30,HCLTECH,0.30514171719551086,0.011382909957319498,0.6834753453731537
2024-08-30,HDFCBANK,0.14227310195565224,0.21678665233775973,0.6409402191638947
2024-08-30,MARUTI,0.015382968820631504,0.9613627195358276,0.023254262283444405
2024-08-30,NTPC,0.024690862745046616,0.029991935938596725,0.9453172087669373
2024-08-30,ONGC,0.7964308857917786,0.01686001382768154,0.18670912086963654
2024-08-30,RELIANCE,0.7115552127361298,0.021570487258334953,0.2668743835141261
2024-08-30,TITAN,0.047347214072942734,0.011415508575737476,0.9412372708320618
2024-09-01,HEROMOTOCO,0.9504624605178833,0.01930243894457817,0.030235029757022858
2024-09-01,WIPRO,0.03290503844618797,0.022351842373609543,0.9447430968284607
2024-09-02,AXISBANK,0.8902407884597778,0.08052109181880951,0.02923816628754139
2024-09-02,BAJAJ-AUTO,0.9262866973876953,0.04418706148862839,0.02952631562948227
2024-09-02,BAJFINANCE,0.9453644156455994,0.020188363268971443,0.034447163343429565
2024-09-02,BPCL,0.9258131980895996,0.01710204966366291,0.05708477273583412
2024-09-02,HDFCBANK,0.6283940672874451,0.016292240470647812,0.35531365871429443
2024-09-02,HEROMOTOCO,0.32733536791056395,0.3427645651002725,0.329900074750185
2024-09-02,ICICIBANK,0.0732887526974082,0.36845771968364716,0.5582535415887833
2024-09-02,INFY,0.14468781650066376,0.01653989590704441,0.8387722969055176
2024-09-02,MARUTI,0.029427101835608482,0.9098742008209229,0.06069868057966232
2024-09-02,ULTRACEMCO,0.06551729142665863,0.7377978563308716,0.19668486714363098
2024-09-03,BAJFINANCE,0.36557064950466156,0.008435968309640884,0.6259933710098267
2024-09-03,CIPLA,0.009075534529983997,0.9282404184341431,0.06268399208784103
2024-09-03,COALINDIA,0.9088876843452454,0.015984520316123962,0.07512769848108292
2024-09-03,HEROMOTOCO,0.26750490069389343,0.009073051624000072,0.7234220504760742
2024-09-03,ICICIBANK,0.020979000255465508,0.8230580687522888,0.15596290864050388
2024-09-03,INFY,0.27558231353759766,0.0883735902607441,0.6360441148281097
2024-09-03,MARUTI,0.6542383432388306,0.04537588078528643,0.3003857769072056
2024-09-03,ONGC,0.12311186641454697,0.011904969811439514,0.8649832010269165
2024-09-03,RELIANCE,0.04361175000667572,0.019862383604049683,0.936525821685791
2024-09-03,TCS,0.7501285672187805,0.006914782803505659,0.24295674264431
2024-09-03,TITAN,0.029844798147678375,0.06593164801597595,0.9042235016822815
2024-09-04,BAJFINANCE,0.05792218819260597,0.014780178666114807,0.9272976517677307
2024-09-04,CIPLA,0.029920747503638268,0.022671598941087723,0.9474076628684998
2024-09-04,HDFCBANK,0.04620272293686867,0.01351604051887989,0.9402812123298645
2024-09-04,INDUSINDBK,0.07851777970790863,0.009974840097129345,0.9115073680877686
2024-09-04,INFY,0.051196033135056496,0.4321302901953459,0.5166737139225006
2024-09-04,JSWSTEEL,0.8720964193344116,0.012671803124248981,0.11523178219795227
2024-09-04,ONGC,0.0674272496253252,0.51110764965415,0.42146508023142815
2024-09-04,RELIANCE,0.7766388058662415,0.006726518739014864,0.21663466095924377
2024-09-04,TCS,0.9348205924034119,0.019994206726551056,0.04518521577119827
2024-09-05,BAJAJ-AUTO,0.08764664083719254,0.01065891981124878,0.9016944766044617
2024-09-05,BAJFINANCE,0.7338482141494751,0.016327433520928025,0.24982431530952454
2024-09-05,BRITANNIA,0.8820288777351379,0.007194167468696833,0.1107768788933754
2024-09-05,COALINDIA,0.16374943405389786,0.009569420013576746,0.8266811370849609
2024-09-05,HEROMOTOCO,0.03353829309344292,0.020512225106358528,0.9459494948387146
2024-09-05,TECHM,0.08547640591859818,0.06587383896112442,0.8486497402191162
2024-09-06,BHARTIARTL,0.009335273876786232,0.9521425366401672,0.0385221503674984
2024-09-06,BPCL,0.035732388496398926,0.9258142709732056,0.03845323622226715
2024-09-06,COALINDIA,0.16706697642803192,0.3644729112274945,0.4684600429609418
2024-09-06,ICICIBANK,0.030289072543382645,0.7505090832710266,0.21920183300971985
2024-09-06,INFY,0.7424390316009521,0.01964978128671646,0.23791120946407318
2024-09-06,ONGC,0.787092387676239,0.015330426394939423,0.19757720828056335
2024-09-07,RELIANCE,0.1287223845720291,0.014923938550055027,0.8563537001609802
2024-09-09,ASIANPAINT,0.07130341976881027,0.026944808661937714,0.9017517566680908
2024-09-09,BAJFINANCE,0.7563539147377014,0.021344101056456566,0.22230198979377747
2024-09-09,BPCL,0.7864370346069336,0.011449020355939865,0.20211397111415863
2024-09-09,HINDUNILVR,0.9209339618682861,0.022452520206570625,0.05661345273256302
2024-09-09,INFY,0.08542643114924431,0.6357419192790985,0.2788316383957863
2024-09-09,KOTAKBANK,0.02639469876885414,0.10044312477111816,0.8731622099876404
2024-09-09,MARUTI,0.027491413056850433,0.8061463832855225,0.1663621962070465
2024-09-09,TATASTEEL,0.03132212534546852,0.8674463629722595,0.10123158991336823
2024-09-09,WIPRO,0.9258485436439514,0.028462441638112068,0.04568900913000107
2024-09-10,BAJFINANCE,0.5540391157070795,0.10985930388172467,0.33610155433416367
2024-09-10,COALINDIA,0.5922746062278748,0.011514775454998016,0.39621058106422424
2024-09-10,HDFCBANK,0.010907851159572601,0.9575421214103699,0.031549979001283646
2024-09-10,ICICIBANK,0.8561175465583801,0.11774764955043793,0.0261347908526659
2024-09-10,INFY,0.050654686987400055,0.07610731571912766,0.8732379674911499
2024-09-10,MARUTI,0.8110645413398743,0.008699311874806881,0.18023613095283508
2024-09-10,ONGC,0.01660134457051754,0.9577648043632507,0.02563389576971531
2024-09-11,AXISBANK,0.1448184996843338,0.008269282057881355,0.8469122052192688
2024-09-11,BAJAJ-AUTO,0.9392509460449219,0.02985602244734764,0.03089308552443981
2024-09-11,BAJFINANCE,0.4953880272805691,0.023239921778440475,0.4813720602542162
2024-09-11,TATASTEEL,0.8513728678226471,0.014574825763702393,0.13405229523777962
2024-09-12,BAJAJ-AUTO,0.8896096348762512,0.03955773636698723,0.07083258032798767
2024-09-12,BAJFINANCE,0.043079499155282974,0.02169894613325596,0.9352215528488159
2024-09-12,BPCL,0.8301203846931458,0.10316827148199081,0.06671142578125
2024-09-12,HDFCBANK,0.2674409970641136,0.13659938145428896,0.5959596335887909
2024-09-12,HEROMOTOCO,0.7815684080123901,0.11616561561822891,0.10226594656705856
2024-09-12,HINDALCO,0.09551655501127243,0.010675113648176193,0.8938083052635193
2024-09-12,JSWSTEEL,0.9461731910705566,0.03247072547674179,0.021356061100959778
2024-09-12,ONGC,0.0434708334505558,0.028295686468482018,0.9282334446907043
2024-09-12,TATASTEEL,0.21371348419537148,0.332597266882658,0.4536892957985401
2024-09-13,ASIANPAINT,0.09584392607212067,0.04164336621761322,0.8625127077102661
2024-09-13,BAJAJ-AUTO,0.9113490581512451,0.03426205739378929,0.05438891425728798
2024-09-13,BAJFINANCE,0.8073085844516754,0.08900035358965397,0.10369105637073517
2024-09-13,BHARTIARTL,0.9413197040557861,0.012144329026341438,0.04653596878051758
2024-09-13,HDFCBANK,0.05787451192736626,0.02539808675646782,0.9167274236679077
2024-09-13,INFY,0.07740254700183868,0.010843210853636265,0.9117542505264282
2024-09-13,TCS,0.014402616769075394,0.8620166182518005,0.12358076125383377
2024-09-13,WIPRO,0.946641743183136,0.01855652779340744,0.03480168431997299
2024-09-15,INFY,0.7670634388923645,0.06530378013849258,0.1676328033208847
2024-09-16,AXISBANK,0.7992009520530701,0.007145649287849665,0.1936534345149994
2024-09-16,BAJAJFINSV,0.030958184972405434,0.021415483206510544,0.9476262927055359
2024-09-16,BAJFINANCE,0.21403699833899736,0.08144648093730211,0.7045165188610554
2024-09-16,HDFCBANK,0.5207931579401096,0.11987382204582293,0.35933301349480945
2024-09-16,INFY,0.3156817890703678,0.0135687708389014,0.6707494407892227
2024-09-17,BAJAJ-AUTO,0.46152277290821075,0.011380995468546947,0.5270962193608284
2024-09-17,BAJFINANCE,0.8057921528816223,0.02042360045015812,0.1737842559814453
2024-09-17,HDFCBANK,0.06904632039368153,0.36728374660015106,0.5636699497699738
2024-09-17,INDUSINDBK,0.03651275858283043,0.020121585577726364,0.9433656334877014
2024-09-17,INFY,0.8836463093757629,0.008227813057601452,0.10812588036060333
2024-09-17,NTPC,0.6228926181793213,0.0171600840985775,0.3599473237991333
2024-09-18,BAJFINANCE,0.9412451386451721,0.027827197685837746,0.030927624553442
2024-09-18,HINDALCO,0.06563246995210648,0.02933567203581333,0.9050318598747253
2024-09-18,ICICIBANK,0.8662092089653015,0.014188827946782112,0.11960194259881973
2024-09-18,INFY,0.4545492441393435,0.0173803991638124,0.5280703525058925
2024-09-18,NTPC,0.05449413135647774,0.017764480784535408,0.9277414083480835
2024-09-19,AXISBANK,0.9238937497138977,0.010189694352447987,0.06591654568910599
2024-09-19,BAJAJ-AUTO,0.9196982383728027,0.009711762890219688,0.07059001922607422
2024-09-19,BAJFINANCE,0.03196612745523453,0.020376896485686302,0.9476569294929504
2024-09-19,BHARTIARTL,0.011078264564275742,0.9716799259185791,0.01724182814359665
2024-09-19,HCLTECH,0.06104564666748047,0.8584645390510559,0.08048982173204422
2024-09-19,HDFCBANK,0.024708138778805733,0.23453950881958008,0.7407523989677429
2024-09-19,INFY,0.44336453080177307,0.010318970307707787,0.5463164448738098
2024-09-19,NTPC,0.03194853290915489,0.01844256231561303,0.9496089220046997
2024-09-19,ONGC,0.10458619659766555,0.5639297142624855,0.33148403093218803
2024-09-19,TITAN,0.2250179499387741,0.009064439684152603,0.7659176588058472
2024-09-20,AXISBANK,0.033198628574609756,0.023281579837203026,0.9435197710990906
2024-09-20,BHARTIARTL,0.7483718395233154,0.21671903133392334,0.034909091889858246
2024-09-20,HDFCBANK,0.5200253501534462,0.02175290137529373,0.4582217577844858
2024-09-20,ICICIBANK,0.9356211423873901,0.015517396852374077,0.04886151850223541
2024-09-20,KOTAKBANK,0.03393992781639099,0.019532831385731697,0.9465272426605225
2024-09-20,NTPC,0.4679866097867489,0.02130696689710021,0.5107064545154572
2024-09-20,TATASTEEL,0.4524991512298584,0.011821252293884754,0.5356795787811279
2024-09-23,HDFCBANK,0.38343994691967964,0.025917620087663334,0.5906424497564634
2024-09-23,KOTAKBANK,0.03446154668927193,0.018301185220479965,0.9472372531890869
2024-09-23,M&M,0.05933608114719391,0.011597671546041965,0.9290662407875061
2024-09-23,NESTLEIND,0.03152969107031822,0.020832931622862816,0.9476373195648193
2024-09-23,NTPC,0.05458468571305275,0.013223492540419102,0.9321918487548828
2024-09-23,ONGC,0.4369611144065857,0.014734338968992233,0.548304557800293
2024-09-24,COALINDIA,0.9439172744750977,0.015313539654016495,0.04076910391449928
2024-09-24,HDFCBANK,0.040153875946998596,0.017258895561099052,0.9425872564315796
2024-09-24,ONGC,0.5616814494132996,0.023280592635273933,0.41503801941871643
2024-09-24,RELIANCE,0.028359828516840935,0.02338583767414093,0.9482543468475342
2024-09-24,TATASTEEL,0.9340247511863708,0.029600832611322403,0.03637444227933884
2024-09-25,AXISBANK,0.2801620364189148,0.006826973985880613,0.7130110263824463
2024-09-25,HDFCBANK,0.9455064535140991,0.024834074079990387,0.029659437015652657
2024-09-25,ICICIBANK,0.06521037220954895,0.02101845107972622,0.9137712121009827
2024-09-25,INFY,0.08392978459596634,0.1706356704235077,0.7454345226287842
2024-09-25,MARUTI,0.8827901184558868,0.013453204184770584,0.10375669412314892
2024-09-25,NTPC,0.9004234671592712,0.04996515065431595,0.0496114157140255
2024-09-26,AXISBANK,0.034039705991744995,0.017607880756258965,0.9483524560928345
2024-09-26,BAJFINANCE,0.0869607999920845,0.009501338005065918,0.9035378694534302
2024-09-26,BRITANNIA,0.07988093793392181,0.1218891590833664,0.7982299327850342
2024-09-26,HDFCBANK,0.0641891211271286,0.8405688405036926,0.09524199366569519
2024-09-26,HEROMOTOCO,0.08372360235080123,0.5260103046894073,0.3902661018073559
2024-09-26,ITC,0.9241031408309937,0.019603930413722992,0.05629291385412216
2024-09-26,MARUTI,0.9245613217353821,0.011065380647778511,0.06437326967716217
2024-09-26,NTPC,0.33059515928228694,0.015874998333553474,0.6535298327604929
2024-09-27,BAJAJFINSV,0.03493364155292511,0.01909269019961357,0.9459736943244934
2024-09-27,BPCL,0.9364983439445496,0.02960735745728016,0.03389422968029976
2024-09-27,CIPLA,0.019813889637589455,0.9427016377449036,0.037484556436538696
2024-09-27,INDUSINDBK,0.07655072957277298,0.02125493995845318,0.9021943211555481
2024-09-27,INFY,0.028840089216828346,0.025755420327186584,0.9454044699668884
2024-09-27,MARUTI,0.6738628149032593,0.012212630361318588,0.313924640417099
2024-09-27,TCS,0.1118018701672554,0.016815777868032455,0.8713823556900024
2024-09-28,RELIANCE,0.8622184991836548,0.009527010843157768,0.12825451791286469
2024-09-29,DRREDDY,0.037971507757902145,0.017989635467529297,0.9440388083457947
2024-09-29,INDUSINDBK,0.02969307452440262,0.022825900465250015,0.9474809765815735
2024-09-30,ASIANPAINT,0.03158031404018402,0.9482302665710449,0.020189477130770683
2024-09-30,MARUTI,0.016232291236519814,0.9646806120872498,0.019087065011262894
2024-09-30,TATASTEEL,0.49403923749923706,0.010291566140949726,0.49566930532455444
2024-09-30,TCS,0.033885590732097626,0.07474570721387863,0.8913686275482178
2024-10-01,BAJAJ-AUTO,0.013335210271179676,0.9618756771087646,0.024789106100797653
2024-10-01,BAJFINANCE,0.03371675219386816,0.7651453614234924,0.20113789848983288
2024-10-01,COALINDIA,0.00681069353595376,0.9700731635093689,0.02311607636511326
2024-10-01,ITC,0.08171004801988602,0.01358852069824934,0.9047014713287354
2024-10-01,KOTAKBANK,0.17206647340208292,0.02729580062441528,0.8006377071142197
2024-10-01,MARUTI,0.009461995214223862,0.9733125567436218,0.01722550578415394
2024-10-01,TCS,0.041878506541252136,0.048887934535741806,0.909233570098877
2024-10-01,TECHM,0.9419746994972229,0.03007378987967968,0.02795151248574257
2024-10-02,BAJAJ-AUTO,0.9537448883056641,0.021921606734395027,0.02433348260819912
2024-10-02,SBIN,0.10351061820983887,0.030972398817539215,0.8655170202255249
2024-10-03,ASIANPAINT,0.11482034623622894,0.12429264187812805,0.7608870267868042
2024-10-03,BAJAJ-AUTO,0.017756707966327667,0.8727131485939026,0.10953012853860855
2024-10-03,BPCL,0.6467868685722351,0.3280103802680969,0.02520274929702282
2024-10-03,COALINDIA,0.18121612071990967,0.00900495145469904,0.8097789883613586
2024-10-03,ICICIBANK,0.019211484119296074,0.09676018357276917,0.8840283751487732
2024-10-03,ITC,0.033625565469264984,0.01842449977993965,0.9479499459266663
2024-10-03,JSWSTEEL,0.023411881178617477,0.9305368065834045,0.04605121910572052
2024-10-03,M&M,0.08145209401845932,0.02957783080637455,0.8889700770378113
2024-10-03,MARUTI,0.008519230410456657,0.9732747077941895,0.018206041306257248
2024-10-03,NTPC,0.9450292587280273,0.012888715602457523,0.0420820452272892
2024-10-03,TATASTEEL,0.9146392941474915,0.039993830025196075,0.04536686837673187
2024-10-04,BAJFINANCE,0.008756978437304497,0.9712556600570679,0.019987305626273155
2024-10-04,CIPLA,0.869971513748169,0.03626300394535065,0.09376547485589981
2024-10-04,HDFCBANK,0.5562578603625298,0.04968497678637505,0.3940571788698435
2024-10-04,M&M,0.25979846715927124,0.006655857432633638,0.7335456609725952
2024-10-04,ONGC,0.020134106278419495,0.9493020176887512,0.030563930049538612
2024-10-04,TATASTEEL,0.08097706735134125,0.8250705599784851,0.09395239502191544
2024-10-07,BHARTIARTL,0.9438246488571167,0.023899676278233528,0.03227561339735985
2024-10-07,HDFCBANK,0.09200626611709595,0.00954874511808157,0.8984449505805969
2024-10-07,INFY,0.9370266199111938,0.02791728638112545,0.03505603224039078
2024-10-07,TITAN,0.9408212900161743,0.04064824432134628,0.01853056065738201
2024-10-07,ULTRACEMCO,0.08795423060655594,0.008695507422089577,0.9033502340316772
2024-10-08,ASIANPAINT,0.15688887238502502,0.011673721484839916,0.8314374089241028
2024-10-08,AXISBANK,0.874511182308197,0.013001225888729095,0.1124875396490097
2024-10-08,HDFCBANK,0.03482421301305294,0.019496608525514603,0.9456791877746582
2024-10-08,ICICIBANK,0.35950884222984314,0.007024711463600397,0.6334664225578308
2024-10-08,INFY,0.9462200403213501,0.015410060994327068,0.038369838148355484
2024-10-08,TATASTEEL,0.1076577827334404,0.13664807379245758,0.7556941509246826
2024-10-08,TCS,0.5105534791946411,0.022543545812368393,0.4669029414653778
2024-10-09,ASIANPAINT,0.9360155463218689,0.023806685581803322,0.04017778858542442
2024-10-09,BAJAJFINSV,0.03210543096065521,0.020975317806005478,0.9469192624092102
2024-10-09,BHARTIARTL,0.954167902469635,0.01723935641348362,0.02859269082546234
2024-10-09,DRREDDY,0.9400277137756348,0.021523233503103256,0.03844907507300377
2024-10-09,INFY,0.029327010735869408,0.02112002857029438,0.9495529532432556
2024-10-09,KOTAKBANK,0.03625810146331787,0.04927542433142662,0.9144665002822876
2024-10-09,TCS,0.13611604273319244,0.01014180388301611,0.8537421822547913
2024-10-09,WIPRO,0.7522009611129761,0.011622538790106773,0.2361765056848526
2024-10-10,BPCL,0.37898407317698,0.44782035844400525,0.1731955111026764
2024-10-10,INFY,0.8294851183891296,0.010696906596422195,0.15981797873973846
2024-10-10,KOTAKBANK,0.03626113757491112,0.01909940503537655,0.9446394443511963
2024-10-10,MARUTI,0.8694297671318054,0.0767640620470047,0.053806107491254807
2024-10-10,ONGC,0.020594647154211998,0.9344269633293152,0.04497833177447319
2024-10-10,TATASTEEL,0.019353749230504036,0.5029408745467663,0.47770537994802
2024-10-10,TCS,0.5615186033149561,0.026159350760281086,0.41232202760875225
2024-10-11,BAJAJFINSV,0.020850755274295807,0.035859301686286926,0.9432899951934814
2024-10-11,CIPLA,0.010080710053443909,0.9651564359664917,0.02476288378238678
2024-10-11,DRREDDY,0.02713480219244957,0.03050198033452034,0.9423632025718689
2024-10-11,HDFCBANK,0.023852217942476273,0.9412698149681091,0.03487793728709221
2024-10-11,ICICIBANK,0.9039064645767212,0.02236296981573105,0.07373065501451492
2024-10-11,JSWSTEEL,0.039966996759176254,0.9093601107597351,0.050672829151153564
2024-10-11,KOTAKBANK,0.5859885811805725,0.16637270152568817,0.24763871729373932
2024-10-11,MARUTI,0.06425165385007858,0.014668411575257778,0.9210798740386963
2024-10-11,NTPC,0.6056889295578003,0.009610943496227264,0.38470011949539185
2024-10-11,RELIANCE,0.2785814106464386,0.007183584850281477,0.7142349481582642
2024-10-11,TATASTEEL,0.10718261450529099,0.7966317534446716,0.09618569165468216
2024-10-11,TCS,0.3177815452218056,0.028302173751095932,0.6539162546396255
2024-10-13,ITC,0.020284369587898254,0.960134744644165,0.019580788910388947
2024-10-13,WIPRO,0.029240215197205544,0.04243859276175499,0.9283211827278137
2024-10-14,AXISBANK,0.8990641236305237,0.006645994260907173,0.09428989887237549
2024-10-14,BAJAJ-AUTO,0.9543413519859314,0.019567055627703667,0.026091670617461205
2024-10-14,HCLTECH,0.007380868773907423,0.9737480878829956,0.018871044740080833
2024-10-14,ICICIBANK,0.4486207962036133,0.3075982928276062,0.24378086626529694
2024-10-14,INFY,0.9496384263038635,0.023217035457491875,0.027144579216837883
2024-10-14,RELIANCE,0.3086789706721902,0.244618535740301,0.44670250453054905
2024-10-14,TCS,0.43331390619277954,0.05360793136060238,0.5130781829357147
2024-10-14,WIPRO,0.25121359191834924,0.27099122665822506,0.4777952052652836
2024-10-15,HCLTECH,0.3779577150940895,0.011959328688681126,0.6100829549133777
2024-10-15,HDFCBANK,0.8869618475437164,0.08347853552550077,0.029559600166976452
2024-10-15,INDUSINDBK,0.03436627611517906,0.02113216742873192,0.9445015788078308
2024-10-15,INFY,0.06016429886221886,0.04835337772965431,0.8914823532104492
2024-10-15,NESTLEIND,0.9046187996864319,0.05146314203739166,0.04391811043024063
2024-10-15,SBIN,0.7800936698913574,0.00904819555580616,0.21085809171199799
2024-10-16,BAJAJ-AUTO,0.6576008866541088,0.2457538628950715,0.09664523834362626
2024-10-16,BHARTIARTL,0.492395281791687,0.01125740073621273,0.4963473677635193
2024-10-16,HCLTECH,0.05844694934785366,0.011205615010112524,0.9303474426269531
2024-10-16,ONGC,0.17336112260818481,0.017498252913355827,0.8091405630111694
2024-10-16,SBIN,0.13939639925956726,0.01038726232945919,0.850216269493103
2024-10-16,TECHM,0.7859807014465332,0.17726869881153107,0.036750536412000656
2024-10-17,AXISBANK,0.5153865367174149,0.021156982984393835,0.46345651615411043
2024-10-17,BAJAJ-AUTO,0.25143752205702996,0.22605354483756754,0.5225089482135243
2024-10-17,EICHERMOT,0.008674832060933113,0.966151773929596,0.025173421949148178
2024-10-17,HEROMOTOCO,0.16583654284477234,0.09171146899461746,0.7424520254135132
2024-10-17,INFY,0.46210523774581297,0.37557610124349594,0.16231865010091237
2024-10-17,KOTAKBANK,0.1593569964170456,0.5964927077293396,0.244150310754776
2024-10-17,MARUTI,0.9455193281173706,0.01350149791687727,0.04097909480333328
2024-10-17,RELIANCE,0.477576844394207,0.01891903206706047,0.5035041607916355
2024-10-17,SBIN,0.12240020185709,0.08476553857326508,0.7928342223167419
2024-10-17,TCS,0.9078839421272278,0.06161314249038696,0.03050294518470764
2024-10-17,WIPRO,0.45408691428601744,0.245550736784935,0.3003623716533184
2024-10-18,AXISBANK,0.1960032426619104,0.17308868521026202,0.6309080408619983
2024-10-18,BAJAJ-AUTO,0.12785007059574127,0.011722906492650509,0.8604270815849304
2024-10-18,HDFCBANK,0.9527608752250671,0.01851758174598217,0.028721442446112633
2024-10-18,ICICIBANK,0.012680333107709885,0.9317091703414917,0.05561046302318573
2024-10-18,INDUSINDBK,0.17899206280708313,0.7771112322807312,0.043896716088056564
2024-10-18,INFY,0.27910510809826,0.1654897260346583,0.5554051542920726
2024-10-18,JSWSTEEL,0.10112083703279495,0.010653387755155563,0.8882257342338562
2024-10-18,KOTAKBANK,0.5044508725404739,0.015787665266543627,0.4797614524140954
2024-10-18,M&M,0.645573616027832,0.00752980774268508,0.34689652919769287
2024-10-18,NESTLEIND,0.16689137741923332,0.01350317895412445,0.8196054399013519
2024-10-18,SBIN,0.029649756848812103,0.02187596820294857,0.9484742879867554
2024-10-18,TATASTEEL,0.9053563475608826,0.011451429687440395,0.08319221436977386
2024-10-18,TCS,0.3971959501504898,0.29522107541561127,0.30758298374712467
2024-10-18,WIPRO,0.4106361471116543,0.22029109261929988,0.36907278671860694
2024-10-19,HDFCBANK,0.5655808122828603,0.17436561547219753,0.2600535610690713
2024-10-19,KOTAKBANK,0.9351668059825897,0.03844292555004358,0.02639029361307621
2024-10-19,TECHM,0.5572568364441395,0.031948617193847895,0.41079455986618996
2024-10-20,AXISBANK,0.6571928262710571,0.23877641558647156,0.10403075814247131
2024-10-20,HDFCBANK,0.03708852082490921,0.023737752810120583,0.9391737580299377
2024-10-20,ULTRACEMCO,0.01591881364583969,0.9693463444709778,0.014734729193150997
2024-10-21,AXISBANK,0.10512636601924896,0.010169765911996365,0.8847038745880127
2024-10-21,BAJAJ-AUTO,0.9007212221622467,0.019140038639307022,0.08013874478638172
2024-10-21,BAJFINANCE,0.9463443160057068,0.015543677844107151,0.03811202198266983
2024-10-21,EICHERMOT,0.13131627440452576,0.012501200661063194,0.8561824560165405
2024-10-21,HCLTECH,0.9514004588127136,0.019722996279597282,0.02887658216059208
2024-10-21,HDFCBANK,0.10788530058094434,0.14327112013208015,0.7488435876688787
2024-10-21,HINDUNILVR,0.028773214668035507,0.9585662484169006,0.01266056951135397
2024-10-21,INFY,0.4104248483975728,0.012407793042560419,0.5771673868099848
2024-10-21,KOTAKBANK,0.06015099212527275,0.25427674129605293,0.6855722942855209
2024-10-21,NESTLEIND,0.3709325045347214,0.013860695684949556,0.6152068364123503
2024-10-21,NTPC,0.47122907638549805,0.11373656988143921,0.41503438353538513
2024-10-21,RELIANCE,0.00755828944966197,0.9744731783866882,0.017968593165278435
2024-10-21,TCS,0.9493399262428284,0.02097208797931671,0.029687944799661636
2024-10-21,TECHM,0.6273991204798222,0.023957731823126476,0.3486431098232667
2024-10-21,ULTRACEMCO,0.8516383469104767,0.026699486188590527,0.12166221626102924
2024-10-21,WIPRO,0.5435306057333946,0.05239113233983517,0.4040782433003187
2024-10-22,AXISBANK,0.06965205073356628,0.013504932634532452,0.9168429970741272
2024-10-22,BAJAJ-AUTO,0.694478914141655,0.01686035841703415,0.2886607497930527
2024-10-22,BAJAJFINSV,0.02474816143512726,0.05836998671293259,0.9168818593025208
2024-10-22,BAJFINANCE,0.6406188433369001,0.02674521009127299,0.3326359447091818
2024-10-22,COALINDIA,0.32646843791007996,0.008533432148396969,0.6649981141090393
2024-10-22,EICHERMOT,0.05568576976656914,0.03585187718272209,0.9084623456001282
2024-10-22,HCLTECH,0.9524098634719849,0.019717298448085785,0.02787291258573532
2024-10-22,HDFCBANK,0.07460872083902359,0.011595422402024269,0.9137958884239197
2024-10-22,INDUSINDBK,0.930295467376709,0.050347667187452316,0.01935688406229019
2024-10-22,INFY,0.814767986536026,0.02374347858130932,0.1614885125309229
2024-10-22,KOTAKBANK,0.04952577129006386,0.017474070191383362,0.9330001473426819
2024-10-22,RELIANCE,0.12169673619791865,0.4918071604333818,0.38649612944573164
2024-10-22,TCS,0.9510647654533386,0.02230258658528328,0.026632612571120262
2024-10-22,TECHM,0.3558448975284894,0.016260323735574882,0.6278948069860538
2024-10-22,ULTRACEMCO,0.039420594554394485,0.5830290444195271,0.3775503393262625
2024-10-22,WIPRO,0.025815358385443687,0.4960753684863448,0.4781092470511794
2024-10-23,BAJAJFINSV,0.5295932218432426,0.01965151261538267,0.4507552431896329
2024-10-23,BAJFINANCE,0.47206684201955795,0.031709589064121246,0.49622360430657864
2024-10-23,HINDUNILVR,0.16961673647165298,0.015363654354587197,0.8150196373462677
2024-10-23,ICICIBANK,0.03161527216434479,0.019691096618771553,0.9486936330795288
2024-10-23,INFY,0.008069743402302265,0.9461778998374939,0.04575229808688164
2024-10-23,ITC,0.9480915665626526,0.021577361971139908,0.03033105842769146
2024-10-23,POWERGRID,0.9168217182159424,0.038898106664419174,0.04428021237254143
2024-10-23,TCS,0.18504174053668976,0.010308234952390194,0.8046500086784363
2024-10-23,ULTRACEMCO,0.10476696491241455,0.010219959542155266,0.8850131034851074
2024-10-23,WIPRO,0.5899516344070435,0.13968665897846222,0.27036166191101074
2024-10-24,AXISBANK,0.19074510037899017,0.02182219736278057,0.7874327301979065
2024-10-24,BAJFINANCE,0.3716196169455846,0.014421675664683184,0.6139587437113126
2024-10-24,CIPLA,0.939736008644104,0.0245614442974329,0.03570255637168884
2024-10-24,HCLTECH,0.034581661224365234,0.0175949539989233,0.9478233456611633
2024-10-24,HINDALCO,0.010374022647738457,0.9718276262283325,0.017798447981476784
2024-10-24,HINDUNILVR,0.2146959647536278,0.09792990144342184,0.6873741284012794
2024-10-24,ICICIBANK,0.9443702697753906,0.033546850085258484,0.022082898765802383
2024-10-24,INDUSINDBK,0.03236724281062683,0.6518217191721002,0.31581104546785355
2024-10-24,INFY,0.05087432824075222,0.0158963268622756,0.9332293570041656
2024-10-24,ITC,0.9507148861885071,0.025380771607160568,0.023904353380203247
2024-10-24,MARUTI,0.11093821376562119,0.6389376521110535,0.25012412667274475
2024-10-24,NESTLEIND,0.047426771372556686,0.11888430267572403,0.8336889147758484
2024-10-24,NTPC,0.9457399249076843,0.025961406528949738,0.02829861454665661
2024-10-24,ONGC,0.8673834800720215,0.010458660311996937,0.12215789407491684
2024-10-24,RELIANCE,0.6765780597925186,0.007446022005751729,0.31597593799233437
2024-10-24,SUNPHARMA,0.9526680707931519,0.018479719758033752,0.028852272778749466
2024-10-24,ULTRACEMCO,0.11367128416895866,0.009928259067237377,0.8764004707336426
2024-10-25,AXISBANK,0.02947941981256008,0.022390104830265045,0.9481304883956909
2024-10-25,BAJAJFINSV,0.9510646462440491,0.020720213651657104,0.028215093538165092
2024-10-25,BPCL,0.00793799851089716,0.9756250977516174,0.016437003389000893
2024-10-25,GRASIM,0.12240970879793167,0.008059805259108543,0.8695305585861206
2024-10-25,HCLTECH,0.03294066712260246,0.01949462853372097,0.9475646615028381
2024-10-25,HINDUNILVR,0.950265496969223,0.020344531163573265,0.029389945790171623
2024-10-25,INDUSINDBK,0.041523452475667,0.45975548643618824,0.49872108958661554
2024-10-25,ITC,0.6771410144865513,0.13868916919454932,0.18416982376948
2024-10-25,JSWSTEEL,0.009827792644500732,0.9741844534873962,0.015987779945135117
2024-10-25,NTPC,0.2594430462146799,0.6506374035961926,0.08991959318518639
2024-10-26,AXISBANK,0.028829725459218025,0.045690763741731644,0.9254794716835022
2024-10-26,ICICIBANK,0.944795697927475,0.027348575182259083,0.027855686843395233
2024-10-27,ICICIBANK,0.034434374421834946,0.01671208068728447,0.9488534927368164
2024-10-27,INDUSINDBK,0.05641860514879227,0.014202000573277473,0.929379403591156
2024-10-27,INFY,0.0669330507516861,0.06385239958763123,0.8692145347595215
2024-10-27,SBIN,0.9258857369422913,0.01675029657781124,0.05736398696899414
2024-10-28,BAJAJ-AUTO,0.9164608120918274,0.04749106243252754,0.036048077046871185
2024-10-28,BHARTIARTL,0.028791900724172592,0.02161024510860443,0.9495978951454163
2024-10-28,BPCL,0.9495092034339905,0.021274310536682606,0.029216519556939602
2024-10-28,COALINDIA,0.017555573722347617,0.969403088092804,0.01304137660190463
2024-10-28,ICICIBANK,0.2447684664900104,0.04838887214039763,0.7068426689753929
2024-10-28,INDUSINDBK,0.08587858080863953,0.00986893754452467,0.9042524695396423
2024-10-28,ITC,0.0872683897614479,0.011335123796015978,0.9013964831829071
2024-10-28,JSWSTEEL,0.12521608313545585,0.2676375035662204,0.6071464004926383
2024-10-28,MARUTI,0.08249857276678085,0.8806776404380798,0.03682374954223633
2024-10-28,NTPC,0.49730305932462215,0.014622669201344252,0.48807421885430813
2024-10-28,SUNPHARMA,0.014739642851054668,0.7573543190956116,0.22790609300136566
2024-10-29,ASIANPAINT,0.0328664667904377,0.020765002816915512,0.9463685750961304
2024-10-29,BAJAJFINSV,0.11937864869832993,0.009460574015974998,0.8711608052253723
2024-10-29,BHARTIARTL,0.7193470085039735,0.025275571271777153,0.25537744304165244
2024-10-29,BPCL,0.03745083510875702,0.9530984163284302,0.009450717829167843
2024-10-29,CIPLA,0.48700566962361336,0.47222068533301353,0.04077366180717945
2024-10-29,ICICIBANK,0.1330103576183319,0.009160354733467102,0.8578292727470398
2024-10-29,INFY,0.44893010426312685,0.018088118638843298,0.5329817496240139
2024-10-29,MARUTI,0.5645445374151071,0.3541240142658353,0.08133148960769176
2024-10-29,NTPC,0.08141513913869858,0.011411215178668499,0.9071735739707947
2024-10-29,RELIANCE,0.05281988903880119,0.014664417132735252,0.9325156807899475
2024-10-29,SBIN,0.6173734664916992,0.011058266274631023,0.3715682923793793
2024-10-29,SUNPHARMA,0.6697017773985863,0.016203108864525955,0.31409507679442566
2024-10-29,TCS,0.4345666547305882,0.4912293176166713,0.07420401275157928
2024-10-30,AXISBANK,0.050246305763721466,0.8757931590080261,0.07396051287651062
2024-10-30,BHARTIARTL,0.07541508724292119,0.012591047522922358,0.9119938611984253
2024-10-30,CIPLA,0.4997018841095269,0.22184714884497225,0.2784509933553636
2024-10-30,COALINDIA,0.14852167665958405,0.01397756114602089,0.837500810623169
2024-10-30,ICICIBANK,0.23923519253730774,0.013210353441536427,0.7475544214248657
2024-10-30,INFY,0.6681195199489594,0.008709404384717345,0.32317105680704117
2024-10-30,ITC,0.06905968487262726,0.011754756793379784,0.9191855788230896
2024-10-30,MARUTI,0.7654635146260261,0.022948945686221123,0.21158756092190742
2024-10-30,NTPC,0.9460268020629883,0.01661854237318039,0.03735463321208954
2024-10-30,RELIANCE,0.03154078498482704,0.019303813576698303,0.9491553902626038
2024-10-30,TCS,0.7904052734375,0.006114497315138578,0.2034803032875061
2024-10-30,WIPRO,0.3640405535697937,0.009012571536004543,0.6269468665122986
2024-10-31,BHARTIARTL,0.07316406071186066,0.011987706646323204,0.914848268032074
2024-10-31,CIPLA,0.4699096754193306,0.021404863335192204,0.5086854174733162
2024-10-31,DRREDDY,0.08626221865415573,0.8970736861228943,0.016664108261466026
2024-10-31,HDFCBANK,0.054505785927176476,0.01437645684927702,0.9311177432537079
2024-10-31,LT,0.08339999616146088,0.011040085926651955,0.9055598974227905
2024-10-31,RELIANCE,0.9489887356758118,0.028902152553200722,0.022109059616923332
2024-10-31,WIPRO,0.028064751997590065,0.02449297159910202,0.9474422335624695
2024-11-01,BAJAJ-AUTO,0.927804172039032,0.033841585740447044,0.03835427016019821
2024-11-01,EICHERMOT,0.9528433680534363,0.023131394758820534,0.024025345221161842
2024-11-01,HEROMOTOCO,0.952195405960083,0.018788233399391174,0.02901632711291313
2024-11-01,MARUTI,0.4086333168670535,0.46959391608834267,0.12177273258566856
2024-11-03,HEROMOTOCO,0.041177429258823395,0.017831364646553993,0.9409911632537842
2024-11-03,ITC,0.0901191458106041,0.03006148338317871,0.879819393157959
2024-11-04,BAJAJ-AUTO,0.028619827702641487,0.9612160921096802,0.010164065286517143
2024-11-04,CIPLA,0.9477893710136414,0.025423940271139145,0.02678661234676838
2024-11-04,HEROMOTOCO,0.0755593404173851,0.021062131971120834,0.9033785462379456
2024-11-04,M&M,0.9165220260620117,0.055740103125572205,0.02773788943886757
2024-11-04,MARUTI,0.2923104763031006,0.010363851673901081,0.6973256468772888
2024-11-04,RELIANCE,0.14788693189620972,0.016439612954854965,0.835673451423645
2024-11-04,TCS,0.824540376663208,0.0064019253477454185,0.16905775666236877
2024-11-04,TITAN,0.9449057579040527,0.02157909795641899,0.03351511061191559
2024-11-05,CIPLA,0.05614473298192024,0.012319407425820827,0.9315358400344849
2024-11-05,EICHERMOT,0.21897056698799133,0.008280457928776741,0.7727489471435547
2024-11-05,HDFCBANK,0.9428741335868835,0.02825908549129963,0.02886669896543026
2024-11-05,HEROMOTOCO,0.724486231803894,0.008978132158517838,0.26653560996055603
2024-11-05,JSWSTEEL,0.1386856734752655,0.008785033598542213,0.8525293469429016
2024-11-05,LT,0.18222489953041077,0.010164613835513592,0.8076104521751404
2024-11-05,MARUTI,0.16818688809871674,0.03982454910874367,0.7919885516166687
2024-11-05,POWERGRID,0.039311930537223816,0.017659565433859825,0.9430285096168518
2024-11-05,TITAN,0.4538956838659942,0.523505724966526,0.02259864192456007
2024-11-06,BHARTIARTL,0.901589035987854,0.007822547107934952,0.09058839082717896
2024-11-06,DRREDDY,0.46026368290185926,0.028323692455887794,0.5114126205444336
2024-11-06,HDFCBANK,0.9426897764205933,0.014127352274954319,0.04318292811512947
2024-11-06,HINDALCO,0.008981727994978428,0.9728782773017883,0.018139982596039772
2024-11-06,HINDUNILVR,0.06214763969182968,0.012283152900636196,0.9255692362785339
2024-11-06,INDUSINDBK,0.03225741535425186,0.024044254794716835,0.9436983466148376
2024-11-06,INFY,0.024534540250897408,0.027435213327407837,0.9480302929878235
2024-11-06,NTPC,0.04273683577775955,0.014015703462064266,0.9432474374771118
2024-11-06,SBIN,0.9521396160125732,0.018506940454244614,0.029353439807891846
2024-11-06,TATASTEEL,0.012150251306593418,0.969965398311615,0.0178842656314373
2024-11-06,TITAN,0.01149845588952303,0.9638959169387817,0.024605588987469673
2024-11-06,ULTRACEMCO,0.0832245945930481,0.01095212809741497,0.9058232307434082
2024-11-07,BAJFINANCE,0.09976060688495636,0.27657559514045715,0.6236637234687805
2024-11-07,DRREDDY,0.04311973974108696,0.01685073785483837,0.940029501914978
2024-11-07,HDFCBANK,0.898332953453064,0.01073780283331871,0.09092926234006882
2024-11-07,HINDALCO,0.013096747919917107,0.9772126078605652,0.009690715931355953
2024-11-07,ICICIBANK,0.35587187856435776,0.058952671475708485,0.5851754645506541
2024-11-07,M&M,0.3879917760690053,0.3244405646498005,0.2875676912566026
2024-11-07,POWERGRID,0.026255754753947258,0.025692595168948174,0.9480516910552979
2024-11-07,RELIANCE,0.1718609482049942,0.010907887481153011,0.8172311186790466
2024-11-07,SBIN,0.023637580685317516,0.46985731925815344,0.5065050721168518
2024-11-07,TATASTEEL,0.04283809727057815,0.579803217947483,0.3773586958646774
2024-11-08,ASIANPAINT,0.007395426742732525,0.9736506342887878,0.01895393244922161
2024-11-08,HDFCBANK,0.1273609697818756,0.05041354522109032,0.8222254514694214
2024-11-08,ITC,0.824826717376709,0.008911505341529846,0.16626185178756714
2024-11-08,M&M,0.661303922533989,0.017983455831805866,0.3207126359144847
2024-11-08,POWERGRID,0.4785169477108866,0.49761450849473476,0.023868565447628498
2024-11-08,SBIN,0.9492582082748413,0.027021212503314018,0.023720622062683105
2024-11-08,TATASTEEL,0.2937248796224594,0.16010005958378315,0.5461750775575638
2024-11-08,TCS,0.008582101203501225,0.9695690870285034,0.02184887044131756
2024-11-08,ULTRACEMCO,0.03142499178647995,0.9532110691070557,0.015363936312496662
2024-11-08,WIPRO,0.04059675429016352,0.022241100203245878,0.9371621608734131
2024-11-09,ASIANPAINT,0.009079337120056152,0.9747889637947083,0.016131654381752014
2024-11-10,HDFCBANK,0.0096691083163023,0.9707092046737671,0.019621677696704865
2024-11-10,JSWSTEEL,0.024833843111991882,0.02354561723768711,0.9516205191612244
2024-11-11,ASIANPAINT,0.20046788384206593,0.5722860991954803,0.22724601859226823
2024-11-11,CIPLA,0.9191436171531677,0.011382219847291708,0.06947425380349159
2024-11-11,DRREDDY,0.8311424255371094,0.011618963442742825,0.15723863244056702
2024-11-11,EICHERMOT,0.9492577910423279,0.017235569655895233,0.033506713807582855
2024-11-11,HDFCBANK,0.03369363024830818,0.02026223950088024,0.9460440874099731
2024-11-11,HINDALCO,0.6459548026323318,0.013970023952424526,0.34007516875863075
2024-11-11,M&M,0.06621367484331131,0.012545958161354065,0.9212403297424316
2024-11-11,MARUTI,0.6200692057609558,0.012265808414667845,0.3676650393754244
2024-11-11,NTPC,0.775736927986145,0.009614893235266209,0.21464820206165314
2024-11-11,ONGC,0.9348275065422058,0.0325445681810379,0.03262804448604584
2024-11-11,SBIN,0.14472749084234238,0.01204683631658554,0.8432256877422333
2024-11-11,TATASTEEL,0.11949078738689423,0.01910397596657276,0.8614052534103394
2024-11-12,ASIANPAINT,0.12920818477869034,0.024107941115895908,0.8466838995615641
2024-11-12,DRREDDY,0.4872913956642151,0.013914386741816998,0.4987942576408386
2024-11-12,HEROMOTOCO,0.9517126083374023,0.018922362476587296,0.0293650571256876
2024-11-12,HINDALCO,0.7549906075000763,0.17777073197066784,0.06723864935338497
2024-11-12,INFY,0.03331374749541283,0.022007064893841743,0.9446792602539062
2024-11-12,NTPC,0.09769648313522339,0.015742087736725807,0.8865614533424377
2024-11-12,ONGC,0.007594130467623472,0.9739332795143127,0.01847263053059578
2024-11-12,SBIN,0.13450156152248383,0.013355100993067026,0.8521433472633362
2024-11-13,ASIANPAINT,0.08624352887272835,0.014741652645170689,0.8990148305892944
2024-11-13,BRITANNIA,0.9492613077163696,0.021322183310985565,0.029416460543870926
2024-11-13,EICHERMOT,0.9500932693481445,0.02241802029311657,0.027488764375448227
2024-11-13,HDFCBANK,0.33915239572525024,0.00971341971307993,0.651134192943573
2024-11-13,HINDALCO,0.6457695811986923,0.026659938196341198,0.3275704775005579
2024-11-13,NTPC,0.46650388836860657,0.014700542824963728,0.5187955982983112
2024-11-13,ONGC,0.3487408272922039,0.01417487533763051,0.6370842903852463
2024-11-14,EICHERMOT,0.2457783341407776,0.023343148082494734,0.7308784998953343
2024-11-14,GRASIM,0.011888070963323116,0.9755564332008362,0.01255547720938921
2024-11-14,HCLTECH,0.03336314484477043,0.01865345425903797,0.9479833245277405
2024-11-14,HEROMOTOCO,0.9473508596420288,0.025772439315915108,0.02687668427824974
2024-11-14,HINDUNILVR,0.05223727226257324,0.01712680608034134,0.930635929107666
2024-11-14,INFY,0.06605336256325245,0.02987896092236042,0.9040676653385162
2024-11-14,M&M,0.1008068397641182,0.00857303012162447,0.8906201720237732
2024-11-14,NTPC,0.034681059420108795,0.16884233057498932,0.7964766025543213
2024-11-14,RELIANCE,0.12449546158313751,0.009152784012258053,0.8663517236709595
2024-11-15,EICHERMOT,0.05766593664884567,0.016330597922205925,0.9260034561157227
2024-11-15,HEROMOTOCO,0.9484856128692627,0.02086178958415985,0.030652547255158424
2024-11-15,HINDUNILVR,0.033984988927841187,0.9372618794441223,0.028753137215971947
2024-11-15,INFY,0.11690311133861542,0.07975917309522629,0.8033376932144165
2024-11-15,MARUTI,0.03962135687470436,0.07935240119695663,0.8810262680053711
2024-11-15,SBIN,0.6395393013954163,0.009011426009237766,0.35144928097724915
2024-11-17,RELIANCE,0.04136575758457184,0.020064903423190117,0.9385693669319153
2024-11-18,GRASIM,0.9478138089179993,0.016359910368919373,0.03582630306482315
2024-11-18,HEROMOTOCO,0.2623262107372284,0.014068478252738714,0.7236053645610809
2024-11-18,HINDALCO,0.9377992749214172,0.03151053190231323,0.030690113082528114
2024-11-18,NTPC,0.4189718123525381,0.011608630185946822,0.5694196075201035
2024-11-18,ONGC,0.3843207061290741,0.013386684469878674,0.602292537689209
2024-11-18,SBIN,0.43640073388814926,0.014245482161641121,0.5493537336587906
2024-11-19,INFY,0.35363489389419556,0.02209891751408577,0.6242662072181702
2024-11-19,JSWSTEEL,0.3559209108352661,0.2267659604549408,0.4173131287097931
2024-11-19,NESTLEIND,0.043767139315605164,0.012473739683628082,0.9437591433525085
2024-11-19,NTPC,0.5540682077407837,0.16084814071655273,0.28508368134498596
2024-11-19,SBIN,0.029418444260954857,0.021735768765211105,0.9488458037376404
2024-11-19,WIPRO,0.01519343163818121,0.7670589685440063,0.21774765849113464
2024-11-20,BHARTIARTL,0.5017347075045109,0.011099783703684807,0.4871654696762562
2024-11-20,EICHERMOT,0.9410756230354309,0.013930696062743664,0.044993698596954346
2024-11-20,HDFCBANK,0.3912875121459365,0.291232705116272,0.31747979018837214
2024-11-20,HEROMOTOCO,0.9515876770019531,0.01705957017838955,0.031352750957012177
2024-11-20,INFY,0.2822679579257965,0.009313170798122883,0.7084188461303711
2024-11-20,NTPC,0.1240198016166687,0.023821735754609108,0.8521584868431091
2024-11-20,POWERGRID,0.034124039113521576,0.019431160762906075,0.9464448094367981
2024-11-21,HEROMOTOCO,0.8909549117088318,0.00787642877548933,0.10116859525442123
2024-11-21,JSWSTEEL,0.06531579047441483,0.01340961828827858,0.9212746024131775
2024-11-21,TATASTEEL,0.03168785199522972,0.021338585764169693,0.9469735622406006
2024-11-22,EICHERMOT,0.9507582187652588,0.02011996880173683,0.029121873900294304
2024-11-22,GRASIM,0.9512979388237,0.018831424415111542,0.029870593920350075
2024-11-22,HINDALCO,0.5183158069849014,0.01382924010977149,0.46785502694547176
2024-11-22,MARUTI,0.9563015103340149,0.017873946577310562,0.025824548676609993
2024-11-22,NTPC,0.9436221122741699,0.025608278810977936,0.03076961077749729
2024-11-22,ONGC,0.2558191418647766,0.011330182664096355,0.7328506708145142
2024-11-22,RELIANCE,0.9386399388313293,0.03186672925949097,0.029493363574147224
2024-11-22,SBIN,0.9480336904525757,0.024177704006433487,0.02778855338692665
2024-11-23,BAJFINANCE,0.17303572595119476,0.016159120947122574,0.8108051419258118
2024-11-24,INFY,0.5699825882911682,0.14027802646160126,0.28973934054374695
2024-11-25,COALINDIA,0.39455661177635193,0.01759433001279831,0.5878490209579468
2024-11-25,GRASIM,0.6270660758018494,0.06625904142856598,0.3066748380661011
2024-11-25,HDFCBANK,0.5462133499483267,0.04167566013832887,0.4121110315124194
2024-11-25,HINDUNILVR,0.07494847476482391,0.010459437035024166,0.9145921468734741
2024-11-25,NTPC,0.32755089551210403,0.041129576663176216,0.6313194918135802
2024-11-25,RELIANCE,0.9279230237007141,0.03404670208692551,0.03803020343184471
2024-11-25,WIPRO,0.4759246353060007,0.02552363183349371,0.49855173006653786
2024-11-26,BHARTIARTL,0.08814968913793564,0.8878790140151978,0.023971347138285637
2024-11-26,HINDUNILVR,0.23032228276133537,0.19639638299122453,0.5732813477516174
2024-11-26,JSWSTEEL,0.1745343804359436,0.016295086592435837,0.8091705441474915
2024-11-26,M&M,0.546992301940918,0.009493062272667885,0.4435146450996399
2024-11-26,NTPC,0.06935211271047592,0.010130682960152626,0.9205172061920166
2024-11-26,TCS,0.10752914845943451,0.14949096739292145,0.7429798245429993
2024-11-26,WIPRO,0.9259370565414429,0.008707594126462936,0.06535539776086807
2024-11-27,BAJAJFINSV,0.9505402445793152,0.018498489633202553,0.030961239710450172
2024-11-27,BAJFINANCE,0.9506087303161621,0.017915906384587288,0.03147531673312187
2024-11-27,BPCL,0.3642023866996169,0.49097108468413353,0.14482648205012083
2024-11-27,COALINDIA,0.948763370513916,0.016483237966895103,0.03475332260131836
2024-11-27,JSWSTEEL,0.007284347899258137,0.9750407338142395,0.017674902454018593
2024-11-27,KOTAKBANK,0.30473857807616395,0.04863189750661453,0.6466295520464579
2024-11-27,M&M,0.3870748206973076,0.048542612697929144,0.5643825381994247
2024-11-27,NTPC,0.44378479733131826,0.49069727025926113,0.06551789958029985
2024-11-27,TCS,0.2787783145904541,0.11389977484941483,0.6073219776153564
2024-11-27,WIPRO,0.9418673515319824,0.016176309436559677,0.0419563464820385
2024-11-28,ASIANPAINT,0.3425346910953522,0.046885110437870026,0.6105802059173584
2024-11-28,HDFCBANK,0.8022727370262146,0.14887695014476776,0.04885026067495346
2024-11-28,HEROMOTOCO,0.12452198565006256,0.009485415183007717,0.8659926056861877
2024-11-28,HINDUNILVR,0.015670547261834145,0.9257913827896118,0.0585380457341671
2024-11-28,ITC,0.8579794764518738,0.006969594396650791,0.1350509226322174
2024-11-28,RELIANCE,0.08298755437135696,0.01231621764600277,0.9046962857246399
2024-11-29,BAJFINANCE,0.1554536521434784,0.02003949135541916,0.8245068788528442
2024-11-29,BHARTIARTL,0.5155397653579712,0.016796371433883905,0.46766387298703194
2024-11-29,CIPLA,0.09013216197490692,0.011609409004449844,0.89825838804245
2024-11-29,HDFCBANK,0.10221760720014572,0.8731815218925476,0.024600835517048836
2024-11-29,ICICIBANK,0.2852188050746918,0.010861670598387718,0.703919529914856
2024-11-29,M&M,0.48896973207592964,0.00984007678925991,0.5011901333928108
2024-11-29,MARUTI,0.03296799957752228,0.6837945580482483,0.28323739767074585
2024-11-29,NTPC,0.6749210357666016,0.009151662699878216,0.31592729687690735
2024-11-29,RELIANCE,0.029569368809461594,0.022882070392370224,0.9475486278533936
2024-12-01,BAJAJ-AUTO,0.038141001015901566,0.09128806740045547,0.8705708980560303
2024-12-01,BHARTIARTL,0.6712064743041992,0.02587396837770939,0.3029195964336395
2024-12-02,AXISBANK,0.020405637100338936,0.5649651288986206,0.414629191160202
2024-12-02,BAJFINANCE,0.05387768801301718,0.2078362163156271,0.7382860854268074
2024-12-02,CIPLA,0.03159581869840622,0.061243876814842224,0.9071602821350098
2024-12-02,HEROMOTOCO,0.9492887854576111,0.021687636151909828,0.029023529961705208
2024-12-02,HINDUNILVR,0.07439376289645831,0.013466403198738893,0.9121398329734802
2024-12-02,INFY,0.03871176764369011,0.7819561958312988,0.17933204770088196
2024-12-02,JSWSTEEL,0.16363466158509254,0.008551100501790643,0.8278142809867859
2024-12-02,M&M,0.16429446637630463,0.007791474927216768,0.8279140591621399
2024-12-02,MARUTI,0.9427583515644073,0.02934357151389122,0.027898038737475872
2024-12-02,RELIANCE,0.037541378289461136,0.0171333160251379,0.9453253149986267
2024-12-02,ULTRACEMCO,0.8331919312477112,0.13189317286014557,0.03491487354040146
2024-12-03,BRITANNIA,0.9506820440292358,0.023195384070277214,0.02612263150513172
2024-12-03,COALINDIA,0.07333339005708694,0.010895747691392899,0.9157708883285522
2024-12-03,HCLTECH,0.03213045373558998,0.017969349399209023,0.9499002695083618
2024-12-03,HEROMOTOCO,0.9517623782157898,0.019764484837651253,0.0284731425344944
2024-12-03,HINDUNILVR,0.08079363405704498,0.01150056067854166,0.9077058434486389
2024-12-03,ITC,0.010298206470906734,0.9622558951377869,0.027445893734693527
2024-12-03,NESTLEIND,0.9499994516372681,0.022281304001808167,0.02771921083331108
2024-12-03,ONGC,0.9500100612640381,0.02134629711508751,0.028643662109971046
2024-12-03,TECHM,0.9521373510360718,0.013873783871531487,0.03398885577917099
2024-12-03,WIPRO,0.3399564176797867,0.19686607690528035,0.46317750960588455
2024-12-04,BAJAJ-AUTO,0.010851860046386719,0.968176007270813,0.020972127094864845
2024-12-04,BHARTIARTL,0.4502857029438019,0.011622563470155,0.5380917266011238
2024-12-04,CIPLA,0.06129833310842514,0.01159982942044735,0.9271017909049988
2024-12-04,HEROMOTOCO,0.1505914330482483,0.00995702762156725,0.8394515514373779
2024-12-04,INFY,0.8904351592063904,0.0077558765187859535,0.10180896520614624
2024-12-04,M&M,0.08088406920433044,0.009928135201334953,0.9091877341270447
2024-12-04,WIPRO,0.042631544172763824,0.016995851881802082,0.9403726160526276
2024-12-05,BAJAJ-AUTO,0.07235578447580338,0.6967645287513733,0.23087970912456512
2024-12-05,HDFCBANK,0.28279516100883484,0.01099094282835722,0.7062138915061951
2024-12-05,HEROMOTOCO,0.03119058907032013,0.018511710688471794,0.9502976536750793
2024-12-05,ICICIBANK,0.021186024881899357,0.46885265968739986,0.5099612548947334
2024-12-06,DRREDDY,0.034522391855716705,0.020221492275595665,0.9452560544013977
2024-12-06,HDFCBANK,0.8779445886611938,0.07924116402864456,0.042814191430807114
2024-12-06,ITC,0.8303383588790894,0.006170676555484533,0.16349101066589355
2024-12-06,MARUTI,0.5967804789543152,0.020759685896337032,0.38245981000363827
2024-12-06,ULTRACEMCO,0.2124413549900055,0.0304957814514637,0.7570628523826599
2024-12-06,WIPRO,0.2706625163555145,0.007272638846188784,0.7220648527145386
2024-12-07,ULTRACEMCO,0.5579047203063965,0.03289797902107239,0.40919730067253113
2024-12-08,BAJAJ-AUTO,0.317749947309494,0.025528281927108765,0.6567217707633972
2024-12-09,HDFCBANK,0.9481984972953796,0.015367870219051838,0.036433570086956024
2024-12-09,HEROMOTOCO,0.06562942266464233,0.011296151205897331,0.9230744242668152
2024-12-09,INFY,0.2388785183429718,0.007640531752258539,0.7534809112548828
2024-12-09,MARUTI,0.729007363319397,0.03456554654985666,0.23642713390290737
2024-12-10,ASIANPAINT,0.90461665391922,0.012221045792102814,0.0831623449921608
2024-12-10,BAJFINANCE,0.059179533272981644,0.556150496006012,0.3846699595451355
2024-12-10,DRREDDY,0.18958012759685516,0.08300434052944183,0.7274155020713806
2024-12-10,RELIANCE,0.7945972084999084,0.009073476307094097,0.1963292956352234
2024-12-10,TCS,0.18578290939331055,0.17431381344795227,0.6399032473564148
2024-12-11,AXISBANK,0.56577068567276,0.14006419479846954,0.29416516423225403
2024-12-11,BAJFINANCE,0.23265908285975456,0.04399469997733831,0.7233462154865264
2024-12-11,EICHERMOT,0.8846096992492676,0.013643867336213589,0.10174637287855148
2024-12-11,HEROMOTOCO,0.12227743864059448,0.009416371583938599,0.8683062195777893
2024-12-11,INFY,0.9395114183425903,0.024759726598858833,0.0357288122177124
2024-12-11,JSWSTEEL,0.0404537171125412,0.017188288271427155,0.9423580169677734
2024-12-11,ULTRACEMCO,0.9274886250495911,0.03153079375624657,0.04098052904009819
2024-12-12,HDFCBANK,0.7137183547019958,0.059920359402894974,0.22636130452156067
2024-12-12,HINDALCO,0.1298692375421524,0.029319122433662415,0.8408116698265076
2024-12-12,ICICIBANK,0.4523571729660034,0.016178812831640244,0.5314639806747437
2024-12-12,INFY,0.588346004486084,0.0076041873544454575,0.4040497839450836
2024-12-12,ITC,0.015393536537885666,0.9343929290771484,0.050213493406772614
2024-12-12,ONGC,0.8668138980865479,0.007868396118283272,0.12531767785549164
2024-12-12,RELIANCE,0.2800716459751129,0.01035834476351738,0.7095699906349182
2024-12-12,SBIN,0.8991670608520508,0.011331695131957531,0.0895012766122818
2024-12-12,TATASTEEL,0.2016163468360901,0.7349263429641724,0.06345737725496292
2024-12-12,TCS,0.9344885945320129,0.009865188039839268,0.05564621463418007
2024-12-13,BHARTIARTL,0.9213866591453552,0.03256531432271004,0.04604804515838623
2024-12-13,COALINDIA,0.05901792645454407,0.02460111305117607,0.9163809418678284
2024-12-13,HDFCBANK,0.568379282951355,0.01274036429822445,0.4188803434371948
2024-12-13,INFY,0.09205453097820282,0.012654762715101242,0.895290732383728
2024-12-14,INFY,0.06835117936134338,0.16961966454982758,0.7620291113853455
2024-12-15,ULTRACEMCO,0.09604734182357788,0.010354126803576946,0.8935985565185547
2024-12-16,HDFCBANK,0.07871226593852043,0.48535743076354265,0.43593035638332367
2024-12-16,ICICIBANK,0.038690757006406784,0.016824154183268547,0.9444851279258728
2024-12-16,WIPRO,0.06656341254711151,0.011453562416136265,0.921983003616333
2024-12-17,CIPLA,0.9457334280014038,0.022291887551546097,0.031974680721759796
2024-12-17,HDFCBANK,0.027567919343709946,0.33184275527795154,0.6405893601477146
2024-12-17,INFY,0.48903095722198486,0.008395510725677013,0.5025734901428223
2024-12-17,MARUTI,0.4261713922023773,0.010425166226923466,0.5634034276008606
2024-12-17,TCS,0.9478263258934021,0.014102981425821781,0.03807058557868004
2024-12-17,WIPRO,0.8026759028434753,0.033961061388254166,0.1633630245923996
2024-12-18,ASIANPAINT,0.501250758767128,0.1996108302846551,0.2991383923217654
2024-12-18,COALINDIA,0.4756326377391815,0.011720605660229921,0.5126467794179916
2024-12-18,HDFCBANK,0.07130200788378716,0.1253205994144082,0.8033773899078369
2024-12-18,INFY,0.02824290841817856,0.027740899473428726,0.94401615858078
2024-12-18,ITC,0.030504385009407997,0.11319235526025295,0.8563032746315002
2024-12-18,JSWSTEEL,0.9028224349021912,0.013346603140234947,0.08383103460073471
2024-12-18,SBIN,0.15304265916347504,0.009583676233887672,0.8373736143112183
2024-12-19,BHARTIARTL,0.6950647234916687,0.016761381179094315,0.2881738841533661
2024-12-19,INDUSINDBK,0.01280788704752922,0.9117043614387512,0.07548777014017105
2024-12-19,INFY,0.6650262027978897,0.2826799812416236,0.05229378739992777
2024-12-19,NTPC,0.08427097648382187,0.011562926694750786,0.9041661024093628
2024-12-19,SBIN,0.04084481671452522,0.015944842249155045,0.9432103037834167
2024-12-19,TITAN,0.15708112716674805,0.010814754292368889,0.8321040868759155
2024-12-19,WIPRO,0.024916038382798433,0.491093541495502,0.4839904196560383
2024-12-20,BHARTIARTL,0.04249371588230133,0.015501890331506729,0.9420044422149658
2024-12-20,HINDUNILVR,0.026659000664949417,0.041734106838703156,0.9316069483757019
2024-12-20,INDUSINDBK,0.013554967939853668,0.9022394418716431,0.08420559763908386
2024-12-20,INFY,0.9347211122512817,0.04328421503305435,0.021994682028889656
2024-12-20,ITC,0.03930889442563057,0.5718699097633362,0.38882118463516235
2024-12-20,MARUTI,0.6347994208335876,0.008952280506491661,0.35624828934669495
2024-12-20,TATASTEEL,0.03572494350373745,0.8047434389591217,0.15953160636126995
2024-12-20,ULTRACEMCO,0.2749679982662201,0.011860794387757778,0.7131712436676025
2024-12-23,DRREDDY,0.03280295431613922,0.021508894860744476,0.9456881880760193
2024-12-23,HDFCBANK,0.05884391441941261,0.45952755212783813,0.4816285967826843
2024-12-23,JSWSTEEL,0.011363042518496513,0.9601994752883911,0.028437534347176552
2024-12-23,TATASTEEL,0.677122950553894,0.2717752456665039,0.05110177770256996
2024-12-23,TCS,0.05827409401535988,0.023523231968283653,0.9182026982307434
2024-12-23,WIPRO,0.044212792068719864,0.030891312286257744,0.9248959422111511
2024-12-24,AXISBANK,0.12878131369749704,0.018359547170499962,0.8528591394424438
2024-12-24,BPCL,0.1868796944618225,0.008421238511800766,0.8046990633010864
2024-12-24,HDFCBANK,0.03876848146319389,0.01817818358540535,0.9430533051490784
2024-12-24,INFY,0.02042102813720703,0.9556562304496765,0.023922696709632874
2024-12-24,ITC,0.8942611813545227,0.013790221884846687,0.09194859862327576
2024-12-24,LT,0.0974348932504654,0.009699472226202488,0.8928655982017517
2024-12-24,RELIANCE,0.8107315897941589,0.006955450400710106,0.18231292068958282
2024-12-24,TITAN,0.8266407251358032,0.018776414915919304,0.15458281338214874
2024-12-24,ULTRACEMCO,0.08867713063955307,0.014326202683150768,0.8969966769218445
2024-12-25,DRREDDY,0.03193218633532524,0.022205008193850517,0.9458627700805664
2024-12-25,ITC,0.07734369486570358,0.01616688072681427,0.9064894318580627
2024-12-26,ASIANPAINT,0.023209717124700546,0.9479923248291016,0.02879795990884304
2024-12-26,INFY,0.09059817343950272,0.03928137570619583,0.8701204061508179
2024-12-27,INDUSINDBK,0.05715001250306765,0.02320149602989356,0.9196484883626302
2024-12-27,SUNPHARMA,0.03532692790031433,0.01875106431543827,0.9459220767021179
2024-12-27,ULTRACEMCO,0.8790078163146973,0.03510374203324318,0.08588844537734985
2024-12-28,RELIANCE,0.06446027010679245,0.012401770800352097,0.9231379628181458
2024-12-29,RELIANCE,0.029677171260118484,0.02393139712512493,0.9463914036750793
2024-12-30,COALINDIA,0.10211367905139923,0.012881399132311344,0.8850049376487732
2024-12-30,HDFCBANK,0.3937142789363861,0.011403543874621391,0.5948821306228638
2024-12-30,M&M,0.20609571039676666,0.00787147507071495,0.7860327959060669
2024-12-30,TATASTEEL,0.012024766765534878,0.9671616554260254,0.020813513547182083
2024-12-30,TCS,0.9240754246711731,0.05161897465586662,0.024305615574121475
2024-12-30,ULTRACEMCO,0.05168580263853073,0.04600407928228378,0.9023100733757019
2024-12-31,AXISBANK,0.03283102065324783,0.025512758642435074,0.941656231880188
2024-12-31,HDFCBANK,0.34100452065467834,0.013425890356302261,0.6455696225166321
2024-12-31,INFY,0.01237483974546194,0.9337185621261597,0.053906574845314026
2024-12-31,ITC,0.08317986130714417,0.01340688206255436,0.9034132659435272
2024-12-31,POWERGRID,0.025970855727791786,0.028329282999038696,0.9456998109817505
2025-01-01,AXISBANK,0.16068600118160248,0.012863551266491413,0.8264504075050354
2025-01-01,BAJAJ-AUTO,0.012555469758808613,0.970182478427887,0.017262103036046028
2025-01-01,HEROMOTOCO,0.9268065690994263,0.014728482812643051,0.058464910835027695
2025-01-01,ITC,0.02515229769051075,0.024426482617855072,0.9504212737083435
2025-01-01,LT,0.06176157668232918,0.011973916552960873,0.9262645244598389
2025-01-01,MARUTI,0.5235846899449825,0.09918861649930477,0.3772266898304224
2025-01-01,SUNPHARMA,0.46812722831964493,0.024827424436807632,0.5070452988147736
2025-01-01,TATASTEEL,0.01304688397794962,0.9549593925476074,0.03199375420808792
2025-01-02,BAJAJ-AUTO,0.14188960194587708,0.6491891145706177,0.20892129838466644
2025-01-02,BAJFINANCE,0.5320630744099617,0.09324653819203377,0.37469036877155304
2025-01-02,EICHERMOT,0.9464966058731079,0.023923534899950027,0.029579879716038704
2025-01-02,KOTAKBANK,0.9103710055351257,0.052458494901657104,0.03717055916786194
2025-01-02,M&M,0.9229493141174316,0.01205205824226141,0.06499865651130676
2025-01-02,MARUTI,0.8804953694343567,0.08090965636074543,0.03859499841928482
2025-01-02,NTPC,0.1971704363822937,0.01631602831184864,0.7865135073661804
2025-01-02,RELIANCE,0.3551662266254425,0.010196499526500702,0.6346372365951538
2025-01-02,WIPRO,0.058672744780778885,0.8520146012306213,0.08931263536214828
2025-01-03,BHARTIARTL,0.036380987614393234,0.020089367404580116,0.9435296356678009
2025-01-03,COALINDIA,0.1310718059539795,0.00914717186242342,0.8597809672355652
2025-01-03,HEROMOTOCO,0.017982427030801773,0.970592737197876,0.01142479944974184
2025-01-03,ITC,0.03107517398893833,0.027543549425899982,0.9413812756538391
2025-01-03,KOTAKBANK,0.026800011284649372,0.29973354190588,0.6734664589166641
2025-01-03,ONGC,0.9408659934997559,0.030734561383724213,0.028399433940649033
2025-01-03,TCS,0.39858314394950867,0.012172508053481579,0.5892443656921387
2025-01-03,WIPRO,0.07428160309791565,0.394714891910553,0.5310035347938538
2025-01-04,BAJFINANCE,0.9401893019676208,0.03274361789226532,0.02706703171133995
2025-01-04,HDFCBANK,0.7647866010665894,0.016203628852963448,0.2190098101273179
2025-01-04,RELIANCE,0.40481074154376984,0.013509706128388643,0.5816795527935028
2025-01-05,EICHERMOT,0.06298752874135971,0.013483807444572449,0.9235286116600037
2025-01-05,HDFCBANK,0.03149130940437317,0.020061295479536057,0.9484474658966064
2025-01-06,BAJFINANCE,0.9338082671165466,0.032560795545578,0.03363088518381119
2025-01-06,HDFCBANK,0.3818725305609405,0.360932937823236,0.25719456374645233
2025-01-06,INFY,0.13243195414543152,0.3669997453689575,0.5005682706832886
2025-01-06,ITC,0.03181784568975369,0.638342730080088,0.32983942205707234
2025-01-06,KOTAKBANK,0.09245693031698465,0.676392674446106,0.2311504241079092
2025-01-06,TITAN,0.9542378783226013,0.01530776172876358,0.030454294756054878
2025-01-07,BAJAJFINSV,0.9358446002006531,0.03253283351659775,0.03162247687578201
2025-01-07,BPCL,0.7297311425209045,0.012850366532802582,0.25741851329803467
2025-01-07,HDFCBANK,0.03558249771595001,0.020888416096568108,0.9435291290283203
2025-01-07,INFY,0.30194658041000366,0.023259827867150307,0.6747936010360718
2025-01-07,MARUTI,0.5365946888923645,0.009457753039896488,0.4539475739002228
2025-01-07,NTPC,0.5296272039413452,0.007932211272418499,0.4624405801296234
2025-01-07,ONGC,0.9518882036209106,0.02375437133014202,0.024357369169592857
2025-01-07,POWERGRID,0.02869907021522522,0.02412613295018673,0.9471747875213623
2025-01-07,TCS,0.5013117492198944,0.4236112404614687,0.07507698517292738
2025-01-07,TITAN,0.7531901597976685,0.009629149921238422,0.2371807098388672
2025-01-08,ICICIBANK,0.03220483288168907,0.020822977647185326,0.946972131729126
2025-01-08,JSWSTEEL,0.013469329103827477,0.9226094484329224,0.06392113864421844
2025-01-08,ONGC,0.8936482071876526,0.014305496588349342,0.09204623848199844
2025-01-08,RELIANCE,0.9397465586662292,0.03025861829519272,0.029994865879416466
2025-01-08,SBIN,0.02797672711312771,0.02528361789882183,0.9467397332191467
2025-01-08,TATASTEEL,0.012079576961696148,0.972154438495636,0.015765955671668053
2025-01-08,TCS,0.08952218480408192,0.03347304975613952,0.8770047724246979
2025-01-09,AXISBANK,0.19863152503967285,0.21779294312000275,0.5835755467414856
2025-01-09,BAJAJ-AUTO,0.9414333701133728,0.037935566157102585,0.02063102275133133
2025-01-09,BAJAJFINSV,0.03168752044439316,0.021456189453601837,0.9468563199043274
2025-01-09,HDFCBANK,0.03034050390124321,0.02493206225335598,0.9447274208068848
2025-01-09,HINDALCO,0.16056720912456512,0.37549311481416225,0.4639396704733372
2025-01-09,TCS,0.4752634702250361,0.25383618446066974,0.27090035658329725
2025-01-10,BAJAJ-AUTO,0.18427230417728424,0.02393537387251854,0.7917923331260681
2025-01-10,INDUSINDBK,0.009477981366217136,0.9708512425422668,0.01967076025903225
2025-01-10,INFY,0.020229352172464132,0.475573156028986,0.504197470843792
2025-01-10,ITC,0.6258530616760254,0.014081565663218498,0.36006540060043335
2025-01-10,LT,0.0647112438455224,0.35035204142332077,0.5849366784095764
2025-01-10,M&M,0.03209717944264412,0.022165341302752495,0.9457374811172485
2025-01-10,ONGC,0.08804791420698166,0.011426417157053947,0.9005256295204163
2025-01-10,TATASTEEL,0.00968120526522398,0.9399889707565308,0.05032980069518089
2025-01-10,TCS,0.582379799336195,0.2341992330426971,0.18342094930509725
2025-01-10,TECHM,0.930476725101471,0.025487100705504417,0.04403616487979889
2025-01-11,HCLTECH,0.9462242126464844,0.031854625791311264,0.021921223029494286
2025-01-12,INFY,0.09984800219535828,0.025232302024960518,0.8749197125434875
2025-01-12,TECHM,0.031074848026037216,0.022760292515158653,0.9461649060249329
2025-01-13,COALINDIA,0.054497815668582916,0.933944046497345,0.01155806053429842
2025-01-13,HDFCBANK,0.0451868399977684,0.01938769593834877,0.9354254007339478
2025-01-13,INDUSINDBK,0.47673294600099325,0.4894056208431721,0.03386141452938318
2025-01-13,INFY,0.024029171094298363,0.9368452429771423,0.03912557289004326
2025-01-13,TATASTEEL,0.4908895120024681,0.4799941489472985,0.029116325080394745
2025-01-13,TCS,0.5085477530956268,0.21746791005134583,0.2739843290299177
2025-01-13,TITAN,0.05121266096830368,0.01927032694220543,0.9295169711112976
2025-01-14,AXISBANK,0.9517011642456055,0.025363292545080185,0.0229356586933136
2025-01-14,HCLTECH,0.10435045510530472,0.012660132255405188,0.8829894214868546
2025-01-14,HINDUNILVR,0.034365106374025345,0.019109776243567467,0.9465250968933105
2025-01-14,INFY,0.20319987647235394,0.03168322239071131,0.7651168704032898
2025-01-14,ITC,0.049367256462574005,0.8726483583450317,0.07798443734645844
2025-01-14,JSWSTEEL,0.016462191939353943,0.9163857698440552,0.06715203821659088
2025-01-14,TECHM,0.23033547401428223,0.7348197102546692,0.03484484925866127
2025-01-14,TITAN,0.8792043328285217,0.008601371198892593,0.1121942400932312
2025-01-14,WIPRO,0.0088900001719594,0.9729688763618469,0.01814105361700058
2025-01-15,AXISBANK,0.00821932964026928,0.959475040435791,0.032305583357810974
2025-01-15,BAJAJFINSV,0.03986543044447899,0.07254385203123093,0.8875907063484192
2025-01-15,BPCL,0.25792601704597473,0.022963788360357285,0.7191102504730225
2025-01-15,HCLTECH,0.3521490854521592,0.013908484019339085,0.6339424184213082
2025-01-15,MARUTI,0.047998663038015366,0.20963560044765472,0.7423657178878784
2025-01-15,TCS,0.19375616312026978,0.010407142341136932,0.7958367466926575
2025-01-15,WIPRO,0.028093760833144188,0.07712089270353317,0.8947853446006775
2025-01-16,AXISBANK,0.5519411973655224,0.2867954708635807,0.16126330507298312
2025-01-16,BAJFINANCE,0.9066017866134644,0.009506316855549812,0.0838918387889862
2025-01-16,INFY,0.6507833873232206,0.23075102321389648,0.11846560591624843
2025-01-16,KOTAKBANK,0.9012237787246704,0.07313362509012222,0.025642625987529755
2025-01-16,RELIANCE,0.702888454310596,0.02417743089608848,0.27293411269783974
2025-01-16,SBIN,0.9410765767097473,0.022205807268619537,0.03671763837337494
2025-01-16,TCS,0.9330659508705139,0.04181143641471863,0.025122711434960365
2025-01-17,AXISBANK,0.2410804694518447,0.14045960630755872,0.6184599283151329
2025-01-17,INFY,0.35770987326072323,0.24241824292888245,0.39987189343406093
2025-01-17,MARUTI,0.6397621035575867,0.010740075260400772,0.3494977653026581
2025-01-17,RELIANCE,0.4794915730599314,0.4981280332431197,0.02238035574555397
2025-01-17,TECHM,0.5992471700534224,0.36501680314540863,0.03573603890836239
2025-01-17,WIPRO,0.44015778340399264,0.2113909672945738,0.34845123402774336
2025-01-18,INDUSINDBK,0.01858862303197384,0.38479918241500854,0.5966122150421143
2025-01-18,KOTAKBANK,0.4250358627177775,0.50028205383569,0.07468207669444382
2025-01-18,TCS,0.0075768716633319855,0.9743167161941528,0.01810632273554802
2025-01-18,ULTRACEMCO,0.03805170953273773,0.949279248714447,0.012669053860008717
2025-01-18,WIPRO,0.31085696412871283,0.33623797229180735,0.3529050834476948
2025-01-19,INFY,0.04118259623646736,0.9337069392204285,0.02511047199368477
2025-01-19,ITC,0.19316217303276062,0.009090871550142765,0.7977468967437744
2025-01-20,AXISBANK,0.1911894530057907,0.06400307454168797,0.744807501633962
2025-01-20,BAJAJFINSV,0.09677106887102127,0.010748493485152721,0.8924804925918579
2025-01-20,BAJFINANCE,0.3473341763019562,0.00807446800172329,0.6445912718772888
2025-01-20,HDFCBANK,0.012700925581157207,0.9704692363739014,0.016829805448651314
2025-01-20,INFY,0.06890520453453064,0.014567771926522255,0.9165270328521729
2025-01-20,KOTAKBANK,0.17355084070004523,0.19906765536870807,0.6273814924061298
2025-01-20,MARUTI,0.10875614732503891,0.014642506837844849,0.8766012787818909
2025-01-20,NTPC,0.23833605647087097,0.00763688376173377,0.7540270090103149
2025-01-20,RELIANCE,0.04793675243854523,0.02341900672763586,0.928644210100174
2025-01-20,TECHM,0.5113270971924067,0.23257548594847322,0.2560974257066846
2025-01-20,WIPRO,0.7217328641563654,0.024840439204126596,0.25342675345018506
2025-01-21,AXISBANK,0.8655911087989807,0.08699776977300644,0.04741108790040016
2025-01-21,BAJAJ-AUTO,0.9550829529762268,0.019244160503149033,0.025672927498817444
2025-01-21,BAJFINANCE,0.030008554458618164,0.021080492064356804,0.9489109516143799
2025-01-21,BHARTIARTL,0.9535330533981323,0.016969870775938034,0.02949700504541397
2025-01-21,CIPLA,0.03130848705768585,0.022170281037688255,0.9465212225914001
2025-01-21,EICHERMOT,0.9551965594291687,0.018701475113630295,0.026101967319846153
2025-01-21,HEROMOTOCO,0.9557408094406128,0.019904032349586487,0.024355171248316765
2025-01-21,HINDUNILVR,0.5436425805091858,0.4302501976490021,0.026107223704457283
2025-01-21,KOTAKBANK,0.06492888927459717,0.016047300770878792,0.919023871421814
2025-01-21,M&M,0.953594446182251,0.019035907462239265,0.0273696631193161
2025-01-21,MARUTI,0.5749682709574699,0.015138802584260702,0.4098929241299629
2025-01-21,TCS,0.716641902923584,0.05181465810164809,0.23154342826455832
2025-01-21,TECHM,0.052571967244148254,0.01690063439309597,0.9305274486541748
2025-01-21,WIPRO,0.0794410826638341,0.13124922383576632,0.7893096804618835
2025-01-22,BHARTIARTL,0.18128569424152374,0.017297714948654175,0.8014165163040161
2025-01-22,BPCL,0.9443985819816589,0.025223860517144203,0.03037753887474537
2025-01-22,DRREDDY,0.04873818904161453,0.9379482865333557,0.013313494622707367
2025-01-22,HDFCBANK,0.3313779724495752,0.3836685975215265,0.28495339304208755
2025-01-22,HINDUNILVR,0.37258566403761506,0.24484109308104962,0.38257321156561375
2025-01-22,KOTAKBANK,0.06430152803659439,0.012264478951692581,0.9234339594841003
2025-01-22,MARUTI,0.22654691338539124,0.009693491272628307,0.7637595534324646
2025-01-23,BPCL,0.019062775652855635,0.4951131222769618,0.48582408856600523
2025-01-23,CIPLA,0.931330144405365,0.014921418391168118,0.05374838784337044
2025-01-23,DRREDDY,0.20210692286491394,0.049746736884117126,0.7481464147567749
2025-01-23,HDFCBANK,0.2963133677840233,0.06289265095256269,0.6407939717173576
2025-01-23,HINDUNILVR,0.05008912490059932,0.3326149960048497,0.6172958922882875
2025-01-23,INFY,0.890769898891449,0.009477972984313965,0.09975214302539825
2025-01-23,KOTAKBANK,0.23443317413330078,0.01125312875956297,0.7543137073516846
2025-01-23,MARUTI,0.9187179803848267,0.031723763793706894,0.04955822974443436
2025-01-23,TECHM,0.9255654811859131,0.01893891952931881,0.05549558252096176
2025-01-23,ULTRACEMCO,0.9428322911262512,0.02882702462375164,0.0283406600356102
2025-01-23,WIPRO,0.8237258394559225,0.02372588962316513,0.15254831065734228
2025-01-24,BAJAJ-AUTO,0.013781922869384289,0.9727703332901001,0.013447767123579979
2025-01-24,BAJAJFINSV,0.031486667692661285,0.020752009004354477,0.9477612972259521
2025-01-24,BPCL,0.5109983270522207,0.28465341543778777,0.20434828661382198
2025-01-24,CIPLA,0.034515630453825,0.9541127681732178,0.011371633969247341
2025-01-24,DRREDDY,0.3548058536835015,0.2661382076330483,0.37905596708878875
2025-01-24,HINDUNILVR,0.512390173971653,0.01606643246486783,0.4715434042736888
2025-01-24,ICICIBANK,0.9529356956481934,0.024555165320634842,0.02250918745994568
2025-01-24,JSWSTEEL,0.5738636702299118,0.02508032927289605,0.4010559841990471
2025-01-24,KOTAKBANK,0.03512817621231079,0.018448328599333763,0.9464235305786133
2025-01-24,NTPC,0.9184178113937378,0.009219082072377205,0.07236309349536896
2025-01-24,TCS,0.06417953968048096,0.11524315923452377,0.8205772638320923
2025-01-24,ULTRACEMCO,0.609970531736811,0.353970422099034,0.03605903498828411
2025-01-25,ICICIBANK,0.9409912824630737,0.019523456692695618,0.03948527822891871
2025-01-25,NTPC,0.8495581150054932,0.014269996900111437,0.1361718811094761
2025-01-26,WIPRO,0.6585049629211426,0.025977399200201035,0.3155175447463989
2025-01-27,COALINDIA,0.37244081497192383,0.007278988137841225,0.6202801465988159
2025-01-27,DRREDDY,0.04151090979576111,0.015857037156820297,0.9426320791244507
2025-01-27,HDFCBANK,0.09570707380771637,0.010883071459829807,0.893409788608551
2025-01-27,ICICIBANK,0.2924544836084048,0.02650622268103891,0.6810393078873554
2025-01-27,INFY,0.9469115734100342,0.015543000772595406,0.03754544258117676
2025-01-27,ITC,0.026235952973365784,0.018202316015958786,0.9555617570877075
2025-01-27,JSWSTEEL,0.07341963576618582,0.5874109414871782,0.33916941145434976
2025-01-27,MARUTI,0.9501286745071411,0.019083460792899132,0.03078795224428177
2025-01-27,NTPC,0.8989973962306976,0.065667106769979,0.03533555753529072
2025-01-27,TATASTEEL,0.06942242803052068,0.9139045178890228,0.016673091799020767
2025-01-27,ULTRACEMCO,0.5363498404622078,0.01746118674054742,0.446188947185874
2025-01-28,AXISBANK,0.03505547344684601,0.01854821853339672,0.9463962912559509
2025-01-28,BAJAJ-AUTO,0.9238093495368958,0.011444884662826857,0.06474580615758896
2025-01-28,BAJFINANCE,0.9503915309906006,0.02238343097269535,0.027224967256188393
2025-01-28,BPCL,0.008473733440041542,0.9750799536705017,0.016446340829133987
2025-01-28,CIPLA,0.4077220978215337,0.22653209301643074,0.3657458573579788
2025-01-28,COALINDIA,0.44574306393042207,0.2990270350128412,0.25522987614385784
2025-01-28,DRREDDY,0.95174640417099,0.020810645073652267,0.02744297683238983
2025-01-28,HDFCBANK,0.600820004940033,0.29313801353176433,0.10604199022054672
2025-01-28,HINDUNILVR,0.9511795043945312,0.02084393799304962,0.027976607903838158
2025-01-28,ICICIBANK,0.09289288769165675,0.0135469821592172,0.8935601115226746
2025-01-28,JSWSTEEL,0.061164405196905136,0.015920251607894897,0.9229153394699097
2025-01-28,NTPC,0.07775239646434784,0.017907152883708477,0.9043404757976532
2025-01-28,TATASTEEL,0.3023909735493362,0.3455055020749569,0.3521035145968199
2025-01-28,ULTRACEMCO,0.5797056257724762,0.013469783589243889,0.40682461950927973
2025-01-28,WIPRO,0.02420777827501297,0.027436168864369392,0.9483560919761658
2025-01-29,BAJAJ-AUTO,0.6386798781653246,0.031317586389680706,0.330002532651027
2025-01-29,BAJFINANCE,0.5116625040769577,0.14414849411696196,0.34418901465833185
2025-01-29,CIPLA,0.6505937911570072,0.019262291491031647,0.3301439192146063
2025-01-29,COALINDIA,0.007855522446334362,0.9752158522605896,0.01692860946059227
2025-01-29,HDFCBANK,0.03291381150484085,0.02024080604314804,0.9468454122543335
2025-01-29,ICICIBANK,0.12415943294763565,0.01082078367471695,0.8650197982788086
2025-01-29,INDUSINDBK,0.012340560555458069,0.9718310832977295,0.015828263014554977
2025-01-29,INFY,0.8808581829071045,0.09436280280351639,0.024779032915830612
2025-01-29,ITC,0.02604637388139963,0.041857363656163216,0.9320962727069855
2025-01-29,JSWSTEEL,0.00791076011955738,0.9751773476600647,0.016912007704377174
2025-01-29,M&M,0.030722569674253464,0.020718809217214584,0.9485586881637573
2025-01-29,MARUTI,0.6697249809900919,0.14413220311204591,0.1861428286259373
2025-01-29,NESTLEIND,0.00797515269368887,0.9749273061752319,0.017097553238272667
2025-01-29,NTPC,0.9508556127548218,0.021902961656451225,0.027241412550210953
2025-01-29,ONGC,0.010292320512235165,0.9753330945968628,0.014374513179063797
2025-01-29,SUNPHARMA,0.9394579529762268,0.03717707097530365,0.023364871740341187
2025-01-29,TATASTEEL,0.08658569259569049,0.790422111749649,0.12299211882054806
2025-01-30,BAJAJ-AUTO,0.13346032798290253,0.011862407205626369,0.8546772450208664
2025-01-30,BAJAJFINSV,0.6580917810400327,0.06278591913481553,0.27912230727573234
2025-01-30,BAJFINANCE,0.404513354646042,0.08686824212782085,0.5086184130050242
2025-01-30,INFY,0.19339630007743835,0.010594862513244152,0.7960088849067688
2025-01-30,KOTAKBANK,0.008592319674789906,0.9372944235801697,0.054113224148750305
2025-01-30,MARUTI,0.613651629537344,0.12977237440645695,0.2565760165452957
2025-01-30,TATASTEEL,0.06862052530050278,0.013241245411336422,0.9181381464004517
2025-01-30,WIPRO,0.8662160038948059,0.007579247001558542,0.12620475888252258
2025-01-31,ASIANPAINT,0.009147272445261478,0.9743267893791199,0.016525939106941223
2025-01-31,BAJAJ-AUTO,0.7716381549835205,0.0074281771667301655,0.22093366086483002
2025-01-31,BAJAJFINSV,0.9521666169166565,0.02099747769534588,0.02683592587709427
2025-01-31,BAJFINANCE,0.08430740516632795,0.010882903821766376,0.9048096835613251
2025-01-31,BHARTIARTL,0.038838863372802734,0.017897356301546097,0.9432637691497803
2025-01-31,CIPLA,0.06352363526821136,0.01127718947827816,0.9251992106437683
2025-01-31,HEROMOTOCO,0.018503669649362564,0.49772924184799194,0.4837671220302582
2025-01-31,INDUSINDBK,0.020686971489340067,0.5004902705550194,0.4788227342069149
2025-01-31,INFY,0.01115803699940443,0.9496609568595886,0.0391809418797493
2025-01-31,MARUTI,0.059430427849292755,0.01656854711472988,0.924001008272171
2025-01-31,NESTLEIND,0.9500802159309387,0.022100338712334633,0.027819423004984856
2025-01-31,NTPC,0.058933716267347336,0.011812658049166203,0.9292536973953247
2025-01-31,ONGC,0.0076231928542256355,0.9737715125083923,0.018605342134833336
2025-01-31,SUNPHARMA,0.08319827914237976,0.04351337254047394,0.8732883334159851
2025-01-31,WIPRO,0.02596951089799404,0.02793438360095024,0.9460960626602173
2025-02-01,BAJAJ-AUTO,0.9499115347862244,0.02117311581969261,0.02891535498201847
2025-02-01,HINDUNILVR,0.6465967893600464,0.009030374698340893,0.34437286853790283
2025-02-01,INDUSINDBK,0.34928533248603344,0.15987222455441952,0.4908424224704504
2025-02-01,LT,0.35336362943053246,0.12456769263371825,0.522068664431572
2025-02-01,NESTLEIND,0.09590304642915726,0.8596475124359131,0.044449418783187866
2025-02-01,NTPC,0.03296138346195221,0.0359354130923748,0.9311032295227051
2025-02-01,ONGC,0.3227808371496697,0.6558588594198227,0.021360295514265697
2025-02-01,SUNPHARMA,0.9506058394908905,0.019059265963733196,0.030334869399666786
2025-02-03,BAJAJFINSV,0.07245030254125595,0.010910633951425552,0.9166390895843506
2025-02-03,BAJFINANCE,0.9269923567771912,0.029178762808442116,0.04382886365056038
2025-02-03,COALINDIA,0.06281203031539917,0.031001759693026543,0.9061861634254456
2025-02-03,EICHERMOT,0.48081613425165415,0.032994091510772705,0.486189772374928
2025-02-03,HEROMOTOCO,0.9105039834976196,0.05094626173377037,0.038549840450286865
2025-02-03,INDUSINDBK,0.05687856674194336,0.01336649525910616,0.9297549426555634
2025-02-03,ITC,0.55431217700243,0.045751566998660564,0.3999362103641033
2025-02-03,M&M,0.08569813519716263,0.016690779477357864,0.8976110816001892
2025-02-03,NESTLEIND,0.07422381825745106,0.413791679777205,0.5119845047593117
2025-02-03,SBIN,0.03443301469087601,0.01942623034119606,0.9461407661437988
2025-02-03,SUNPHARMA,0.06474515050649643,0.011489029973745346,0.9237657785415649
2025-02-03,TITAN,0.7084048986434937,0.21986520290374756,0.07172984629869461
2025-02-04,ASIANPAINT,0.05194183811545372,0.019139142706990242,0.9289190173149109
2025-02-04,BAJAJFINSV,0.1206744983792305,0.01189807802438736,0.8674274682998657
2025-02-04,BAJFINANCE,0.02970336750149727,0.021986793726682663,0.9483098983764648
2025-02-04,BHARTIARTL,0.9528430104255676,0.023566722869873047,0.023590289056301117
2025-02-04,HEROMOTOCO,0.783806562423706,0.016868993639945984,0.19932441413402557
2025-02-04,INDUSINDBK,0.11473989859223366,0.010069945827126503,0.8751901388168335
2025-02-04,ITC,0.009998532943427563,0.9729323387145996,0.017069192603230476
2025-02-04,NESTLEIND,0.19137746468186378,0.3239893806166947,0.48463316448032856
2025-02-04,ONGC,0.8957558274269104,0.04839589074254036,0.055848222225904465
2025-02-04,POWERGRID,0.007499549072235823,0.9739548861980438,0.018545581959187984
2025-02-04,SBIN,0.9533494114875793,0.02274523675441742,0.023905428126454353
2025-02-04,SUNPHARMA,0.06874024868011475,0.010953075252473354,0.9203066229820251
2025-02-04,TATASTEEL,0.6487229466438293,0.008598986081779003,0.3426780700683594
2025-02-04,TITAN,0.08574950695037842,0.8991127014160156,0.015137860551476479
2025-02-05,ASIANPAINT,0.06542756853418218,0.45213988702744246,0.4824325532341997
2025-02-05,HEROMOTOCO,0.04575693607330322,0.9160102009773254,0.03823290392756462
2025-02-05,INDUSINDBK,0.07728437334299088,0.009994101710617542,0.9127215147018433
2025-02-05,ITC,0.28721535205841064,0.010031124576926231,0.702753484249115
2025-02-05,MARUTI,0.06601343303918839,0.023685231804847717,0.9103013277053833
2025-02-05,NESTLEIND,0.056007390220959984,0.026746795202294987,0.9172458449999491
2025-02-05,ONGC,0.1241249330341816,0.01317862281575799,0.8626964092254639
2025-02-05,RELIANCE,0.032012369483709335,0.020940344780683517,0.9470472931861877
2025-02-05,SBIN,0.18935735523700714,0.009131188504397869,0.8015114665031433
2025-02-05,TITAN,0.17428286373615265,0.8067328333854675,0.01898435689508915
2025-02-06,ASIANPAINT,0.07696536928415298,0.017718307363490265,0.9053163131078085
2025-02-06,BHARTIARTL,0.10640841722488403,0.008485782891511917,0.8851057887077332
2025-02-06,HEROMOTOCO,0.4888219302520156,0.023382339626550674,0.4877957636490464
2025-02-06,ITC,0.5247661098837852,0.13182880636304617,0.34340507350862026
2025-02-06,MARUTI,0.9516234397888184,0.02617633529007435,0.022200264036655426
2025-02-06,SBIN,0.8756276965141296,0.010990154929459095,0.11338207125663757
2025-02-06,TCS,0.010029301047325134,0.9653146266937256,0.024656107649207115
2025-02-07,BHARTIARTL,0.7177065131254494,0.0309405536390841,0.2513529588468373
2025-02-07,BRITANNIA,0.9510782361030579,0.02203251700848341,0.02688924502581358
2025-02-07,HDFCBANK,0.041101550993820034,0.43061546484629315,0.528283025448521
2025-02-07,HEROMOTOCO,0.9317661672830582,0.022202360210940242,0.04603143176063895
2025-02-07,INFY,0.034779260866343975,0.5019500199705362,0.46327072381973267
2025-02-07,ITC,0.41513135507702825,0.19429710730910302,0.3905715424567461
2025-02-07,M&M,0.9493558406829834,0.02366022827724616,0.026983915517727535
2025-02-07,SBIN,0.09656816969315211,0.5924367569386959,0.31099505474170047
2025-02-09,JSWSTEEL,0.04351569712162018,0.23037447035312653,0.7261098027229309
2025-02-09,SBIN,0.1762128621339798,0.010634363628923893,0.8131527304649353
2025-02-10,AXISBANK,0.09938500076532364,0.011011630296707153,0.8896034359931946
2025-02-10,BHARTIARTL,0.5250258669257164,0.012880961876362562,0.46209321543574333
2025-02-10,CIPLA,0.021284581627696753,0.49927639961242676,0.4794390369206667
2025-02-10,COALINDIA,0.016833381727337837,0.03409959748387337,0.9490670561790466
2025-02-10,EICHERMOT,0.9524468779563904,0.02256985753774643,0.024983299896121025
2025-02-10,HEROMOTOCO,0.1512346714735031,0.00895417109131813,0.8398111462593079
2025-02-10,INFY,0.01082827802747488,0.9156496524810791,0.07352204620838165
2025-02-10,ITC,0.11851618438959122,0.025903426110744476,0.8555803894996643
2025-02-10,JSWSTEEL,0.03243881091475487,0.021531684324145317,0.9460294842720032
2025-02-10,M&M,0.08224383555352688,0.01086902292445302,0.9068871140480042
2025-02-10,SBIN,0.14116331934928894,0.011458403430879116,0.8473783135414124
2025-02-10,TATASTEEL,0.011697525158524513,0.9694780111312866,0.01882454752922058
2025-02-11,BHARTIARTL,0.05652488023042679,0.014307519420981407,0.929167628288269
2025-02-11,EICHERMOT,0.3202250972390175,0.25398745636145276,0.42578745260834694
2025-02-11,GRASIM,0.4930759258568287,0.033378298394382,0.47354581765830517
2025-02-11,HDFCBANK,0.014116980135440826,0.9691930413246155,0.0166899673640728
2025-02-11,HINDALCO,0.5025059264153242,0.4160191682167351,0.08147489465773106
2025-02-11,KOTAKBANK,0.034815333783626556,0.02009640634059906,0.945088267326355
2025-02-11,M&M,0.06445422023534775,0.011884462088346481,0.9236612915992737
2025-02-11,NTPC,0.07660523802042007,0.017537740990519524,0.9058569669723511
2025-02-11,SBIN,0.1661478579044342,0.01234862208366394,0.8215035200119019
2025-02-11,TATASTEEL,0.43253469467163086,0.5157880187034607,0.05167724937200546
2025-02-12,BHARTIARTL,0.028609564527869225,0.022048484534025192,0.9493420124053955
2025-02-12,BPCL,0.6291863918304443,0.010458959266543388,0.3603546470403671
2025-02-12,EICHERMOT,0.6220230609178543,0.013714730273932219,0.36426225304603577
2025-02-12,HEROMOTOCO,0.11915462091565132,0.011122177354991436,0.8697232306003571
2025-02-12,ICICIBANK,0.029788745567202568,0.02546878717839718,0.9447424411773682
2025-02-12,INFY,0.9196561574935913,0.027155710384249687,0.05318805202841759
2025-02-12,ITC,0.5172733962535858,0.01638125441968441,0.4663453511893749
2025-02-12,KOTAKBANK,0.0342879593372345,0.312128484249115,0.6535835862159729
2025-02-12,ONGC,0.9170624017715454,0.010336593724787235,0.07260100543498993
2025-02-13,BAJFINANCE,0.030028561130166054,0.022268885746598244,0.9477025270462036
2025-02-13,EICHERMOT,0.1385161280632019,0.08093566447496414,0.7805482149124146
2025-02-13,ICICIBANK,0.025296004489064217,0.02790682762861252,0.9467971920967102
2025-02-13,INFY,0.1779448539018631,0.6701891422271729,0.15186601877212524
2025-02-13,ITC,0.07450328022241592,0.010527395643293858,0.9149693250656128
2025-02-13,KOTAKBANK,0.9175024032592773,0.02374560385942459,0.05875203385949135
2025-02-13,MARUTI,0.03733324259519577,0.9216938018798828,0.04097297415137291
2025-02-13,NTPC,0.21693401038646698,0.007495315745472908,0.7755706906318665
2025-02-13,TATASTEEL,0.930786669254303,0.03293852601200342,0.036274850368499756
2025-02-14,BHARTIARTL,0.010388167575001717,0.9712247252464294,0.018387049436569214
2025-02-14,HINDALCO,0.7697002589702606,0.027532736770808697,0.20276704337447882
2025-02-14,HINDUNILVR,0.6710454225540161,0.06927675008773804,0.25967785716056824
2025-02-14,ICICIBANK,0.010714872740209103,0.9572498202323914,0.032035306096076965
2025-02-14,MARUTI,0.8662844300270081,0.08974720537662506,0.043968383222818375
2025-02-14,ULTRACEMCO,0.028691871091723442,0.025673003867268562,0.9456350803375244
2025-02-14,WIPRO,0.09485862404108047,0.012463335879147053,0.8926780223846436
2025-02-16,INFY,0.5144526362419128,0.14431613683700562,0.34123122692108154
2025-02-17,BHARTIARTL,0.07240012288093567,0.015076684765517712,0.9125232100486755
2025-02-17,BPCL,0.5252577066421509,0.00941541139036417,0.4653269052505493
2025-02-17,ICICIBANK,0.031566038727760315,0.023137390613555908,0.945296585559845
2025-02-17,POWERGRID,0.7752596139907837,0.1678723245859146,0.05686814710497856
2025-02-17,TITAN,0.02288595587015152,0.9550204277038574,0.022093670442700386
2025-02-17,WIPRO,0.03200714197009802,0.02719283662736416,0.9407999813556671
2025-02-18,ASIANPAINT,0.25575530529022217,0.010302441194653511,0.7339422106742859
2025-02-18,AXISBANK,0.5296965837478638,0.013987777754664421,0.4563156068325043
2025-02-18,BAJAJ-AUTO,0.05256173014640808,0.4130600392818451,0.5343782305717468
2025-02-18,BAJAJFINSV,0.03216562792658806,0.0200989730656147,0.9477354288101196
2025-02-18,BHARTIARTL,0.04533297444383303,0.0174282006919384,0.9372387727101644
2025-02-18,HDFCBANK,0.7370668649673462,0.008042929694056511,0.25489020347595215
2025-02-18,HINDALCO,0.08721303194761276,0.013068773783743382,0.899718165397644
2025-02-18,INFY,0.06577417068183422,0.6719902702607214,0.26223557023331523
2025-02-18,KOTAKBANK,0.25347650051116943,0.03251238912343979,0.7140111327171326
2025-02-18,TATASTEEL,0.918914794921875,0.009986581280827522,0.07109859585762024
2025-02-18,TECHM,0.03461732342839241,0.02224627323448658,0.9431363940238953
2025-02-18,ULTRACEMCO,0.016812598332762718,0.9041995406150818,0.07898784428834915
2025-02-19,BAJFINANCE,0.06620293855667114,0.011052102781832218,0.9227449893951416
2025-02-19,BHARTIARTL,0.06994510348886251,0.017813592683523893,0.9122412800788879
2025-02-19,HINDALCO,0.9504231810569763,0.02008400484919548,0.02949286438524723
2025-02-19,KOTAKBANK,0.034065261483192444,0.02071145549416542,0.9452232718467712
2025-02-19,TATASTEEL,0.4655009638518095,0.02682354487478733,0.507675476372242
2025-02-19,TCS,0.010382932610809803,0.967452883720398,0.0221641156822443
2025-02-20,BAJFINANCE,0.012400694191455841,0.9690903425216675,0.018508972600102425
2025-02-20,EICHERMOT,0.949783205986023,0.01983794942498207,0.03037889115512371
2025-02-20,HDFCBANK,0.030008168891072273,0.9541359543800354,0.015855887904763222
2025-02-20,HINDUNILVR,0.7879136204719543,0.007410132326185703,0.20467625558376312
2025-02-20,ITC,0.04032345861196518,0.9448716044425964,0.01480493601411581
2025-02-20,JSWSTEEL,0.0704164206981659,0.016569901257753372,0.9130136966705322
2025-02-20,KOTAKBANK,0.034589339047670364,0.052226997911930084,0.9131836295127869
2025-02-20,MARUTI,0.07348824385553598,0.5557851418852806,0.3707266291603446
2025-02-20,NTPC,0.46619018353521824,0.02818694058805704,0.5056228712201118
2025-02-21,BAJAJ-AUTO,0.1480165272951126,0.008354591205716133,0.8436288833618164
2025-02-21,BHARTIARTL,0.8612910509109497,0.007430884521454573,0.13127805292606354
2025-02-21,BPCL,0.07226619869470596,0.019309619441628456,0.9084241986274719
2025-02-21,HINDALCO,0.7401262819766998,0.043651122599840164,0.21622257307171822
2025-02-21,INFY,0.2603612795472145,0.12114175874739885,0.6184969782829285
2025-02-21,KOTAKBANK,0.023129906505346298,0.03072691522538662,0.9461432099342346
2025-02-21,MARUTI,0.06310261165102322,0.34869755059480667,0.588199844583869
2025-02-21,TATASTEEL,0.5382508933544159,0.32094167172908783,0.14080746099352837
2025-02-23,COALINDIA,0.43886297941207886,0.009276590310037136,0.5518604516983032
2025-02-23,TATASTEEL,0.04262249544262886,0.02449822425842285,0.9328792691230774
2025-02-24,BHARTIARTL,0.0763695053756237,0.01394717674702406,0.9096833169460297
2025-02-24,INFY,0.17757898569107056,0.15054073929786682,0.6718802750110626
2025-02-24,KOTAKBANK,0.03330433368682861,0.02136492170393467,0.9453307390213013
2025-02-24,NTPC,0.03177647665143013,0.023219134658575058,0.9450043439865112
2025-02-25,AXISBANK,0.04932422190904617,0.011254719458520412,0.9394210577011108
2025-02-25,BHARTIARTL,0.9199092388153076,0.051575858145952225,0.0285149235278368
2025-02-25,MARUTI,0.7618051171302795,0.008623766712844372,0.22957101464271545
2025-02-25,NESTLEIND,0.24463550746440887,0.029026206582784653,0.726338267326355
2025-02-25,NTPC,0.03578650578856468,0.018382767215371132,0.945830762386322
2025-02-25,ONGC,0.02932286262512207,0.034067194908857346,0.9366099238395691
2025-02-25,RELIANCE,0.6377902030944824,0.012276983819901943,0.34993281960487366
2025-02-25,SBIN,0.24663242511451244,0.01083333557471633,0.7425342574715614
2025-02-25,TATASTEEL,0.45275986194610596,0.05215119570493698,0.4950889050960541
2025-02-25,ULTRACEMCO,0.38669219613075256,0.014091083779931068,0.5992166996002197
2025-02-26,BHARTIARTL,0.46025195717811584,0.02006533369421959,0.5196827054023743
2025-02-26,GRASIM,0.025627542287111282,0.9454042911529541,0.02896815538406372
2025-02-26,INFY,0.38433632627129555,0.2814864357933402,0.3341772258281708
2025-02-26,RELIANCE,0.11936027184128761,0.39869045093655586,0.4819492772221565
2025-02-26,WIPRO,0.25491592288017273,0.02169402316212654,0.7233901023864746
2025-02-27,BAJFINANCE,0.033895608969032764,0.44715028442442417,0.518954087048769
2025-02-27,BHARTIARTL,0.9225999116897583,0.032533951103687286,0.04486610367894173
2025-02-27,HDFCBANK,0.035208240151405334,0.01860647276043892,0.946185290813446
2025-02-27,INFY,0.03506136437257131,0.893919825553894,0.0710188044855992
2025-02-27,ULTRACEMCO,0.3893719036132097,0.48957205191254616,0.12105609010905027
2025-02-27,WIPRO,0.13928965168694654,0.01517768856137991,0.8455326557159424
2025-02-28,AXISBANK,0.14676859974861145,0.009023789316415787,0.8442075848579407
2025-02-28,BAJAJ-AUTO,0.08885852992534637,0.011709951795637608,0.8994314670562744
2025-02-28,BAJFINANCE,0.030060263350605965,0.024430250748991966,0.9455094337463379
2025-02-28,COALINDIA,0.9193615913391113,0.01597101055085659,0.06466732174158096
2025-02-28,GRASIM,0.9521436095237732,0.0200349148362875,0.027821466326713562
2025-02-28,HCLTECH,0.03372772876173258,0.02101992256939411,0.9452523291110992
2025-02-28,INFY,0.08194916695356369,0.23929132521152496,0.6787595152854919
2025-03-01,MARUTI,0.1746024489402771,0.8091017007827759,0.016295842826366425
2025-03-02,HDFCBANK,0.21075275540351868,0.6615690588951111,0.12767817080020905
2025-03-02,TCS,0.04325816035270691,0.943298876285553,0.013442936353385448
2025-03-03,BAJAJFINSV,0.016792133450508118,0.9678233861923218,0.015384460799396038
2025-03-03,BAJFINANCE,0.03284204378724098,0.019563641399145126,0.9475942850112915
2025-03-03,COALINDIA,0.01139936875551939,0.9659078121185303,0.022692812606692314
2025-03-03,HDFCBANK,0.44821248203516006,0.06061776727437973,0.49116975255310535
2025-03-03,M&M,0.03266094997525215,0.019198311492800713,0.9481407403945923
2025-03-03,ULTRACEMCO,0.8721972107887268,0.06824499368667603,0.05955775827169418
2025-03-03,WIPRO,0.12312919646501541,0.8630164861679077,0.013854410499334335
2025-03-04,ASIANPAINT,0.8555034399032593,0.04809318855404854,0.09640342742204666
2025-03-04,BAJAJ-AUTO,0.01524457149207592,0.9672252535820007,0.01753021962940693
2025-03-04,BPCL,0.8072701692581177,0.1626598834991455,0.03006993606686592
2025-03-04,COALINDIA,0.08423008769750595,0.009977051988244057,0.9057928919792175
2025-03-04,SBIN,0.9330606460571289,0.023427864536643028,0.04351149871945381
2025-03-04,TITAN,0.00986246857792139,0.9548453688621521,0.035292111337184906
2025-03-05,BHARTIARTL,0.06989706307649612,0.012606365606188774,0.9174965620040894
2025-03-05,COALINDIA,0.02482098899781704,0.06742678582668304,0.9077522158622742
2025-03-05,INFY,0.10457877069711685,0.010242471471428871,0.8851787447929382
2025-03-05,KOTAKBANK,0.03592648729681969,0.017426935955882072,0.9466465711593628
2025-03-05,POWERGRID,0.03403238765895367,0.019584571942687035,0.9463830590248108
2025-03-05,TATASTEEL,0.9236176609992981,0.043043918907642365,0.033338386565446854
2025-03-05,TCS,0.29882489517331123,0.4863514411263168,0.21482364740222692
2025-03-06,ASIANPAINT,0.39244601130485535,0.5676824450492859,0.03987149894237518
2025-03-06,BPCL,0.9087642431259155,0.0617576539516449,0.02947806939482689
2025-03-06,INFY,0.08541608601808548,0.0422612726688385,0.872322678565979
2025-03-06,TATASTEEL,0.934411883354187,0.03129727393388748,0.03429082781076431
2025-03-06,TCS,0.025976158678531647,0.02640133537352085,0.9476224780082703
2025-03-06,WIPRO,0.03014318272471428,0.018748324364423752,0.9511085152626038
2025-03-07,AXISBANK,0.03573964536190033,0.018929431214928627,0.9453309774398804
2025-03-07,BAJAJFINSV,0.028473984450101852,0.02536236308515072,0.9461635947227478
2025-03-07,NESTLEIND,0.014131033793091774,0.9371351599693298,0.04873371496796608
2025-03-07,POWERGRID,0.03164717182517052,0.018946152180433273,0.9494066834449768
2025-03-07,RELIANCE,0.878630518913269,0.09354322403669357,0.02782619558274746
2025-03-09,RELIANCE,0.03538646176457405,0.018105581402778625,0.94650799036026
2025-03-10,BHARTIARTL,0.0681072324514389,0.04690513899549842,0.8849876523017883
2025-03-10,HEROMOTOCO,0.017334608361124992,0.8419364094734192,0.14072903990745544
2025-03-10,INDUSINDBK,0.14487531563887993,0.4200947356099884,0.4350299257785082
2025-03-10,JSWSTEEL,0.9096007347106934,0.03596893697977066,0.054430361837148666
2025-03-10,NTPC,0.08152762800455093,0.012088920921087265,0.9063834547996521
2025-03-10,TATASTEEL,0.892025351524353,0.05705206096172333,0.05092262104153633
2025-03-11,BHARTIARTL,0.907468318939209,0.008902286179363728,0.08362944424152374
2025-03-11,EICHERMOT,0.08240701258182526,0.011238367296755314,0.9063546657562256
2025-03-11,HEROMOTOCO,0.2888873517513275,0.010499396361410618,0.700613260269165
2025-03-11,ICICIBANK,0.014987084083259106,0.7110007405281067,0.27401217818260193
2025-03-11,INDUSINDBK,0.14344569129337156,0.5111285791998463,0.34542574726843406
2025-03-11,INFY,0.012041804380714893,0.9680947661399841,0.019863484427332878
2025-03-11,RELIANCE,0.038024019449949265,0.017522083595395088,0.9444538354873657
2025-03-11,SBIN,0.19201500713825226,0.009648927487432957,0.7983360886573792
2025-03-11,SUNPHARMA,0.06781605631113052,0.011166324838995934,0.921017587184906
2025-03-11,TCS,0.08651059120893478,0.008995370008051395,0.904494047164917
2025-03-12,BHARTIARTL,0.4818546501919627,0.05997874680906534,0.4581666048616171
2025-03-12,ICICIBANK,0.6573060154914856,0.012623827904462814,0.3300700783729553
2025-03-12,INDUSINDBK,0.15229396075010299,0.2533489570021629,0.5943571031093597
2025-03-12,INFY,0.20342108234763145,0.21012923065572978,0.5864496726542712
2025-03-12,RELIANCE,0.03292474523186684,0.02027445286512375,0.9468008279800415
2025-03-12,TATASTEEL,0.070888951420784,0.060136813670396805,0.8689742088317871
2025-03-13,BHARTIARTL,0.5083397552371025,0.009884358383715153,0.4817759059369564
2025-03-13,HINDUNILVR,0.011960051022469997,0.8927243947982788,0.0953156054019928
2025-03-13,INDUSINDBK,0.1910812541221579,0.17557365152363977,0.6333451044435302
2025-03-13,INFY,0.105497513897717,0.031171664595603943,0.8633308112621307
2025-03-13,KOTAKBANK,0.03593963943421841,0.12049046065658331,0.8435698747634888
2025-03-13,TATASTEEL,0.8948677182197571,0.04263060912489891,0.06250166147947311
2025-03-13,TCS,0.20674809627234936,0.31622912641614676,0.4770227735862136
2025-03-14,INFY,0.7215602397918701,0.08755583316087723,0.19088391959667206
2025-03-14,KOTAKBANK,0.21251168847084045,0.009344395250082016,0.7781439423561096
2025-03-14,WIPRO,0.819378137588501,0.006142514292150736,0.1744793802499771
2025-03-15,INDUSINDBK,0.9182725548744202,0.014059660956263542,0.06766781210899353
2025-03-15,KOTAKBANK,0.08879155665636063,0.025407887995243073,0.8858005404472351
2025-03-17,HINDUNILVR,0.612687885761261,0.013263681903481483,0.3740484118461609
2025-03-17,INDUSINDBK,0.2591417417861521,0.06446225941181183,0.6763960001990199
2025-03-17,MARUTI,0.9461790919303894,0.020925147458910942,0.03289572522044182
2025-03-17,RELIANCE,0.4093143939971924,0.009034945629537106,0.5816506743431091
2025-03-17,SUNPHARMA,0.9393406510353088,0.021084772422909737,0.039574552327394485
2025-03-17,TCS,0.17209717631340027,0.03409060835838318,0.7938122749328613
2025-03-18,BAJAJ-AUTO,0.5886000990867615,0.01088598184287548,0.4005138874053955
2025-03-18,BAJAJFINSV,0.030518306884914637,0.48220749106258154,0.48727414198219776
2025-03-18,CIPLA,0.8538597822189331,0.008961410261690617,0.13717879354953766
2025-03-18,HINDALCO,0.9497342109680176,0.01892702654004097,0.03133876249194145
2025-03-18,INDUSINDBK,0.37418785598129034,0.018537308322265744,0.607274828478694
2025-03-18,KOTAKBANK,0.03878931328654289,0.018276521936058998,0.9429341554641724
2025-03-19,BAJAJ-AUTO,0.02961542084813118,0.022248297929763794,0.9481362700462341
2025-03-19,BAJAJFINSV,0.11608918756246567,0.022447047755122185,0.861463725566864
2025-03-19,BAJFINANCE,0.056056052446365356,0.015712199732661247,0.9282317757606506
2025-03-19,BHARTIARTL,0.0759708359837532,0.02507961168885231,0.8989495635032654
2025-03-19,INDUSINDBK,0.035828426480293274,0.19921622425317764,0.7649553716182709
2025-03-19,SBIN,0.09410541877150536,0.01336575672030449,0.8925288021564484
2025-03-19,TITAN,0.026931606233119965,0.14428287744522095,0.8287854790687561
2025-03-20,BAJAJFINSV,0.03765101358294487,0.036541495472192764,0.9258074760437012
2025-03-20,HEROMOTOCO,0.6493633389472961,0.007851487025618553,0.34278517961502075
2025-03-20,HINDALCO,0.29861772060394287,0.014455427415668964,0.6869268417358398
2025-03-20,SBIN,0.0671287402510643,0.01978154480457306,0.9130896925926208
2025-03-20,TATASTEEL,0.022407304495573044,0.8446103930473328,0.1329822689294815
2025-03-20,WIPRO,0.02765602432191372,0.023551400750875473,0.948792576789856
2025-03-21,BAJFINANCE,0.4697157209739089,0.024125145748257637,0.506159070879221
2025-03-21,EICHERMOT,0.947038471698761,0.0229917224496603,0.029969913884997368
2025-03-21,HINDALCO,0.18279601633548737,0.04254801198840141,0.7746559977531433
2025-03-21,INDUSINDBK,0.01671916029105584,0.8738775054613749,0.10940336746474107
2025-03-21,JSWSTEEL,0.03340362757444382,0.01977904513478279,0.9468172788619995
2025-03-21,TATASTEEL,0.014573401771485806,0.9404312372207642,0.04499535635113716
2025-03-21,TCS,0.9191339015960693,0.0492219515144825,0.031644146889448166
2025-03-22,INFY,0.07615294307470322,0.023303473368287086,0.9005435109138489
2025-03-23,AXISBANK,0.8884819149971008,0.018201572820544243,0.09331655502319336
2025-03-23,INDUSINDBK,0.03691001981496811,0.6178884506225586,0.3452015221118927
2025-03-23,ONGC,0.4201716184616089,0.044242747128009796,0.5355856418609619
2025-03-23,RELIANCE,0.029942156746983528,0.02134348638355732,0.9487143158912659
2025-03-24,BAJAJFINSV,0.043292317539453506,0.015804441645741463,0.9409032464027405
2025-03-24,BHARTIARTL,0.04282553121447563,0.025339363142848015,0.9318351149559021
2025-03-24,BPCL,0.1620607227087021,0.15460321307182312,0.6833360195159912
2025-03-24,BRITANNIA,0.02002907730638981,0.8979843854904175,0.08198649436235428
2025-03-24,INDUSINDBK,0.47851887345314026,0.4477050304412842,0.07377609610557556
2025-03-24,KOTAKBANK,0.9228489696979523,0.03484330140054226,0.04230773262679577
2025-03-24,M&M,0.010598104447126389,0.9684385657310486,0.020963314920663834
2025-03-24,NTPC,0.954888105392456,0.020545631647109985,0.024566229432821274
2025-03-24,TECHM,0.07540269196033478,0.06886962801218033,0.8557277321815491
2025-03-24,TITAN,0.008279231376945972,0.9686263203620911,0.02309441566467285
2025-03-25,BAJAJFINSV,0.03176424279808998,0.022138971835374832,0.9460967779159546
2025-03-25,HCLTECH,0.04230206087231636,0.016562186181545258,0.9411357045173645
2025-03-25,INDUSINDBK,0.08089303784072399,0.4047847067316373,0.5143222901970148
2025-03-25,INFY,0.9187808632850647,0.05243777483701706,0.028781389817595482
2025-03-25,ONGC,0.029449917376041412,0.9501011967658997,0.02044888399541378
2025-03-25,SBIN,0.8193153738975525,0.012092562392354012,0.16859209537506104
2025-03-25,ULTRACEMCO,0.8641580939292908,0.01691562496125698,0.11892637610435486
2025-03-26,AXISBANK,0.035992901772260666,0.01924567110836506,0.9447613954544067
2025-03-26,BAJFINANCE,0.06605508178472519,0.019176218658685684,0.9147686958312988
2025-03-26,BHARTIARTL,0.801843523979187,0.010754664428532124,0.18740180134773254
2025-03-26,HDFCBANK,0.09945608442649245,0.4833182180300355,0.41722568217664957
2025-03-26,HINDALCO,0.13873767852783203,0.822335422039032,0.03892694041132927
2025-03-26,ICICIBANK,0.023007716983556747,0.021992575377225876,0.9549997448921204
2025-03-26,INDUSINDBK,0.5585010473926862,0.21093894292910895,0.23056002954641977
2025-03-26,KOTAKBANK,0.5313442349433899,0.008355993777513504,0.4602998197078705
2025-03-26,MARUTI,0.2134028822183609,0.0078361751511693,0.7787609100341797
2025-03-26,TCS,0.02570333145558834,0.29284363985061646,0.6814530491828918
2025-03-26,WIPRO,0.8866413831710815,0.016849076375365257,0.09650956839323044
2025-03-27,AXISBANK,0.02991982363164425,0.026505498215556145,0.9435746669769287
2025-03-27,BAJAJFINSV,0.03489268943667412,0.019446457736194134,0.9456608295440674
2025-03-27,EICHERMOT,0.07932372391223907,0.9041409492492676,0.016535378992557526
2025-03-27,HDFCBANK,0.027550356462597847,0.024929296225309372,0.94752037525177
2025-03-27,INDUSINDBK,0.03086966648697853,0.3274509757757187,0.6416793614625931
2025-03-27,INFY,0.8569700121879578,0.00935258436948061,0.1336774230003357
2025-03-27,KOTAKBANK,0.455993477255106,0.032557705882936716,0.5114488489925861
2025-03-27,LT,0.8820682168006897,0.09242315590381622,0.025508645921945572
2025-03-27,WIPRO,0.943952739238739,0.02361982688307762,0.0324273481965065
2025-03-28,HCLTECH,0.030555207282304764,0.021163523197174072,0.9482812881469727
2025-03-28,INDUSINDBK,0.023868460208177567,0.5253659337759018,0.4507656153291464
2025-03-28,ONGC,0.9391601085662842,0.01691853441298008,0.04392136260867119
2025-03-28,RELIANCE,0.5507957935333252,0.17420901358127594,0.2749951481819153
2025-03-28,SBIN,0.03734591603279114,0.02312747947871685,0.9395265579223633
2025-03-28,ULTRACEMCO,0.9412428736686707,0.02736843377351761,0.03138868510723114
2025-03-30,INFY,0.12081969529390335,0.010799766518175602,0.8683805465698242
2025-03-30,KOTAKBANK,0.8057790398597717,0.07788652181625366,0.11633440852165222
2025-03-31,INFY,0.19892606139183044,0.008703515864908695,0.7923704385757446
2025-03-31,ITC,0.06835724413394928,0.013397442176938057,0.9182453155517578
2025-03-31,TATASTEEL,0.050409190356731415,0.018452700227499008,0.9311380982398987
2025-04-01,COALINDIA,0.06733392179012299,0.7147801518440247,0.21788592636585236
2025-04-01,EICHERMOT,0.9049561023712158,0.025939244776964188,0.06910466402769089
2025-04-01,HDFCBANK,0.01308473851531744,0.9726113080978394,0.014303939417004585
2025-04-01,ITC,0.667969137430191,0.01814555625120799,0.31388529762625694
2025-04-01,MARUTI,0.9168288707733154,0.03636285290122032,0.04680832847952843
2025-04-01,RELIANCE,0.09974440932273865,0.012701088562607765,0.8875545263290405
2025-04-01,ULTRACEMCO,0.1058397889137268,0.00942272413522005,0.8847374320030212
2025-04-02,HINDALCO,0.07174859941005707,0.013050826266407967,0.9152005910873413
2025-04-02,INDUSINDBK,0.026381703093647957,0.09921290725469589,0.8744053840637207
2025-04-02,MARUTI,0.9191051125526428,0.027824552729725838,0.0530703142285347
2025-04-02,ONGC,0.9224051833152771,0.043932799249887466,0.03366202861070633
2025-04-02,POWERGRID,0.025583798065781593,0.025306684896349907,0.9491095542907715
2025-04-03,BAJFINANCE,0.12781623005867004,0.0991130918264389,0.7730706334114075
2025-04-03,HDFCBANK,0.03213714435696602,0.01914498209953308,0.9487178921699524
2025-04-03,SBIN,0.7829675674438477,0.009437859058380127,0.20759454369544983
2025-04-03,TCS,0.06488149613142014,0.8684558868408203,0.06666264683008194
2025-04-04,BAJFINANCE,0.9471344947814941,0.027161166071891785,0.025704307481646538
2025-04-04,HDFCBANK,0.4832522738724947,0.02529875934123993,0.4914489984512329
2025-04-04,INDUSINDBK,0.1388145387172699,0.41152486205101013,0.44966059923171997
2025-04-04,SBIN,0.03775830566883087,0.01792515255510807,0.9443165063858032
2025-04-04,TCS,0.11627554520964622,0.5387519970536232,0.3449724707752466
2025-04-07,BPCL,0.8340084850788116,0.09267483837902546,0.07331672962754965
2025-04-07,HDFCBANK,0.019535778556019068,0.4936736114323139,0.4867906365543604
2025-04-07,INDUSINDBK,0.06933850888162851,0.15755601320415735,0.7731054425239563
2025-04-07,TATASTEEL,0.00930581521242857,0.9522817730903625,0.03841235861182213
2025-04-07,TCS,0.015327435918152332,0.9520021677017212,0.03267049044370651
2025-04-08,BPCL,0.6493222117424011,0.27161163091659546,0.0790662094950676
2025-04-08,HDFCBANK,0.6492461562156677,0.30414053797721863,0.04661327973008156
2025-04-08,ITC,0.32694604992866516,0.11180854588747025,0.5612453818321228
2025-04-08,KOTAKBANK,0.03309739753603935,0.019535478204488754,0.9473671317100525
2025-04-08,M&M,0.030278969556093216,0.0248941071331501,0.9448269009590149
2025-04-08,TCS,0.2996280789375305,0.012832902371883392,0.6875390410423279
2025-04-08,TITAN,0.9451990723609924,0.024933641776442528,0.029867252334952354
2025-04-09,ASIANPAINT,0.9351534843444824,0.037995871156454086,0.026850741356611252
2025-04-09,HDFCBANK,0.20908576250076294,0.4317401647567749,0.3591740131378174
2025-04-09,INDUSINDBK,0.7192813158035278,0.02028743550181389,0.2604312300682068
2025-04-09,NESTLEIND,0.03364865854382515,0.021342573687434196,0.9450088143348694
2025-04-09,NTPC,0.040694400668144226,0.01665358431637287,0.9426519870758057
2025-04-09,TATASTEEL,0.18878740072250366,0.05416131764650345,0.7570512890815735
2025-04-09,WIPRO,0.30981773138046265,0.09274940937757492,0.5974329113960266
2025-04-10,ASIANPAINT,0.09045572578907013,0.013221442699432373,0.8963227868080139
2025-04-10,TATASTEEL,0.06921615451574326,0.015925150364637375,0.9148586392402649
2025-04-10,TCS,0.37852559774182737,0.46066033211536705,0.16081406513694674
2025-04-11,BAJAJFINSV,0.034054890275001526,0.02000722661614418,0.9459378719329834
2025-04-11,INDUSINDBK,0.03681432083249092,0.0489434115588665,0.9142422676086426
2025-04-11,INFY,0.03549734875559807,0.019283324480056763,0.9452193379402161
2025-04-11,TATASTEEL,0.5146918781101704,0.017729488667100668,0.46757861599326134
2025-04-11,TCS,0.18886979824552932,0.47510262702902156,0.33602755268414813
2025-04-13,POWERGRID,0.22261449694633484,0.35342341661453247,0.4239620864391327
2025-04-14,HDFCBANK,0.017226895317435265,0.24479100108146667,0.7379820942878723
2025-04-14,TCS,0.10988435707986355,0.030244218185544014,0.8598713874816895
2025-04-15,BHARTIARTL,0.12183032929897308,0.009513316676020622,0.8686563372612
2025-04-15,HDFCBANK,0.787692666053772,0.1725008338689804,0.03980649821460247
2025-04-15,INDUSINDBK,0.010555648244917393,0.9707432389259338,0.01870110258460045
2025-04-15,INFY,0.030369820073246956,0.036610666662454605,0.9330195188522339
2025-04-15,ITC,0.03219764307141304,0.02047039195895195,0.9473320245742798
2025-04-15,JSWSTEEL,0.65006522834301,0.013889799360185862,0.33604496624320745
2025-04-15,TATASTEEL,0.5315803363919258,0.02046446967869997,0.4479552423581481
2025-04-15,TCS,0.9499710202217102,0.021769743412733078,0.028259205631911755
2025-04-16,ICICIBANK,0.018477072939276695,0.9640976786613464,0.017425308004021645
2025-04-16,INDUSINDBK,0.019057591445744038,0.4980350686237216,0.4829073762521148
2025-04-16,JSWSTEEL,0.4634041371755302,0.4874900463037193,0.049105796962976456
2025-04-16,WIPRO,0.2304008398205042,0.4668022617697716,0.30279692518524826
2025-04-17,BHARTIARTL,0.32181257009506226,0.18393868207931519,0.49424874782562256
2025-04-17,COALINDIA,0.24665693938732147,0.00970656517893076,0.7436364889144897
2025-04-17,HDFCBANK,0.3387144226580858,0.35431957244873047,0.3069659856458505
2025-04-17,HEROMOTOCO,0.008071688935160637,0.9724234342575073,0.019504878669977188
2025-04-17,ICICIBANK,0.9544495940208435,0.023022839799523354,0.022527532652020454
2025-04-17,INDUSINDBK,0.05763927474617958,0.03887374326586723,0.903486967086792
2025-04-17,INFY,0.4731511204606957,0.14924833395828804,0.3776005408209231
2025-04-17,ITC,0.06832844763994217,0.011821948923170567,0.9198495745658875
2025-04-17,TATASTEEL,0.0436566136777401,0.045299261808395386,0.9110441207885742
2025-04-17,TCS,0.4200905170291662,0.4942664410918951,0.08564305678009987
2025-04-17,WIPRO,0.21892215055413544,0.25524328520987183,0.5258345669135451
2025-04-18,COALINDIA,0.8133201003074646,0.012518838979303837,0.17416098713874817
2025-04-18,INFY,0.11794282123446465,0.06038245279341936,0.8216747641563416
2025-04-18,NESTLEIND,0.2922757565975189,0.061398375779390335,0.6463258862495422
2025-04-18,TCS,0.25556254386901855,0.651263415813446,0.09317406266927719
2025-04-19,HDFCBANK,0.7131229738394419,0.12227794962624709,0.16459906908373037
2025-04-19,ICICIBANK,0.5621534857898951,0.33622705936431885,0.10161945223808289
2025-04-20,NTPC,0.03624191880226135,0.018602842465043068,0.9451552033424377
2025-04-20,SBIN,0.11837656795978546,0.013058354146778584,0.8685651421546936
2025-04-21,HDFCBANK,0.3359743351116776,0.06297576483339071,0.6010499002411962
2025-04-21,ICICIBANK,0.22782278954982757,0.07632308509200811,0.6958541292697191
2025-04-21,INFY,0.4470558064058423,0.1809672573581338,0.3719769276212901
2025-04-21,TCS,0.14866501092910767,0.3816365897655487,0.46969836950302124
2025-04-22,AXISBANK,0.023744193837046623,0.9383950233459473,0.03786073252558708
2025-04-22,HCLTECH,0.735207736492157,0.16498509049415588,0.09980715811252594
2025-04-22,HDFCBANK,0.3943495340645313,0.10759391868487,0.4980565719306469
2025-04-22,HINDUNILVR,0.026312334463000298,0.48363484907895327,0.49005282670259476
2025-04-22,ICICIBANK,0.1221705824136734,0.009957884903997183,0.8678715229034424
2025-04-22,INDUSINDBK,0.025148649234324694,0.4983858121559024,0.47646547481417656
2025-04-22,ITC,0.9424839019775391,0.01887938752770424,0.0386367104947567
2025-04-22,NESTLEIND,0.01746557652950287,0.9736069440841675,0.008927484042942524
2025-04-22,NTPC,0.0652351900935173,0.022460538893938065,0.9123042821884155
2025-04-22,SBIN,0.033911678940057755,0.01907612942159176,0.9470121264457703
2025-04-22,TCS,0.008046554401516914,0.9734572172164917,0.018496165052056313
2025-04-23,BHARTIARTL,0.511314332485199,0.3699752166867256,0.11871048621833324
2025-04-23,HCLTECH,0.19217791855335237,0.1819776102900505,0.6258444540202618
2025-04-23,MARUTI,0.010226343758404255,0.9653373956680298,0.024436337873339653
2025-04-23,RELIANCE,0.9411436319351196,0.037990547716617584,0.02086581289768219
2025-04-24,AXISBANK,0.3960260864347219,0.31105991508811714,0.2929140001535416
2025-04-24,BAJFINANCE,0.05224095284938812,0.02413554396480322,0.9236235022544861
2025-04-24,BHARTIARTL,0.4770795404911041,0.008372638374567032,0.5145478248596191
2025-04-24,HCLTECH,0.9515047967433929,0.018750036135315895,0.029745210893452168
2025-04-24,HINDUNILVR,0.6919064506888389,0.20752321258187295,0.10057033225893974
2025-04-24,INDUSINDBK,0.06887343525886536,0.017781531438231468,0.9133449792861938
2025-04-24,M&M,0.0320078581571579,0.019298629835247993,0.9486935138702393
2025-04-24,NESTLEIND,0.32199930648008984,0.6557565201073885,0.022244150439898174
2025-04-24,ONGC,0.8845644593238831,0.008482166565954685,0.10695340484380722
2025-04-24,TCS,0.43644673377275467,0.00857123383320868,0.55498206615448
2025-04-24,TECHM,0.4750911993905902,0.4998402539640665,0.025068585760891438
2025-04-24,ULTRACEMCO,0.03443994000554085,0.019314059987664223,0.9462460279464722
2025-04-25,AXISBANK,0.09107555852582057,0.1812118156813085,0.7277126557504138
2025-04-25,HINDUNILVR,0.34381656100352603,0.029316068937381107,0.6268673340479533
2025-04-25,INDUSINDBK,0.07447963207960129,0.01306423544883728,0.9124561548233032
2025-04-25,MARUTI,0.5629067532718182,0.14521539770066738,0.2918778616668923
2025-04-25,NESTLEIND,0.16707897434631983,0.018384342702726524,0.8145366708437601
2025-04-25,RELIANCE,0.38748941756784916,0.01824370678514242,0.5942668709903955
2025-04-25,TCS,0.8202877640724182,0.1582656055688858,0.02144663780927658
2025-04-25,TECHM,0.47391939982771875,0.01839705612510443,0.5076835755258798
2025-04-26,RELIANCE,0.13597361743450165,0.016333943232893944,0.8476924896240234
2025-04-27,HDFCBANK,0.14839434623718262,0.024621546268463135,0.826984167098999
2025-04-27,ICICIBANK,0.23987460136413574,0.021699225530028343,0.7384262084960938
2025-04-27,INDUSINDBK,0.041363392025232315,0.3094100058078766,0.6492266058921814
2025-04-28,AXISBANK,0.07683069072663784,0.015803108923137188,0.9073662161827087
2025-04-28,BAJAJ-AUTO,0.046853918582201004,0.05654035974293947,0.8966057300567627
2025-04-28,BAJFINANCE,0.4868723088875413,0.023190543055534363,0.4899371303617954
2025-04-28,HDFCBANK,0.8136519193649292,0.14896640181541443,0.037381768226623535
2025-04-28,HINDUNILVR,0.06106610223650932,0.013497482053935528,0.9254363775253296
2025-04-28,ICICIBANK,0.022490693256258965,0.8164002299308777,0.1611090898513794
2025-04-28,INDUSINDBK,0.01565852388739586,0.5642277598381042,0.4201136827468872
2025-04-28,M&M,0.8223351240158081,0.011401769705116749,0.16626302897930145
2025-04-28,MARUTI,0.046440798323601484,0.2546344315633178,0.6989247584715486
2025-04-28,RELIANCE,0.49811417364981025,0.2895526699721813,0.21233313344419003
2025-04-28,ULTRACEMCO,0.4678353760391474,0.04798191972076893,0.4841827033087611
2025-04-28,WIPRO,0.6767156720161438,0.00718598673120141,0.3160983622074127
2025-04-29,BAJFINANCE,0.2247830804437399,0.1135133920237422,0.6617035366594791
2025-04-29,BPCL,0.008512676693499088,0.9730176329612732,0.01846960373222828
2025-04-29,HDFCBANK,0.7700782418251038,0.03584744781255722,0.19407431781291962
2025-04-29,INDUSINDBK,0.019223183393478394,0.5957588292658329,0.3850180233518283
2025-04-29,INFY,0.018093610182404518,0.9497300982475281,0.03217631205916405
2025-04-29,RELIANCE,0.47581155225634575,0.02477214578539133,0.4994163531810045
2025-04-29,TCS,0.24780119955539703,0.007972180843353271,0.7442265748977661
2025-04-29,TECHM,0.1058688759803772,0.009152598679065704,0.8849785327911377
2025-04-29,ULTRACEMCO,0.2405492700636387,0.03873407538048923,0.7207166478037834
2025-04-30,BAJFINANCE,0.1649635024368763,0.01829002588056028,0.8167464733123779
2025-04-30,BPCL,0.22269800305366516,0.013840612024068832,0.7634613513946533
2025-04-30,INDUSINDBK,0.03104116426159938,0.6208636636535326,0.3480951401094596
2025-04-30,INFY,0.03576980158686638,0.019069915637373924,0.9451603293418884
2025-04-30,KOTAKBANK,0.7718321084976196,0.19141949713230133,0.03674829751253128
2025-04-30,SBIN,0.01793058216571808,0.4932338008657098,0.4888356253504753
2025-04-30,ULTRACEMCO,0.13354093581438065,0.00957575161010027,0.856883317232132
2025-05-01,BAJFINANCE,0.047982823103666306,0.017567818984389305,0.9344493746757507
2025-05-01,ICICIBANK,0.19745326042175293,0.025857284665107727,0.7766894698143005
2025-05-01,INDUSINDBK,0.02641521394252777,0.2054707407951355,0.7681140303611755
2025-05-01,JSWSTEEL,0.2751745581626892,0.3375800549983978,0.3872453570365906
2025-05-02,AXISBANK,0.02693340741097927,0.023901088163256645,0.9491655230522156
2025-05-02,BAJAJFINSV,0.9511470198631287,0.019911539740860462,0.028941436670720577
2025-05-02,BAJFINANCE,0.6540843024849892,0.016597154860695202,0.3293185470004876
2025-05-02,BPCL,0.008154386654496193,0.9748650193214417,0.016980597749352455
2025-05-02,INDUSINDBK,0.02220913488417864,0.607515811920166,0.37027505971491337
2025-05-02,INFY,0.027409333735704422,0.02387603186070919,0.9487146735191345
2025-05-02,JSWSTEEL,0.02201852761209011,0.9606386125087738,0.01734286779537797
2025-05-02,MARUTI,0.9135671257972717,0.02735138311982155,0.059081580489873886
2025-05-02,POWERGRID,0.03181395307183266,0.021816762164235115,0.9463692903518677
2025-05-02,TCS,0.7926326990127563,0.007708868943154812,0.1996583640575409
2025-05-02,ULTRACEMCO,0.949752926826477,0.01692163571715355,0.03332545608282089
2025-05-03,INDUSINDBK,0.47587811946868896,0.069615438580513,0.45450645685195923
2025-05-03,KOTAKBANK,0.9120237231254578,0.017946645617485046,0.07002957165241241
2025-05-03,SBIN,0.008589967153966427,0.9738686084747314,0.017541464418172836
2025-05-05,ASIANPAINT,0.6328136324882507,0.3410574197769165,0.026128942146897316
2025-05-05,BAJAJ-AUTO,0.9171507358551025,0.010363837704062462,0.07248543202877045
2025-05-05,BAJFINANCE,0.09403056651353836,0.008969231508672237,0.897000253200531
2025-05-05,BPCL,0.1729259453713894,0.012717114761471748,0.8143569529056549
2025-05-05,COALINDIA,0.010327874682843685,0.9720497131347656,0.01762237958610058
2025-05-05,HDFCBANK,0.00792626291513443,0.9732253551483154,0.018848273903131485
2025-05-05,INFY,0.9462382197380066,0.02002681978046894,0.03373497724533081
2025-05-05,JSWSTEEL,0.1789082009345293,0.19634701358154416,0.624744787812233
2025-05-05,KOTAKBANK,0.062166941119357944,0.24630784941837192,0.6915252273902297
2025-05-05,SBIN,0.05249789357185364,0.01772718659291665,0.9297749400138855
2025-05-05,TCS,0.009188877418637276,0.9653161764144897,0.025494979694485664
2025-05-06,ASIANPAINT,0.010755841620266438,0.9707692265510559,0.01847495511174202
2025-05-06,BAJAJFINSV,0.08646941930055618,0.010116922669112682,0.9034136533737183
2025-05-06,BAJFINANCE,0.0415445975959301,0.8854401707649231,0.0730152428150177
2025-05-06,CIPLA,0.12502290308475494,0.8269297480583191,0.048047296702861786
2025-05-06,EICHERMOT,0.03600141778588295,0.017608903348445892,0.9463896751403809
2025-05-06,INDUSINDBK,0.020853319205343723,0.7982509136199951,0.18089578673243523
2025-05-06,KOTAKBANK,0.10024388134479523,0.00962113868445158,0.8901349902153015
2025-05-06,M&M,0.41493821069598197,0.016497901640832424,0.5685638807713985
2025-05-06,ONGC,0.8757517337799072,0.012600269168615341,0.11164797097444534
2025-05-06,RELIANCE,0.03543033078312874,0.018715936690568924,0.9458537101745605
2025-05-07,COALINDIA,0.6342949712028106,0.3403083998709917,0.02539661278327306
2025-05-07,JSWSTEEL,0.06042977049946785,0.012537626549601555,0.9270326495170593
2025-05-07,KOTAKBANK,0.03123835101723671,0.02262328751385212,0.946138322353363
2025-05-07,M&M,0.10308399051427841,0.00901006069034338,0.8879059553146362
2025-05-07,SBIN,0.3582867383956909,0.014074359089136124,0.6276388764381409
2025-05-07,SUNPHARMA,0.027693161740899086,0.022494401782751083,0.9498124718666077
2025-05-07,TITAN,0.09866464138031006,0.8004439473152161,0.1008913666009903
2025-05-08,ASIANPAINT,0.24691406160127372,0.7273140903562307,0.025771863758563995
2025-05-08,COALINDIA,0.12019482627511024,0.019686887972056866,0.8601182699203491
2025-05-08,INDUSINDBK,0.45936083421111107,0.1179826371371746,0.4226564969867468
2025-05-08,ITC,0.03492797911167145,0.017059244215488434,0.9480128288269043
2025-05-08,LT,0.9497272968292236,0.02560618333518505,0.024666525423526764
2025-05-08,RELIANCE,0.03578510880470276,0.019301481544971466,0.9449134469032288
2025-05-08,SBIN,0.9509069323539734,0.01969052664935589,0.0294024720788002
2025-05-08,TITAN,0.24551361948251724,0.41221565902233126,0.34227069057524206
2025-05-09,ASIANPAINT,0.09678007351855437,0.3146059811115265,0.5886139596501986
2025-05-09,BHARTIARTL,0.09246140718460083,0.011361361481249332,0.8961772322654724
2025-05-09,BPCL,0.8255046010017395,0.022471042349934578,0.15202434360980988
2025-05-09,INDUSINDBK,0.043106809258461,0.4166719615459442,0.5402212738990784
2025-05-09,LT,0.05570944957435131,0.031530069187283516,0.9127604961395264
2025-05-09,SBIN,0.2876177430152893,0.012163822539150715,0.7002183794975281
2025-05-09,TITAN,0.13802668452262878,0.034449636936187744,0.8275237083435059
2025-05-09,WIPRO,0.050076376646757126,0.022054433822631836,0.9278691411018372
2025-05-12,BRITANNIA,0.9499218165874481,0.021466365084052086,0.02861184161156416
2025-05-12,DRREDDY,0.6439639007051786,0.01958721751968066,0.33644891530275345
2025-05-12,HEROMOTOCO,0.9417684078216553,0.025266163051128387,0.03296545520424843
2025-05-12,INFY,0.48678369633853436,0.019139444455504417,0.4940768163651228
2025-05-12,JSWSTEEL,0.09243009239435196,0.05082795396447182,0.8567419648170471
2025-05-12,TATASTEEL,0.8144169449806213,0.16199758648872375,0.023585427552461624
2025-05-13,BHARTIARTL,0.9460683017969131,0.0221936353482306,0.0317380758933723
2025-05-13,BRITANNIA,0.7955266833305359,0.15755866467952728,0.04691464081406593
2025-05-13,CIPLA,0.9402067065238953,0.03361173951998353,0.026181571185588837
2025-05-13,DRREDDY,0.10682786256074905,0.03625080734491348,0.856921374797821
2025-05-13,EICHERMOT,0.9552090764045715,0.019428851082921028,0.025362081825733185
2025-05-13,HEROMOTOCO,0.6427070827533802,0.33410350419580936,0.023189441300928593
2025-05-13,TATASTEEL,0.04344094393309206,0.6982592362910509,0.2582998196594417
2025-05-13,TECHM,0.8132235705852509,0.024196071550250053,0.16258034482598305
2025-05-13,TITAN,0.015004470013082027,0.9526745676994324,0.03232096508145332
2025-05-14,BHARTIARTL,0.4953231834806502,0.021857322193682194,0.48281947430223227
2025-05-14,CIPLA,0.026525097899138927,0.46359018608927727,0.5098847150802612
2025-05-14,EICHERMOT,0.9481403628985087,0.024349223201473553,0.027510446185866993
2025-05-14,HDFCBANK,0.06403175927698612,0.4149509402923286,0.52101731300354
2025-05-14,HEROMOTOCO,0.9461331963539124,0.014017368666827679,0.03984938561916351
2025-05-14,TATASTEEL,0.07305249944329262,0.03300253953784704,0.8939449787139893
2025-05-15,BHARTIARTL,0.1149185560643673,0.010688696056604385,0.8743927776813507
2025-05-15,CIPLA,0.06629303842782974,0.010763384401798248,0.9229435324668884
2025-05-15,EICHERMOT,0.6128389239311218,0.016315192294617493,0.37084587663412094
2025-05-15,HDFCBANK,0.21226006746292114,0.7529140114784241,0.03482596576213837
2025-05-15,INDUSINDBK,0.014141681604087353,0.8530378142992655,0.13282050751149654
2025-05-15,INFY,0.10402344912290573,0.8521082997322083,0.0438682958483696
2025-05-15,RELIANCE,0.052179306745529175,0.026953721418976784,0.9208669662475586
2025-05-15,SBIN,0.05045777869721254,0.05961252593745788,0.8899296919504801
2025-05-15,TATASTEEL,0.11364955455064774,0.010228137485682964,0.8761222958564758
2025-05-15,WIPRO,0.44912970066070557,0.0092497318983078,0.5416205525398254
2025-05-16,BHARTIARTL,0.09017861634492874,0.013609332032501698,0.896212100982666
2025-05-16,HEROMOTOCO,0.08404821902513504,0.013721885159611702,0.902229905128479
2025-05-16,INDUSINDBK,0.4021667819470167,0.48878103541210294,0.10905217193067074
2025-05-16,INFY,0.031241245567798615,0.021635212004184723,0.9471235871315002
2025-05-16,M&M,0.05570472776889801,0.01282985508441925,0.9314653873443604
2025-05-16,TATASTEEL,0.08875744789838791,0.011885401792824268,0.8993571400642395
2025-05-16,TCS,0.06427314132452011,0.01229448989033699,0.9234323501586914
2025-05-16,ULTRACEMCO,0.03512546047568321,0.01723756082355976,0.9476370215415955
2025-05-18,TECHM,0.033543359488248825,0.020630836486816406,0.9458258748054504
2025-05-19,BHARTIARTL,0.06921147741377354,0.014328171499073505,0.9164603054523468
2025-05-19,EICHERMOT,0.9394352436065674,0.02429073490202427,0.03627400100231171
2025-05-19,INDUSINDBK,0.23928460339084268,0.6617001085542142,0.09901525685563684
2025-05-19,SBIN,0.07768969982862473,0.6556841731071472,0.2666262090206146
2025-05-20,BAJAJFINSV,0.19003231823444366,0.008853948675096035,0.8011137843132019
2025-05-20,EICHERMOT,0.7109755277633667,0.011873551644384861,0.2771508991718292
2025-05-20,INFY,0.06662881374359131,0.6432464122772217,0.290124773979187
2025-05-20,MARUTI,0.3632254898548126,0.5460286736488342,0.09074583649635315
2025-05-20,POWERGRID,0.3291881851231058,0.3382787990073363,0.3325329963117838
2025-05-20,SBIN,0.7106350064277649,0.009259919635951519,0.2801050543785095
2025-05-20,TATASTEEL,0.9405857920646667,0.02024223655462265,0.039171963930130005
2025-05-21,BAJAJFINSV,0.0288710780441761,0.022312918677926064,0.9488160610198975
2025-05-21,BHARTIARTL,0.041996803134679794,0.016052860766649246,0.9419503509998322
2025-05-21,EICHERMOT,0.03347903490066528,0.014938299544155598,0.9515826106071472
2025-05-21,HINDALCO,0.6605461835861206,0.017942340423663456,0.3215114288032055
2025-05-21,INDUSINDBK,0.10612585587659851,0.41264316521119326,0.4812309592962265
2025-05-21,ITC,0.7467746734619141,0.2227943241596222,0.030431032180786133
2025-05-21,ONGC,0.008411805145442486,0.9750475287437439,0.016540678218007088
2025-05-22,BAJAJ-AUTO,0.2261466532945633,0.00725949089974165,0.766593873500824
2025-05-22,HINDALCO,0.5525168180465698,0.1753619909286499,0.2721211910247803
2025-05-22,INDUSINDBK,0.15269606858491896,0.21878112959675491,0.6285227943211794
2025-05-22,ITC,0.41846277564764023,0.018124546855688095,0.5634126514196396
2025-05-22,NTPC,0.9542322754859924,0.019605273380875587,0.02616242505609989
2025-05-22,ONGC,0.4807576439343393,0.4682429488748312,0.05099937878549099
2025-05-22,POWERGRID,0.10283628851175308,0.009486707858741283,0.887677013874054
2025-05-22,TATASTEEL,0.8815143704414368,0.013743352144956589,0.10474227368831635
2025-05-22,TCS,0.012157122604548931,0.9525842070579529,0.03525862842798233
2025-05-23,AXISBANK,0.11581887304782867,0.3172021508216858,0.5669789910316467
2025-05-23,BHARTIARTL,0.04385479912161827,0.7401875853538513,0.2159576565027237
2025-05-23,GRASIM,0.7497780025005341,0.02366676740348339,0.22655520401895046
2025-05-23,INDUSINDBK,0.3456903463229537,0.02405246642107765,0.6302571830650171
2025-05-23,ITC,0.5225323066115379,0.02968124416656792,0.4477864201180637
2025-05-23,JSWSTEEL,0.4314560666680336,0.07169999089092016,0.4968439632405837
2025-05-23,POWERGRID,0.1285754293203354,0.008345653302967548,0.8630789518356323
2025-05-23,SUNPHARMA,0.06913680583238602,0.010232805274426937,0.9206303358078003
2025-05-23,TCS,0.9448973536491394,0.025548463687300682,0.029554221779108047
2025-05-24,AXISBANK,0.29356876015663147,0.030124150216579437,0.6763070821762085
2025-05-24,WIPRO,0.9526469707489014,0.01420841459184885,0.033144623041152954
2025-05-25,ONGC,0.9233722686767578,0.010182132013142109,0.06644561886787415
2025-05-26,BHARTIARTL,0.04391692206263542,0.04755217954516411,0.9085308313369751
2025-05-26,HEROMOTOCO,0.9389166235923767,0.01145932450890541,0.049624003469944
2025-05-26,INDUSINDBK,0.019521448761224747,0.9107288718223572,0.06974958628416061
2025-05-26,JSWSTEEL,0.21079120030626655,0.3628929300233722,0.4263158496469259
2025-05-26,MARUTI,0.23682503402233124,0.5169863253831863,0.24618867971003056
2025-05-26,NTPC,0.4021778702735901,0.03323520409564177,0.5645869498451551
2025-05-27,BAJAJ-AUTO,0.013074235059320927,0.9749794602394104,0.011946294456720352
2025-05-27,COALINDIA,0.04813000187277794,0.9304404258728027,0.021429546177387238
2025-05-27,HDFCBANK,0.02961261011660099,0.020522356033325195,0.9498650431632996
2025-05-27,INDUSINDBK,0.04816155880689621,0.015853561460971832,0.9359848499298096
2025-05-27,INFY,0.03702151030302048,0.48058276530355215,0.4823956834152341
2025-05-27,ITC,0.26359701752662656,0.17590778023004533,0.5604951843619347
2025-05-27,JSWSTEEL,0.0956207662820816,0.012697171419858932,0.8916820883750916
2025-05-28,HINDALCO,0.846435546875,0.009403265081346035,0.1441611498594284
2025-05-28,ICICIBANK,0.05711784027516842,0.08278102986514568,0.8601011335849762
2025-05-28,INDUSINDBK,0.02070024237036705,0.6702113747596741,0.3090883791446686
2025-05-28,INFY,0.0503549799323082,0.8580440878868103,0.0916009247303009
2025-05-28,ITC,0.23081210255622864,0.24866181262768805,0.5205260659568012
2025-05-28,TCS,0.16517184674739838,0.021153373643755913,0.813674807548523
2025-05-28,WIPRO,0.5470095276832581,0.0092116454616189,0.4437788426876068
2025-05-29,ASIANPAINT,0.05117034167051315,0.05524305999279022,0.8935865163803101
2025-05-29,BAJAJ-AUTO,0.6782622918486595,0.20857165195047855,0.11316606514155865
2025-05-29,BHARTIARTL,0.03146743029356003,0.06852560490369797,0.900006890296936
2025-05-29,INDUSINDBK,0.0453721359372139,0.450083046220243,0.5045448131859303
2025-05-29,INFY,0.22698436677455902,0.746811032295227,0.026204567402601242
2025-05-29,ITC,0.013351278379559517,0.9028393626213074,0.08380934596061707
2025-05-29,NTPC,0.8506008982658386,0.10346296429634094,0.04593612626194954
2025-05-29,SUNPHARMA,0.04789792746305466,0.01487724669277668,0.937224805355072
2025-05-30,BAJAJ-AUTO,0.3139413532667926,0.29457152555031435,0.391487129298704
2025-05-30,HDFCBANK,0.08783867955207825,0.02737327478826046,0.8847880363464355
2025-05-30,INDUSINDBK,0.07727755606174469,0.046846043318510056,0.8758763670921326
2025-05-30,TATASTEEL,0.07556412369012833,0.9075297713279724,0.016906147822737694
2025-05-30,WIPRO,0.9544649124145508,0.016724172979593277,0.028810841962695122
2025-05-31,KOTAKBANK,0.017647620290517807,0.5001401901245117,0.48221224546432495
2025-06-02,BAJAJ-AUTO,0.48666658997535706,0.012930191121995449,0.5004031658172607
2025-06-02,COALINDIA,0.016435932368040085,0.9150622487068176,0.06850186735391617
2025-06-02,INFY,0.6088943860183159,0.3575657705465953,0.033539878825346627
2025-06-02,KOTAKBANK,0.08208068460226059,0.013604141771793365,0.9043151140213013
2025-06-02,M&M,0.028284255415201187,0.022117605432868004,0.9495981931686401
2025-06-02,MARUTI,0.9153491258621216,0.019884712994098663,0.06476623564958572
2025-06-02,RELIANCE,0.16276922821998596,0.010321763344109058,0.8269090056419373
2025-06-02,TATASTEEL,0.008878562599420547,0.9649075269699097,0.026213999837636948
2025-06-03,BAJAJ-AUTO,0.9507899880409241,0.021539410576224327,0.027670681476593018
2025-06-03,BHARTIARTL,0.03393786773085594,0.01839957758784294,0.9476624727249146
2025-06-03,HCLTECH,0.028996150940656662,0.024498270824551582,0.9465055465698242
2025-06-03,INFY,0.15401218831539154,0.041215404868125916,0.8047724366188049
2025-06-03,JSWSTEEL,0.007912135683000088,0.9752458930015564,0.016841981559991837
2025-06-03,NESTLEIND,0.3342309519648552,0.03908892860636115,0.6266801357269287
2025-06-03,RELIANCE,0.11679629981517792,0.07513096928596497,0.8080727458000183
2025-06-04,BAJAJ-AUTO,0.5594480633735657,0.2578672766685486,0.18268465995788574
2025-06-04,BHARTIARTL,0.206493035890162,0.7153226286172867,0.07818436250090599
2025-06-04,HDFCBANK,0.4675390711054206,0.023216163739562035,0.50924476608634
2025-06-04,MARUTI,0.8940726518630981,0.04219620302319527,0.06373105943202972
2025-06-04,NESTLEIND,0.8306384086608887,0.009301572106778622,0.1600600928068161
2025-06-04,SBIN,0.028587818145751953,0.02262873388826847,0.9487834572792053
2025-06-04,TCS,0.139693483710289,0.008616968989372253,0.8516895174980164
2025-06-05,BAJAJFINSV,0.13402289152145386,0.009200457483530045,0.8567767143249512
2025-06-05,CIPLA,0.9255791306495667,0.031172243878245354,0.04324856400489807
2025-06-05,DRREDDY,0.9370412826538086,0.028105206787586212,0.03485358878970146
2025-06-05,INDUSINDBK,0.7408931255340576,0.007878736592829227,0.2512282431125641
2025-06-05,NESTLEIND,0.05730944499373436,0.015068916603922844,0.9276216626167297
2025-06-05,POWERGRID,0.03231067210435867,0.020747617818415165,0.9469417035579681
2025-06-06,BAJAJFINSV,0.03900561295449734,0.01757116988301277,0.9434232115745544
2025-06-06,HDFCBANK,0.4206129461526871,0.39194541424512863,0.1874416470527649
2025-06-06,INDUSINDBK,0.5397539101541042,0.09712823232014973,0.36311787615219754
2025-06-06,TATASTEEL,0.9177300333976746,0.02963254414498806,0.0526374876499176
2025-06-08,HDFCBANK,0.5003234893083572,0.07767106220126152,0.42200546711683273
2025-06-08,INFY,0.668491780757904,0.008359015919268131,0.323149174451828
2025-06-08,TATASTEEL,0.14746415615081787,0.007166747935116291,0.8453691005706787
2025-06-09,BHARTIARTL,0.9078715443611145,0.013652375899255276,0.07847605645656586
2025-06-09,HDFCBANK,0.015416024252772331,0.8409630656242371,0.14362096786499023
2025-06-09,INDUSINDBK,0.035393670201301575,0.019861042499542236,0.9447453022003174
2025-06-09,JSWSTEEL,0.06766346842050552,0.01145734079182148,0.9208791851997375
2025-06-09,NTPC,0.012368823401629925,0.8975987434387207,0.0900324359536171
2025-06-09,WIPRO,0.12643735110759735,0.012863080017268658,0.8606995940208435
2025-06-10,HDFCBANK,0.021622024476528168,0.2487776130437851,0.7296003699302673
2025-06-10,MARUTI,0.012468086555600166,0.9646768569946289,0.022855060175061226
2025-06-10,TECHM,0.03517274931073189,0.01975110173225403,0.9450761377811432
2025-06-10,ULTRACEMCO,0.9372219443321228,0.030661586672067642,0.03211640939116478
2025-06-11,BAJAJ-AUTO,0.9477260708808899,0.01886414736509323,0.033409811556339264
2025-06-11,BPCL,0.7536006569862366,0.008120574057102203,0.23827871680259705
2025-06-11,MARUTI,0.0079139843583107,0.9650144577026367,0.02707156352698803
2025-06-11,TITAN,0.04940366744995117,0.2932526469230652,0.6573437452316284
2025-06-11,WIPRO,0.030849147588014603,0.02257443778216839,0.9465763568878174
2025-06-12,ASIANPAINT,0.1594042032957077,0.4992295503616333,0.3413662612438202
2025-06-12,HCLTECH,0.03689585626125336,0.017144573852419853,0.9459596276283264
2025-06-12,HDFCBANK,0.06563320010900497,0.01155888382345438,0.9228078722953796
2025-06-12,ICICIBANK,0.031063759699463844,0.02452629618346691,0.944409966468811
2025-06-12,RELIANCE,0.04084055498242378,0.01791675202548504,0.9412426948547363
2025-06-13,ASIANPAINT,0.010623299516737461,0.9672505259513855,0.022126102820038795
2025-06-13,ICICIBANK,0.453461229801178,0.01312170084565878,0.5334170460700989
2025-06-13,INDUSINDBK,0.05169125646352768,0.011864759959280491,0.9364439845085144
2025-06-14,ITC,0.2079755961894989,0.01017339900135994,0.781851053237915
2025-06-15,TECHM,0.11886104941368103,0.017024299129843712,0.8641146421432495
2025-06-16,ASIANPAINT,0.02063693478703499,0.5247253328561783,0.45463771745562553
2025-06-16,BAJFINANCE,0.051749177277088165,0.09875478595495224,0.8494960069656372
2025-06-16,BPCL,0.6538615226745605,0.11100544035434723,0.23513297736644745
2025-06-16,HDFCBANK,0.22052281349897385,0.06183799790839354,0.7176391383012136
2025-06-16,ICICIBANK,0.03646092861890793,0.034048713743686676,0.9294903874397278
2025-06-16,NTPC,0.02608673647046089,0.024692488834261894,0.9492208361625671
2025-06-16,SBIN,0.8703072667121887,0.04719063267111778,0.0825021043419838
2025-06-16,TCS,0.6421354115009308,0.012648098636418581,0.3452164772897959
2025-06-17,BAJAJ-AUTO,0.0496346615254879,0.018341800197958946,0.9320235252380371
2025-06-17,BPCL,0.8229051828384399,0.12592025101184845,0.05117453634738922
2025-06-17,CIPLA,0.009117775596678257,0.971184492111206,0.01969766616821289
2025-06-17,ICICIBANK,0.02549630030989647,0.029674014076590538,0.9448297023773193
2025-06-17,INFY,0.08005515113472939,0.4853319451212883,0.43461292795836926
2025-06-17,ITC,0.03926115110516548,0.15394137799739838,0.806797444820404
2025-06-17,KOTAKBANK,0.030031030997633934,0.02037389762699604,0.9495950937271118
2025-06-17,NTPC,0.6048868298530579,0.009794924408197403,0.38531824946403503
2025-06-17,TATASTEEL,0.924393355846405,0.01841406710445881,0.05719262734055519
2025-06-18,HEROMOTOCO,0.2951141595840454,0.007728078402578831,0.6971577405929565
2025-06-18,INDUSINDBK,0.9486927390098572,0.019517960026860237,0.03178932145237923
2025-06-18,M&M,0.03159130737185478,0.023075614124536514,0.9453331232070923
2025-06-18,MARUTI,0.9433026313781738,0.021865181624889374,0.0348321795463562
2025-06-18,TCS,0.11978442221879959,0.8566118478775024,0.023603765293955803
2025-06-19,HDFCBANK,0.046851099779208503,0.018331102095544338,0.9348177909851074
2025-06-19,HEROMOTOCO,0.9413099884986877,0.023777958005666733,0.0349121019244194
2025-06-19,INFY,0.3942028284072876,0.5315293669700623,0.07426782697439194
2025-06-19,KOTAKBANK,0.033205002546310425,0.022662431001663208,0.9441325068473816
2025-06-19,NESTLEIND,0.024862518534064293,0.0597049705684185,0.9154325127601624
2025-06-19,ONGC,0.01618449203670025,0.9584906697273254,0.025324832648038864
2025-06-19,TATASTEEL,0.03385844826698303,0.9438924193382263,0.022249139845371246
2025-06-19,TCS,0.0323165412992239,0.5770787770549456,0.390604667365551
2025-06-20,ASIANPAINT,0.07385709881782532,0.09875814616680145,0.8273848295211792
2025-06-20,BHARTIARTL,0.2416904717683792,0.007465925998985767,0.7508435845375061
2025-06-20,BPCL,0.03104870766401291,0.10741441696882248,0.8615368604660034
2025-06-20,HDFCBANK,0.07996518351137638,0.022040633484721184,0.897994190454483
2025-06-20,HEROMOTOCO,0.009296530857682228,0.9725911021232605,0.018112339079380035
2025-06-20,LT,0.067957803606987,0.014119282364845276,0.917922854423523
2025-06-20,NESTLEIND,0.031231073662638664,0.021594267338514328,0.9471746683120728
2025-06-20,TCS,0.5729122161865234,0.00980031955987215,0.4172874689102173
2025-06-20,WIPRO,0.03217289596796036,0.021720830351114273,0.9461063146591187
2025-06-22,M&M,0.8980595469474792,0.0135975182056427,0.08834294974803925
2025-06-23,BAJAJ-AUTO,0.08267646236345172,0.5224191211163998,0.3949044132605195
2025-06-23,BPCL,0.8397563099861145,0.0807909220457077,0.07945277541875839
2025-06-23,INDUSINDBK,0.4704385483637452,0.03825220465660095,0.49130923114717007
2025-06-23,KOTAKBANK,0.031579043716192245,0.02128814160823822,0.9471328854560852
2025-06-23,LT,0.11365441232919693,0.009230510331690311,0.8771151304244995
2025-06-23,NTPC,0.6127982139587402,0.009759659878909588,0.3774421215057373
2025-06-23,SBIN,0.12620927393436432,0.016614682972431183,0.8571760654449463
2025-06-23,TCS,0.08925047051161528,0.4902046602219343,0.42054483480751514
2025-06-24,ASIANPAINT,0.7974224090576172,0.15516231954097748,0.04741522669792175
2025-06-24,AXISBANK,0.09281832724809647,0.011112082749605179,0.8960696458816528
2025-06-24,EICHERMOT,0.03450178727507591,0.01851159892976284,0.9469866156578064
2025-06-24,GRASIM,0.9504039883613586,0.019326936453580856,0.030269060283899307
2025-06-24,HDFCBANK,0.07384403795003891,0.016226495150476694,0.9099294245243073
2025-06-24,INDUSINDBK,0.012419930659234524,0.9227249622344971,0.06485514342784882
2025-06-24,ONGC,0.48102265130728483,0.49271239899098873,0.02626493200659752
2025-06-24,TATASTEEL,0.037387579679489136,0.041579026728868484,0.9210333824157715
2025-06-24,TCS,0.09583540260791779,0.00938259344547987,0.8947820067405701
2025-06-24,TECHM,0.14966332912445068,0.0264484453946352,0.8238883018493652
2025-06-25,HINDUNILVR,0.4997452683746815,0.01619074773043394,0.48406397365033627
2025-06-25,INDUSINDBK,0.02325611375272274,0.06925171613693237,0.9074921607971191
2025-06-25,INFY,0.2680127440641324,0.07054709705213706,0.6614401241143545
2025-06-25,JSWSTEEL,0.9234442114830017,0.044184695929288864,0.03237108141183853
2025-06-25,MARUTI,0.9240520000457764,0.016161208972334862,0.05978674441576004
2025-06-25,RELIANCE,0.3682093024253845,0.06940167097906981,0.5623890161514282
2025-06-25,TITAN,0.7970723509788513,0.17545045912265778,0.02747718244791031
2025-06-26,BHARTIARTL,0.42339468002319336,0.04758394882082939,0.5290213823318481
2025-06-26,BPCL,0.9190290570259094,0.03920802101492882,0.04176292195916176
2025-06-26,HDFCBANK,0.5199085436761379,0.048546675592660904,0.43154478818178177
2025-06-26,HINDUNILVR,0.029821377247571945,0.02206280454993248,0.9481157660484314
2025-06-26,MARUTI,0.21750099956989288,0.1622145026922226,0.6202844381332397
2025-06-26,TATASTEEL,0.459449402987957,0.5155438613146544,0.025006692856550217
2025-06-27,BAJAJFINSV,0.03163036331534386,0.022332990542054176,0.9460366368293762
2025-06-27,INDUSINDBK,0.8952928185462952,0.04529188945889473,0.05941522866487503
2025-06-27,NTPC,0.04438908398151398,0.01561473123729229,0.9399962425231934
2025-06-27,ONGC,0.43431829661130905,0.35781477158889174,0.20786697417497635
2025-06-27,TATASTEEL,0.9110748767852783,0.04764839634299278,0.04127674549818039
2025-06-28,BHARTIARTL,0.7457336187362671,0.02432338334619999,0.22994306683540344
2025-06-28,BPCL,0.010149343870580196,0.961346447467804,0.028504228219389915
2025-06-28,BRITANNIA,0.2492811530828476,0.01214710995554924,0.7385717034339905
2025-06-30,HEROMOTOCO,0.1293940395116806,0.8475144505500793,0.023091543465852737
2025-06-30,HINDUNILVR,0.03091789036989212,0.02070021815598011,0.9483819603919983
2025-06-30,INDUSINDBK,0.047424864023923874,0.017712481319904327,0.9348626136779785
2025-06-30,RELIANCE,0.028598874807357788,0.02241571433842182,0.9489854574203491
2025-07-01,ASIANPAINT,0.3636014759540558,0.5717280507087708,0.06467046588659286
2025-07-01,CIPLA,0.03351317718625069,0.017771173268556595,0.9487156271934509
2025-07-01,GRASIM,0.028408171609044075,0.8979701995849609,0.07362160086631775
2025-07-01,HCLTECH,0.02850555256009102,0.0214728731662035,0.9500215649604797
2025-07-01,HEROMOTOCO,0.20802713930606842,0.013335674069821835,0.778637170791626
2025-07-01,JSWSTEEL,0.04669585078954697,0.11270186305046082,0.8406022787094116
2025-07-01,RELIANCE,0.4693477042019367,0.032662348821759224,0.4979899302124977
2025-07-02,ASIANPAINT,0.02140497975051403,0.9687570929527283,0.009837876074016094
2025-07-02,HDFCBANK,0.037562936544418335,0.02875530906021595,0.9336817860603333
2025-07-02,HEROMOTOCO,0.03343971446156502,0.021339407190680504,0.9452208280563354
2025-07-02,INDUSINDBK,0.009170484729111195,0.9687777757644653,0.0220517385751009
2025-07-02,INFY,0.016789734363555908,0.8489401936531067,0.1342701017856598
2025-07-02,JSWSTEEL,0.03582160547375679,0.019716285169124603,0.9444621801376343
2025-07-02,TCS,0.9104492664337158,0.03963778540492058,0.04991290345788002
2025-07-03,DRREDDY,0.03357986733317375,0.019872955977916718,0.9465472102165222
2025-07-03,HDFCBANK,0.3367714161674182,0.3441776658097903,0.3190508931875229
2025-07-03,INFY,0.3654981553554535,0.18616174161434174,0.44834014773368835
2025-07-03,NESTLEIND,0.04698587581515312,0.015312097035348415,0.9377020001411438
2025-07-03,TATASTEEL,0.7317918539047241,0.24014562368392944,0.02806255966424942
2025-07-04,BAJFINANCE,0.07418421935290098,0.44255872163921595,0.4832571167498827
2025-07-04,HDFCBANK,0.02247335948050022,0.7737606763839722,0.20376600325107574
2025-07-04,TCS,0.917809784412384,0.024292580783367157,0.05789761245250702
2025-07-06,HDFCBANK,0.017290711402893066,0.9486059546470642,0.03410330414772034
2025-07-07,ASIANPAINT,0.6863958239555359,0.27515357732772827,0.038450587540864944
2025-07-07,AXISBANK,0.09986608475446701,0.007969346828758717,0.8921645879745483
2025-07-07,BAJAJ-AUTO,0.14464373886585236,0.011115306988358498,0.8442409634590149
2025-07-07,INDUSINDBK,0.029340866021811962,0.4891029205173254,0.4815562218427658
2025-07-07,ONGC,0.011842693202197552,0.9679506421089172,0.020206691697239876
2025-07-07,SBIN,0.026722509413957596,0.4218650460243225,0.5514124631881714
2025-07-07,ULTRACEMCO,0.03655852749943733,0.01901804842054844,0.9444234371185303
2025-07-08,BAJAJ-AUTO,0.03965723421424627,0.4880944453179836,0.4722483139485121
2025-07-08,CIPLA,0.017271727323532104,0.9641576409339905,0.018570587038993835
2025-07-08,INDUSINDBK,0.8573377728462219,0.10274948179721832,0.03991272673010826
2025-07-08,KOTAKBANK,0.1366089414805174,0.02805941551923752,0.8353316485881805
2025-07-08,SUNPHARMA,0.03966323286294937,0.017076315358281136,0.9432604908943176
2025-07-08,TCS,0.05708235129714012,0.0276426263153553,0.915274977684021
2025-07-08,TECHM,0.030975451692938805,0.02243516780436039,0.9465894103050232
2025-07-08,TITAN,0.2726299003697932,0.7026243805885315,0.0247457018122077
2025-07-09,ASIANPAINT,0.3359822730223338,0.03195655935754379,0.6320611648261547
2025-07-09,COALINDIA,0.01893647573888302,0.8754881620407104,0.10557540506124496
2025-07-09,HINDALCO,0.019655006006360054,0.934997022151947,0.045348022133111954
2025-07-09,ICICIBANK,0.022263582795858383,0.022179415449500084,0.9555570483207703
2025-07-09,POWERGRID,0.03382323309779167,0.01851518452167511,0.9476615190505981
2025-07-09,TATASTEEL,0.03593484312295914,0.01870889589190483,0.9453561902046204
2025-07-09,TCS,0.03238422004505992,0.4978701565414667,0.4697456359863281
2025-07-10,BPCL,0.49393948912620544,0.06393130868673325,0.44212913513183594
2025-07-10,HCLTECH,0.03505248203873634,0.017801180481910706,0.9471463561058044
2025-07-10,HDFCBANK,0.031228664331138134,0.4857581630349159,0.4830131493508816
2025-07-10,HINDUNILVR,0.031395457684993744,0.04984269291162491,0.9187618494033813
2025-07-10,TCS,0.4987176461145282,0.2554383287206292,0.24584403121843934
2025-07-11,BHARTIARTL,0.01007614005357027,0.9686554074287415,0.02126840129494667
2025-07-11,HINDUNILVR,0.3516214042901993,0.020727839941779774,0.6276507327953974
2025-07-11,INDUSINDBK,0.032637882977724075,0.35018670558929443,0.6171754002571106
2025-07-11,TCS,0.27863703115976285,0.5520034638632622,0.16935950783746584
2025-07-12,HDFCBANK,0.09634386748075485,0.8430313467979431,0.06062478572130203
2025-07-12,HINDUNILVR,0.9165306091308594,0.013514558784663677,0.06995482742786407
2025-07-13,BHARTIARTL,0.772559642791748,0.12660211324691772,0.10083825141191483
2025-07-14,ASIANPAINT,0.01919742487370968,0.14723870158195496,0.8335638642311096
2025-07-14,BHARTIARTL,0.9469630718231201,0.01659267768263817,0.03644421696662903
2025-07-14,CIPLA,0.10156082361936569,0.012954476289451122,0.8854846954345703
2025-07-14,HDFCBANK,0.5190808475017548,0.44071528036147356,0.04020393639802933
2025-07-14,HINDUNILVR,0.03231221064925194,0.02032962441444397,0.9473581314086914
2025-07-14,INFY,0.8945671319961548,0.05641631409525871,0.049016572535037994
2025-07-14,NTPC,0.03186837583780289,0.021900489926338196,0.9462311863899231
2025-07-14,ONGC,0.016573069617152214,0.9729101061820984,0.010516796261072159
2025-07-14,TATASTEEL,0.12405508011579514,0.013353848829865456,0.8625910878181458
2025-07-14,TCS,0.5095426477491856,0.10985315917059779,0.3806041646748781
2025-07-15,AXISBANK,0.9312543869018555,0.035405321046710014,0.03334032744169235
2025-07-15,HCLTECH,0.360136352169017,0.17159957128266493,0.46826410479843616
2025-07-15,HDFCBANK,0.48409632965922356,0.13117857929319143,0.3847250957041979
2025-07-15,HEROMOTOCO,0.4619269073009491,0.02387434896081686,0.5141987130045891
2025-07-15,HINDALCO,0.014918539673089981,0.9651153683662415,0.01996615342795849
2025-07-15,ICICIBANK,0.9489940404891968,0.01934158429503441,0.031664494425058365
2025-07-15,INFY,0.6363986134529114,0.034871190786361694,0.3287302255630493
2025-07-15,M&M,0.059138696640729904,0.015236970037221909,0.9256243705749512
2025-07-15,SBIN,0.48969629406929016,0.018512362614274025,0.4917912781238556
2025-07-16,BAJFINANCE,0.02946518361568451,0.7412758469581604,0.22925901412963867
2025-07-16,HCLTECH,0.052454423159360886,0.012444984167814255,0.9351006150245667
2025-07-16,HDFCBANK,0.0915566124022007,0.011873948387801647,0.8965694010257721
2025-07-16,KOTAKBANK,0.03298800066113472,0.02144182100892067,0.945570170879364
2025-07-16,MARUTI,0.8355059027671814,0.013435750268399715,0.15105828642845154
2025-07-16,NTPC,0.39618954062461853,0.020069933496415615,0.5837405025959015
2025-07-16,SBIN,0.27119002615412074,0.017404703423380852,0.7114052275816599
2025-07-16,TECHM,0.007798373233526945,0.9733303785324097,0.018871188163757324
2025-07-16,WIPRO,0.08982290327548981,0.02386227808892727,0.8863148093223572
2025-07-17,AXISBANK,0.02790467981249094,0.7636050997301936,0.2084902347996831
2025-07-17,CIPLA,0.9496716260910034,0.018465418368577957,0.03186298906803131
2025-07-17,HDFCBANK,0.8915978074073792,0.08750700950622559,0.020895136520266533
2025-07-17,ICICIBANK,0.9370437860488892,0.037348080426454544,0.025608092546463013
2025-07-17,JSWSTEEL,0.06931377947330475,0.01720922254025936,0.9134770035743713
2025-07-17,SBIN,0.03942665085196495,0.01960817724466324,0.9409651160240173
2025-07-17,TCS,0.2588401138782501,0.04388526454567909,0.6972745656967163
2025-07-17,TECHM,0.4433107189834118,0.2024566514417529,0.3542326595634222
2025-07-17,TITAN,0.9433760046958923,0.021163813769817352,0.035460155457258224
2025-07-17,WIPRO,0.4176331218332052,0.2914304821752012,0.2909363799262792
2025-07-18,AXISBANK,0.166924306191504,0.28247703177233535,0.5505986476524009
2025-07-18,HDFCBANK,0.01599378138780594,0.9352321624755859,0.048774030059576035
2025-07-18,INDUSINDBK,0.13540273532271385,0.012064145412296057,0.8525331318378448
2025-07-18,INFY,0.11453913152217865,0.048214323818683624,0.8372465968132019
2025-07-18,JSWSTEEL,0.6475558074191212,0.2102364357560873,0.14220774546265602
2025-07-18,RELIANCE,0.6263990490697324,0.15683177645717347,0.21676915378442832
2025-07-18,TECHM,0.5262231156229973,0.014530742540955544,0.4592461194843054
2025-07-18,WIPRO,0.49122334085404873,0.1606291120073625,0.3481475290443216
2025-07-19,HDFCBANK,0.9491447408994039,0.01775879506021738,0.033096453795830406
2025-07-19,ICICIBANK,0.4366609814266364,0.5216381416345636,0.041700865452488266
2025-07-20,M&M,0.9484654664993286,0.021661335602402687,0.029873108491301537
2025-07-21,DRREDDY,0.00767009612172842,0.9632129669189453,0.02911694347858429
2025-07-21,HDFCBANK,0.14626567997038364,0.22454457338899375,0.6291897565126419
2025-07-21,ICICIBANK,0.25057611521333456,0.021227459190413356,0.7281964123249054
2025-07-21,JSWSTEEL,0.33639662464459735,0.03940858660886685,0.6241947952657938
2025-07-21,RELIANCE,0.011689899489283562,0.911602258682251,0.07670781761407852
2025-07-21,SBIN,0.730901300907135,0.012399579398334026,0.2566991448402405
2025-07-21,TCS,0.4411742389202118,0.007521612569689751,0.5513041019439697
2025-07-21,ULTRACEMCO,0.9309365749359131,0.02096369272718827,0.048099709674715996
2025-07-22,AXISBANK,0.13327470980584621,0.39318546978756785,0.47353983484208584
2025-07-22,BAJFINANCE,0.49983842857182026,0.26968877483159304,0.23047278448939323
2025-07-22,COALINDIA,0.2506059408187866,0.22743657231330872,0.5219574570655823
2025-07-22,HDFCBANK,0.14179659634828568,0.038628066424280405,0.8195753395557404
2025-07-22,ICICIBANK,0.28255319595336914,0.012577003799378872,0.70486980676651
2025-07-22,INFY,0.09031987376511097,0.017777428030967712,0.8919027149677277
2025-07-22,M&M,0.028859475627541542,0.024724861606955528,0.9464156627655029
2025-07-22,NESTLEIND,0.07256437093019485,0.908189058303833,0.019246680662035942
2025-07-22,SBIN,0.027788011357188225,0.02536654844880104,0.9468454122543335
2025-07-22,ULTRACEMCO,0.5958952471613884,0.013348931819200516,0.39075582250952723
2025-07-23,BHARTIARTL,0.03543771803379059,0.017881197854876518,0.946681022644043
2025-07-23,CIPLA,0.5923736691474915,0.37014177441596985,0.03748458996415138
2025-07-23,HDFCBANK,0.09738260507583618,0.012491041794419289,0.8901264071464539
2025-07-23,ICICIBANK,0.0668087974190712,0.0159731637686491,0.917218029499054
2025-07-23,INDUSINDBK,0.3512554466724396,0.008541884832084179,0.6402025818824768
2025-07-23,INFY,0.8167519450187684,0.09133562278002501,0.09191243313252925
2025-07-23,JSWSTEEL,0.03934765234589577,0.02032902091741562,0.9403234124183655
2025-07-23,KOTAKBANK,0.6312747001647949,0.008022518828511238,0.36070284247398376
2025-07-23,MARUTI,0.9284318089485168,0.025799758732318878,0.04576842486858368
2025-07-23,RELIANCE,0.5039185881614685,0.009684961289167404,0.486396461725235
2025-07-23,ULTRACEMCO,0.5125558786094189,0.014809138607233763,0.4726349916309118
2025-07-24,BAJFINANCE,0.2648226223886013,0.28820892088115213,0.4469684276729822
2025-07-24,DRREDDY,0.49550375528633595,0.017164966091513634,0.4873312134295702
2025-07-24,HCLTECH,0.09306609630584717,0.009362135082483292,0.8975718021392822
2025-07-24,INDUSINDBK,0.026330143213272095,0.02566768229007721,0.9480022192001343
2025-07-24,INFY,0.16775978436427458,0.2881080279392855,0.5441321698682648
2025-07-24,KOTAKBANK,0.9521082639694214,0.021155010908842087,0.02673671767115593
2025-07-24,NESTLEIND,0.9484876692295074,0.020996262319386005,0.030516060069203377
2025-07-24,TCS,0.10102278739213943,0.8772006034851074,0.02177654206752777
2025-07-25,BAJAJFINSV,0.7102369650965557,0.26580800116062164,0.023955048993229866
2025-07-25,BAJFINANCE,0.4037454693267743,0.23874933241556087,0.35750521315882605
2025-07-25,CIPLA,0.9505081574122111,0.021838858102758724,0.02765299876530965
2025-07-25,HCLTECH,0.054715368896722794,0.028916077688336372,0.9163685441017151
2025-07-25,HDFCBANK,0.06551335752010345,0.013171199709177017,0.9213153719902039
2025-07-25,INDUSINDBK,0.0465109683573246,0.12823373079299927,0.8252553343772888
2025-07-25,INFY,0.9491192102432251,0.02140272781252861,0.02947809360921383
2025-07-25,NESTLEIND,0.06250154227018356,0.014139208942651749,0.9233592748641968
2025-07-25,SUNPHARMA,0.03064962849020958,0.020707005634903908,0.9486433863639832
2025-07-25,TCS,0.3891887962818146,0.03311922401189804,0.577691912651062
2025-07-25,ULTRACEMCO,0.09551670402288437,0.014255695044994354,0.8902276754379272
2025-07-26,KOTAKBANK,0.25722705603887636,0.6513699988524119,0.0914029727379481
2025-07-27,CIPLA,0.03289903327822685,0.019753791391849518,0.9473472237586975
2025-07-27,INDUSINDBK,0.2772556245326996,0.6961228847503662,0.02662143111228943
2025-07-27,NTPC,0.011178738437592983,0.9674991965293884,0.02132207155227661
2025-07-27,TCS,0.022266186773777008,0.9482036034266154,0.02953021600842476
2025-07-28,ASIANPAINT,0.00765786599367857,0.9726381301879883,0.019704051315784454
2025-07-28,BAJAJFINSV,0.10859378427267075,0.043070223182439804,0.8483360409736633
2025-07-28,CIPLA,0.7726715207099915,0.007533347234129906,0.2197951376438141
2025-07-28,COALINDIA,0.7688572406768799,0.012679903768002987,0.21846283972263336
2025-07-28,HDFCBANK,0.07368410378694534,0.01428978517651558,0.9120261073112488
2025-07-28,INDUSINDBK,0.027066533686593175,0.9009182900190353,0.0720151704736054
2025-07-28,KOTAKBANK,0.11107298731803894,0.04897066950798035,0.8399563431739807
2025-07-28,NESTLEIND,0.09446715749800205,0.013261039275676012,0.8922717869281769
2025-07-28,TCS,0.16729026439134032,0.7366014320868999,0.09610830643214285
2025-07-29,ASIANPAINT,0.4489025450311601,0.49157460825517774,0.0595228960737586
2025-07-29,CIPLA,0.054022252559661865,0.012350119650363922,0.9336276352405548
2025-07-29,EICHERMOT,0.18218499422073364,0.8009015917778015,0.016913339495658875
2025-07-29,INDUSINDBK,0.07829018123447895,0.021517964079976082,0.9001918733119965
2025-07-29,JSWSTEEL,0.05956936627626419,0.08618619292974472,0.8542444705963135
2025-07-29,KOTAKBANK,0.07069440558552742,0.012985449749976397,0.9163201749324799
2025-07-29,LT,0.9448988139629364,0.02347202692180872,0.03162918146699667
2025-07-29,MARUTI,0.008609592914581299,0.9736692905426025,0.017721014097332954
2025-07-29,NTPC,0.037965402472764254,0.9487537741661072,0.013280817307531834
2025-07-29,SUNPHARMA,0.032791201025247574,0.01784563437104225,0.9493631720542908
2025-07-29,TCS,0.014311749953776598,0.9464805126190186,0.03920774981379509
2025-07-30,ASIANPAINT,0.08825529110617936,0.5008334908634424,0.41091126343235373
2025-07-30,BAJFINANCE,0.08557385206222534,0.009206157177686691,0.9052200317382812
2025-07-30,DRREDDY,0.05686100944876671,0.01974748820066452,0.9233914613723755
2025-07-30,HINDUNILVR,0.04717282950878143,0.9409956932067871,0.011831512674689293
2025-07-30,INFY,0.061246536672115326,0.8325477838516235,0.10620567947626114
2025-07-30,ITC,0.9478867053985596,0.020769406110048294,0.03134383633732796
2025-07-30,LT,0.07675471901893616,0.01103479415178299,0.9122104644775391
2025-07-30,NTPC,0.014404598623514175,0.6580256981154283,0.3275696827719609
2025-07-30,SBIN,0.4934454746544361,0.02037939615547657,0.48617516830563545
2025-07-30,TATASTEEL,0.9445431232452393,0.028866647742688656,0.026590232737362385
2025-07-30,TCS,0.0309544182382524,0.717913419008255,0.25113215669989586
2025-07-31,AXISBANK,0.4711686670780182,0.4950368404388428,0.033794548362493515
2025-07-31,EICHERMOT,0.9429605305194855,0.028228800743818283,0.028810671530663967
2025-07-31,HINDUNILVR,0.9435860514640808,0.028822901658713818,0.02759104873985052
2025-07-31,INDUSINDBK,0.03151533380150795,0.11292801052331924,0.8555566668510437
2025-07-31,JSWSTEEL,0.06638184189796448,0.020761506631970406,0.9128566980361938
2025-07-31,LT,0.07384467869997025,0.011010429821908474,0.9151449203491211
2025-07-31,M&M,0.4971759459003806,0.020225069485604763,0.4825989566743374
2025-07-31,MARUTI,0.9324250817298889,0.03166450063387553,0.03591039155920347
2025-07-31,POWERGRID,0.47692137607373297,0.49638351798057556,0.026695081032812595
2025-07-31,SUNPHARMA,0.9487078785896301,0.017389163374900818,0.03390293940901756
2025-07-31,TATASTEEL,0.007719153305515647,0.9744046330451965,0.017876209691166878
2025-07-31,TCS,0.16731467843055725,0.012640406377613544,0.8200449347496033
2025-08-01,COALINDIA,0.007498249411582947,0.9745631515979767,0.017938558012247086
2025-08-01,EICHERMOT,0.5174045353196561,0.22277561016380787,0.2598198619671166
2025-08-01,HINDUNILVR,0.3723652313152949,0.06519573678572972,0.562439043695728
2025-08-01,ITC,0.0180148147046566,0.9386157095432281,0.04336943104863167
2025-08-01,LT,0.16607053577899933,0.010268558748066425,0.8236608505249023
2025-08-01,M&M,0.10908641666173935,0.00888380128890276,0.8820298314094543
2025-08-01,MARUTI,0.6772147715091705,0.02041108471651872,0.3023741127302249
2025-08-01,SUNPHARMA,0.9493191242218018,0.01997898705303669,0.030701933428645134
2025-08-01,TATASTEEL,0.4885958656668663,0.016187485307455063,0.4952166676521301
2025-08-02,TATASTEEL,0.23346002399921417,0.0758458455093205,0.690694123506546
2025-08-04,ASIANPAINT,0.03281143680214882,0.020219743251800537,0.9469688534736633
2025-08-04,BAJAJ-AUTO,0.06749971210956573,0.922416627407074,0.010083711706101894
2025-08-04,COALINDIA,0.07098472863435745,0.012563373893499374,0.9164519309997559
2025-08-04,HINDUNILVR,0.09262462705373764,0.15148928500711917,0.7558860898017883
2025-08-04,INDUSINDBK,0.04315098002552986,0.03276054561138153,0.9240884780883789
2025-08-04,ITC,0.07932691834867,0.038350096670910716,0.8823229968547821
2025-08-04,JSWSTEEL,0.9429928660392761,0.01300899963825941,0.04399813711643219
2025-08-04,MARUTI,0.0679287537932396,0.01620391756296158,0.915867269039154
2025-08-04,SUNPHARMA,0.05550723150372505,0.012043333612382412,0.932449460029602
2025-08-04,TATASTEEL,0.49735606275498867,0.02369340555742383,0.4789505135267973
2025-08-04,TCS,0.15088225280245146,0.5242270330588022,0.3248907228310903
2025-08-05,BHARTIARTL,0.9419578909873962,0.03525249660015106,0.02278958447277546
2025-08-05,COALINDIA,0.1287769228219986,0.008323540911078453,0.8628995418548584
2025-08-05,HEROMOTOCO,0.03532189503312111,0.0188076663762331,0.9458704590797424
2025-08-05,HINDUNILVR,0.7875075340270996,0.011157318018376827,0.20133517682552338
2025-08-05,INDUSINDBK,0.44418128579854965,0.028187186922878027,0.5276314914226532
2025-08-05,ITC,0.5164017342031002,0.01576231699436903,0.4678359655663371
2025-08-05,JSWSTEEL,0.9423407316207886,0.02647174522280693,0.031187517568469048
2025-08-05,NESTLEIND,0.047244567424058914,0.015395941212773323,0.9373594522476196
2025-08-05,POWERGRID,0.06993396021425724,0.011872869916260242,0.918193131685257
2025-08-05,TCS,0.7139465808868408,0.03787698224186897,0.2481764256954193
2025-08-06,AXISBANK,0.11931945383548737,0.04025237262248993,0.8404281735420227
2025-08-06,BAJAJ-AUTO,0.3304210677742958,0.3489415993293126,0.3206373204787572
2025-08-06,BHARTIARTL,0.3622154581050078,0.01587454229593277,0.621910015741984
2025-08-06,BRITANNIA,0.05759928096085787,0.5078756771981716,0.43452499620616436
2025-08-06,CIPLA,0.012499803677201271,0.9714375734329224,0.016062598675489426
2025-08-06,HEROMOTOCO,0.07969217002391815,0.43086582515388727,0.48944198712706566
2025-08-06,INFY,0.8431868553161621,0.008404047228395939,0.14840909838676453
2025-08-06,TCS,0.7525058388710022,0.018106568604707718,0.22938761115074158
2025-08-06,TITAN,0.01449620258063078,0.9313432574272156,0.05416055768728256
2025-08-07,BAJAJ-AUTO,0.3466514602303505,0.047775952331721785,0.6055725783109664
2025-08-07,BAJFINANCE,0.03296172618865967,0.02056494727730751,0.9464733004570007
2025-08-07,BHARTIARTL,0.3116927891969681,0.013818490318953991,0.6744887148961425
2025-08-07,BRITANNIA,0.4911472499370575,0.45545902010053396,0.053393686190247536
2025-08-07,HEROMOTOCO,0.4635000044479966,0.29352700896561146,0.2429729536175728
2025-08-07,HINDUNILVR,0.6448198383053144,0.016226837721963722,0.3389532584697008
2025-08-07,KOTAKBANK,0.0748823881149292,0.01098480261862278,0.9141327738761902
2025-08-07,NTPC,0.09578599035739899,0.010218461975455284,0.8939955830574036
2025-08-07,RELIANCE,0.04211919382214546,0.8481848239898682,0.10969600081443787
2025-08-07,TITAN,0.9462319016456604,0.027877314016222954,0.025890758261084557
2025-08-08,BAJAJ-AUTO,0.2459484227001667,0.013691777363419533,0.7403597831726074
2025-08-08,BHARTIARTL,0.031186822336167097,0.3372381006677945,0.6315750914315382
2025-08-08,GRASIM,0.09945423901081085,0.07414895296096802,0.8263967633247375
2025-08-08,HDFCBANK,0.6343167871236801,0.07878065668046474,0.28690255992114544
2025-08-08,HEROMOTOCO,0.10074400901794434,0.010957997757941484,0.8882980048656464
2025-08-08,JSWSTEEL,0.007932537235319614,0.9677799344062805,0.024287546053528786
2025-08-08,RELIANCE,0.02868298813700676,0.023461777716875076,0.9478552341461182
2025-08-08,SBIN,0.5171305487553278,0.04207016403476397,0.4407993114242951
2025-08-09,ICICIBANK,0.89223712682724,0.049434829503297806,0.05832802504301071
2025-08-11,BHARTIARTL,0.130831778049469,0.009012251161038876,0.8601559996604919
2025-08-11,BPCL,0.1419554501771927,0.3716678023338318,0.4863767623901367
2025-08-11,GRASIM,0.05369478464126587,0.016575323417782784,0.9297298789024353
2025-08-11,HDFCBANK,0.624904453754425,0.013256303034722805,0.36183926463127136
2025-08-11,HINDALCO,0.9458015561103821,0.017241228371858597,0.03695722296833992
2025-08-11,ICICIBANK,0.054088684264570475,0.03370086196810007,0.9122104793787003
2025-08-11,INDUSINDBK,0.1507929265499115,0.009270256385207176,0.8399367332458496
2025-08-11,ONGC,0.01243396382778883,0.9730544686317444,0.01451161690056324
2025-08-11,POWERGRID,0.12937532365322113,0.007992809638381004,0.8626318573951721
2025-08-11,SBIN,0.39210787415504456,0.014012902043759823,0.593879222869873
2025-08-11,TCS,0.06396772712469101,0.018548844382166862,0.9174834489822388
2025-08-11,TECHM,0.03283589705824852,0.022224262356758118,0.9449398517608643
2025-08-12,BHARTIARTL,0.9499709010124207,0.01970846764743328,0.030320601537823677
2025-08-12,HCLTECH,0.03057224489748478,0.021664240397512913,0.9477635324001312
2025-08-12,HINDALCO,0.4939740505069494,0.46785198617726564,0.038173940032720566
2025-08-12,ICICIBANK,0.06968609243631363,0.011067092418670654,0.9192467927932739
2025-08-12,ITC,0.9504219889640808,0.02160472981631756,0.027973202988505363
2025-08-12,ONGC,0.08150363713502884,0.01449936255812645,0.9039970636367798
2025-08-12,RELIANCE,0.0400003083050251,0.1862548291683197,0.7737448811531067
2025-08-12,SBIN,0.21657300367951393,0.012297560460865498,0.7711294591426849
2025-08-12,TECHM,0.04855941981077194,0.031686969101428986,0.9197536110877991
2025-08-12,TITAN,0.7266461849212646,0.008025911636650562,0.26532790064811707
2025-08-13,INFY,0.191048726439476,0.008011755533516407,0.8009395003318787
2025-08-13,MARUTI,0.06901636719703674,0.8963333368301392,0.03465023264288902
2025-08-13,ONGC,0.007999290712177753,0.9745582938194275,0.017442375421524048
2025-08-14,INFY,0.5083267241716385,0.06807438237592578,0.42359891533851624
2025-08-14,ITC,0.9057006239891052,0.02447895146906376,0.06982048600912094
2025-08-14,M&M,0.032995183020830154,0.023207439109683037,0.9437974095344543
2025-08-14,SBIN,0.11787326633930206,0.011103067547082901,0.8710237145423889
2025-08-14,TCS,0.4883555769920349,0.2662968039512634,0.24534760415554047
2025-08-18,HDFCBANK,0.015064706560224295,0.528409406542778,0.45652593113482
2025-08-18,ITC,0.01207978930324316,0.9643360376358032,0.023584142327308655
2025-08-18,JSWSTEEL,0.9156394600868225,0.01108644064515829,0.07327408343553543
2025-08-18,LT,0.16389095783233643,0.00862210150808096,0.8274869322776794
2025-08-18,MARUTI,0.9353317320346832,0.02417782275006175,0.04049050062894821
2025-08-18,NESTLEIND,0.9462645649909973,0.022365208715200424,0.031370241194963455
2025-08-18,SBIN,0.030976425856351852,0.021117184311151505,0.9479064345359802
2025-08-18,TCS,0.06585107743740082,0.014768650755286217,0.9193803071975708
2025-08-19,BPCL,0.0716690868139267,0.014277963899075985,0.9140529632568359
2025-08-19,M&M,0.03132878616452217,0.0230956319719553,0.9455756545066833
2025-08-19,MARUTI,0.937627375125885,0.022894611582159996,0.03947801515460014
2025-08-19,NTPC,0.4113123416900635,0.009227988310158253,0.5794596672058105
2025-08-19,RELIANCE,0.030988581478595734,0.021625692024827003,0.9473857283592224
2025-08-19,ULTRACEMCO,0.6029068827629089,0.2939392626285553,0.10315384715795517
2025-08-20,AXISBANK,0.03267231583595276,0.01983628049492836,0.947491466999054
2025-08-20,BPCL,0.6272023916244507,0.054069045931100845,0.31872859597206116
2025-08-20,COALINDIA,0.9420098662376404,0.015267109498381615,0.04272298514842987
2025-08-20,INDUSINDBK,0.7329508066177368,0.011820705607533455,0.2552284598350525
2025-08-20,INFY,0.9269977807998657,0.02095615305006504,0.05204607918858528
2025-08-20,ITC,0.009427874349057674,0.9257500171661377,0.06482203304767609
2025-08-21,AXISBANK,0.020356683060526848,0.878002941608429,0.10164031386375427
2025-08-21,BAJAJFINSV,0.9431969523429871,0.017188839614391327,0.0396142452955246
2025-08-21,CIPLA,0.03437413275241852,0.018780071288347244,0.9468458294868469
2025-08-21,INFY,0.03222018480300903,0.02236608974635601,0.9454137682914734
2025-08-21,NTPC,0.06734747439622879,0.02014811336994171,0.9125043749809265
2025-08-21,TECHM,0.912547767162323,0.011014057323336601,0.07643816620111465
2025-08-21,ULTRACEMCO,0.28282472367088,0.3308948477109273,0.38628040874997777
2025-08-21,WIPRO,0.0629565492272377,0.011543341912329197,0.9255000948905945
2025-08-22,HINDALCO,0.8709598779678345,0.011827860958874226,0.11721236258745193
2025-08-22,ITC,0.7804320454597473,0.011418724432587624,0.20814922451972961
2025-08-22,WIPRO,0.38154086594780284,0.01927838319291671,0.5991807393729687
2025-08-23,M&M,0.8961281180381775,0.015224503353238106,0.08864729106426239
2025-08-25,AXISBANK,0.09885529428720474,0.0203527994453907,0.880791962146759
2025-08-25,ICICIBANK,0.12616166472434998,0.007385808974504471,0.8664525747299194
2025-08-25,INDUSINDBK,0.3226264634480079,0.05072059358159701,0.6266529373824596
2025-08-25,SBIN,0.3297131359577179,0.01719772256910801,0.653089165687561
2025-08-26,CIPLA,0.03323383629322052,0.02069188840687275,0.9460743069648743
2025-08-26,HDFCBANK,0.1480596959590912,0.1656530648469925,0.6862872242927551
2025-08-26,INFY,0.02250879630446434,0.8011541366577148,0.17633701860904694
2025-08-26,MARUTI,0.06995547283440828,0.14979275478981435,0.7802517935633659
2025-08-26,TCS,0.37575053982436657,0.01666045607998967,0.6075889766216278
2025-08-27,BHARTIARTL,0.3141639828681946,0.008284255862236023,0.6775517463684082
2025-08-27,BPCL,0.8286120891571045,0.008345106616616249,0.16304278373718262
2025-08-27,HINDUNILVR,0.8727284073829651,0.07732813060283661,0.049943383783102036
2025-08-27,ONGC,0.08161616325378418,0.009291398338973522,0.9090924859046936
2025-08-27,TATASTEEL,0.06483937241137028,0.02416430599987507,0.910996288061142
2025-08-28,BAJAJ-AUTO,0.9194818139076233,0.037094078958034515,0.04342418536543846
2025-08-28,BPCL,0.02339387871325016,0.8937224745750427,0.08288365602493286
2025-08-28,INFY,0.47534391516819596,0.4659097925759852,0.058746337890625
2025-08-28,MARUTI,0.4496721625328064,0.4792160093784332,0.07111184298992157
2025-08-28,POWERGRID,0.02785347029566765,0.023917527869343758,0.9482289552688599
2025-08-28,RELIANCE,0.3916119337081909,0.08426518738269806,0.5241228938102722
2025-08-28,WIPRO,0.12697595357894897,0.012053022161126137,0.8609710335731506
2025-08-29,ICICIBANK,0.030904490500688553,0.021614080294966698,0.9474813938140869
2025-08-29,INFY,0.3865203708410263,0.008776533883064985,0.6047030687332153
2025-08-29,KOTAKBANK,0.9381113648414612,0.01985342614352703,0.04203511029481888
2025-08-29,RELIANCE,0.6897737852164677,0.010306463709899358,0.29991973883339335
2025-09-01,ASIANPAINT,0.12624967098236084,0.025349460542201996,0.848400890827179
2025-09-01,BAJAJ-AUTO,0.7820960283279419,0.1838061660528183,0.03409780561923981
2025-09-01,INFY,0.381985479593277,0.06045959256589413,0.5575549185276032
2025-09-01,M&M,0.01931372471153736,0.9601230025291443,0.020563308149576187
2025-09-01,MARUTI,0.009418688714504242,0.9670217633247375,0.02355962246656418
2025-09-01,RELIANCE,0.2350776605308056,0.015215856954455376,0.749706506729126
2025-09-02,BAJAJ-AUTO,0.03232103958725929,0.02248942106962204,0.9451895356178284
2025-09-02,HINDUNILVR,0.04841744154691696,0.01736868917942047,0.9342138767242432
2025-09-02,INDUSINDBK,0.02611345797777176,0.12626121938228607,0.8476253151893616
2025-09-02,SBIN,0.41587180830538273,0.014025888871401548,0.5701022818684578
2025-09-02,TCS,0.9092235565185547,0.04700389364734292,0.043772551231086254
2025-09-02,ULTRACEMCO,0.26362234354019165,0.010475793853402138,0.7259018421173096
2025-09-03,CIPLA,0.08865173906087875,0.009392129257321358,0.9019561409950256
2025-09-03,COALINDIA,0.3037334978580475,0.008572216145694256,0.6876943111419678
2025-09-03,ICICIBANK,0.32508164644241333,0.012691931799054146,0.6622263789176941
2025-09-03,RELIANCE,0.6132222414016724,0.12645742297172546,0.2603203058242798
2025-09-04,COALINDIA,0.617001473903656,0.3381345868110657,0.04486396908760071
2025-09-04,GRASIM,0.9460858106613159,0.016925089061260223,0.03698912262916565
2025-09-04,HDFCBANK,0.036244574934244156,0.017592309042811394,0.9461630582809448
2025-09-04,INDUSINDBK,0.010920306667685509,0.9436720013618469,0.045407719910144806
2025-09-04,ITC,0.5097628235816956,0.0707353800535202,0.41950181126594543
2025-09-04,MARUTI,0.15164464712142944,0.016588497906923294,0.8317668437957764
2025-09-05,BAJFINANCE,0.052038174122571945,0.013003334403038025,0.9349584579467773
2025-09-05,BHARTIARTL,0.9000325798988342,0.032475560903549194,0.06749188899993896
2025-09-05,MARUTI,0.05413132160902023,0.014392735436558723,0.9314759373664856
2025-09-05,NTPC,0.03389761596918106,0.01971244066953659,0.94638991355896
2025-09-08,AXISBANK,0.14308764040470123,0.4009588062763214,0.45595356822013855
2025-09-08,CIPLA,0.031761154532432556,0.01945221982896328,0.9487866759300232
2025-09-08,INFY,0.02990046888589859,0.11402639746665955,0.8560732007026672
2025-09-08,ITC,0.04076352342963219,0.016236349940299988,0.943000078201294
2025-09-08,M&M,0.04264774173498154,0.016957685351371765,0.9403945207595825
2025-09-08,MARUTI,0.6227177083492279,0.30666228011250496,0.07062001898884773
2025-09-08,TATASTEEL,0.8142451643943787,0.1334315538406372,0.05232318118214607
2025-09-09,INDUSINDBK,0.15523967146873474,0.01189458929002285,0.8328657746315002
2025-09-09,INFY,0.2967673894017935,0.07115890085697174,0.6320737153291702
2025-09-09,KOTAKBANK,0.058114197105169296,0.012902005575597286,0.9289838671684265
2025-09-09,TECHM,0.03141932189464569,0.021479565650224686,0.9471011161804199
2025-09-10,BAJFINANCE,0.04490289092063904,0.015880418941378593,0.939216673374176
2025-09-10,KOTAKBANK,0.31761013592282933,0.037171630188822746,0.6452182270586491
2025-09-10,RELIANCE,0.03307858482003212,0.020600810647010803,0.9463205933570862
2025-09-10,ULTRACEMCO,0.08605105429887772,0.012300181202590466,0.901648759841919
2025-09-11,COALINDIA,0.07249994575977325,0.012064819224178791,0.9154351949691772
2025-09-11,INFY,0.5375932902097702,0.3383653238415718,0.12404139898717403
2025-09-11,KOTAKBANK,0.029875321313738823,0.02259344607591629,0.9475312829017639
2025-09-11,TCS,0.444548894961675,0.13089633639901876,0.4245547652244568
2025-09-11,WIPRO,0.03067619539797306,0.024085724726319313,0.9452380537986755
2025-09-12,COALINDIA,0.9436053931713104,0.02119961380958557,0.03519495390355587
2025-09-12,INFY,0.7136895557244619,0.022601259872317314,0.2637092210352421
2025-09-12,JSWSTEEL,0.05498884990811348,0.016024641692638397,0.9289865493774414
2025-09-12,MARUTI,0.27858200669288635,0.6975597739219666,0.023858260363340378
2025-09-12,SBIN,0.03230022452771664,0.02209319267421961,0.9456065595149994
2025-09-12,TCS,0.7830795645713806,0.006813852582126856,0.21010658144950867
2025-09-14,BAJFINANCE,0.7673175930976868,0.050650328397750854,0.18203206360340118
2025-09-14,NTPC,0.07360798865556717,0.009351536631584167,0.9170404076576233
2025-09-15,BHARTIARTL,0.1500503569841385,0.04918479174375534,0.800764799118042
2025-09-15,DRREDDY,0.026838084682822227,0.023065125569701195,0.9500967860221863
2025-09-15,INDUSINDBK,0.17739206552505493,0.008471374399960041,0.8141365051269531
2025-09-15,INFY,0.32486747081081074,0.3329418022185564,0.3421907089650631
2025-09-15,WIPRO,0.6622992157936096,0.0072561935521662235,0.3304445445537567
2025-09-16,BAJAJFINSV,0.041254304349422455,0.016107236966490746,0.9426385164260864
2025-09-16,COALINDIA,0.5613682866096497,0.012955971993505955,0.42567571997642517
2025-09-16,RELIANCE,0.03508539870381355,0.01774575375020504,0.94716876745224
2025-09-16,TCS,0.8658468127250671,0.008278553374111652,0.12587471306324005
2025-09-16,ULTRACEMCO,0.9263706803321838,0.013089829124510288,0.060539454221725464
2025-09-17,INFY,0.12406936287879944,0.009921488352119923,0.8660091757774353
2025-09-17,TECHM,0.028644878417253494,0.024184228852391243,0.9471709132194519
2025-09-17,ULTRACEMCO,0.9456262588500977,0.025844870135188103,0.028528787195682526
2025-09-18,BHARTIARTL,0.9355332851409912,0.03161252662539482,0.03285415470600128
2025-09-18,HINDALCO,0.946706235408783,0.01747695915400982,0.035816848278045654
2025-09-18,ITC,0.5169387049973011,0.1614681426435709,0.32159318029880524
2025-09-18,TCS,0.8152756094932556,0.006274421699345112,0.17844998836517334
2025-09-18,TECHM,0.13113848865032196,0.010070480406284332,0.8587909936904907
2025-09-19,KOTAKBANK,0.02899571880698204,0.02219468541443348,0.9488096237182617
2025-09-19,MARUTI,0.12207602709531784,0.664697527885437,0.21322645246982574
2025-09-20,HDFCBANK,0.018389929085969925,0.7658500075340271,0.2157600075006485
2025-09-20,INFY,0.02485344186425209,0.9377288222312927,0.0374177061021328
2025-09-22,BAJAJ-AUTO,0.9479075074195862,0.023287830874323845,0.028804706409573555
2025-09-22,KOTAKBANK,0.06273409724235535,0.01645653508603573,0.9208093285560608
2025-09-22,NTPC,0.941148042678833,0.012628722004592419,0.046223193407058716
2025-09-22,POWERGRID,0.027741210535168648,0.022872162982821465,0.9493865966796875
2025-09-22,TCS,0.00762293441221118,0.9720144271850586,0.020362600684165955
2025-09-23,AXISBANK,0.038418300449848175,0.018570780754089355,0.9430108666419983
2025-09-23,BAJFINANCE,0.03201393783092499,0.020940300077199936,0.9470457434654236
2025-09-23,ICICIBANK,0.1939476579427719,0.014933641999959946,0.7911186814308167
2025-09-23,JSWSTEEL,0.9237973093986511,0.04873278737068176,0.027469873428344727
2025-09-23,MARUTI,0.9033467769622803,0.02512729912996292,0.07152596116065979
2025-09-23,SBIN,0.9182959794998169,0.010516763664782047,0.07118729501962662
2025-09-23,TATASTEEL,0.06867038458585739,0.015182054601609707,0.9161475300788879
2025-09-23,TCS,0.6522787809371948,0.011251003481447697,0.33647024631500244
2025-09-23,WIPRO,0.8066275715827942,0.050864409655332565,0.14250798523426056
2025-09-24,HCLTECH,0.031961388885974884,0.020296338945627213,0.9477422833442688
2025-09-24,HINDALCO,0.21719227731227875,0.010151268914341927,0.7726565003395081
2025-09-24,NTPC,0.046948958188295364,0.025272256694734097,0.9277787804603577
2025-09-24,WIPRO,0.0441613532602787,0.03208888694643974,0.9237498044967651
2025-09-25,LT,0.07111756503582001,0.014079215936362743,0.9148032069206238
2025-09-25,WIPRO,0.04756428301334381,0.09063045680522919,0.861805260181427
2025-09-26,AXISBANK,0.2216055989265442,0.009520151652395725,0.7688742280006409
2025-09-26,BAJFINANCE,0.10805385559797287,0.009062502533197403,0.8828836679458618
2025-09-26,JSWSTEEL,0.08650987595319748,0.633600503206253,0.27988962829113007
2025-09-26,MARUTI,0.6987061649560928,0.02544892206788063,0.275844931602478
2025-09-26,SBIN,0.6433460116386414,0.009570256806910038,0.34708371758461
2025-09-26,TCS,0.020816540345549583,0.7619225382804871,0.21726086735725403
2025-09-29,BHARTIARTL,0.04932312294840813,0.1575585901737213,0.7931182384490967
2025-09-29,BPCL,0.9384675025939941,0.016867397353053093,0.044665101915597916
2025-09-29,HDFCBANK,0.24521666765213013,0.377054899930954,0.3777284324169159
2025-09-29,HINDUNILVR,0.1072213351726532,0.8673532605171204,0.025425421074032784
2025-09-29,INDUSINDBK,0.596168244878451,0.03459055442363024,0.3692411941786607
2025-09-29,NTPC,0.0320858433842659,0.02149590104818344,0.946418285369873
2025-09-29,POWERGRID,0.03595590963959694,0.020289842039346695,0.943754255771637
2025-09-29,TATASTEEL,0.4512067772448063,0.01075925538316369,0.5380339846014977
2025-09-29,TCS,0.0292388959787786,0.4910716852173209,0.47968940902501345
2025-09-30,AXISBANK,0.030403418466448784,0.023365652188658714,0.946230947971344
2025-09-30,BPCL,0.0744289681315422,0.022939834743738174,0.9026311635971069
2025-09-30,HDFCBANK,0.016276229172945023,0.3960352838039398,0.5876885056495667
2025-09-30,HINDUNILVR,0.025429408997297287,0.7582565546035767,0.21631403267383575
2025-09-30,ITC,0.035656873136758804,0.2538391649723053,0.7105039358139038
2025-09-30,M&M,0.02827647142112255,0.021747136488556862,0.94997638463974
2025-09-30,NESTLEIND,0.061778903007507324,0.015411932952702045,0.9228091239929199
2025-09-30,TCS,0.02722173184156418,0.07081819325685501,0.901960015296936
2025-10-01,HDFCBANK,0.1327461302280426,0.09255404025316238,0.774699866771698
2025-10-01,ICICIBANK,0.02904053032398224,0.022031454369425774,0.9489279985427856
2025-10-01,TECHM,0.03513606637716293,0.02114167995750904,0.9437221884727478
2025-10-02,AXISBANK,0.030869275331497192,0.023273417726159096,0.9458572864532471
2025-10-02,TCS,0.030845219269394875,0.915552020072937,0.05360271409153938
2025-10-03,HEROMOTOCO,0.033119384199380875,0.0188022218644619,0.9480783939361572
2025-10-03,KOTAKBANK,0.8695485591888428,0.07335604727268219,0.05709535628557205
2025-10-04,HEROMOTOCO,0.8876861929893494,0.028490956872701645,0.08382277190685272
2025-10-04,TCS,0.024894049391150475,0.791350781917572,0.18375512957572937
2025-10-05,TATASTEEL,0.6340581178665161,0.02125898376107216,0.34468284249305725
2025-10-06,HDFCBANK,0.45336996763944626,0.02346467226743698,0.5231653787195683
2025-10-06,HEROMOTOCO,0.03205296769738197,0.021922046318650246,0.946025013923645
2025-10-06,INDUSINDBK,0.08585143089294434,0.017977464944124222,0.8961710929870605
2025-10-06,TCS,0.028200047090649605,0.6941026002168655,0.27769744396209717
2025-10-07,COALINDIA,0.9414409399032593,0.018621593713760376,0.039937395602464676
2025-10-07,HCLTECH,0.03574363514780998,0.018218012526631355,0.9460383057594299
2025-10-07,ONGC,0.8831645846366882,0.09084178507328033,0.025993702933192253
2025-10-07,SBIN,0.03598438948392868,0.01813056878745556,0.9458850622177124
2025-10-08,INFY,0.06911411881446838,0.016788139939308167,0.9140977263450623
2025-10-08,SBIN,0.4680103547871113,0.010595343541353941,0.521394282579422
2025-10-08,ULTRACEMCO,0.1341283619403839,0.02367928996682167,0.8421923518180847
2025-10-09,COALINDIA,0.042217742651700974,0.018566984683275223,0.9392153024673462
2025-10-09,HCLTECH,0.9504178166389465,0.018516426905989647,0.031065786257386208
2025-10-09,INDUSINDBK,0.016401687636971474,0.6384912133216858,0.3451071083545685
2025-10-09,INFY,0.4914125632494688,0.38520254846662283,0.1233848575502634
2025-10-09,TATASTEEL,0.8181706666946411,0.14414648711681366,0.037682875990867615
2025-10-09,TCS,0.2063886406166213,0.47270501325173037,0.3209063546465976
2025-10-09,TECHM,0.9389480352401733,0.017781993374228477,0.04326998069882393
2025-10-09,WIPRO,0.9484773874282837,0.019137544557452202,0.03238510340452194
2025-10-10,M&M,0.03844336047768593,0.018551897257566452,0.9430047273635864
2025-10-10,SBIN,0.12343180924654007,0.011566427536308765,0.8650017380714417
2025-10-10,TATASTEEL,0.07082394976168871,0.024910773150622845,0.9042652547359467
2025-10-10,TCS,0.35770702867635656,0.16197239660790988,0.4803205542266369
2025-10-12,ICICIBANK,0.03044658713042736,0.023676522076129913,0.945876955986023
2025-10-13,AXISBANK,0.050333768129348755,0.46866042353212833,0.48100584745407104
2025-10-13,HDFCBANK,0.633696436882019,0.027868101373314857,0.33843547105789185
2025-10-13,HEROMOTOCO,0.07952971756458282,0.009754079394042492,0.9107162356376648
2025-10-13,HINDUNILVR,0.03205447271466255,0.8888407349586487,0.07910478115081787
2025-10-13,INDUSINDBK,0.02059182897210121,0.3779323399066925,0.6014757752418518
2025-10-13,ITC,0.9492815136909485,0.018593767657876015,0.03212471306324005
2025-10-13,TCS,0.05737840011715889,0.6393003463745117,0.3033212721347809
2025-10-14,BAJAJ-AUTO,0.945920467376709,0.018749723210930824,0.035329826176166534
2025-10-14,BHARTIARTL,0.8686927556991577,0.007190066389739513,0.1241171732544899
2025-10-14,EICHERMOT,0.9478102922439575,0.017803234979510307,0.03438645228743553
2025-10-14,HCLTECH,0.36265694598356885,0.015935448774447043,0.6214076243340969
2025-10-14,HEROMOTOCO,0.9454500675201416,0.018132725730538368,0.036417096853256226
2025-10-14,INFY,0.9413689374923706,0.02020115777850151,0.038429904729127884
2025-10-14,M&M,0.9436236023902893,0.020525697618722916,0.03585069999098778
2025-10-14,MARUTI,0.941710352897644,0.019215447828173637,0.03907419368624687
2025-10-14,SBIN,0.03423392400145531,0.01919480226933956,0.9465712308883667
2025-10-14,TCS,0.011585213243961334,0.9669216275215149,0.0214932169765234
2025-10-14,TECHM,0.17097227880731225,0.4882300947792828,0.34079756774008274
2025-10-15,AXISBANK,0.1345341376339396,0.7308573424816132,0.13460847704360882
2025-10-15,BHARTIARTL,0.8931062817573547,0.007250910624861717,0.09964275360107422
2025-10-15,HCLTECH,0.06915312260389328,0.011581472121179104,0.9192654490470886
2025-10-15,HEROMOTOCO,0.7914334535598755,0.007851396687328815,0.20071513950824738
2025-10-15,INFY,0.16757260262966156,0.007432733662426472,0.8249946236610413
2025-10-15,SBIN,0.7557216286659241,0.008218580856919289,0.23605982959270477
2025-10-15,TECHM,0.44297940177576883,0.016113068775406907,0.5409075205347368
2025-10-16,AXISBANK,0.32457800519963104,0.04266238259151578,0.6327596098805467
2025-10-16,BAJAJFINSV,0.03464772179722786,0.02102876827120781,0.9443235397338867
2025-10-16,HDFCBANK,0.8435801863670349,0.12119857966899872,0.03522123768925667
2025-10-16,ICICIBANK,0.9187032580375671,0.053252965211868286,0.028043672442436218
2025-10-16,INDUSINDBK,0.03226091340184212,0.059757206588983536,0.9079819321632385
2025-10-16,INFY,0.5121234066784381,0.07756392285227776,0.41031269915401936
2025-10-16,NESTLEIND,0.9295775294303894,0.0359230600297451,0.03449947262803713
2025-10-16,TECHM,0.05170375481247902,0.014678644016385078,0.9336175918579102
2025-10-16,TITAN,0.6234111189842224,0.019046921283006668,0.3575419783592224
2025-10-16,WIPRO,0.5951629310846329,0.26762517020106313,0.13721189461648464
2025-10-17,ASIANPAINT,0.9393857717514038,0.034289199858903885,0.026324989274144173
2025-10-17,AXISBANK,0.06724524311721325,0.013713638298213482,0.9190411269664764
2025-10-17,HDFCBANK,0.030910557135939598,0.0224040225148201,0.9466854333877563
2025-10-17,INDUSINDBK,0.014514535665512085,0.7824798226356506,0.2030055671930313
2025-10-17,INFY,0.286161573138088,0.12466826906893402,0.5891701831715181
2025-10-17,JSWSTEEL,0.9503243565559387,0.019696077331900597,0.029979601502418518
2025-10-17,NESTLEIND,0.5078418515622616,0.018375125713646412,0.473783022724092
2025-10-17,RELIANCE,0.7781572341918945,0.022224585215250652,0.19961816569169363
2025-10-17,SBIN,0.6878530383110046,0.016746673732995987,0.2954002618789673
2025-10-17,TCS,0.009441878646612167,0.9752751588821411,0.015282917767763138
2025-10-17,WIPRO,0.412829528003931,0.01969646904617548,0.5674740370362997
2025-10-18,BAJAJ-AUTO,0.2606675624847412,0.01764693856239319,0.7216854691505432
2025-10-18,HDFCBANK,0.9522229433059692,0.02118709124624729,0.026589879766106606
2025-10-18,ICICIBANK,0.94920414686203,0.025587446987628937,0.02520827017724514
2025-10-18,INDUSINDBK,0.13752633484546095,0.6854524882510304,0.1770211118273437
2025-10-18,ULTRACEMCO,0.9195617437362671,0.007805476430803537,0.07263274490833282
2025-10-19,M&M,0.859322726726532,0.009382535703480244,0.13129471242427826
2025-10-20,HDFCBANK,0.5543152093887329,0.02132581127807498,0.4243589947000146
2025-10-20,ICICIBANK,0.4095699368044734,0.3321086335927248,0.25832141439119977
2025-10-20,JSWSTEEL,0.9481905698776245,0.0208949763327837,0.030914481729269028
2025-10-20,RELIANCE,0.4611345431767404,0.5009517064318061,0.037913719192147255
2025-10-20,ULTRACEMCO,0.6378828594461083,0.3354405065377553,0.026676651711265247
2025-10-21,HEROMOTOCO,0.5005245804786682,0.10383205860853195,0.3956433832645416
2025-10-21,INDUSINDBK,0.04296766221523285,0.014596576802432537,0.9424356818199158
2025-10-21,JSWSTEEL,0.05614704266190529,0.015948090702295303,0.9279048442840576
2025-10-21,SBIN,0.025723976083099842,0.026852170936763287,0.9474238157272339
2025-10-21,ULTRACEMCO,0.09343443810939789,0.010489031672477722,0.8960765600204468
2025-10-22,INFY,0.047187598422169685,0.28775342321023345,0.6650589853525162
2025-10-23,AXISBANK,0.460521399974823,0.018663933500647545,0.5208145976066589
2025-10-23,HCLTECH,0.027131929993629456,0.025407198816537857,0.9474608302116394
2025-10-23,HDFCBANK,0.5005685780197382,0.018396249040961266,0.4810352250933647
2025-10-23,HEROMOTOCO,0.8538990020751953,0.008065534755587578,0.13803543150424957
2025-10-23,HINDUNILVR,0.4855185244232416,0.4889128692448139,0.025568652898073196
2025-10-23,ICICIBANK,0.07079979218542576,0.013849083799868822,0.9153511226177216
2025-10-23,INFY,0.6420278524359068,0.045608182748158775,0.3123639989644289
2025-10-23,RELIANCE,0.5470284223556519,0.009522556327283382,0.4434489905834198
2025-10-23,TITAN,0.7658923268318176,0.013392316177487373,0.22071538865566254
2025-10-24,CIPLA,0.01894751936197281,0.8845376968383789,0.09651471674442291
2025-10-24,EICHERMOT,0.11054486781358719,0.013305069878697395,0.8761500716209412
2025-10-24,HINDUNILVR,0.06307321041822433,0.013055716641247272,0.9238710999488831
2025-10-24,INDUSINDBK,0.07101649791002274,0.014153583906590939,0.9148299098014832
2025-10-24,KOTAKBANK,0.027077410370111465,0.027430301532149315,0.9454922676086426
2025-10-24,ULTRACEMCO,0.3860338081916173,0.011507794260978699,0.6024584360420704
2025-10-25,KOTAKBANK,0.03185410673419634,0.6515999759236971,0.3165459595620632
2025-10-25,SBIN,0.061287298798561096,0.8602815270423889,0.0784311518073082
2025-10-25,WIPRO,0.025889547541737556,0.200016587972641,0.7740939259529114
2025-10-26,SBIN,0.8293506503105164,0.009330261498689651,0.1613190621137619
2025-10-27,DRREDDY,0.06969232857227325,0.030796536244452,0.8995110988616943
2025-10-27,HDFCBANK,0.06315906345844269,0.01155618391931057,0.9252846837043762
2025-10-27,KOTAKBANK,0.17970439977943897,0.017595666460692883,0.8026999632517496
2025-10-27,RELIANCE,0.5482423305511475,0.015613531693816185,0.4361441731452942
2025-10-28,DRREDDY,0.4788368463050574,0.4974955888465047,0.023667610250413418
2025-10-28,HDFCBANK,0.013232209719717503,0.9141407608985901,0.07262708991765976
2025-10-28,HINDUNILVR,0.6551319534579912,0.018605115202565987,0.3262629484136899
2025-10-28,KOTAKBANK,0.06272201985120773,0.014404800720512867,0.9228731691837311
2025-10-28,RELIANCE,0.026630964130163193,0.02644863724708557,0.9469203948974609
2025-10-28,WIPRO,0.21890990436077118,0.008714605122804642,0.7723754644393921
2025-10-29,AXISBANK,0.07466402649879456,0.010662072338163853,0.914673924446106
2025-10-29,COALINDIA,0.007623292971402407,0.9734517931938171,0.01892489567399025
2025-10-29,INFY,0.059775348752737045,0.012579022906720638,0.9276455640792847
2025-10-29,LT,0.05863102525472641,0.017727425321936607,0.923641562461853
2025-10-29,MARUTI,0.9442623853683472,0.0113608930259943,0.04437671974301338
2025-10-29,NTPC,0.9453097581863403,0.0314871184527874,0.02320314384996891
2025-10-30,CIPLA,0.03212950238958001,0.4951501050963998,0.47272042371332645
2025-10-30,COALINDIA,0.040387677028775215,0.493485055398196,0.4661272494122386
2025-10-30,HINDUNILVR,0.574970006942749,0.01053769513964653,0.41449227929115295
2025-10-30,ITC,0.0853603333234787,0.8993947505950928,0.015244980342686176
2025-10-30,LT,0.08245454728603363,0.011083262041211128,0.9064621925354004
2025-10-30,TATASTEEL,0.029510049149394035,0.021658115088939667,0.9488318562507629
2025-10-30,TCS,0.035361211746931076,0.014432726427912712,0.9502060413360596
2025-10-30,WIPRO,0.03265606239438057,0.01883532479405403,0.9485085606575012
2025-10-31,BPCL,0.9514601230621338,0.021818596869707108,0.026721345260739326
2025-10-31,CIPLA,0.09472479857504368,0.01712736953049898,0.8881478309631348
2025-10-31,COALINDIA,0.09334316104650497,0.009873808361589909,0.8967830538749695
2025-10-31,ITC,0.6018698823948702,0.06578361118833224,0.3323464921365182
2025-10-31,JSWSTEEL,0.9447067975997925,0.027646752074360847,0.02764647640287876
2025-10-31,MARUTI,0.9504621922969818,0.02257152460515499,0.02696622908115387
2025-10-31,NTPC,0.06825266405940056,0.018649836536496878,0.9130975008010864
2025-10-31,RELIANCE,0.024672113358974457,0.026974743232131004,0.948353111743927
2025-11-01,MARUTI,0.9295557141304016,0.011935126036405563,0.0585092157125473
2025-11-01,SBIN,0.06690762937068939,0.011495660059154034,0.9215967059135437
2025-11-02,RELIANCE,0.11362846940755844,0.020196665078401566,0.8661748170852661
2025-11-03,BHARTIARTL,0.4892320688813925,0.03544654697179794,0.47532141488045454
2025-11-03,CIPLA,0.5043197218328714,0.4425785783678293,0.05310165788978338
2025-11-03,HINDUNILVR,0.030354013666510582,0.022470586001873016,0.9471754431724548
2025-11-03,ITC,0.007807617075741291,0.9750809669494629,0.01711134985089302
2025-11-03,NTPC,0.7221926152706146,0.03322750888764858,0.2445798935368657
2025-11-03,TITAN,0.4906221339479089,0.028280572034418583,0.4810972921550274
2025-11-04,BHARTIARTL,0.4975151661783457,0.023835389874875546,0.4786494616419077
2025-11-04,COALINDIA,0.008574591251090169,0.971891313791275,0.01953411102294922
2025-11-04,HEROMOTOCO,0.01380650419741869,0.9682227373123169,0.017970869317650795
2025-11-04,INDUSINDBK,0.7663514018058777,0.008241374976933002,0.22540727257728577
2025-11-04,MARUTI,0.06520558148622513,0.015945207327604294,0.9188491702079773
2025-11-04,POWERGRID,0.49148766696453094,0.01994974073022604,0.4885626267641783
2025-11-04,TCS,0.9392654895782471,0.010366749949753284,0.05036774277687073
2025-11-05,BHARTIARTL,0.09519044309854507,0.010496472008526325,0.8943131566047668
2025-11-05,BRITANNIA,0.4848542883992195,0.12553672678768635,0.3896090220659971
2025-11-05,CIPLA,0.06076858192682266,0.013765907846391201,0.92546546459198
2025-11-05,GRASIM,0.9502121806144714,0.02395410370081663,0.025833679363131523
2025-11-05,HINDALCO,0.23556578159332275,0.6971691250801086,0.06726516783237457
2025-11-05,M&M,0.5052419640123844,0.017899300903081894,0.47685874067246914
2025-11-05,MARUTI,0.05673500522971153,0.015001873485744,0.9282631278038025
2025-11-06,BHARTIARTL,0.05538818519562483,0.022877017967402935,0.9217347800731659
2025-11-06,GRASIM,0.03883335506543517,0.4874064279720187,0.47376027423888445
2025-11-06,INFY,0.053843576461076736,0.016416633501648903,0.929739773273468
2025-11-06,ITC,0.0477430634200573,0.8610760569572449,0.0911809504032135
2025-11-06,M&M,0.020044807344675064,0.060141537338495255,0.9198136925697327
2025-11-06,POWERGRID,0.05296584591269493,0.014102155342698097,0.9329319596290588
2025-11-06,SBIN,0.4880488533526659,0.014259709976613522,0.49769151024520397
2025-11-06,TATASTEEL,0.9307312369346619,0.011187061667442322,0.05808169022202492
2025-11-07,BAJAJ-AUTO,0.6909831017255783,0.021329154260456562,0.2876877710223198
2025-11-07,BHARTIARTL,0.030765049159526825,0.02192043699324131,0.9473145008087158
2025-11-07,BRITANNIA,0.9512811899185181,0.02283591777086258,0.025882914662361145
2025-11-07,HINDALCO,0.9305301904678345,0.019086440559476614,0.050383398309350014
2025-11-07,POWERGRID,0.011391266249120235,0.9502242207527161,0.03838454931974411
2025-11-09,ICICIBANK,0.031965289264917374,0.02053842879831791,0.9474962949752808
2025-11-10,BAJAJ-AUTO,0.09083686769008636,0.011539909057319164,0.8976232409477234
2025-11-10,BAJFINANCE,0.9439740180969238,0.026454957202076912,0.02957092598080635
2025-11-10,BHARTIARTL,0.4902135357260704,0.018013665452599525,0.49177282117307186
2025-11-10,BPCL,0.949928879737854,0.02154836617410183,0.028522750362753868
2025-11-10,CIPLA,0.9488160610198975,0.01920214295387268,0.03198181465268135
2025-11-10,HINDALCO,0.07407122105360031,0.026337958872318268,0.8995908498764038
2025-11-10,ITC,0.04028364596888423,0.4947942835278809,0.46492210775613785
2025-11-10,M&M,0.9509504437446594,0.020724400877952576,0.02832512930035591
2025-11-10,MARUTI,0.94515460729599,0.016663482412695885,0.038181889802217484
2025-11-10,NTPC,0.007452463265508413,0.9745030403137207,0.01804453879594803
2025-11-10,POWERGRID,0.04748632269911468,0.49141232715919614,0.4611013401299715
2025-11-10,SBIN,0.17296836152672768,0.012389864772558212,0.8146418333053589
2025-11-11,BAJAJ-AUTO,0.6058975644409657,0.32618324489643175,0.06791915744543076
2025-11-11,BAJFINANCE,0.0459892270155251,0.2387026003561914,0.7153081828728318
2025-11-11,BHARTIARTL,0.08188264816999435,0.011756964027881622,0.9063603281974792
2025-11-11,BPCL,0.5408454537391663,0.009096801280975342,0.450057715177536
2025-11-11,BRITANNIA,0.9494619965553284,0.02196376770734787,0.028574233874678612
2025-11-11,GRASIM,0.9489899277687073,0.01798713020980358,0.033023033291101456
2025-11-11,HDFCBANK,0.880888819694519,0.011241794563829899,0.1078694611787796
2025-11-11,M&M,0.06136742979288101,0.012339870445430279,0.9262926578521729
2025-11-11,SBIN,0.13793395459651947,0.009391051717102528,0.8526749610900879
2025-11-11,SUNPHARMA,0.04492513765580952,0.4918308206833899,0.4632440349087119
2025-11-11,TCS,0.9109249114990234,0.06322835385799408,0.025846781209111214
2025-11-12,ASIANPAINT,0.9499426484107971,0.024320174008607864,0.025737149640917778
2025-11-12,BAJAJ-AUTO,0.08575459569692612,0.015092099085450172,0.8991533517837524
2025-11-12,BAJFINANCE,0.060659121721982956,0.012658100575208664,0.9266828298568726
2025-11-12,HINDALCO,0.5134121105074883,0.015118455979973078,0.4714694209396839
2025-11-12,JSWSTEEL,0.04641134664416313,0.01348621305078268,0.9401023983955383
2025-11-12,ONGC,0.00746733695268631,0.9740609526634216,0.018471647053956985
2025-11-12,TATASTEEL,0.9472426176071167,0.02479686588048935,0.027960503473877907
2025-11-12,TCS,0.6390478014945984,0.314745157957077,0.04620703309774399
2025-11-12,TECHM,0.4827589150518179,0.02556289453059435,0.4916781783103943
2025-11-13,ASIANPAINT,0.9374706149101257,0.03461275342851877,0.02791658602654934
2025-11-13,BAJAJFINSV,0.04689207300543785,0.016448983922600746,0.9366589784622192
2025-11-13,GRASIM,0.04231714829802513,0.014467796310782433,0.9432150721549988
2025-11-13,HEROMOTOCO,0.9476408958435059,0.025887805968523026,0.02647135779261589
2025-11-13,NTPC,0.009247339330613613,0.9373519420623779,0.05340074002742767
2025-11-13,ONGC,0.06340737640857697,0.01605832204222679,0.9205343127250671
2025-11-13,SBIN,0.031045272015035152,0.021862871944904327,0.9470918774604797
2025-11-13,TATASTEEL,0.4405415244400501,0.07922784425318241,0.48023057729005814
2025-11-13,TITAN,0.5817484855651855,0.10865160822868347,0.3095998764038086
2025-11-14,ASIANPAINT,0.17419550567865372,0.03003979567438364,0.795764704545339
2025-11-14,AXISBANK,0.03948085010051727,0.018391603603959084,0.9421275854110718
2025-11-14,BAJAJ-AUTO,0.950901448726654,0.02046542800962925,0.02863316796720028
2025-11-14,BAJFINANCE,0.9479790031909943,0.01870064064860344,0.033320387825369835
2025-11-14,EICHERMOT,0.8336631953716278,0.015258591156452894,0.15107818506658077
2025-11-14,HEROMOTOCO,0.48981190007179976,0.021074797958135605,0.48911328706890345
2025-11-14,HINDALCO,0.9474551677703857,0.017426462844014168,0.03511840105056763
2025-11-14,INFY,0.7244049906730652,0.010628015734255314,0.2649671137332916
2025-11-14,KOTAKBANK,0.025579867884516716,0.0650525614619255,0.9093676209449768
2025-11-14,MARUTI,0.008172060362994671,0.9648776650428772,0.026950253173708916
2025-11-14,SBIN,0.9332202076911926,0.015930496156215668,0.0508493036031723
2025-11-14,TATASTEEL,0.33952631056308746,0.09314792820562919,0.5673257435361544
2025-11-15,AXISBANK,0.9314466714859009,0.018037820234894753,0.05051539093255997
2025-11-15,TCS,0.013556273654103279,0.9491100907325745,0.03733362257480621
2025-11-16,INFY,0.8083299994468689,0.033182293176651,0.1584876924753189
2025-11-17,ASIANPAINT,0.07224393635988235,0.011207153089344501,0.9165489673614502
2025-11-17,BAJAJFINSV,0.9508762955665588,0.019334018230438232,0.029789751395583153
2025-11-17,EICHERMOT,0.0679490715265274,0.017989512532949448,0.9140614867210388
2025-11-17,HEROMOTOCO,0.9468249678611755,0.021839383989572525,0.03133565932512283
2025-11-17,INFY,0.5419026017189026,0.008977768011391163,0.4491196572780609
2025-11-17,KOTAKBANK,0.6238359808921814,0.029851160943508148,0.3463127911090851
2025-11-17,TATASTEEL,0.15154306218028069,0.01337337726727128,0.8350835144519806
2025-11-17,TCS,0.011662038043141365,0.9531631469726562,0.03517482802271843
2025-11-18,AXISBANK,0.02956540696322918,0.023424958810210228,0.9470096826553345
2025-11-18,EICHERMOT,0.03926171734929085,0.01740911416709423,0.9433291852474213
2025-11-18,HEROMOTOCO,0.09859795868396759,0.012713760137557983,0.888688325881958
2025-11-18,M&M,0.09593871980905533,0.010276936925947666,0.8937844038009644
2025-11-18,SBIN,0.3909439146518707,0.01047979419430097,0.5985763296484947
2025-11-19,ASIANPAINT,0.9507548809051514,0.023623516783118248,0.025621633976697922
2025-11-19,BAJAJFINSV,0.9524940848350525,0.020406417548656464,0.027099501341581345
2025-11-19,HDFCBANK,0.05920602660626173,0.015819846652448177,0.924974113702774
2025-11-19,HEROMOTOCO,0.08372445404529572,0.012976858764886856,0.9032986760139465
2025-11-19,ICICIBANK,0.08069300651550293,0.010955896228551865,0.9083511233329773
2025-11-19,INFY,0.05630488321185112,0.01865291502326727,0.9250422120094299
2025-11-19,NTPC,0.12177888303995132,0.8538463115692139,0.024374840781092644
2025-11-20,HEROMOTOCO,0.9300839900970459,0.026965105906128883,0.04295080900192261
2025-11-20,ICICIBANK,0.1395687311887741,0.01372965145856142,0.8467016220092773
2025-11-20,INDUSINDBK,0.38072633743286133,0.054843489080667496,0.5644301772117615
2025-11-20,INFY,0.04728113580495119,0.020443502813577652,0.9322753548622131
2025-11-20,LT,0.0669189915060997,0.013646988198161125,0.9194340109825134
2025-11-20,NESTLEIND,0.03249428793787956,0.019856052473187447,0.9476496577262878
2025-11-20,RELIANCE,0.05931400507688522,0.016611851751804352,0.924074113368988
2025-11-21,BAJAJ-AUTO,0.737490177154541,0.01044423971325159,0.25206562876701355
2025-11-21,INDUSINDBK,0.4916074275970459,0.1089790090918541,0.39941349625587463
2025-11-21,INFY,0.12585386633872986,0.012429725378751755,0.8617163896560669
2025-11-21,KOTAKBANK,0.08776984363794327,0.014661469496786594,0.8975687026977539
2025-11-21,M&M,0.06539648771286011,0.013662423938512802,0.9209410548210144
2025-11-21,TECHM,0.031958214938640594,0.02319341152906418,0.9448484182357788
2025-11-22,INFY,0.12448802497237921,0.5060720667243004,0.3694399129599333
2025-11-22,KOTAKBANK,0.8681016564369202,0.013790877535939217,0.1181073933839798
2025-11-23,HEROMOTOCO,0.03100503608584404,0.02252192795276642,0.9464730620384216
2025-11-23,RELIANCE,0.02896887995302677,0.03178776800632477,0.9392433762550354
2025-11-24,HDFCBANK,0.8940649032592773,0.008941450156271458,0.0969935953617096
2025-11-24,KOTAKBANK,0.0294024758040905,0.02563713863492012,0.944960355758667
2025-11-25,BHARTIARTL,0.1515805572271347,0.011587770655751228,0.8368316292762756
2025-11-25,DRREDDY,0.03719717264175415,0.021553872153162956,0.941248893737793
2025-11-25,TITAN,0.049214836210012436,0.028169473633170128,0.922615647315979
2025-11-25,WIPRO,0.03430298715829849,0.020352551713585854,0.9453445076942444
2025-11-26,BHARTIARTL,0.032427262514829636,0.020262868143618107,0.9473098814487457
2025-11-26,EICHERMOT,0.9477725625038147,0.01951141655445099,0.032716043293476105
2025-11-26,HDFCBANK,0.9369410276412964,0.03368069604039192,0.02937830239534378
2025-11-26,HEROMOTOCO,0.950373649597168,0.01815001666545868,0.031476255506277084
2025-11-26,INFY,0.08387194573879242,0.5160256028175354,0.400102436542511
2025-11-26,TECHM,0.16732098162174225,0.007059252820909023,0.8256197571754456
2025-11-26,WIPRO,0.213041752576828,0.007326345890760422,0.7796318531036377
2025-11-27,AXISBANK,0.025788016617298126,0.02588474005460739,0.9483272433280945
2025-11-27,BAJAJ-AUTO,0.4237055405974388,0.08119645528495312,0.4950979817658663
2025-11-27,TCS,0.06187164783477783,0.011686342768371105,0.9264419674873352
2025-11-28,ICICIBANK,0.03449458256363869,0.02029276452958584,0.9452126026153564
2025-11-28,MARUTI,0.014492147602140903,0.9202726483345032,0.06523524224758148
2025-11-28,NTPC,0.043301668018102646,0.02447906695306301,0.9322193264961243
2025-11-28,WIPRO,0.02880527451634407,0.02406756393611431,0.9471272230148315
2025-11-29,TITAN,0.10492618381977081,0.019785994663834572,0.8752878308296204
2025-11-30,M&M,0.6928122043609619,0.03013584576547146,0.27705201506614685
2025-12-01,HEROMOTOCO,0.1058230847120285,0.012736513279378414,0.8814403414726257
2025-12-01,ICICIBANK,0.05657630041241646,0.0165034681558609,0.9269202351570129
2025-12-01,MARUTI,0.9506823420524597,0.02191617153584957,0.02740148827433586
2025-12-01,RELIANCE,0.036434490233659744,0.01823304034769535,0.9453324675559998
2025-12-02,INDUSINDBK,0.059381574392318726,0.015296349301934242,0.9253220558166504
2025-12-02,ITC,0.04850341007113457,0.09448172897100449,0.8570148348808289
2025-12-02,KOTAKBANK,0.033400341868400574,0.02020675130188465,0.9463928937911987
2025-12-02,MARUTI,0.10060669481754303,0.010721461847424507,0.8886718153953552
2025-12-02,SBIN,0.9460816383361816,0.022951260209083557,0.030967041850090027
2025-12-03,BAJFINANCE,0.0326148085296154,0.019396638497710228,0.9479885101318359
2025-12-03,KOTAKBANK,0.4071877896785736,0.5375404953956604,0.0552717000246048
2025-12-04,HDFCBANK,0.0755128264427185,0.7250545024871826,0.19943267107009888
2025-12-04,JSWSTEEL,0.034988388419151306,0.9469338655471802,0.018077723681926727
2025-12-04,RELIANCE,0.034041184931993484,0.01835087686777115,0.9476078748703003
2025-12-04,TCS,0.1296684592962265,0.04163900762796402,0.8286925554275513
2025-12-04,TITAN,0.7681081891059875,0.006115615833550692,0.22577624022960663
2025-12-04,WIPRO,0.03238581493496895,0.023973437026143074,0.9436407685279846
2025-12-05,ICICIBANK,0.07940761744976044,0.587051510810852,0.3335408568382263
2025-12-05,JSWSTEEL,0.7361279726028442,0.21611268818378448,0.04775935411453247
2025-12-05,WIPRO,0.05197156220674515,0.012040817178785801,0.935987651348114
2025-12-08,BAJFINANCE,0.0650827270001173,0.01201431779190898,0.9229029715061188
2025-12-08,ICICIBANK,0.02737688273191452,0.023756150156259537,0.9488669037818909
2025-12-08,INFY,0.04667386785149574,0.07938806712627411,0.8739380240440369
2025-12-08,RELIANCE,0.4970938563346863,0.478976309299469,0.02392984740436077
2025-12-09,BAJFINANCE,0.9325805902481079,0.011820754036307335,0.05559869483113289
2025-12-09,HCLTECH,0.03082283027470112,0.021057814359664917,0.9481193423271179
2025-12-09,ICICIBANK,0.028085941448807716,0.026761189103126526,0.9451528787612915
2025-12-10,INDUSINDBK,0.06516173481941223,0.36597376270219684,0.5688645243644714
2025-12-10,TCS,0.07552298903465271,0.011765528470277786,0.912711501121521
2025-12-11,HDFCBANK,0.04130134359002113,0.3534203767776489,0.6052782535552979
2025-12-11,ICICIBANK,0.3360607326030731,0.013423936441540718,0.6505153179168701
2025-12-11,SBIN,0.028296547010540962,0.025636032223701477,0.9460674524307251
2025-12-11,TATASTEEL,0.5504984259605408,0.011156825348734856,0.4383447766304016
2025-12-11,TCS,0.9439692497253418,0.01032754685729742,0.045703183859586716
2025-12-11,WIPRO,0.19644556939601898,0.008726365864276886,0.7948281168937683
2025-12-12,BAJAJ-AUTO,0.03167078644037247,0.021230991929769516,0.9470981955528259
2025-12-12,INFY,0.032267823815345764,0.020083829760551453,0.9476483464241028
2025-12-12,ONGC,0.06326247751712799,0.9220064282417297,0.014731175266206264
2025-12-12,TATASTEEL,0.06863933429121971,0.01461672829464078,0.9167439341545105
2025-12-15,AXISBANK,0.5283687710762024,0.01039955485612154,0.46123164892196655
2025-12-15,COALINDIA,0.4980059862136841,0.00859785731881857,0.49339619278907776
2025-12-15,ONGC,0.008481806144118309,0.9688864350318909,0.022631866857409477
2025-12-15,TCS,0.133071169257164,0.6018335223197937,0.2650953531265259
2025-12-15,WIPRO,0.04428775981068611,0.01597205549478531,0.9397402405738831
2025-12-16,AXISBANK,0.00803224928677082,0.9711503982543945,0.02081727795302868
2025-12-16,BAJAJ-AUTO,0.1125582829117775,0.0126627953723073,0.8747788667678833
2025-12-16,BHARTIARTL,0.9427474141120911,0.025652730837464333,0.03159984201192856
2025-12-16,BRITANNIA,0.707628607749939,0.0920138880610466,0.20035752654075623
2025-12-16,INFY,0.13836947083473206,0.04246752709150314,0.8191630244255066
2025-12-16,KOTAKBANK,0.01719810627400875,0.9512835741043091,0.03151833266019821
2025-12-16,MARUTI,0.9324958920478821,0.026891406625509262,0.04061271250247955
2025-12-16,SBIN,0.03318312019109726,0.01791982166469097,0.9488970637321472
2025-12-16,WIPRO,0.03721286728978157,0.019049761816859245,0.9437373876571655
2025-12-17,AXISBANK,0.8400866389274597,0.0077774072997272015,0.1521359533071518
2025-12-17,HCLTECH,0.030019057914614677,0.020272325724363327,0.9497085809707642
2025-12-17,TCS,0.17457248270511627,0.013922275975346565,0.8115051984786987
2025-12-17,TECHM,0.029351653531193733,0.023176515474915504,0.9474718570709229
2025-12-18,BAJAJ-AUTO,0.03407157212495804,0.022012390196323395,0.9439160227775574
2025-12-18,BHARTIARTL,0.029672300443053246,0.02794281207025051,0.9423848986625671
2025-12-18,HCLTECH,0.02540864609181881,0.022126764059066772,0.9524645805358887
2025-12-18,TCS,0.13540227711200714,0.018431618809700012,0.8461660742759705
2025-12-18,TITAN,0.033720556646585464,0.16700367629528046,0.7992756962776184
2025-12-19,HCLTECH,0.0277346670627594,0.025191141292452812,0.9470741748809814
2025-12-19,HDFCBANK,0.06774172186851501,0.8149544596672058,0.11730386316776276
2025-12-19,KOTAKBANK,0.01823865808546543,0.9468227624893188,0.034938570111989975
2025-12-19,MARUTI,0.6431211233139038,0.012888594530522823,0.3439902365207672
2025-12-19,TECHM,0.033096231520175934,0.02093970589339733,0.9459640979766846
2025-12-22,AXISBANK,0.08615045249462128,0.010929974727332592,0.902919590473175
2025-12-22,HDFCBANK,0.049452900886535645,0.03058071993291378,0.9199663996696472
2025-12-22,MARUTI,0.031100653111934662,0.9436234831809998,0.025275850668549538
2025-12-22,TATASTEEL,0.0705968514084816,0.01625537872314453,0.9131477475166321
2025-12-22,ULTRACEMCO,0.08211883157491684,0.011154724285006523,0.9067264795303345
2025-12-23,AXISBANK,0.7145274877548218,0.008944494649767876,0.2765280306339264
2025-12-23,COALINDIA,0.9419640302658081,0.027042889967560768,0.030993057414889336
2025-12-23,HCLTECH,0.03235869109630585,0.021279387176036835,0.9463619589805603
2025-12-23,MARUTI,0.17050710320472717,0.01265557948499918,0.8168373107910156
2025-12-24,AXISBANK,0.014816482551395893,0.9215302467346191,0.06365323066711426
2025-12-24,BAJAJFINSV,0.03339783474802971,0.019815634936094284,0.9467865228652954
2025-12-24,HEROMOTOCO,0.08558380603790283,0.012398894876241684,0.90201735496521
2025-12-24,INDUSINDBK,0.008954554796218872,0.9479712247848511,0.043074145913124084
2025-12-24,TATASTEEL,0.030925577506422997,0.023414939641952515,0.9456595182418823
2025-12-24,TCS,0.19779513776302338,0.06470154970884323,0.7375033497810364
2025-12-25,INFY,0.17222191393375397,0.740108847618103,0.0876692458987236
2025-12-26,INDUSINDBK,0.026467591524124146,0.025604208931326866,0.9479281902313232
2025-12-26,MARUTI,0.045325037091970444,0.9013453125953674,0.05332973226904869
2025-12-26,TATASTEEL,0.0070704189129173756,0.9720672369003296,0.020862409844994545
2025-12-26,TITAN,0.9039462208747864,0.012767819687724113,0.08328606188297272
2025-12-29,BAJFINANCE,0.06004353612661362,0.022945644333958626,0.9170108437538147
2025-12-30,BPCL,0.2966313064098358,0.011960689909756184,0.6914079785346985
2025-12-30,MARUTI,0.006833651568740606,0.9699839949607849,0.023182349279522896
2025-12-30,SBIN,0.03222506493330002,0.02180742658674717,0.9459674954414368
2025-12-31,POWERGRID,0.029126765206456184,0.021920517086982727,0.9489526748657227
2025-12-31,TATASTEEL,0.034199781715869904,0.02306239679455757,0.9427377581596375
2025-12-31,TCS,0.011782125569880009,0.9575120806694031,0.030705802142620087
2026-01-01,ICICIBANK,0.06446126103401184,0.022182978689670563,0.9133557677268982
2026-01-01,ITC,0.16569242936869463,0.6271628313697875,0.20714472917219004
2026-01-01,KOTAKBANK,0.06562167406082153,0.014995540492236614,0.9193827509880066
2026-01-01,NESTLEIND,0.03025493025779724,0.0195748470723629,0.9501702189445496
2026-01-02,COALINDIA,0.9271436929702759,0.014571662060916424,0.0582846999168396
2026-01-02,HEROMOTOCO,0.038163866847753525,0.018509330227971077,0.9433267712593079
2026-01-02,ITC,0.07910475824028254,0.42200544774532317,0.49888979494571684
2026-01-02,WIPRO,0.039961013942956924,0.01646263524889946,0.9435763359069824
2026-01-03,COALINDIA,0.05903318524360657,0.011284416541457176,0.9296823740005493
2026-01-03,INDUSINDBK,0.015290732495486736,0.4213138520717621,0.5633954405784607
2026-01-04,ITC,0.04723038896918297,0.09939444065093994,0.8533751964569092
2026-01-05,BAJFINANCE,0.030930262058973312,0.027525998651981354,0.9415437579154968
2026-01-05,HDFCBANK,0.04878079146146774,0.9295148849487305,0.02170424349606037
2026-01-05,INFY,0.01860501803457737,0.5274637937545776,0.45393121242523193
2026-01-05,ONGC,0.016704997047781944,0.8387356400489807,0.14455930888652802
2026-01-05,TATASTEEL,0.9500370621681213,0.022099610418081284,0.02786336839199066
2026-01-06,AXISBANK,0.027606043964624405,0.026471825316548347,0.9459221363067627
2026-01-06,BAJAJ-AUTO,0.5515149608254433,0.01530660456046462,0.43317844718694687
2026-01-06,COALINDIA,0.044486112892627716,0.017445309087634087,0.9380685687065125
2026-01-06,HDFCBANK,0.479690745472908,0.48887840161720914,0.03143082372844219
2026-01-06,ITC,0.014399625360965729,0.9406222105026245,0.044978152960538864
2026-01-06,MARUTI,0.9311862587928772,0.0332932285964489,0.035520464181900024
2026-01-06,RELIANCE,0.028201738372445107,0.8624265193939209,0.10937175899744034
2026-01-06,TATASTEEL,0.013388951309025288,0.8898731470108032,0.09673793613910675
2026-01-07,CIPLA,0.01085110753774643,0.9674744606018066,0.021674469113349915
2026-01-07,HDFCBANK,0.19554418371990323,0.6330839097499847,0.1713718520477414
2026-01-07,MARUTI,0.022930404171347618,0.9647024869918823,0.012367147020995617
2026-01-07,RELIANCE,0.02724037505686283,0.024239465594291687,0.9485201835632324
2026-01-07,SUNPHARMA,0.03345067799091339,0.020611604675650597,0.9459377527236938
2026-01-07,TITAN,0.9376232624053955,0.030057821422815323,0.032318972051143646
2026-01-07,WIPRO,0.014775044284760952,0.5935976505279541,0.39162731170654297
2026-01-08,BAJAJFINSV,0.2837437391281128,0.01284380629658699,0.7034124732017517
2026-01-08,HDFCBANK,0.014433469623327255,0.4169076681137085,0.5686588287353516
2026-01-08,HINDUNILVR,0.05247291550040245,0.10448941588401794,0.8430377244949341
2026-01-08,INFY,0.02978219836950302,0.0246622022241354,0.945555567741394
2026-01-08,RELIANCE,0.10458033345639706,0.025251776911318302,0.8701679110527039
2026-01-08,TATASTEEL,0.9051998257637024,0.04487938806414604,0.04992077872157097
2026-01-09,BAJAJFINSV,0.029644936323165894,0.021403668448328972,0.9489514231681824
2026-01-09,M&M,0.06402543932199478,0.013895316049456596,0.9220792651176453
2026-01-09,TCS,0.009098370559513569,0.9488620758056641,0.04203955456614494
2026-01-09,TECHM,0.058258190751075745,0.05496913939714432,0.8867726922035217
2026-01-09,TITAN,0.16833075881004333,0.39527595043182373,0.4363933205604553
2026-01-12,ASIANPAINT,0.03253449127078056,0.021144738420844078,0.9463207125663757
2026-01-12,HDFCBANK,0.9287552237510681,0.053128499537706375,0.018116265535354614
2026-01-12,INFY,0.1578096654266119,0.01609162474051118,0.8260987401008606
2026-01-12,KOTAKBANK,0.035260505974292755,0.044532038271427155,0.9202074408531189
2026-01-12,NTPC,0.4677820708602667,0.019326921086758375,0.5128910057246685
2026-01-12,SBIN,0.035936206579208374,0.03112899512052536,0.9329347610473633
2026-01-12,TCS,0.27619404904544353,0.38981883879750967,0.3339871200732887
2026-01-13,HCLTECH,0.2404506213963032,0.014412374794483184,0.7451370339840651
2026-01-13,SBIN,0.03259722515940666,0.021834926679730415,0.9455678462982178
2026-01-13,TCS,0.3889379967004061,0.17553239160527787,0.43552959989756346
2026-01-14,HCLTECH,0.10088908672332764,0.01165609247982502,0.8874548077583313
2026-01-14,ICICIBANK,0.03051520138978958,0.025724198669195175,0.9437606334686279
2026-01-14,INFY,0.4710298188858562,0.27997860602206653,0.24899158399138185
2026-01-14,KOTAKBANK,0.051114412024617195,0.10642603319138288,0.8424595594406128
2026-01-14,TCS,0.19272103905677795,0.7745733261108398,0.03270566463470459
2026-01-15,INDUSINDBK,0.7045377492904663,0.19316552579402924,0.10229673236608505
2026-01-15,INFY,0.05692022293806076,0.01795666664838791,0.9251231551170349
2026-01-15,ONGC,0.9543968439102173,0.021540170535445213,0.024062976241111755
2026-01-15,TATASTEEL,0.03276927396655083,0.02337532676756382,0.943855345249176
2026-01-15,TCS,0.03154098987579346,0.8976898193359375,0.07076914608478546
2026-01-16,HDFCBANK,0.92341548204422,0.05051090568304062,0.026073576882481575
2026-01-16,ICICIBANK,0.9485676884651184,0.0324694886803627,0.01896289736032486
2026-01-16,INFY,0.17905744227270284,0.18380441764990488,0.6371381444235643
2026-01-16,RELIANCE,0.6754969706137975,0.01916721525291602,0.30533581661681336
2026-01-16,TECHM,0.7017272710800171,0.23070843517780304,0.06756433099508286
2026-01-16,WIPRO,0.5203573351415495,0.2947027087211609,0.18493997926513353
2026-01-17,ICICIBANK,0.33110636845231056,0.02256788406521082,0.6463257223367691
2026-01-17,MARUTI,0.5092285871505737,0.008887254633009434,0.4818841516971588
2026-01-17,TCS,0.00934714823961258,0.9733883142471313,0.01726454123854637
2026-01-17,TECHM,0.938075840473175,0.03291086480021477,0.029013311490416527
2026-01-18,COALINDIA,0.9239744544029236,0.01671484485268593,0.059310734272003174
2026-01-18,HCLTECH,0.142725994810462,0.025636146776378155,0.8316378593444824
2026-01-19,BAJAJ-AUTO,0.9406290650367737,0.025614390149712563,0.033756595104932785
2026-01-19,COALINDIA,0.03475155681371689,0.015855994075536728,0.9493924975395203
2026-01-19,HDFCBANK,0.3972903020679951,0.2168202817440033,0.3858894193544984
2026-01-19,ICICIBANK,0.437459135428071,0.08739818213507533,0.47514269407838583
2026-01-19,INFY,0.48658899683505297,0.020398980006575584,0.4930120389908552
2026-01-19,MARUTI,0.9316516518592834,0.01823541708290577,0.05011298879981041
2026-01-19,RELIANCE,0.03308617346920073,0.49407854536548257,0.4728352436795831
2026-01-19,TECHM,0.48127956595271826,0.263636966701597,0.2550835052970797
2026-01-19,WIPRO,0.33029579495390254,0.6418764442205429,0.02782778472950061
2026-01-20,AXISBANK,0.9487668871879578,0.020350012928247452,0.030883118510246277
2026-01-20,HCLTECH,0.492665221914649,0.019176160916686058,0.488158549182117
2026-01-20,INFY,0.4990494176745415,0.019922451116144657,0.4810281079262495
2026-01-20,RELIANCE,0.950904130935669,0.020567307248711586,0.028528619557619095
2026-01-20,TCS,0.49022751053174335,0.2510906805594762,0.2586817977329095
2026-01-20,TECHM,0.34718838954965275,0.018553878491123516,0.6342577201624712
2026-01-20,WIPRO,0.349855142335097,0.01701538823544979,0.6331294992317756
2026-01-21,COALINDIA,0.21769089996814728,0.013898189179599285,0.7684109210968018
2026-01-21,HDFCBANK,0.03826926338175932,0.3337621595710516,0.6279685317228237
2026-01-21,TECHM,0.056417958810925484,0.01519264793023467,0.9283894002437592
2026-01-21,ULTRACEMCO,0.935351550579071,0.015600606799125671,0.049047887325286865
2026-01-21,WIPRO,0.04025497194379568,0.018743151798844337,0.9410018920898438
2026-01-22,BHARTIARTL,0.0857115238904953,0.024758417159318924,0.8895300030708313
2026-01-22,DRREDDY,0.33102406018103164,0.33887267919878167,0.3301032738139232
2026-01-22,ICICIBANK,0.05165942758321762,0.0159565731883049,0.9323840737342834
2026-01-22,TECHM,0.4919478092342615,0.02009634207934141,0.48795583844184875
2026-01-22,WIPRO,0.9026059210300446,0.039189270697534084,0.058204829692840576
2026-01-23,BPCL,0.9100353717803955,0.016495352145284414,0.07346931751817465
2026-01-23,INDUSINDBK,0.011770437161127726,0.6917387992143631,0.29649075741569203
2026-01-23,INFY,0.9179360270500183,0.015225610695779324,0.0668383464217186
2026-01-23,JSWSTEEL,0.9377155303955078,0.029351115226745605,0.03293336555361748
2026-01-23,TITAN,0.010507655330002308,0.9551233649253845,0.03436897322535515
2026-01-25,INFY,0.02619781531393528,0.03932802379131317,0.9344741106033325
2026-01-25,NTPC,0.017162881791591644,0.9190936088562012,0.06374350190162659
2026-01-25,TECHM,0.578749418258667,0.36144208908081055,0.059808436781167984
2026-01-26,HCLTECH,0.48786458373069763,0.37600141763687134,0.13613402843475342
2026-01-27,ASIANPAINT,0.00807003490626812,0.9731407165527344,0.01878926530480385
2026-01-27,AXISBANK,0.22407484017312526,0.0354537308216095,0.7404714427888394
2026-01-27,BPCL,0.9510085880756378,0.021602697670459747,0.027388731949031353
2026-01-27,CIPLA,0.32504652021452785,0.6550090573728085,0.019944393386443455
2026-01-27,HINDALCO,0.6433283686637878,0.012554640881717205,0.34411704540252686
2026-01-27,INDUSINDBK,0.33058878779411316,0.027972187846899033,0.6414390802383423
2026-01-27,JSWSTEEL,0.5342495113611221,0.06303381994366646,0.4027166794985533
2026-01-27,KOTAKBANK,0.04777202817300955,0.2620046983162562,0.6902232815821966
2026-01-27,LT,0.9474110007286072,0.025212205946445465,0.0273768100887537
2026-01-27,NTPC,0.7170459628105164,0.23412896692752838,0.04882507771253586
2026-01-27,ONGC,0.4803544618189335,0.011190639343112707,0.5084548890590668
2026-01-27,TCS,0.9051247239112854,0.009524608962237835,0.08535072207450867
2026-01-27,TECHM,0.032420847564935684,0.024384483695030212,0.9431946277618408
2026-01-27,ULTRACEMCO,0.6203639507293701,0.018282840261235833,0.3613532483577728
2026-01-28,ASIANPAINT,0.5252135405316949,0.2599454326555133,0.21484102262184024
2026-01-28,AXISBANK,0.8264584541320801,0.12242771964520216,0.05111377499997616
2026-01-28,BPCL,0.14245225489139557,0.007341164629906416,0.8502065539360046
2026-01-28,HINDALCO,0.18134605884552002,0.009378929622471333,0.8092749714851379
2026-01-28,INFY,0.02959167491644621,0.02585118915885687,0.9445571601390839
2026-01-28,MARUTI,0.5222618356347084,0.20313302148133516,0.2746051587164402
2026-01-28,ONGC,0.9281904101371765,0.02576865255832672,0.04604095593094826
2026-01-28,RELIANCE,0.613628089427948,0.012617395259439945,0.37375447154045105
2026-01-28,ULTRACEMCO,0.07787322252988815,0.01084471307694912,0.9112820029258728
2026-01-29,AXISBANK,0.06593801826238632,0.013584847562015057,0.9204770922660828
2026-01-29,BPCL,0.3996787779033184,0.011457521002739668,0.5888636857271194
2026-01-29,CIPLA,0.053947288542985916,0.01630472019314766,0.9297480583190918
2026-01-29,INDUSINDBK,0.06477008759975433,0.0156360175460577,0.919593870639801
2026-01-29,INFY,0.22931990027427673,0.017629502341151237,0.7530505657196045
2026-01-29,LT,0.06394302099943161,0.011311081238090992,0.9247459173202515
2026-01-29,MARUTI,0.6354129162306587,0.336487860729297,0.02809925191104412
2026-01-29,ONGC,0.3447066843509674,0.009740008972585201,0.6455533504486084
2026-01-29,TCS,0.07951048016548157,0.010436555370688438,0.9100529551506042
2026-01-29,WIPRO,0.02895277924835682,0.021654708310961723,0.9493924975395203
2026-01-30,AXISBANK,0.02907623164355755,0.024249650537967682,0.946674108505249
2026-01-30,HDFCBANK,0.15925323963165283,0.021654898300766945,0.8190918564796448
2026-01-30,ITC,0.6206895135343075,0.02304651662707329,0.3562639310956001
2026-01-30,MARUTI,0.06108186021447182,0.017115851864218712,0.921802282333374
2026-01-30,NESTLEIND,0.9299959540367126,0.04061290994286537,0.02939121425151825
2026-02-01,BAJAJ-AUTO,0.24879374913871288,0.06030590645968914,0.6909003555774689
2026-02-01,ITC,0.029274053871631622,0.780489981174469,0.1902359426021576
2026-02-01,M&M,0.10917734354734421,0.014170858077704906,0.8766517639160156
2026-02-01,NESTLEIND,0.04447155352681875,0.1055782325565815,0.8499502539634705
2026-02-01,NTPC,0.02742762118577957,0.024753719568252563,0.9478186368942261
2026-02-01,TCS,0.053984127938747406,0.02568906731903553,0.920326828956604
2026-02-01,WIPRO,0.007919201627373695,0.9729740619659424,0.01910678669810295
2026-02-02,AXISBANK,0.03150054067373276,0.023203784599900246,0.9452956914901733
2026-02-02,BAJAJ-AUTO,0.10186560451984406,0.013876898214221,0.8842574954032898
2026-02-02,HEROMOTOCO,0.04511942341923714,0.016897203400731087,0.9379833340644836
2026-02-02,ITC,0.05174341797828674,0.01828402653336525,0.9299725294113159
2026-02-02,MARUTI,0.04539142921566963,0.01912604831159115,0.9354825019836426
2026-02-02,NESTLEIND,0.061785243451595306,0.014680933207273483,0.9235337972640991
2026-02-02,NTPC,0.06737194210290909,0.023944180458784103,0.9086838960647583
2026-02-03,BAJAJ-AUTO,0.7919241885344187,0.016329797605673473,0.19174599461257458
2026-02-03,HCLTECH,0.5181727409362793,0.13424250483512878,0.3475848436355591
2026-02-03,ICICIBANK,0.9321075081825256,0.035375066101551056,0.032517388463020325
2026-02-03,M&M,0.0481458455324173,0.014850728213787079,0.937003493309021
2026-02-03,NESTLEIND,0.9485960900783539,0.0211472287774086,0.030256621539592743
2026-02-03,SUNPHARMA,0.4781784303486347,0.49671678710728884,0.025104792788624763
2026-02-04,AXISBANK,0.03592223674058914,0.018405532464385033,0.9456722140312195
2026-02-04,BAJAJFINSV,0.018625488504767418,0.9716243147850037,0.00975017435848713
2026-02-04,BAJFINANCE,0.03732670905689398,0.33418511413037777,0.6284881659472982
2026-02-04,BPCL,0.7983400821685791,0.007558359298855066,0.19410152733325958
2026-02-04,NTPC,0.48478277027606964,0.03863316681236029,0.4765840619802475
2026-02-04,ONGC,0.023903390392661095,0.097432442009449,0.8786641955375671
2026-02-04,POWERGRID,0.0522187314927578,0.013847519177943468,0.9339337646961212
2026-02-04,RELIANCE,0.9061335325241089,0.011174997314810753,0.08269158750772476
2026-02-04,SUNPHARMA,0.060199785977602005,0.011117991991341114,0.9286822080612183
2026-02-05,BAJFINANCE,0.6550452237327894,0.0184778335193793,0.32647695764899254
2026-02-05,BHARTIARTL,0.4812701162882149,0.4865971365943551,0.03213277645409107
2026-02-05,HEROMOTOCO,0.03186303377151489,0.02251814305782318,0.9456188082695007
2026-02-05,INFY,0.030976613983511925,0.852665901184082,0.1163574606180191
2026-02-05,KOTAKBANK,0.02379685640335083,0.9403156638145447,0.0358874686062336
2026-02-05,NTPC,0.9513237476348877,0.02173078991472721,0.026945574209094048
2026-02-05,POWERGRID,0.4852306991815567,0.02542020659893751,0.4893490895628929
2026-02-05,TCS,0.7924094200134277,0.0427384153008461,0.1648520976305008
2026-02-06,BAJAJ-AUTO,0.13327668607234955,0.016895445063710213,0.8498278260231018
2026-02-06,BHARTIARTL,0.04725137539207935,0.020621072500944138,0.9321275651454926
2026-02-06,ITC,0.9148251414299011,0.01792404055595398,0.06725076586008072
2026-02-06,M&M,0.02213451638817787,0.8783963918685913,0.0994691252708435
2026-02-06,TATASTEEL,0.9509698748588562,0.02444881573319435,0.024581242352724075
2026-02-08,ITC,0.06965215504169464,0.02135048620402813,0.9089974164962769
2026-02-09,BAJAJFINSV,0.007423948496580124,0.9746808409690857,0.017895309254527092
2026-02-09,BHARTIARTL,0.5150155425071716,0.013996836263686419,0.47098766453564167
2026-02-09,HEROMOTOCO,0.6713498383760452,0.01507372067620357,0.3135764996210734
2026-02-09,ICICIBANK,0.9389829635620117,0.021013999357819557,0.040003083646297455
2026-02-09,INDUSINDBK,0.8480585217475891,0.012017549946904182,0.13992397487163544
2026-02-09,SBIN,0.05058487504720688,0.027107867722709972,0.9223072330156962
2026-02-09,TATASTEEL,0.10794112334648769,0.03680518579979738,0.8552536765734354
2026-02-10,BAJAJFINSV,0.9516499638557434,0.02120557613670826,0.027144456282258034
2026-02-10,EICHERMOT,0.9488140344619751,0.02532491646707058,0.025861108675599098
2026-02-10,HDFCBANK,0.05420215427875519,0.017587412148714066,0.928210437297821
2026-02-10,TATASTEEL,0.18653044663369656,0.3308940418064594,0.48257550597190857
2026-02-10,ULTRACEMCO,0.030400888994336128,0.022163009271025658,0.9474361538887024
2026-02-11,AXISBANK,0.06618639267981052,0.017485691234469414,0.9163278937339783
2026-02-11,EICHERMOT,0.48674972355365753,0.024313400499522686,0.48893692530691624
2026-02-11,GRASIM,0.9390654563903809,0.013344455510377884,0.04759011045098305
2026-02-11,HEROMOTOCO,0.08224313706159592,0.012247052974998951,0.9055097699165344
2026-02-11,HINDUNILVR,0.031929861754179,0.9571046829223633,0.010965543799102306
2026-02-11,SBIN,0.07806536555290222,0.014145669527351856,0.9077889323234558
2026-02-11,TATASTEEL,0.07500852644443512,0.01565617136657238,0.9093352556228638
2026-02-11,TCS,0.9459623694419861,0.02378004975616932,0.030257519334554672
2026-02-12,BAJFINANCE,0.13014793768525124,0.36899174749851227,0.5008602663874626
2026-02-12,BPCL,0.9515035152435303,0.022598398849368095,0.02589811384677887
2026-02-12,BRITANNIA,0.9556836485862732,0.0189980361610651,0.02531827799975872
2026-02-12,EICHERMOT,0.06078610010445118,0.45578599721193314,0.48342791572213173
2026-02-12,HINDALCO,0.46962022595107555,0.48536367202177644,0.04501607175916433
2026-02-12,HINDUNILVR,0.2796978422751029,0.3216082649305463,0.3986939024180174
2026-02-12,INFY,0.6512721478939056,0.00972871482372284,0.3389991261065006
2026-02-12,M&M,0.522808313369751,0.22892552614212036,0.24826613068580627
2026-02-13,BAJFINANCE,0.45543843507766724,0.059335486963391304,0.485226072371006
2026-02-13,COALINDIA,0.04710209742188454,0.015594695694744587,0.9373032450675964
2026-02-13,HDFCBANK,0.10232536494731903,0.11928442120552063,0.7783902287483215
2026-02-13,HEROMOTOCO,0.9274374842643738,0.021050451323390007,0.05151206627488136
2026-02-13,HINDALCO,0.009706410579383373,0.9731979370117188,0.017095668241381645
2026-02-13,HINDUNILVR,0.3221233319491148,0.015547123737633228,0.6623295396566391
2026-02-13,INFY,0.4885227754712105,0.0336059145629406,0.4778713025152683
2026-02-13,M&M,0.051863327622413635,0.0144240353256464,0.9337126612663269
2026-02-13,ONGC,0.8362374305725098,0.018780522048473358,0.14498206973075867
2026-02-15,BAJFINANCE,0.9186777472496033,0.054412178695201874,0.026910152286291122
2026-02-15,ICICIBANK,0.03458709642291069,0.021116754040122032,0.9442961812019348
2026-02-16,BAJFINANCE,0.8729799389839172,0.08001139014959335,0.04700867831707001
2026-02-16,COALINDIA,0.08032453060150146,0.012101716361939907,0.9075737595558167
2026-02-16,HDFCBANK,0.33842718601226807,0.043321721255779266,0.6182511448860168
2026-02-16,HINDUNILVR,0.06457222998142242,0.013910316862165928,0.9215174317359924
2026-02-16,INFY,0.0990200862288475,0.010854637250304222,0.8901252746582031
2026-02-16,ONGC,0.05112076178193092,0.014131801202893257,0.9347474575042725
2026-02-16,TATASTEEL,0.949802577495575,0.01908337138593197,0.031114118173718452
2026-02-16,TCS,0.42464384622871876,0.013350924011319876,0.5620052367448807
2026-02-17,COALINDIA,0.06167777255177498,0.013119363225996494,0.9252028465270996
2026-02-17,EICHERMOT,0.07193029671907425,0.017344454303383827,0.9107252359390259
2026-02-17,GRASIM,0.05013380944728851,0.01749604567885399,0.9323701858520508
2026-02-17,HINDUNILVR,0.060594502836465836,0.016198044642806053,0.9232074022293091
2026-02-17,ICICIBANK,0.010298711247742176,0.9701135754585266,0.019587766379117966
2026-02-17,INFY,0.22670755237340928,0.16888042204082013,0.6044120132923126
2026-02-17,M&M,0.05664538964629173,0.01453638169914484,0.9288182258605957
2026-02-17,POWERGRID,0.030302701517939568,0.021779490634799004,0.9479178190231323
2026-02-17,RELIANCE,0.03296159952878952,0.019360678270459175,0.947677731513977
2026-02-18,BHARTIARTL,0.9499452114105225,0.02078261785209179,0.02927223965525627
2026-02-18,HEROMOTOCO,0.9516515135765076,0.01890186034142971,0.029446642845869064
2026-02-18,INFY,0.08846034420033295,0.017601448266456526,0.8939382036526998
2026-02-18,M&M,0.03410540148615837,0.018624572083353996,0.9472699761390686
2026-02-18,MARUTI,0.9198936820030212,0.015231214463710785,0.06487516313791275
2026-02-18,RELIANCE,0.05923892930150032,0.013467823155224323,0.9272932410240173
2026-02-18,TATASTEEL,0.9498865008354187,0.021227074787020683,0.028886474668979645
2026-02-19,EICHERMOT,0.9514651894569397,0.01786116696894169,0.030673669651150703
2026-02-19,HINDUNILVR,0.034071601927280426,0.02117687277495861,0.9447515606880188
2026-02-19,INFY,0.6137733794748783,0.02264064340852201,0.3635859377682209
2026-02-19,RELIANCE,0.05387909710407257,0.014890305697917938,0.9312306046485901
2026-02-19,TATASTEEL,0.05405977554619312,0.01892022043466568,0.9270199537277222
2026-02-19,TCS,0.5322708186383048,0.31590091173226637,0.1518282542626063
2026-02-19,WIPRO,0.35304030776023865,0.012357143685221672,0.6346025466918945
2026-02-20,BRITANNIA,0.9513525366783142,0.02287733554840088,0.025770172476768494
2026-02-20,EICHERMOT,0.9489812254905701,0.019136425107717514,0.03188232704997063
2026-02-20,GRASIM,0.9502089619636536,0.01926324889063835,0.030527889728546143
2026-02-20,ONGC,0.05693468824028969,0.017496969550848007,0.9255683422088623
2026-02-20,TECHM,0.15612559020519257,0.009450793266296387,0.8344236016273499
2026-02-22,NTPC,0.8322253227233887,0.021376218646764755,0.1463984251022339
2026-02-23,BHARTIARTL,0.02978190779685974,0.022687973454594612,0.9475300908088684
2026-02-23,HEROMOTOCO,0.10565906763076782,0.012783501297235489,0.8815574645996094
2026-02-23,INDUSINDBK,0.08195454627275467,0.010138335637748241,0.9079071283340454
2026-02-23,NTPC,0.13968512415885925,0.05760343186557293,0.8027113974094391
2026-02-23,WIPRO,0.054121412336826324,0.023299038410186768,0.9225795269012451
2026-02-24,BHARTIARTL,0.022526472341269255,0.4959123423323035,0.48156117275357246
2026-02-24,GRASIM,0.9478567242622375,0.01735907793045044,0.03478417545557022
2026-02-24,NTPC,0.02953599952161312,0.028125513345003128,0.9423385262489319
2026-02-25,AXISBANK,0.03364258259534836,0.021485693752765656,0.944871723651886
2026-02-25,BAJAJ-AUTO,0.9274793267250061,0.018488865345716476,0.054031770676374435
2026-02-25,BRITANNIA,0.950127363204956,0.0210516806691885,0.028820963576436043
2026-02-25,INFY,0.05111709609627724,0.07381035387516022,0.8750725388526917
2026-02-25,M&M,0.9504976570606232,0.02211483009159565,0.02738748211413622
2026-02-25,POWERGRID,0.036558207124471664,0.018318580463528633,0.9451231956481934
2026-02-25,TCS,0.839335302511851,0.01472398079931736,0.14594072351853052
2026-02-25,TITAN,0.06484759598970413,0.03146529570221901,0.903687059879303
2026-02-26,BHARTIARTL,0.02984367497265339,0.0242752805352211,0.9458810091018677
2026-02-26,INFY,0.22348757088184357,0.049282667227089405,0.7272297739982605
2026-02-26,RELIANCE,0.031178727746009827,0.023748701438307762,0.945072591304779
2026-02-26,TCS,0.06359222531318665,0.2211752086877823,0.7152325510978699
2026-02-26,WIPRO,0.07709391415119171,0.07228341698646545,0.8506227135658264
2026-02-27,COALINDIA,0.15649911761283875,0.8212308883666992,0.02226998470723629
2026-02-27,INDUSINDBK,0.03249688446521759,0.022306086495518684,0.9451971054077148
2026-02-27,ULTRACEMCO,0.08161657303571701,0.01275192853063345,0.9056314826011658
2026-02-28,INFY,0.08722433634102345,0.579767495393753,0.33300815895199776
2026-03-01,TCS,0.008313627913594246,0.9486415982246399,0.043044839054346085
2026-03-02,BHARTIARTL,0.07458875328302383,0.013355354778468609,0.9120559096336365
2026-03-02,M&M,0.037214990705251694,0.01749810017645359,0.9452868700027466
2026-03-02,ONGC,0.2565200626850128,0.11466709524393082,0.6288129091262817
2026-03-02,TCS,0.050928530283272266,0.48181480169296265,0.46725666150450706
2026-03-03,TATASTEEL,0.7197704315185547,0.007721280213445425,0.27250826358795166
2026-03-04,CIPLA,0.07509211450815201,0.9039720296859741,0.0209359060972929
2026-03-04,HDFCBANK,0.033128343522548676,0.020123092457652092,0.9467485547065735
2026-03-04,RELIANCE,0.025401994585990906,0.0266979169100523,0.947900116443634
2026-03-05,COALINDIA,0.1829440239816904,0.32155557628721,0.49550039134919643
2026-03-05,HINDUNILVR,0.02975282445549965,0.021690670400857925,0.9485565423965454
2026-03-05,LT,0.06841199100017548,0.013515081256628036,0.9180729389190674
2026-03-05,ONGC,0.9515121579170227,0.02068716660141945,0.027800628915429115
2026-03-05,TCS,0.4468550682067871,0.009593415074050426,0.5435514450073242
2026-03-05,TECHM,0.01051697414368391,0.952201783657074,0.037281252443790436
2026-03-06,INFY,0.09276260435581207,0.010685993358492851,0.8965513706207275
2026-03-06,NTPC,0.033177513629198074,0.020098073408007622,0.9467244148254395
2026-03-06,RELIANCE,0.9375534057617188,0.023930678144097328,0.03851589933037758
2026-03-06,SBIN,0.0381455272436142,0.017025070264935493,0.9448293447494507
2026-03-06,TCS,0.9412603378295898,0.03143351525068283,0.02730613388121128
2026-03-06,WIPRO,0.028684720396995544,0.021898183971643448,0.9494171142578125
2026-03-09,KOTAKBANK,0.037094756960868835,0.017723841592669487,0.9451814293861389
2026-03-09,RELIANCE,0.10743483901023865,0.013121861964464188,0.879443347454071
2026-03-09,SUNPHARMA,0.0301428884267807,0.47817891649901867,0.4916782062500715
2026-03-10,BAJAJFINSV,0.030665501952171326,0.02211654745042324,0.9472180008888245
2026-03-10,ONGC,0.017766498029232025,0.9644217491149902,0.01781180500984192
2026-03-10,RELIANCE,0.42495743557810783,0.01878396887332201,0.5562586262822151
2026-03-10,SBIN,0.060064466670155525,0.4145560497418046,0.5253794826567173
2026-03-11,INFY,0.038453083485364914,0.016881722956895828,0.9446651935577393
2026-03-11,JSWSTEEL,0.06321530789136887,0.015990791842341423,0.920793890953064
2026-03-11,NESTLEIND,0.03474545106291771,0.01979541778564453,0.9454591274261475
2026-03-12,BAJAJFINSV,0.032106008380651474,0.021909844130277634,0.9459841251373291
2026-03-12,MARUTI,0.062318429350852966,0.01843719184398651,0.9192444086074829
2026-03-12,WIPRO,0.028297042474150658,0.022928722202777863,0.9487742185592651
2026-03-13,COALINDIA,0.04193975776433945,0.013841288164258003,0.9442189335823059
2026-03-13,RELIANCE,0.059463564306497574,0.014717414043843746,0.9258189797401428
2026-03-15,COALINDIA,0.24328450858592987,0.6471667885780334,0.10954873263835907
2026-03-15,HINDALCO,0.010424293577671051,0.8997061252593994,0.08986959606409073
2026-03-16,AXISBANK,0.031481873244047165,0.5936429500579834,0.37487518787384033
2026-03-16,ONGC,0.07075867801904678,0.04465075209736824,0.8845905661582947
2026-03-16,RELIANCE,0.9238400459289551,0.011586731299757957,0.06457329541444778
2026-03-17,HDFCBANK,0.033011991530656815,0.019192056730389595,0.9477959275245667
2026-03-17,HINDALCO,0.07826163619756699,0.014372455887496471,0.9073659181594849
2026-03-17,INFY,0.3107782304286957,0.007571457885205746,0.6816502809524536
2026-03-17,RELIANCE,0.02566281147301197,0.025153018534183502,0.9491841793060303
2026-03-17,TATASTEEL,0.11477789282798767,0.74886155128479,0.1363605111837387
2026-03-18,AXISBANK,0.9215478897094727,0.016878312453627586,0.06157379597425461
2026-03-18,COALINDIA,0.7503740787506104,0.01198092196136713,0.2376449704170227
2026-03-18,HDFCBANK,0.011047139763832092,0.9087289571762085,0.08022391051054001
2026-03-18,KOTAKBANK,0.1320137232542038,0.012770530767738819,0.8552157878875732
2026-03-18,RELIANCE,0.029463383369147778,0.023537812754511833,0.9469987750053406
2026-03-18,WIPRO,0.027566920965909958,0.024326929822564125,0.9481061697006226
2026-03-19,AXISBANK,0.26734527945518494,0.007948710583150387,0.7247059941291809
2026-03-19,CIPLA,0.03261848911643028,0.020554129034280777,0.9468273520469666
2026-03-19,HDFCBANK,0.03742562389622132,0.5709035181750853,0.3916708628336589
2026-03-19,SBIN,0.05028802528977394,0.013673020526766777,0.9360389709472656
2026-03-19,TCS,0.8656980395317078,0.007155913393944502,0.12714603543281555
2026-03-19,ULTRACEMCO,0.03285907581448555,0.019128283485770226,0.9480125904083252
2026-03-20,COALINDIA,0.04995688050985336,0.018935345113277435,0.9311078190803528
2026-03-20,HDFCBANK,0.18277907129377127,0.4210415191948414,0.3961794003844261
2026-03-20,ITC,0.06551460176706314,0.01884620264172554,0.9156391620635986
2026-03-20,TATASTEEL,0.5714295729994774,0.023666247259825468,0.40490419045090675
2026-03-20,TCS,0.9539269804954529,0.016010534018278122,0.0300624817609787
2026-03-20,WIPRO,0.027738507837057114,0.02377960830926895,0.9484818577766418
2026-03-21,KOTAKBANK,0.03659222275018692,0.01578408107161522,0.9476237297058105
2026-03-23,BAJFINANCE,0.8279304504394531,0.00663570873439312,0.1654338836669922
2026-03-23,BHARTIARTL,0.037449389696121216,0.017884813249111176,0.9446658492088318
2026-03-23,HDFCBANK,0.08400732837617397,0.18794097285717726,0.7280516922473907
2026-03-23,SBIN,0.030630774796009064,0.01803502067923546,0.9513341784477234
2026-03-24,BAJFINANCE,0.0756821483373642,0.01105924230068922,0.9132586121559143
2026-03-24,COALINDIA,0.13204093277454376,0.011425420641899109,0.8565336465835571
2026-03-24,HDFCBANK,0.032345205545425415,0.14539794623851776,0.8222568035125732
2026-03-24,INFY,0.03266084939241409,0.020589888095855713,0.946749210357666
2026-03-24,POWERGRID,0.06057288497686386,0.01259728241711855,0.9268298149108887
2026-03-24,WIPRO,0.03661783039569855,0.016824157908558846,0.9465579986572266
2026-03-25,BAJAJFINSV,0.05365017428994179,0.012861805036664009,0.9334880113601685
2026-03-25,HDFCBANK,0.44321584701538086,0.0724833607673645,0.48430079221725464
2026-03-25,INFY,0.5208326578140259,0.01081683300435543,0.46835049986839294
2026-03-25,KOTAKBANK,0.014226796105504036,0.9217329025268555,0.06404029577970505
2026-03-25,TATASTEEL,0.025528423488140106,0.02429249696433544,0.9501790404319763
2026-03-26,HDFCBANK,0.15612351894378662,0.032806020230054855,0.811070442199707
2026-03-26,INFY,0.023770064115524292,0.36535125970840454,0.6108787059783936
2026-03-27,AXISBANK,0.298992320895195,0.016979902982711792,0.6840277761220932
2026-03-27,BAJFINANCE,0.14154261350631714,0.01611209474503994,0.8423452377319336
2026-03-27,HCLTECH,0.035779137164354324,0.021782806143164635,0.9424380660057068
2026-03-27,HDFCBANK,0.10417757066898048,0.6421318063512444,0.25369063951075077
2026-03-27,INFY,0.062235454097390175,0.01745489938184619,0.9203096628189087
2026-03-27,RELIANCE,0.0368521511554718,0.8640477657318115,0.0991000160574913
2026-03-30,COALINDIA,0.07613247632980347,0.010255143977701664,0.9136123657226562
2026-03-30,EICHERMOT,0.10067898780107498,0.012630305252969265,0.8866906762123108
2026-03-30,HDFCBANK,0.03047926537692547,0.793308675289154,0.17621202766895294
2026-03-30,NTPC,0.026534467935562134,0.022698206827044487,0.9507673382759094
2026-03-30,ONGC,0.1504119485616684,0.048757996410131454,0.8008300364017487
2026-03-30,TCS,0.3000182807445526,0.02994130738079548,0.6700404286384583
2026-03-30,ULTRACEMCO,0.9115387797355652,0.008890033699572086,0.07957124710083008
2026-03-31,COALINDIA,0.033531542867422104,0.02159946784377098,0.9448689818382263
2026-03-31,HDFCBANK,0.19713282057394585,0.4265398833279808,0.3763272861639659
2026-03-31,INFY,0.5323218703269958,0.030194170773029327,0.43748390674591064
2026-04-01,BHARTIARTL,0.0763344094157219,0.014788144268095493,0.9088774025440216
2026-04-01,COALINDIA,0.4596667168661952,0.5043103154748678,0.036022989079356194
2026-04-01,HDFCBANK,0.3323415219783783,0.18707428872585297,0.48058414459228516
2026-04-02,DRREDDY,0.03263665363192558,0.02151220105588436,0.9458511471748352
2026-04-02,HDFCBANK,0.052649129182100296,0.01677030138671398,0.9305806159973145
2026-04-02,HEROMOTOCO,0.013308573514223099,0.9652848243713379,0.021406691521406174
2026-04-02,WIPRO,0.02815055474638939,0.023283114656805992,0.9485662579536438
2026-04-03,ICICIBANK,0.8127154111862183,0.010795162990689278,0.17648951709270477
2026-04-03,TCS,0.10617195814847946,0.061647772789001465,0.8321802020072937
2026-04-04,KOTAKBANK,0.9397215843200684,0.022272447124123573,0.03800605610013008
2026-04-04,TATASTEEL,0.22674013674259186,0.7239283919334412,0.04933144897222519
2026-04-06,BPCL,0.00915154442191124,0.9720637798309326,0.018784644082188606
2026-04-06,COALINDIA,0.5441179275512695,0.010839063674211502,0.4450429677963257
2026-04-06,HDFCBANK,0.03139958716928959,0.03685292415320873,0.9317474961280823
2026-04-06,TCS,0.027412908151745796,0.040105972439050674,0.9324811697006226
2026-04-06,WIPRO,0.6473565697669983,0.02818227605894208,0.3244611285626888
2026-04-07,TATASTEEL,0.9447841644287109,0.019309958443045616,0.03590597212314606
2026-04-07,TCS,0.48889005184173584,0.02634376287460327,0.4847661256790161
2026-04-07,WIPRO,0.6048678010702133,0.034377675503492355,0.3607545178383589
2026-04-08,COALINDIA,0.07828222960233688,0.013026207685470581,0.9086915850639343
2026-04-08,HDFCBANK,0.41455350536853075,0.03373513836413622,0.5517113879323006
2026-04-08,INFY,0.0370020754635334,0.019122779369354248,0.9438751339912415
2026-04-08,TECHM,0.03114224225282669,0.023314515128731728,0.9455432295799255
2026-04-08,WIPRO,0.04018779098987579,0.14517951011657715,0.8146327137947083
2026-04-09,BPCL,0.008303032256662846,0.9634010195732117,0.02829599380493164
2026-04-09,HDFCBANK,0.8199836015701294,0.00990231428295374,0.17011405527591705
2026-04-09,ICICIBANK,0.9341380000114441,0.014856826514005661,0.05100515857338905
2026-04-09,INFY,0.008233575150370598,0.9717075228691101,0.020058954134583473
2026-04-09,NTPC,0.0376259870827198,0.01933497190475464,0.943039059638977
2026-04-09,RELIANCE,0.2226077914237976,0.01060454547405243,0.7667876482009888
2026-04-09,TCS,0.46838964997894234,0.31217813139988315,0.21943221468892363
2026-04-09,WIPRO,0.07240630686283112,0.012931151315569878,0.9146625399589539
2026-04-10,ONGC,0.9079925417900085,0.02801506780087948,0.06399237364530563
2026-04-10,TCS,0.37863611181577045,0.31734607617060345,0.3040178070465724
2026-04-10,WIPRO,0.026419988833367825,0.47499609738588333,0.4985839445143938
2026-04-13,M&M,0.031366970390081406,0.021795740351080894,0.9468372464179993
2026-04-13,TITAN,0.9447228312492371,0.021478908136487007,0.033798255026340485
2026-04-13,WIPRO,0.03265133872628212,0.021585773676633835,0.9457629323005676
2026-04-14,HEROMOTOCO,0.06705904752016068,0.013037901371717453,0.919903039932251
2026-04-14,INFY,0.03408936411142349,0.12585988640785217,0.8400507569313049
2026-04-14,TCS,0.018383745104074478,0.7729750871658325,0.2086411565542221
2026-04-14,WIPRO,0.06665480136871338,0.014682196080684662,0.9186630249023438
2026-04-15,BHARTIARTL,0.042354416102170944,0.01560779195278883,0.9420377612113953
2026-04-15,ICICIBANK,0.9230914115905762,0.014967556111514568,0.06194097176194191
2026-04-15,INFY,0.2129736840724945,0.009854956530034542,0.7771713733673096
2026-04-15,TCS,0.055241461098194125,0.44422296732664107,0.5005355924367905
2026-04-15,TECHM,0.028699493035674095,0.638633668422699,0.3326668441295624
2026-04-15,WIPRO,0.9256933331489563,0.02437284030020237,0.04993383586406708
2026-04-16,BPCL,0.19549031555652618,0.007520738057792187,0.7969889044761658
2026-04-16,COALINDIA,0.24852170050144196,0.16671648621559143,0.5847618579864502
2026-04-16,INFY,0.7750676870346069,0.006652005948126316,0.21828028559684753
2026-04-16,MARUTI,0.00869673676788807,0.9700227975845337,0.021280435845255852
2026-04-16,TCS,0.029479501768946648,0.7004702478647232,0.27005025185644627
2026-04-16,WIPRO,0.22435478307306767,0.34694153427456814,0.4287036707003911
2026-04-17,AXISBANK,0.03546514734625816,0.019027085974812508,0.9455077648162842
2026-04-17,HDFCBANK,0.046284327283501625,0.2815905353054404,0.6721251159906387
2026-04-17,HINDUNILVR,0.9210600852966309,0.05059675872325897,0.028343163430690765
2026-04-17,ICICIBANK,0.04694497212767601,0.042724501341581345,0.9103304743766785
2026-04-17,ITC,0.9375505447387695,0.017176439985632896,0.04527299106121063
2026-04-17,JSWSTEEL,0.8545250296592712,0.01117493212223053,0.13430003821849823
2026-04-17,TCS,0.03343028593808413,0.5261602729558945,0.4404094569385052
2026-04-17,TITAN,0.009569447487592697,0.9693627953529358,0.021067753434181213
2026-04-17,WIPRO,0.3017301225502576,0.2758853029725807,0.4223845920392445
2026-04-18,HDFCBANK,0.2603814140893519,0.2643241467885673,0.4752944502979517
2026-04-18,ICICIBANK,0.5150218084454536,0.04858425632119179,0.43639395013451576
2026-04-18,TCS,0.04382768273353577,0.7374222278594971,0.21875010430812836
2026-04-20,HDFCBANK,0.20547925122082233,0.23530916848944294,0.5592115960187383
2026-04-20,ICICIBANK,0.20248842611908913,0.19269492368524274,0.6048166404167811
2026-04-20,JSWSTEEL,0.7953134179115295,0.008415209129452705,0.19627131521701813
2026-04-20,M&M,0.06713975965976715,0.013319297693669796,0.9195409417152405
2026-04-20,NTPC,0.9319955706596375,0.023625336587429047,0.044379159808158875
2026-04-20,POWERGRID,0.036069780588150024,0.019490478560328484,0.944439709186554
2026-04-20,TCS,0.051528897136449814,0.06406641751527786,0.884404718875885
2026-04-21,HDFCBANK,0.11752874124795198,0.48079138761386275,0.4016798958182335
2026-04-21,HINDUNILVR,0.0650593712925911,0.013394788838922977,0.9215458631515503
2026-04-21,JSWSTEEL,0.03304879739880562,0.021721534430980682,0.9452296495437622
2026-04-21,NESTLEIND,0.4778945678845048,0.046192930079996586,0.47591251973062754
2026-04-22,BAJAJ-AUTO,0.9470440149307251,0.018388299271464348,0.034567635506391525
2026-04-22,EICHERMOT,0.948095440864563,0.01692165993154049,0.03498293459415436
2026-04-22,HCLTECH,0.2150399984481434,0.33021760700891417,0.45474241441115737
2026-04-22,HDFCBANK,0.11960030347108841,0.013137287460267544,0.8672624230384827
2026-04-22,INFY,0.06454994529485703,0.49334126710891724,0.44210872054100037
2026-04-22,M&M,0.9470599293708801,0.02058763988316059,0.03235235437750816
2026-04-22,MARUTI,0.9446030855178833,0.02024240605533123,0.03515448048710823
2026-04-22,NESTLEIND,0.39436978557043606,0.08062347148855527,0.525006751012471
2026-04-22,SBIN,0.03756158798933029,0.01772463694214821,0.944713830947876
2026-04-22,TATASTEEL,0.9253832101821899,0.010941912420094013,0.06367480009794235
2026-04-22,TECHM,0.23660890385508537,0.7193640491459519,0.04402703489176929
2026-04-23,COALINDIA,0.09271156787872314,0.015461894683539867,0.8918265700340271
2026-04-23,HCLTECH,0.06413549790158868,0.4907746580429375,0.4450898803770542
2026-04-23,INFY,0.1177595701467778,0.6948765452419009,0.18736392951437406
2026-04-23,TECHM,0.17215637415647506,0.2080202391371131,0.6198233883827925
2026-04-24,BHARTIARTL,0.06294945627450943,0.3031242601573467,0.633926272392273
2026-04-24,CIPLA,0.05308704823255539,0.014478650875389576,0.9324342608451843
2026-04-24,HDFCBANK,0.01434535812586546,0.9546886682510376,0.030965961515903473
2026-04-24,INDUSINDBK,0.2383597232401371,0.2570965224877,0.5045437591616064
2026-04-24,INFY,0.12054394409060479,0.3534858071245253,0.5259702567011117
2026-04-24,JSWSTEEL,0.9435908198356628,0.02036934904754162,0.03603985905647278
2026-04-24,RELIANCE,0.5619615477820238,0.020547523628920317,0.4174909271920721
2026-04-24,SBIN,0.3780754506587982,0.030355075374245644,0.5915694832801819
2026-04-24,TATASTEEL,0.5071958936750889,0.3898693211376667,0.1029348336160183
2026-04-25,AXISBANK,0.2875911435112357,0.47011488769203424,0.24229399813339114
2026-04-25,TCS,0.008072281256318092,0.974183201789856,0.01774442568421364
2026-04-26,TCS,0.07186578959226608,0.028470447286963463,0.8996637463569641
2026-04-27,AXISBANK,0.0729486665555409,0.27375439075487,0.6532969187412944
2026-04-27,HDFCBANK,0.01170920580625534,0.965828537940979,0.0224622692912817
2026-04-27,INDUSINDBK,0.054959654808044434,0.013416672125458717,0.9316236972808838
2026-04-27,INFY,0.9490514993667603,0.01967131346464157,0.03127721231430769
2026-04-27,RELIANCE,0.9493479132652283,0.02015780098736286,0.03049425035715103
2026-04-27,TCS,0.010173463262617588,0.9690696597099304,0.020756926387548447
2026-04-27,TECHM,0.9516434669494629,0.019051901064813137,0.029304683208465576
2026-04-27,ULTRACEMCO,0.9455072283744812,0.026025723665952682,0.02846704237163067
2026-04-27,WIPRO,0.1946025937795639,0.03888344392180443,0.766514003276825
2026-04-28,AXISBANK,0.0688735842704773,0.013838239945471287,0.9172881841659546
2026-04-28,COALINDIA,0.5078041255474091,0.014492919202893972,0.4777030013501644
2026-04-28,INDUSINDBK,0.06863374263048172,0.014447676949203014,0.9169186353683472
2026-04-28,INFY,0.6893548369407654,0.009701372124254704,0.3009437918663025
2026-04-28,M&M,0.15808766894042492,0.35841124318540096,0.4835010599344969
2026-04-28,MARUTI,0.11535138636827469,0.864567756652832,0.020080864429473877
2026-04-28,RELIANCE,0.19440605491399765,0.01067516952753067,0.7949187457561493
2026-04-28,ULTRACEMCO,0.44974537725959507,0.016913063558084623,0.5333415307104588
2026-04-29,BAJFINANCE,0.5930948480963707,0.06341981080671151,0.3434853566189607
2026-04-29,COALINDIA,0.5092105008661747,0.016167708672583103,0.4746217532083392
2026-04-29,ITC,0.946185290813446,0.023243192583322525,0.030571455135941505
2026-04-29,MARUTI,0.6583325043320656,0.11554883308708667,0.22611866742372513
2026-04-29,SUNPHARMA,0.07325617969036102,0.010272307321429253,0.916471540927887
2026-04-29,TCS,0.031241890974342823,0.6098453104496002,0.3589128330349922
2026-04-29,TITAN,0.05464904010295868,0.17419980466365814,0.7711511254310608
2026-04-29,ULTRACEMCO,0.4967526700347662,0.01571202976629138,0.48753530718386173
2026-04-30,BAJAJ-AUTO,0.7138441205024719,0.04236753657460213,0.24378837645053864
2026-04-30,BAJAJFINSV,0.9214919805526733,0.051271818578243256,0.0272362120449543
2026-04-30,BAJFINANCE,0.35442083918799955,0.024801867703596752,0.6207772943501672
2026-04-30,HINDUNILVR,0.05199326574802399,0.9275903105735779,0.02041647769510746
2026-04-30,INFY,0.233282670378685,0.24404790128270784,0.5226694202671448
2026-04-30,ITC,0.0351928174495697,0.017905978485941887,0.9469012022018433
2026-04-30,MARUTI,0.053663887083530426,0.0187713410705328,0.9275647401809692
2026-04-30,TECHM,0.08819003403186798,0.009346052072942257,0.9024639129638672
2026-04-30,ULTRACEMCO,0.09283183515071869,0.011654778383672237,0.8955134153366089
